"source_file","source_file_stem","thread_id","thread_fullname","thread_url","subreddit","subreddit_prefixed","thread_title","thread_selftext_clean","thread_flair","thread_created_utc","thread_created_iso","thread_score","thread_ups","thread_upvote_ratio","thread_num_comments","thread_author_hash","thread_author_public","record_id","record_type","comment_id","comment_fullname","comment_url","comment_permalink","parent_id_raw","parent_type","parent_comment_id","root_comment_id","depth","is_top_level","path_ids","author_hash","author_public","author_flair_text","is_submitter","stickied","distinguished","score","ups","downs","controversiality","reply_count_direct","created_utc","created_iso","edited","edited_utc","edited_iso","collapsed","locked","archived","score_hidden","body_clean","body_excerpt_280","body_length_chars","body_word_count","parent_body_excerpt","root_body_excerpt","text_urls","contains_question","contains_recommendation_language","planner_terms_found","pain_terms_found","feature_terms_found","signal_tags","relevance_score_0_100","text_for_ai"
"/mnt/data/reddit_input_test/reddit-adhdwomen-i_have_seen_so_many_adhd_planners_that_just_dont(1).json","reddit-adhdwomen-i_have_seen_so_many_adhd_planners_that_just_dont(1)","19cluwh","t3_19cluwh","https://www.reddit.com/r/adhdwomen/comments/19cluwh/i_have_seen_so_many_adhd_planners_that_just_dont/","adhdwomen","r/adhdwomen","I have seen so many “ADHD planners” that just DON’T HELP. What are some things/features YOU would love to see incorporated that would actually benefit you?","So tired of seeing these products that claim to be sooo helpful with managing ADHD specific issues that just… aren’t. Have any of you found any that DO? Which aspect(s) of them make the biggest improvement in your life and how?","Cleaning, Organizing, Decluttering","1705893416.0","2024-01-22T03:16:56+00:00","108","108","0.95","153","9dc178c3d77e3d62","","reddit-adhdwomen-i_have_seen_so_many_adhd_planners_that_just_dont(1):post:19cluwh","thread_post","","","https://www.reddit.com/r/adhdwomen/comments/19cluwh/i_have_seen_so_many_adhd_planners_that_just_dont/","/r/adhdwomen/comments/19cluwh/i_have_seen_so_many_adhd_planners_that_just_dont/","","","","","","","","9dc178c3d77e3d62","","","true","false","","108","108","0","","","1705893416.0","2024-01-22T03:16:56+00:00","false","False","","","false","true","false","I have seen so many “ADHD planners” that just DON’T HELP. What are some things/features YOU would love to see incorporated that would actually benefit you? So tired of seeing these products that claim to be sooo helpful with managing ADHD specific issues that just… aren’t. Have any of you found any that DO? Which aspect(s) of them make the biggest improvement in your life and how?","I have seen so many “ADHD planners” that just DON’T HELP. What are some things/features YOU would love to see incorporated that would actually benefit you? So tired of seeing these products that claim to be sooo helpful with managing ADHD specific issues that just… aren’t. Have…","383","67","","","","true","true","planner | planners | plan","adhd","","contains_question | mentions_pain_or_friction | mentions_planner_or_system | mentions_working_solution_or_recommendation","50","[THREAD_TITLE]
I have seen so many “ADHD planners” that just DON’T HELP. What are some things/features YOU would love to see incorporated that would actually benefit you?

[THREAD_BODY]
So tired of seeing these products that claim to be sooo helpful with managing ADHD specific issues that just… aren’t. Have any of you found any that DO? Which aspect(s) of them make the biggest improvement in your life and how?"
"/mnt/data/reddit_input_test/reddit-adhdwomen-i_have_seen_so_many_adhd_planners_that_just_dont(1).json","reddit-adhdwomen-i_have_seen_so_many_adhd_planners_that_just_dont(1)","19cluwh","t3_19cluwh","https://www.reddit.com/r/adhdwomen/comments/19cluwh/i_have_seen_so_many_adhd_planners_that_just_dont/","adhdwomen","r/adhdwomen","I have seen so many “ADHD planners” that just DON’T HELP. What are some things/features YOU would love to see incorporated that would actually benefit you?","So tired of seeing these products that claim to be sooo helpful with managing ADHD specific issues that just… aren’t. Have any of you found any that DO? Which aspect(s) of them make the biggest improvement in your life and how?","Cleaning, Organizing, Decluttering","1705893416.0","2024-01-22T03:16:56+00:00","108","108","0.95","153","9dc178c3d77e3d62","","reddit-adhdwomen-i_have_seen_so_many_adhd_planners_that_just_dont(1):comment:kizy7vu","comment","kizy7vu","t1_kizy7vu","https://www.reddit.com/r/adhdwomen/comments/19cluwh/i_have_seen_so_many_adhd_planners_that_just_dont/kizy7vu/","/r/adhdwomen/comments/19cluwh/i_have_seen_so_many_adhd_planners_that_just_dont/kizy7vu/","t3_19cluwh","post","","kizy7vu","0","true","kizy7vu","c72ad13047c7e30e","","","false","false","","225","225","0","0","6","1705898145.0","2024-01-22T04:35:45+00:00","false","False","","false","false","true","false","Something that changes to a completely different planner format and style and color scheme at exactly the moment I lose interest in the last one..","Something that changes to a completely different planner format and style and color scheme at exactly the moment I lose interest in the last one..","146","25","","","","false","false","planner | plan","","color | change","mentions_feature_or_solution | mentions_planner_or_system","48","[THREAD_TITLE]
I have seen so many “ADHD planners” that just DON’T HELP. What are some things/features YOU would love to see incorporated that would actually benefit you?

[THREAD_BODY]
So tired of seeing these products that claim to be sooo helpful with managing ADHD specific issues that just… aren’t. Have any of you found any that DO? Which aspect(s) of them make the biggest improvement in your life and how?

[CURRENT_RECORD]
Something that changes to a completely different planner format and style and color scheme at exactly the moment I lose interest in the last one.."
"/mnt/data/reddit_input_test/reddit-adhdwomen-i_have_seen_so_many_adhd_planners_that_just_dont(1).json","reddit-adhdwomen-i_have_seen_so_many_adhd_planners_that_just_dont(1)","19cluwh","t3_19cluwh","https://www.reddit.com/r/adhdwomen/comments/19cluwh/i_have_seen_so_many_adhd_planners_that_just_dont/","adhdwomen","r/adhdwomen","I have seen so many “ADHD planners” that just DON’T HELP. What are some things/features YOU would love to see incorporated that would actually benefit you?","So tired of seeing these products that claim to be sooo helpful with managing ADHD specific issues that just… aren’t. Have any of you found any that DO? Which aspect(s) of them make the biggest improvement in your life and how?","Cleaning, Organizing, Decluttering","1705893416.0","2024-01-22T03:16:56+00:00","108","108","0.95","153","9dc178c3d77e3d62","","reddit-adhdwomen-i_have_seen_so_many_adhd_planners_that_just_dont(1):comment:kj0p4wv","comment","kj0p4wv","t1_kj0p4wv","https://www.reddit.com/r/adhdwomen/comments/19cluwh/i_have_seen_so_many_adhd_planners_that_just_dont/kj0p4wv/","/r/adhdwomen/comments/19cluwh/i_have_seen_so_many_adhd_planners_that_just_dont/kj0p4wv/","t1_kizy7vu","comment","kizy7vu","kizy7vu","1","false","kizy7vu > kj0p4wv","f94ca84f38aa6cc0","","","false","false","","55","55","0","0","2","1705915318.0","2024-01-22T09:21:58+00:00","false","False","","false","false","true","false","This for real. The whole point of having ADHD (or at least part of it) is that we suck at consistency and crave novelty. The idea that there is one perfect planner system out there that will sort out our lives and fix our executive functioning and help us to do our tasks ... it's a fantasy we tell ourselves because it would be wonderful if it were true. But it's not. Even the best planner will only last as long as our interest in it. Once we move on, we move on. But there's no reason to feel guilty or disappointed about that! The perfect planner is the one that I'm using right now. Maybe it lasts months. Maybe two weeks. Maybe one day. If it helps me just for this moment turn my jumbled thoughts and intentions into actions, then great. It's fulfilled its purpose. And when it doesn't anymore, I find a new one :)","This for real. The whole point of having ADHD (or at least part of it) is that we suck at consistency and crave novelty. The idea that there is one perfect planner system out there that will sort out our lives and fix our executive functioning and help us to do our tasks ... it'…","822","158","Something that changes to a completely different planner format and style and color scheme at exactly the moment I lose interest in the last one..","Something that changes to a completely different planner format and style and color scheme at exactly the moment I lose interest in the last one..","","false","true","planner | plan | app | to do","adhd | executive function | executive functioning | guilt | guilty | consistency | novelty | tasks","","guilt_or_shame_signal | long_form_comment | mentions_pain_or_friction | mentions_planner_or_system | mentions_working_solution_or_recommendation | novelty_or_format_change_signal","95","[THREAD_TITLE]
I have seen so many “ADHD planners” that just DON’T HELP. What are some things/features YOU would love to see incorporated that would actually benefit you?

[THREAD_BODY]
So tired of seeing these products that claim to be sooo helpful with managing ADHD specific issues that just… aren’t. Have any of you found any that DO? Which aspect(s) of them make the biggest improvement in your life and how?

[PARENT_COMMENT_CONTEXT]
Something that changes to a completely different planner format and style and color scheme at exactly the moment I lose interest in the last one..

[CURRENT_RECORD]
This for real. The whole point of having ADHD (or at least part of it) is that we suck at consistency and crave novelty. The idea that there is one perfect planner system out there that will sort out our lives and fix our executive functioning and help us to do our tasks ... it's a fantasy we tell ourselves because it would be wonderful if it were true. But it's not. Even the best planner will only last as long as our interest in it. Once we move on, we move on. But there's no reason to feel guilty or disappointed about that! The perfect planner is the one that I'm using right now. Maybe it lasts months. Maybe two weeks. Maybe one day. If it helps me just for this moment turn my jumbled thoughts and intentions into actions, then great. It's fulfilled its purpose. And when it doesn't anymore, I find a new one :)"
"/mnt/data/reddit_input_test/reddit-adhdwomen-i_have_seen_so_many_adhd_planners_that_just_dont(1).json","reddit-adhdwomen-i_have_seen_so_many_adhd_planners_that_just_dont(1)","19cluwh","t3_19cluwh","https://www.reddit.com/r/adhdwomen/comments/19cluwh/i_have_seen_so_many_adhd_planners_that_just_dont/","adhdwomen","r/adhdwomen","I have seen so many “ADHD planners” that just DON’T HELP. What are some things/features YOU would love to see incorporated that would actually benefit you?","So tired of seeing these products that claim to be sooo helpful with managing ADHD specific issues that just… aren’t. Have any of you found any that DO? Which aspect(s) of them make the biggest improvement in your life and how?","Cleaning, Organizing, Decluttering","1705893416.0","2024-01-22T03:16:56+00:00","108","108","0.95","153","9dc178c3d77e3d62","","reddit-adhdwomen-i_have_seen_so_many_adhd_planners_that_just_dont(1):comment:kj2k90g","comment","kj2k90g","t1_kj2k90g","https://www.reddit.com/r/adhdwomen/comments/19cluwh/i_have_seen_so_many_adhd_planners_that_just_dont/kj2k90g/","/r/adhdwomen/comments/19cluwh/i_have_seen_so_many_adhd_planners_that_just_dont/kj2k90g/","t1_kj0p4wv","comment","kj0p4wv","kizy7vu","2","false","kizy7vu > kj0p4wv > kj2k90g","1169c53f75b432c4","","","false","false","","12","12","0","0","1","1705946105.0","2024-01-22T17:55:05+00:00","false","False","","false","false","true","false","A planner where the format changes quarterly sounds promising.","A planner where the format changes quarterly sounds promising.","62","9","This for real. The whole point of having ADHD (or at least part of it) is that we suck at consistency and crave novelty. The idea that there is one perfect planner system out there that will sort out our lives and fix our executive functioning and help us to do our tasks ... it's a fantasy we tell ourselves because it would be wonderful if it were true. But it's not. Even the best planner will only last as long as our interest in it. Once we move on, we move on. But there's no reason to feel guilty or disappointed about that! The perfect planner is the one that I'm using right now. Maybe it lasts months. Maybe two weeks. Maybe one day. If it helps me just for this moment turn my jumbled tho…","Something that changes to a completely different planner format and style and color scheme at exactly the moment I lose interest in the last one..","","false","true","planner | plan","","quarterly | change","mentions_feature_or_solution | mentions_planner_or_system | mentions_working_solution_or_recommendation | novelty_or_format_change_signal","32","[THREAD_TITLE]
I have seen so many “ADHD planners” that just DON’T HELP. What are some things/features YOU would love to see incorporated that would actually benefit you?

[THREAD_BODY]
So tired of seeing these products that claim to be sooo helpful with managing ADHD specific issues that just… aren’t. Have any of you found any that DO? Which aspect(s) of them make the biggest improvement in your life and how?

[ROOT_COMMENT_CONTEXT]
Something that changes to a completely different planner format and style and color scheme at exactly the moment I lose interest in the last one..

[PARENT_COMMENT_CONTEXT]
This for real. The whole point of having ADHD (or at least part of it) is that we suck at consistency and crave novelty. The idea that there is one perfect planner system out there that will sort out our lives and fix our executive functioning and help us to do our tasks ... it's a fantasy we tell ourselves because it would be wonderful if it were true. But it's not. Even the best planner will only last as long as our interest in it. Once we move on, we move on. But there's no reason to feel guilty or disappointed about that! The perfect planner is the one that I'm using right now. Maybe it lasts months. Maybe two weeks. Maybe one day. If it helps me just for this moment turn my jumbled tho…

[CURRENT_RECORD]
A planner where the format changes quarterly sounds promising."
"/mnt/data/reddit_input_test/reddit-adhdwomen-i_have_seen_so_many_adhd_planners_that_just_dont(1).json","reddit-adhdwomen-i_have_seen_so_many_adhd_planners_that_just_dont(1)","19cluwh","t3_19cluwh","https://www.reddit.com/r/adhdwomen/comments/19cluwh/i_have_seen_so_many_adhd_planners_that_just_dont/","adhdwomen","r/adhdwomen","I have seen so many “ADHD planners” that just DON’T HELP. What are some things/features YOU would love to see incorporated that would actually benefit you?","So tired of seeing these products that claim to be sooo helpful with managing ADHD specific issues that just… aren’t. Have any of you found any that DO? Which aspect(s) of them make the biggest improvement in your life and how?","Cleaning, Organizing, Decluttering","1705893416.0","2024-01-22T03:16:56+00:00","108","108","0.95","153","9dc178c3d77e3d62","","reddit-adhdwomen-i_have_seen_so_many_adhd_planners_that_just_dont(1):comment:kj2mwre","comment","kj2mwre","t1_kj2mwre","https://www.reddit.com/r/adhdwomen/comments/19cluwh/i_have_seen_so_many_adhd_planners_that_just_dont/kj2mwre/","/r/adhdwomen/comments/19cluwh/i_have_seen_so_many_adhd_planners_that_just_dont/kj2mwre/","t1_kj2k90g","comment","kj2k90g","kizy7vu","3","false","kizy7vu > kj0p4wv > kj2k90g > kj2mwre","09a2ace269c10e3f","","","false","false","","6","6","0","0","2","1705946977.0","2024-01-22T18:09:37+00:00","false","False","","false","false","true","false","My unending love for DIYing Bullet Journals. It can change DAILY.","My unending love for DIYing Bullet Journals. It can change DAILY.","65","11","A planner where the format changes quarterly sounds promising.","Something that changes to a completely different planner format and style and color scheme at exactly the moment I lose interest in the last one..","","false","true","bullet journal | journal | daily","","daily | change","mentions_feature_or_solution | mentions_planner_or_system | mentions_working_solution_or_recommendation | novelty_or_format_change_signal","36","[THREAD_TITLE]
I have seen so many “ADHD planners” that just DON’T HELP. What are some things/features YOU would love to see incorporated that would actually benefit you?

[THREAD_BODY]
So tired of seeing these products that claim to be sooo helpful with managing ADHD specific issues that just… aren’t. Have any of you found any that DO? Which aspect(s) of them make the biggest improvement in your life and how?

[ROOT_COMMENT_CONTEXT]
Something that changes to a completely different planner format and style and color scheme at exactly the moment I lose interest in the last one..

[PARENT_COMMENT_CONTEXT]
A planner where the format changes quarterly sounds promising.

[CURRENT_RECORD]
My unending love for DIYing Bullet Journals. It can change DAILY."
"/mnt/data/reddit_input_test/reddit-adhdwomen-i_have_seen_so_many_adhd_planners_that_just_dont(1).json","reddit-adhdwomen-i_have_seen_so_many_adhd_planners_that_just_dont(1)","19cluwh","t3_19cluwh","https://www.reddit.com/r/adhdwomen/comments/19cluwh/i_have_seen_so_many_adhd_planners_that_just_dont/","adhdwomen","r/adhdwomen","I have seen so many “ADHD planners” that just DON’T HELP. What are some things/features YOU would love to see incorporated that would actually benefit you?","So tired of seeing these products that claim to be sooo helpful with managing ADHD specific issues that just… aren’t. Have any of you found any that DO? Which aspect(s) of them make the biggest improvement in your life and how?","Cleaning, Organizing, Decluttering","1705893416.0","2024-01-22T03:16:56+00:00","108","108","0.95","153","9dc178c3d77e3d62","","reddit-adhdwomen-i_have_seen_so_many_adhd_planners_that_just_dont(1):comment:kj2pxj9","comment","kj2pxj9","t1_kj2pxj9","https://www.reddit.com/r/adhdwomen/comments/19cluwh/i_have_seen_so_many_adhd_planners_that_just_dont/kj2pxj9/","/r/adhdwomen/comments/19cluwh/i_have_seen_so_many_adhd_planners_that_just_dont/kj2pxj9/","t1_kj2mwre","comment","kj2mwre","kizy7vu","4","false","kizy7vu > kj0p4wv > kj2k90g > kj2mwre > kj2pxj9","6968c238ad16bd76","","","false","false","","11","11","0","0","3","1705947971.0","2024-01-22T18:26:11+00:00","false","False","","false","false","true","false","This worked for me for about 2-3 years. I now just don't have the time and capacity to sit down and draw out the year. Tis somewhat frustrating","This worked for me for about 2-3 years. I now just don't have the time and capacity to sit down and draw out the year. Tis somewhat frustrating","143","28","My unending love for DIYing Bullet Journals. It can change DAILY.","Something that changes to a completely different planner format and style and color scheme at exactly the moment I lose interest in the last one..","","false","true","","frustrating | time | capacity","","forgetfulness_or_time_signal | mentions_pain_or_friction | mentions_working_solution_or_recommendation","49","[THREAD_TITLE]
I have seen so many “ADHD planners” that just DON’T HELP. What are some things/features YOU would love to see incorporated that would actually benefit you?

[THREAD_BODY]
So tired of seeing these products that claim to be sooo helpful with managing ADHD specific issues that just… aren’t. Have any of you found any that DO? Which aspect(s) of them make the biggest improvement in your life and how?

[ROOT_COMMENT_CONTEXT]
Something that changes to a completely different planner format and style and color scheme at exactly the moment I lose interest in the last one..

[PARENT_COMMENT_CONTEXT]
My unending love for DIYing Bullet Journals. It can change DAILY.

[CURRENT_RECORD]
This worked for me for about 2-3 years. I now just don't have the time and capacity to sit down and draw out the year. Tis somewhat frustrating"
"/mnt/data/reddit_input_test/reddit-adhdwomen-i_have_seen_so_many_adhd_planners_that_just_dont(1).json","reddit-adhdwomen-i_have_seen_so_many_adhd_planners_that_just_dont(1)","19cluwh","t3_19cluwh","https://www.reddit.com/r/adhdwomen/comments/19cluwh/i_have_seen_so_many_adhd_planners_that_just_dont/","adhdwomen","r/adhdwomen","I have seen so many “ADHD planners” that just DON’T HELP. What are some things/features YOU would love to see incorporated that would actually benefit you?","So tired of seeing these products that claim to be sooo helpful with managing ADHD specific issues that just… aren’t. Have any of you found any that DO? Which aspect(s) of them make the biggest improvement in your life and how?","Cleaning, Organizing, Decluttering","1705893416.0","2024-01-22T03:16:56+00:00","108","108","0.95","153","9dc178c3d77e3d62","","reddit-adhdwomen-i_have_seen_so_many_adhd_planners_that_just_dont(1):comment:kj2r1sl","comment","kj2r1sl","t1_kj2r1sl","https://www.reddit.com/r/adhdwomen/comments/19cluwh/i_have_seen_so_many_adhd_planners_that_just_dont/kj2r1sl/","/r/adhdwomen/comments/19cluwh/i_have_seen_so_many_adhd_planners_that_just_dont/kj2r1sl/","t1_kj2pxj9","comment","kj2pxj9","kizy7vu","5","false","kizy7vu > kj0p4wv > kj2k90g > kj2mwre > kj2pxj9 > kj2r1sl","09a2ace269c10e3f","","","false","false","","11","11","0","0","1","1705948350.0","2024-01-22T18:32:30+00:00","false","False","","false","false","true","false","If I get a month done it’s a miracle. My current BUuJo is an occasional list of 20-30 dates with important occasions listed next to them, a one page weekly that lists what’s due when, and sporadic dailies. I admire people that do like…whole damn books all at once but that’s not a reasonable expectation for me.","If I get a month done it’s a miracle. My current BUuJo is an occasional list of 20-30 dates with important occasions listed next to them, a one page weekly that lists what’s due when, and sporadic dailies. I admire people that do like…whole damn books all at once but that’s not…","311","57","This worked for me for about 2-3 years. I now just don't have the time and capacity to sit down and draw out the year. Tis somewhat frustrating","Something that changes to a completely different planner format and style and color scheme at exactly the moment I lose interest in the last one..","","false","false","weekly","","one page | weekly","mentions_feature_or_solution | mentions_planner_or_system","30","[THREAD_TITLE]
I have seen so many “ADHD planners” that just DON’T HELP. What are some things/features YOU would love to see incorporated that would actually benefit you?

[THREAD_BODY]
So tired of seeing these products that claim to be sooo helpful with managing ADHD specific issues that just… aren’t. Have any of you found any that DO? Which aspect(s) of them make the biggest improvement in your life and how?

[ROOT_COMMENT_CONTEXT]
Something that changes to a completely different planner format and style and color scheme at exactly the moment I lose interest in the last one..

[PARENT_COMMENT_CONTEXT]
This worked for me for about 2-3 years. I now just don't have the time and capacity to sit down and draw out the year. Tis somewhat frustrating

[CURRENT_RECORD]
If I get a month done it’s a miracle. My current BUuJo is an occasional list of 20-30 dates with important occasions listed next to them, a one page weekly that lists what’s due when, and sporadic dailies. I admire people that do like…whole damn books all at once but that’s not a reasonable expectation for me."
"/mnt/data/reddit_input_test/reddit-adhdwomen-i_have_seen_so_many_adhd_planners_that_just_dont(1).json","reddit-adhdwomen-i_have_seen_so_many_adhd_planners_that_just_dont(1)","19cluwh","t3_19cluwh","https://www.reddit.com/r/adhdwomen/comments/19cluwh/i_have_seen_so_many_adhd_planners_that_just_dont/","adhdwomen","r/adhdwomen","I have seen so many “ADHD planners” that just DON’T HELP. What are some things/features YOU would love to see incorporated that would actually benefit you?","So tired of seeing these products that claim to be sooo helpful with managing ADHD specific issues that just… aren’t. Have any of you found any that DO? Which aspect(s) of them make the biggest improvement in your life and how?","Cleaning, Organizing, Decluttering","1705893416.0","2024-01-22T03:16:56+00:00","108","108","0.95","153","9dc178c3d77e3d62","","reddit-adhdwomen-i_have_seen_so_many_adhd_planners_that_just_dont(1):comment:kj381as","comment","kj381as","t1_kj381as","https://www.reddit.com/r/adhdwomen/comments/19cluwh/i_have_seen_so_many_adhd_planners_that_just_dont/kj381as/","/r/adhdwomen/comments/19cluwh/i_have_seen_so_many_adhd_planners_that_just_dont/kj381as/","t1_kj2r1sl","comment","kj2r1sl","kizy7vu","6","false","kizy7vu > kj0p4wv > kj2k90g > kj2mwre > kj2pxj9 > kj2r1sl > kj381as","6968c238ad16bd76","","","false","false","","3","3","0","0","0","1705953988.0","2024-01-22T20:06:28+00:00","false","False","","false","false","true","false","I found if I don't important dates like you have to go to this training 6 months from now get lost.","I found if I don't important dates like you have to go to this training 6 months from now get lost.","99","21","If I get a month done it’s a miracle. My current BUuJo is an occasional list of 20-30 dates with important occasions listed next to them, a one page weekly that lists what’s due when, and sporadic dailies. I admire people that do like…whole damn books all at once but that’s not a reasonable expectation for me.","Something that changes to a completely different planner format and style and color scheme at exactly the moment I lose interest in the last one..","","false","false","","lost","","forgetfulness_or_time_signal | mentions_pain_or_friction","23","[THREAD_TITLE]
I have seen so many “ADHD planners” that just DON’T HELP. What are some things/features YOU would love to see incorporated that would actually benefit you?

[THREAD_BODY]
So tired of seeing these products that claim to be sooo helpful with managing ADHD specific issues that just… aren’t. Have any of you found any that DO? Which aspect(s) of them make the biggest improvement in your life and how?

[ROOT_COMMENT_CONTEXT]
Something that changes to a completely different planner format and style and color scheme at exactly the moment I lose interest in the last one..

[PARENT_COMMENT_CONTEXT]
If I get a month done it’s a miracle. My current BUuJo is an occasional list of 20-30 dates with important occasions listed next to them, a one page weekly that lists what’s due when, and sporadic dailies. I admire people that do like…whole damn books all at once but that’s not a reasonable expectation for me.

[CURRENT_RECORD]
I found if I don't important dates like you have to go to this training 6 months from now get lost."
"/mnt/data/reddit_input_test/reddit-adhdwomen-i_have_seen_so_many_adhd_planners_that_just_dont(1).json","reddit-adhdwomen-i_have_seen_so_many_adhd_planners_that_just_dont(1)","19cluwh","t3_19cluwh","https://www.reddit.com/r/adhdwomen/comments/19cluwh/i_have_seen_so_many_adhd_planners_that_just_dont/","adhdwomen","r/adhdwomen","I have seen so many “ADHD planners” that just DON’T HELP. What are some things/features YOU would love to see incorporated that would actually benefit you?","So tired of seeing these products that claim to be sooo helpful with managing ADHD specific issues that just… aren’t. Have any of you found any that DO? Which aspect(s) of them make the biggest improvement in your life and how?","Cleaning, Organizing, Decluttering","1705893416.0","2024-01-22T03:16:56+00:00","108","108","0.95","153","9dc178c3d77e3d62","","reddit-adhdwomen-i_have_seen_so_many_adhd_planners_that_just_dont(1):comment:kj3xyz9","comment","kj3xyz9","t1_kj3xyz9","https://www.reddit.com/r/adhdwomen/comments/19cluwh/i_have_seen_so_many_adhd_planners_that_just_dont/kj3xyz9/","/r/adhdwomen/comments/19cluwh/i_have_seen_so_many_adhd_planners_that_just_dont/kj3xyz9/","t1_kj2pxj9","comment","kj2pxj9","kizy7vu","5","false","kizy7vu > kj0p4wv > kj2k90g > kj2mwre > kj2pxj9 > kj3xyz9","6764c008a267e6d4","","","false","false","","10","10","0","0","0","1705962619.0","2024-01-22T22:30:19+00:00","false","False","","false","false","true","false","I moved to a filofax setup where I buy printable templates for the monthly calendars etc that take time to plan out. Then I mashed up some weekly templates on canva and print 5 or so at a time, by the time I run out I usually have an adjustment I want to make before I print the next batch. Its working OK so far, the bare bones are printed to save time and effort but I can alter then if needed and can decorate before or after printing if I wish to and have time.","I moved to a filofax setup where I buy printable templates for the monthly calendars etc that take time to plan out. Then I mashed up some weekly templates on canva and print 5 or so at a time, by the time I run out I usually have an adjustment I want to make before I print the…","465","96","This worked for me for about 2-3 years. I now just don't have the time and capacity to sit down and draw out the year. Tis somewhat frustrating","Something that changes to a completely different planner format and style and color scheme at exactly the moment I lose interest in the last one..","","false","true","plan | calendar | calendars | template | templates | printable | filofax | weekly | monthly","time","print | printable | weekly | monthly | adjustment","forgetfulness_or_time_signal | mentions_feature_or_solution | mentions_pain_or_friction | mentions_planner_or_system | mentions_working_solution_or_recommendation | printable_modular_system_signal","92","[THREAD_TITLE]
I have seen so many “ADHD planners” that just DON’T HELP. What are some things/features YOU would love to see incorporated that would actually benefit you?

[THREAD_BODY]
So tired of seeing these products that claim to be sooo helpful with managing ADHD specific issues that just… aren’t. Have any of you found any that DO? Which aspect(s) of them make the biggest improvement in your life and how?

[ROOT_COMMENT_CONTEXT]
Something that changes to a completely different planner format and style and color scheme at exactly the moment I lose interest in the last one..

[PARENT_COMMENT_CONTEXT]
This worked for me for about 2-3 years. I now just don't have the time and capacity to sit down and draw out the year. Tis somewhat frustrating

[CURRENT_RECORD]
I moved to a filofax setup where I buy printable templates for the monthly calendars etc that take time to plan out. Then I mashed up some weekly templates on canva and print 5 or so at a time, by the time I run out I usually have an adjustment I want to make before I print the next batch. Its working OK so far, the bare bones are printed to save time and effort but I can alter then if needed and can decorate before or after printing if I wish to and have time."
"/mnt/data/reddit_input_test/reddit-adhdwomen-i_have_seen_so_many_adhd_planners_that_just_dont(1).json","reddit-adhdwomen-i_have_seen_so_many_adhd_planners_that_just_dont(1)","19cluwh","t3_19cluwh","https://www.reddit.com/r/adhdwomen/comments/19cluwh/i_have_seen_so_many_adhd_planners_that_just_dont/","adhdwomen","r/adhdwomen","I have seen so many “ADHD planners” that just DON’T HELP. What are some things/features YOU would love to see incorporated that would actually benefit you?","So tired of seeing these products that claim to be sooo helpful with managing ADHD specific issues that just… aren’t. Have any of you found any that DO? Which aspect(s) of them make the biggest improvement in your life and how?","Cleaning, Organizing, Decluttering","1705893416.0","2024-01-22T03:16:56+00:00","108","108","0.95","153","9dc178c3d77e3d62","","reddit-adhdwomen-i_have_seen_so_many_adhd_planners_that_just_dont(1):comment:lvt9d6c","comment","lvt9d6c","t1_lvt9d6c","https://www.reddit.com/r/adhdwomen/comments/19cluwh/i_have_seen_so_many_adhd_planners_that_just_dont/lvt9d6c/","/r/adhdwomen/comments/19cluwh/i_have_seen_so_many_adhd_planners_that_just_dont/lvt9d6c/","t1_kj2pxj9","comment","kj2pxj9","kizy7vu","5","false","kizy7vu > kj0p4wv > kj2k90g > kj2mwre > kj2pxj9 > lvt9d6c","4ee140b5c04befff","","","false","false","","2","2","0","0","0","1730938470.0","2024-11-07T00:14:30+00:00","false","False","","false","false","true","false","I agree with your comment. For me: Taking the time to draw out calendars deviates from the process of getting things done. Productivity is the name of the game when I need to use a planner system. . Creativity belongs somewhere else in my life. But finding a typical ""planner"" in the normal layout is not working either. Landed upon a layout of using a notebook. - landscape and labeling the week at the top. Choose maybe 5 categories that you want to focus on (fitness, financial, household, Groceries, Daily to Do, Projects etc.) What ever works for you. Create columns at the time with each category labeled and to the center of the page. Color code these categories. Under each category, list maybe 4 - 6 tasks to accomplish. (example: Fitness: walk 5 times, Meditate each evening before bed etc.) Draw a line below each category column and label the days of the week. Under each day of the week, choose from the categories above and list what to accomplish. Example: Sunday: walk, Tuesday, walk, Wed- walk, etc. until you have listed your 5 walks. Use the color code for Fitness to code ""walk"". Create your weekly to do from each category. Could use a notebook and open it up landscape and use one page for your categories and daily to do's but the second half of the landscape layout could be an area for notes, Appointments, expenses, phone numbers etc. A weekly all in one layout, not too time consuming as you are planning in the process and not wasting time. Found this somewhere and am returning to it. Seems to be less overwhelming for me. yet an overview and simple, inexpensive.","I agree with your comment. For me: Taking the time to draw out calendars deviates from the process of getting things done. Productivity is the name of the game when I need to use a planner system. . Creativity belongs somewhere else in my life. But finding a typical ""planner"" in…","1592","284","This worked for me for about 2-3 years. I now just don't have the time and capacity to sit down and draw out the year. Tis somewhat frustrating","Something that changes to a completely different planner format and style and color scheme at exactly the moment I lose interest in the last one..","","false","false","planner | plan | planning | calendar | calendars | app | to do | weekly | daily","overwhelm | time | not working | tasks","simple | color | color code | one page | all in one | layout | categories | columns | notes | appointments | expenses | weekly | daily | overview | less overwhelming","forgetfulness_or_time_signal | long_form_comment | mentions_feature_or_solution | mentions_pain_or_friction | mentions_planner_or_system | overwhelm_or_complexity_signal","100","[THREAD_TITLE]
I have seen so many “ADHD planners” that just DON’T HELP. What are some things/features YOU would love to see incorporated that would actually benefit you?

[THREAD_BODY]
So tired of seeing these products that claim to be sooo helpful with managing ADHD specific issues that just… aren’t. Have any of you found any that DO? Which aspect(s) of them make the biggest improvement in your life and how?

[ROOT_COMMENT_CONTEXT]
Something that changes to a completely different planner format and style and color scheme at exactly the moment I lose interest in the last one..

[PARENT_COMMENT_CONTEXT]
This worked for me for about 2-3 years. I now just don't have the time and capacity to sit down and draw out the year. Tis somewhat frustrating

[CURRENT_RECORD]
I agree with your comment. For me: Taking the time to draw out calendars deviates from the process of getting things done. Productivity is the name of the game when I need to use a planner system. . Creativity belongs somewhere else in my life. But finding a typical ""planner"" in the normal layout is not working either. Landed upon a layout of using a notebook. - landscape and labeling the week at the top. Choose maybe 5 categories that you want to focus on (fitness, financial, household, Groceries, Daily to Do, Projects etc.) What ever works for you. Create columns at the time with each category labeled and to the center of the page. Color code these categories. Under each category, list maybe 4 - 6 tasks to accomplish. (example: Fitness: walk 5 times, Meditate each evening before bed etc.) Draw a line below each category column and label the days of the week. Under each day of the week, choose from the categories above and list what to accomplish. Example: Sunday: walk, Tuesday, walk, Wed- walk, etc. until you have listed your 5 walks. Use the color code for Fitness to code ""walk"". Create your weekly to do from each category. Could use a notebook and open it up landscape and use one page for your categories and daily to do's but the second half of the landscape layout could be an area for notes, Appointments, expenses, phone numbers etc. A weekly all in one layout, not too time consuming as you are planning in the process and not wasting time. Found this somewhere and am returning to it. Seems to be less overwhelming for me. yet an overview and simple, inexpensive."
"/mnt/data/reddit_input_test/reddit-adhdwomen-i_have_seen_so_many_adhd_planners_that_just_dont(1).json","reddit-adhdwomen-i_have_seen_so_many_adhd_planners_that_just_dont(1)","19cluwh","t3_19cluwh","https://www.reddit.com/r/adhdwomen/comments/19cluwh/i_have_seen_so_many_adhd_planners_that_just_dont/","adhdwomen","r/adhdwomen","I have seen so many “ADHD planners” that just DON’T HELP. What are some things/features YOU would love to see incorporated that would actually benefit you?","So tired of seeing these products that claim to be sooo helpful with managing ADHD specific issues that just… aren’t. Have any of you found any that DO? Which aspect(s) of them make the biggest improvement in your life and how?","Cleaning, Organizing, Decluttering","1705893416.0","2024-01-22T03:16:56+00:00","108","108","0.95","153","9dc178c3d77e3d62","","reddit-adhdwomen-i_have_seen_so_many_adhd_planners_that_just_dont(1):comment:kj38gza","comment","kj38gza","t1_kj38gza","https://www.reddit.com/r/adhdwomen/comments/19cluwh/i_have_seen_so_many_adhd_planners_that_just_dont/kj38gza/","/r/adhdwomen/comments/19cluwh/i_have_seen_so_many_adhd_planners_that_just_dont/kj38gza/","t1_kj2mwre","comment","kj2mwre","kizy7vu","4","false","kizy7vu > kj0p4wv > kj2k90g > kj2mwre > kj38gza","1169c53f75b432c4","","","false","false","","3","3","0","0","1","1705954133.0","2024-01-22T20:08:53+00:00","false","False","","false","false","true","false","I used a bullet journal for a few years and loved it! It had everything I needed in one notebook. But it’s too time consuming for my life now. I did consider paying a graphic designer to make me digital pages so I can create my own printable planner for the year. But I have no idea how to go about it!","I used a bullet journal for a few years and loved it! It had everything I needed in one notebook. But it’s too time consuming for my life now. I did consider paying a graphic designer to make me digital pages so I can create my own printable planner for the year. But I have no i…","302","62","My unending love for DIYing Bullet Journals. It can change DAILY.","Something that changes to a completely different planner format and style and color scheme at exactly the moment I lose interest in the last one..","","false","true","planner | plan | bullet journal | journal | printable","time","print | printable","forgetfulness_or_time_signal | mentions_feature_or_solution | mentions_pain_or_friction | mentions_planner_or_system | mentions_working_solution_or_recommendation | overwhelm_or_complexity_signal | printable_modular_system_signal","76","[THREAD_TITLE]
I have seen so many “ADHD planners” that just DON’T HELP. What are some things/features YOU would love to see incorporated that would actually benefit you?

[THREAD_BODY]
So tired of seeing these products that claim to be sooo helpful with managing ADHD specific issues that just… aren’t. Have any of you found any that DO? Which aspect(s) of them make the biggest improvement in your life and how?

[ROOT_COMMENT_CONTEXT]
Something that changes to a completely different planner format and style and color scheme at exactly the moment I lose interest in the last one..

[PARENT_COMMENT_CONTEXT]
My unending love for DIYing Bullet Journals. It can change DAILY.

[CURRENT_RECORD]
I used a bullet journal for a few years and loved it! It had everything I needed in one notebook. But it’s too time consuming for my life now. I did consider paying a graphic designer to make me digital pages so I can create my own printable planner for the year. But I have no idea how to go about it!"
"/mnt/data/reddit_input_test/reddit-adhdwomen-i_have_seen_so_many_adhd_planners_that_just_dont(1).json","reddit-adhdwomen-i_have_seen_so_many_adhd_planners_that_just_dont(1)","19cluwh","t3_19cluwh","https://www.reddit.com/r/adhdwomen/comments/19cluwh/i_have_seen_so_many_adhd_planners_that_just_dont/","adhdwomen","r/adhdwomen","I have seen so many “ADHD planners” that just DON’T HELP. What are some things/features YOU would love to see incorporated that would actually benefit you?","So tired of seeing these products that claim to be sooo helpful with managing ADHD specific issues that just… aren’t. Have any of you found any that DO? Which aspect(s) of them make the biggest improvement in your life and how?","Cleaning, Organizing, Decluttering","1705893416.0","2024-01-22T03:16:56+00:00","108","108","0.95","153","9dc178c3d77e3d62","","reddit-adhdwomen-i_have_seen_so_many_adhd_planners_that_just_dont(1):comment:kj38uwt","comment","kj38uwt","t1_kj38uwt","https://www.reddit.com/r/adhdwomen/comments/19cluwh/i_have_seen_so_many_adhd_planners_that_just_dont/kj38uwt/","/r/adhdwomen/comments/19cluwh/i_have_seen_so_many_adhd_planners_that_just_dont/kj38uwt/","t1_kj38gza","comment","kj38gza","kizy7vu","5","false","kizy7vu > kj0p4wv > kj2k90g > kj2mwre > kj38gza > kj38uwt","09a2ace269c10e3f","","","false","false","","3","3","0","0","1","1705954262.0","2024-01-22T20:11:02+00:00","false","False","","false","false","true","false","Fiverr! I commissioned art for my fiber studio this way. Etsy has a ton of printable templates, too.","Fiverr! I commissioned art for my fiber studio this way. Etsy has a ton of printable templates, too.","100","18","I used a bullet journal for a few years and loved it! It had everything I needed in one notebook. But it’s too time consuming for my life now. I did consider paying a graphic designer to make me digital pages so I can create my own printable planner for the year. But I have no idea how to go about it!","Something that changes to a completely different planner format and style and color scheme at exactly the moment I lose interest in the last one..","","false","false","template | templates | printable","","print | printable","mentions_feature_or_solution | mentions_planner_or_system | printable_modular_system_signal","29","[THREAD_TITLE]
I have seen so many “ADHD planners” that just DON’T HELP. What are some things/features YOU would love to see incorporated that would actually benefit you?

[THREAD_BODY]
So tired of seeing these products that claim to be sooo helpful with managing ADHD specific issues that just… aren’t. Have any of you found any that DO? Which aspect(s) of them make the biggest improvement in your life and how?

[ROOT_COMMENT_CONTEXT]
Something that changes to a completely different planner format and style and color scheme at exactly the moment I lose interest in the last one..

[PARENT_COMMENT_CONTEXT]
I used a bullet journal for a few years and loved it! It had everything I needed in one notebook. But it’s too time consuming for my life now. I did consider paying a graphic designer to make me digital pages so I can create my own printable planner for the year. But I have no idea how to go about it!

[CURRENT_RECORD]
Fiverr! I commissioned art for my fiber studio this way. Etsy has a ton of printable templates, too."
"/mnt/data/reddit_input_test/reddit-adhdwomen-i_have_seen_so_many_adhd_planners_that_just_dont(1).json","reddit-adhdwomen-i_have_seen_so_many_adhd_planners_that_just_dont(1)","19cluwh","t3_19cluwh","https://www.reddit.com/r/adhdwomen/comments/19cluwh/i_have_seen_so_many_adhd_planners_that_just_dont/","adhdwomen","r/adhdwomen","I have seen so many “ADHD planners” that just DON’T HELP. What are some things/features YOU would love to see incorporated that would actually benefit you?","So tired of seeing these products that claim to be sooo helpful with managing ADHD specific issues that just… aren’t. Have any of you found any that DO? Which aspect(s) of them make the biggest improvement in your life and how?","Cleaning, Organizing, Decluttering","1705893416.0","2024-01-22T03:16:56+00:00","108","108","0.95","153","9dc178c3d77e3d62","","reddit-adhdwomen-i_have_seen_so_many_adhd_planners_that_just_dont(1):comment:kj3g4g5","comment","kj3g4g5","t1_kj3g4g5","https://www.reddit.com/r/adhdwomen/comments/19cluwh/i_have_seen_so_many_adhd_planners_that_just_dont/kj3g4g5/","/r/adhdwomen/comments/19cluwh/i_have_seen_so_many_adhd_planners_that_just_dont/kj3g4g5/","t1_kj38uwt","comment","kj38uwt","kizy7vu","6","false","kizy7vu > kj0p4wv > kj2k90g > kj2mwre > kj38gza > kj38uwt > kj3g4g5","1169c53f75b432c4","","","false","false","","2","2","0","0","0","1705956650.0","2024-01-22T20:50:50+00:00","false","False","","false","false","true","false","I’ll look into Fiverr. Thanks for the recommendation!!","I’ll look into Fiverr. Thanks for the recommendation!!","54","8","Fiverr! I commissioned art for my fiber studio this way. Etsy has a ton of printable templates, too.","Something that changes to a completely different planner format and style and color scheme at exactly the moment I lose interest in the last one..","","false","true","","","","mentions_working_solution_or_recommendation","8","[THREAD_TITLE]
I have seen so many “ADHD planners” that just DON’T HELP. What are some things/features YOU would love to see incorporated that would actually benefit you?

[THREAD_BODY]
So tired of seeing these products that claim to be sooo helpful with managing ADHD specific issues that just… aren’t. Have any of you found any that DO? Which aspect(s) of them make the biggest improvement in your life and how?

[ROOT_COMMENT_CONTEXT]
Something that changes to a completely different planner format and style and color scheme at exactly the moment I lose interest in the last one..

[PARENT_COMMENT_CONTEXT]
Fiverr! I commissioned art for my fiber studio this way. Etsy has a ton of printable templates, too.

[CURRENT_RECORD]
I’ll look into Fiverr. Thanks for the recommendation!!"
"/mnt/data/reddit_input_test/reddit-adhdwomen-i_have_seen_so_many_adhd_planners_that_just_dont(1).json","reddit-adhdwomen-i_have_seen_so_many_adhd_planners_that_just_dont(1)","19cluwh","t3_19cluwh","https://www.reddit.com/r/adhdwomen/comments/19cluwh/i_have_seen_so_many_adhd_planners_that_just_dont/","adhdwomen","r/adhdwomen","I have seen so many “ADHD planners” that just DON’T HELP. What are some things/features YOU would love to see incorporated that would actually benefit you?","So tired of seeing these products that claim to be sooo helpful with managing ADHD specific issues that just… aren’t. Have any of you found any that DO? Which aspect(s) of them make the biggest improvement in your life and how?","Cleaning, Organizing, Decluttering","1705893416.0","2024-01-22T03:16:56+00:00","108","108","0.95","153","9dc178c3d77e3d62","","reddit-adhdwomen-i_have_seen_so_many_adhd_planners_that_just_dont(1):comment:moijgln","comment","moijgln","t1_moijgln","https://www.reddit.com/r/adhdwomen/comments/19cluwh/i_have_seen_so_many_adhd_planners_that_just_dont/moijgln/","/r/adhdwomen/comments/19cluwh/i_have_seen_so_many_adhd_planners_that_just_dont/moijgln/","t1_kj0p4wv","comment","kj0p4wv","kizy7vu","2","false","kizy7vu > kj0p4wv > moijgln","1d6fa03cbe5e30b7","","","false","false","","2","2","0","0","0","1745362583.0","2025-04-22T22:56:23+00:00","false","False","","false","false","true","false","OMG!!! YES!!!!!! This is so true for me!!! To see that someone else experiences this is so validating for me. I have tears in my eyes after reading your comment!!! I thought I was just annoying or crazy or there was something really wrong with me!!! But to see that I am NOT ALONE... It makes me feel A LOT less lonely!!! Thank you sooo much for your post!!!!","OMG!!! YES!!!!!! This is so true for me!!! To see that someone else experiences this is so validating for me. I have tears in my eyes after reading your comment!!! I thought I was just annoying or crazy or there was something really wrong with me!!! But to see that I am NOT ALON…","359","69","This for real. The whole point of having ADHD (or at least part of it) is that we suck at consistency and crave novelty. The idea that there is one perfect planner system out there that will sort out our lives and fix our executive functioning and help us to do our tasks ... it's a fantasy we tell ourselves because it would be wonderful if it were true. But it's not. Even the best planner will only last as long as our interest in it. Once we move on, we move on. But there's no reason to feel guilty or disappointed about that! The perfect planner is the one that I'm using right now. Maybe it lasts months. Maybe two weeks. Maybe one day. If it helps me just for this moment turn my jumbled tho…","Something that changes to a completely different planner format and style and color scheme at exactly the moment I lose interest in the last one..","","false","false","","","","","10","[THREAD_TITLE]
I have seen so many “ADHD planners” that just DON’T HELP. What are some things/features YOU would love to see incorporated that would actually benefit you?

[THREAD_BODY]
So tired of seeing these products that claim to be sooo helpful with managing ADHD specific issues that just… aren’t. Have any of you found any that DO? Which aspect(s) of them make the biggest improvement in your life and how?

[ROOT_COMMENT_CONTEXT]
Something that changes to a completely different planner format and style and color scheme at exactly the moment I lose interest in the last one..

[PARENT_COMMENT_CONTEXT]
This for real. The whole point of having ADHD (or at least part of it) is that we suck at consistency and crave novelty. The idea that there is one perfect planner system out there that will sort out our lives and fix our executive functioning and help us to do our tasks ... it's a fantasy we tell ourselves because it would be wonderful if it were true. But it's not. Even the best planner will only last as long as our interest in it. Once we move on, we move on. But there's no reason to feel guilty or disappointed about that! The perfect planner is the one that I'm using right now. Maybe it lasts months. Maybe two weeks. Maybe one day. If it helps me just for this moment turn my jumbled tho…

[CURRENT_RECORD]
OMG!!! YES!!!!!! This is so true for me!!! To see that someone else experiences this is so validating for me. I have tears in my eyes after reading your comment!!! I thought I was just annoying or crazy or there was something really wrong with me!!! But to see that I am NOT ALONE... It makes me feel A LOT less lonely!!! Thank you sooo much for your post!!!!"
"/mnt/data/reddit_input_test/reddit-adhdwomen-i_have_seen_so_many_adhd_planners_that_just_dont(1).json","reddit-adhdwomen-i_have_seen_so_many_adhd_planners_that_just_dont(1)","19cluwh","t3_19cluwh","https://www.reddit.com/r/adhdwomen/comments/19cluwh/i_have_seen_so_many_adhd_planners_that_just_dont/","adhdwomen","r/adhdwomen","I have seen so many “ADHD planners” that just DON’T HELP. What are some things/features YOU would love to see incorporated that would actually benefit you?","So tired of seeing these products that claim to be sooo helpful with managing ADHD specific issues that just… aren’t. Have any of you found any that DO? Which aspect(s) of them make the biggest improvement in your life and how?","Cleaning, Organizing, Decluttering","1705893416.0","2024-01-22T03:16:56+00:00","108","108","0.95","153","9dc178c3d77e3d62","","reddit-adhdwomen-i_have_seen_so_many_adhd_planners_that_just_dont(1):comment:kj2end5","comment","kj2end5","t1_kj2end5","https://www.reddit.com/r/adhdwomen/comments/19cluwh/i_have_seen_so_many_adhd_planners_that_just_dont/kj2end5/","/r/adhdwomen/comments/19cluwh/i_have_seen_so_many_adhd_planners_that_just_dont/kj2end5/","t1_kizy7vu","comment","kizy7vu","kizy7vu","1","false","kizy7vu > kj2end5","5629038ea6a106da","","","false","false","","21","21","0","0","1","1705944284.0","2024-01-22T17:24:44+00:00","false","False","","false","false","true","false","I found printable pages and saved to a folder. Print them out, hole punch, stick in a binder, and fill out the page(s). I can even color some parts of them to make them how I want them lol If I want to have a week printed out, great. Need one day? Got it. A month? Also got it. I've got different styles and formats of each one, so I can match how I'm feeling. If I'm not feeling it, then I don't do anything and I don't have any blank pages reminding me I was lazy. Not exactly a magical planner but it does the trick for me when I get one of my ""must organize things for 18 hours"" urges. Then the urge passes and I forget about it for a few weeks.","I found printable pages and saved to a folder. Print them out, hole punch, stick in a binder, and fill out the page(s). I can even color some parts of them to make them how I want them lol If I want to have a week printed out, great. Need one day? Got it. A month? Also got it. I…","649","135","Something that changes to a completely different planner format and style and color scheme at exactly the moment I lose interest in the last one..","Something that changes to a completely different planner format and style and color scheme at exactly the moment I lose interest in the last one..","","true","true","planner | plan | printable | binder | organize","lazy | forget | blank pages","color | print | printable | binder | folder","contains_question | forgetfulness_or_time_signal | guilt_or_shame_signal | long_form_comment | mentions_feature_or_solution | mentions_pain_or_friction | mentions_planner_or_system | mentions_working_solution_or_recommendation | novelty_or_format_change_signal | printable_modular_system_signal","100","[THREAD_TITLE]
I have seen so many “ADHD planners” that just DON’T HELP. What are some things/features YOU would love to see incorporated that would actually benefit you?

[THREAD_BODY]
So tired of seeing these products that claim to be sooo helpful with managing ADHD specific issues that just… aren’t. Have any of you found any that DO? Which aspect(s) of them make the biggest improvement in your life and how?

[PARENT_COMMENT_CONTEXT]
Something that changes to a completely different planner format and style and color scheme at exactly the moment I lose interest in the last one..

[CURRENT_RECORD]
I found printable pages and saved to a folder. Print them out, hole punch, stick in a binder, and fill out the page(s). I can even color some parts of them to make them how I want them lol If I want to have a week printed out, great. Need one day? Got it. A month? Also got it. I've got different styles and formats of each one, so I can match how I'm feeling. If I'm not feeling it, then I don't do anything and I don't have any blank pages reminding me I was lazy. Not exactly a magical planner but it does the trick for me when I get one of my ""must organize things for 18 hours"" urges. Then the urge passes and I forget about it for a few weeks."
"/mnt/data/reddit_input_test/reddit-adhdwomen-i_have_seen_so_many_adhd_planners_that_just_dont(1).json","reddit-adhdwomen-i_have_seen_so_many_adhd_planners_that_just_dont(1)","19cluwh","t3_19cluwh","https://www.reddit.com/r/adhdwomen/comments/19cluwh/i_have_seen_so_many_adhd_planners_that_just_dont/","adhdwomen","r/adhdwomen","I have seen so many “ADHD planners” that just DON’T HELP. What are some things/features YOU would love to see incorporated that would actually benefit you?","So tired of seeing these products that claim to be sooo helpful with managing ADHD specific issues that just… aren’t. Have any of you found any that DO? Which aspect(s) of them make the biggest improvement in your life and how?","Cleaning, Organizing, Decluttering","1705893416.0","2024-01-22T03:16:56+00:00","108","108","0.95","153","9dc178c3d77e3d62","","reddit-adhdwomen-i_have_seen_so_many_adhd_planners_that_just_dont(1):comment:lf3goqt","comment","lf3goqt","t1_lf3goqt","https://www.reddit.com/r/adhdwomen/comments/19cluwh/i_have_seen_so_many_adhd_planners_that_just_dont/lf3goqt/","/r/adhdwomen/comments/19cluwh/i_have_seen_so_many_adhd_planners_that_just_dont/lf3goqt/","t1_kj2end5","comment","kj2end5","kizy7vu","2","false","kizy7vu > kj2end5 > lf3goqt","549952979c8b5581","","","false","false","","2","2","0","0","0","1722028390.0","2024-07-26T21:13:10+00:00","false","False","","false","false","true","false","omg are u willing to share this wow incrediblee","omg are u willing to share this wow incrediblee","47","9","I found printable pages and saved to a folder. Print them out, hole punch, stick in a binder, and fill out the page(s). I can even color some parts of them to make them how I want them lol If I want to have a week printed out, great. Need one day? Got it. A month? Also got it. I've got different styles and formats of each one, so I can match how I'm feeling. If I'm not feeling it, then I don't do anything and I don't have any blank pages reminding me I was lazy. Not exactly a magical planner but it does the trick for me when I get one of my ""must organize things for 18 hours"" urges. Then the urge passes and I forget about it for a few weeks.","Something that changes to a completely different planner format and style and color scheme at exactly the moment I lose interest in the last one..","","false","false","","","","","0","[THREAD_TITLE]
I have seen so many “ADHD planners” that just DON’T HELP. What are some things/features YOU would love to see incorporated that would actually benefit you?

[THREAD_BODY]
So tired of seeing these products that claim to be sooo helpful with managing ADHD specific issues that just… aren’t. Have any of you found any that DO? Which aspect(s) of them make the biggest improvement in your life and how?

[ROOT_COMMENT_CONTEXT]
Something that changes to a completely different planner format and style and color scheme at exactly the moment I lose interest in the last one..

[PARENT_COMMENT_CONTEXT]
I found printable pages and saved to a folder. Print them out, hole punch, stick in a binder, and fill out the page(s). I can even color some parts of them to make them how I want them lol If I want to have a week printed out, great. Need one day? Got it. A month? Also got it. I've got different styles and formats of each one, so I can match how I'm feeling. If I'm not feeling it, then I don't do anything and I don't have any blank pages reminding me I was lazy. Not exactly a magical planner but it does the trick for me when I get one of my ""must organize things for 18 hours"" urges. Then the urge passes and I forget about it for a few weeks.

[CURRENT_RECORD]
omg are u willing to share this wow incrediblee"
"/mnt/data/reddit_input_test/reddit-adhdwomen-i_have_seen_so_many_adhd_planners_that_just_dont(1).json","reddit-adhdwomen-i_have_seen_so_many_adhd_planners_that_just_dont(1)","19cluwh","t3_19cluwh","https://www.reddit.com/r/adhdwomen/comments/19cluwh/i_have_seen_so_many_adhd_planners_that_just_dont/","adhdwomen","r/adhdwomen","I have seen so many “ADHD planners” that just DON’T HELP. What are some things/features YOU would love to see incorporated that would actually benefit you?","So tired of seeing these products that claim to be sooo helpful with managing ADHD specific issues that just… aren’t. Have any of you found any that DO? Which aspect(s) of them make the biggest improvement in your life and how?","Cleaning, Organizing, Decluttering","1705893416.0","2024-01-22T03:16:56+00:00","108","108","0.95","153","9dc178c3d77e3d62","","reddit-adhdwomen-i_have_seen_so_many_adhd_planners_that_just_dont(1):comment:kj0myod","comment","kj0myod","t1_kj0myod","https://www.reddit.com/r/adhdwomen/comments/19cluwh/i_have_seen_so_many_adhd_planners_that_just_dont/kj0myod/","/r/adhdwomen/comments/19cluwh/i_have_seen_so_many_adhd_planners_that_just_dont/kj0myod/","t1_kizy7vu","comment","kizy7vu","kizy7vu","1","false","kizy7vu > kj0myod","847d79ec92470147","","ADHD(C)","false","false","","15","15","0","0","1","1705913648.0","2024-01-22T08:54:08+00:00","false","False","","false","false","true","false","i agree, a magic one miiiight just work hahaha","i agree, a magic one miiiight just work hahaha","46","9","Something that changes to a completely different planner format and style and color scheme at exactly the moment I lose interest in the last one..","Something that changes to a completely different planner format and style and color scheme at exactly the moment I lose interest in the last one..","","false","false","","","","","8","[THREAD_TITLE]
I have seen so many “ADHD planners” that just DON’T HELP. What are some things/features YOU would love to see incorporated that would actually benefit you?

[THREAD_BODY]
So tired of seeing these products that claim to be sooo helpful with managing ADHD specific issues that just… aren’t. Have any of you found any that DO? Which aspect(s) of them make the biggest improvement in your life and how?

[PARENT_COMMENT_CONTEXT]
Something that changes to a completely different planner format and style and color scheme at exactly the moment I lose interest in the last one..

[CURRENT_RECORD]
i agree, a magic one miiiight just work hahaha"
"/mnt/data/reddit_input_test/reddit-adhdwomen-i_have_seen_so_many_adhd_planners_that_just_dont(1).json","reddit-adhdwomen-i_have_seen_so_many_adhd_planners_that_just_dont(1)","19cluwh","t3_19cluwh","https://www.reddit.com/r/adhdwomen/comments/19cluwh/i_have_seen_so_many_adhd_planners_that_just_dont/","adhdwomen","r/adhdwomen","I have seen so many “ADHD planners” that just DON’T HELP. What are some things/features YOU would love to see incorporated that would actually benefit you?","So tired of seeing these products that claim to be sooo helpful with managing ADHD specific issues that just… aren’t. Have any of you found any that DO? Which aspect(s) of them make the biggest improvement in your life and how?","Cleaning, Organizing, Decluttering","1705893416.0","2024-01-22T03:16:56+00:00","108","108","0.95","153","9dc178c3d77e3d62","","reddit-adhdwomen-i_have_seen_so_many_adhd_planners_that_just_dont(1):comment:kj1oqgz","comment","kj1oqgz","t1_kj1oqgz","https://www.reddit.com/r/adhdwomen/comments/19cluwh/i_have_seen_so_many_adhd_planners_that_just_dont/kj1oqgz/","/r/adhdwomen/comments/19cluwh/i_have_seen_so_many_adhd_planners_that_just_dont/kj1oqgz/","t1_kj0myod","comment","kj0myod","kizy7vu","2","false","kizy7vu > kj0myod > kj1oqgz","b00bed3de3779c25","","","false","false","","7","7","0","0","0","1705935276.0","2024-01-22T14:54:36+00:00","false","False","","false","false","true","false","Right?! One that also disappears when we’re done done with it so it doesn’t end up in a pile of shame somewhere.","Right?! One that also disappears when we’re done done with it so it doesn’t end up in a pile of shame somewhere.","112","22","i agree, a magic one miiiight just work hahaha","Something that changes to a completely different planner format and style and color scheme at exactly the moment I lose interest in the last one..","","true","false","app","shame | pile of shame","","contains_question | guilt_or_shame_signal | mentions_pain_or_friction | mentions_planner_or_system","37","[THREAD_TITLE]
I have seen so many “ADHD planners” that just DON’T HELP. What are some things/features YOU would love to see incorporated that would actually benefit you?

[THREAD_BODY]
So tired of seeing these products that claim to be sooo helpful with managing ADHD specific issues that just… aren’t. Have any of you found any that DO? Which aspect(s) of them make the biggest improvement in your life and how?

[ROOT_COMMENT_CONTEXT]
Something that changes to a completely different planner format and style and color scheme at exactly the moment I lose interest in the last one..

[PARENT_COMMENT_CONTEXT]
i agree, a magic one miiiight just work hahaha

[CURRENT_RECORD]
Right?! One that also disappears when we’re done done with it so it doesn’t end up in a pile of shame somewhere."
"/mnt/data/reddit_input_test/reddit-adhdwomen-i_have_seen_so_many_adhd_planners_that_just_dont(1).json","reddit-adhdwomen-i_have_seen_so_many_adhd_planners_that_just_dont(1)","19cluwh","t3_19cluwh","https://www.reddit.com/r/adhdwomen/comments/19cluwh/i_have_seen_so_many_adhd_planners_that_just_dont/","adhdwomen","r/adhdwomen","I have seen so many “ADHD planners” that just DON’T HELP. What are some things/features YOU would love to see incorporated that would actually benefit you?","So tired of seeing these products that claim to be sooo helpful with managing ADHD specific issues that just… aren’t. Have any of you found any that DO? Which aspect(s) of them make the biggest improvement in your life and how?","Cleaning, Organizing, Decluttering","1705893416.0","2024-01-22T03:16:56+00:00","108","108","0.95","153","9dc178c3d77e3d62","","reddit-adhdwomen-i_have_seen_so_many_adhd_planners_that_just_dont(1):comment:kj3852b","comment","kj3852b","t1_kj3852b","https://www.reddit.com/r/adhdwomen/comments/19cluwh/i_have_seen_so_many_adhd_planners_that_just_dont/kj3852b/","/r/adhdwomen/comments/19cluwh/i_have_seen_so_many_adhd_planners_that_just_dont/kj3852b/","t1_kizy7vu","comment","kizy7vu","kizy7vu","1","false","kizy7vu > kj3852b","0a025c6693dda7bf","","","false","false","","5","5","0","0","0","1705954023.0","2024-01-22T20:07:03+00:00","false","False","","false","false","true","false","This is why a bullet journal is the only thing that has consistently worked for me! Mine is completely non-artsy and minimalist, but the layout changes a lot. Highly recommend it","This is why a bullet journal is the only thing that has consistently worked for me! Mine is completely non-artsy and minimalist, but the layout changes a lot. Highly recommend it","178","31","Something that changes to a completely different planner format and style and color scheme at exactly the moment I lose interest in the last one..","Something that changes to a completely different planner format and style and color scheme at exactly the moment I lose interest in the last one..","","false","true","bullet journal | journal","","minimal | minimalist | layout | change","mentions_feature_or_solution | mentions_planner_or_system | mentions_working_solution_or_recommendation","47","[THREAD_TITLE]
I have seen so many “ADHD planners” that just DON’T HELP. What are some things/features YOU would love to see incorporated that would actually benefit you?

[THREAD_BODY]
So tired of seeing these products that claim to be sooo helpful with managing ADHD specific issues that just… aren’t. Have any of you found any that DO? Which aspect(s) of them make the biggest improvement in your life and how?

[PARENT_COMMENT_CONTEXT]
Something that changes to a completely different planner format and style and color scheme at exactly the moment I lose interest in the last one..

[CURRENT_RECORD]
This is why a bullet journal is the only thing that has consistently worked for me! Mine is completely non-artsy and minimalist, but the layout changes a lot. Highly recommend it"
"/mnt/data/reddit_input_test/reddit-adhdwomen-i_have_seen_so_many_adhd_planners_that_just_dont(1).json","reddit-adhdwomen-i_have_seen_so_many_adhd_planners_that_just_dont(1)","19cluwh","t3_19cluwh","https://www.reddit.com/r/adhdwomen/comments/19cluwh/i_have_seen_so_many_adhd_planners_that_just_dont/","adhdwomen","r/adhdwomen","I have seen so many “ADHD planners” that just DON’T HELP. What are some things/features YOU would love to see incorporated that would actually benefit you?","So tired of seeing these products that claim to be sooo helpful with managing ADHD specific issues that just… aren’t. Have any of you found any that DO? Which aspect(s) of them make the biggest improvement in your life and how?","Cleaning, Organizing, Decluttering","1705893416.0","2024-01-22T03:16:56+00:00","108","108","0.95","153","9dc178c3d77e3d62","","reddit-adhdwomen-i_have_seen_so_many_adhd_planners_that_just_dont(1):comment:kj4413x","comment","kj4413x","t1_kj4413x","https://www.reddit.com/r/adhdwomen/comments/19cluwh/i_have_seen_so_many_adhd_planners_that_just_dont/kj4413x/","/r/adhdwomen/comments/19cluwh/i_have_seen_so_many_adhd_planners_that_just_dont/kj4413x/","t1_kizy7vu","comment","kizy7vu","kizy7vu","1","false","kizy7vu > kj4413x","b6f19be3138fae1d","","","false","false","","4","4","0","0","0","1705964783.0","2024-01-22T23:06:23+00:00","false","False","","false","false","true","false","This is why bullet journaling semi works for me. Every month it's like starting fresh. I find it gives that new planner high when I get to the end of the month and start planning the next one, that's pretty nice. That's if I do it, I'll get streaks of being really into it and then not at all for months on end. I'm currently in a really into it phase so that's good, I'm trying to at least get my 2023 goals down. So far it's the only thing that I've somewhat been able to stick to and get some value out of, even if I am inconsistent about using it. I bought an Alice in Wonderland planner for 2023 in 2022 that I never used ONCE. So dumb. It sits on my desk to remind me not to buy anymore effing planners.","This is why bullet journaling semi works for me. Every month it's like starting fresh. I find it gives that new planner high when I get to the end of the month and start planning the next one, that's pretty nice. That's if I do it, I'll get streaks of being really into it and th…","709","144","Something that changes to a completely different planner format and style and color scheme at exactly the moment I lose interest in the last one..","Something that changes to a completely different planner format and style and color scheme at exactly the moment I lose interest in the last one..","","false","true","planner | planners | plan | planning | bullet journal | journal","inconsistent","","long_form_comment | mentions_pain_or_friction | mentions_planner_or_system | mentions_working_solution_or_recommendation","53","[THREAD_TITLE]
I have seen so many “ADHD planners” that just DON’T HELP. What are some things/features YOU would love to see incorporated that would actually benefit you?

[THREAD_BODY]
So tired of seeing these products that claim to be sooo helpful with managing ADHD specific issues that just… aren’t. Have any of you found any that DO? Which aspect(s) of them make the biggest improvement in your life and how?

[PARENT_COMMENT_CONTEXT]
Something that changes to a completely different planner format and style and color scheme at exactly the moment I lose interest in the last one..

[CURRENT_RECORD]
This is why bullet journaling semi works for me. Every month it's like starting fresh. I find it gives that new planner high when I get to the end of the month and start planning the next one, that's pretty nice. That's if I do it, I'll get streaks of being really into it and then not at all for months on end. I'm currently in a really into it phase so that's good, I'm trying to at least get my 2023 goals down. So far it's the only thing that I've somewhat been able to stick to and get some value out of, even if I am inconsistent about using it. I bought an Alice in Wonderland planner for 2023 in 2022 that I never used ONCE. So dumb. It sits on my desk to remind me not to buy anymore effing planners."
"/mnt/data/reddit_input_test/reddit-adhdwomen-i_have_seen_so_many_adhd_planners_that_just_dont(1).json","reddit-adhdwomen-i_have_seen_so_many_adhd_planners_that_just_dont(1)","19cluwh","t3_19cluwh","https://www.reddit.com/r/adhdwomen/comments/19cluwh/i_have_seen_so_many_adhd_planners_that_just_dont/","adhdwomen","r/adhdwomen","I have seen so many “ADHD planners” that just DON’T HELP. What are some things/features YOU would love to see incorporated that would actually benefit you?","So tired of seeing these products that claim to be sooo helpful with managing ADHD specific issues that just… aren’t. Have any of you found any that DO? Which aspect(s) of them make the biggest improvement in your life and how?","Cleaning, Organizing, Decluttering","1705893416.0","2024-01-22T03:16:56+00:00","108","108","0.95","153","9dc178c3d77e3d62","","reddit-adhdwomen-i_have_seen_so_many_adhd_planners_that_just_dont(1):comment:kj17rab","comment","kj17rab","t1_kj17rab","https://www.reddit.com/r/adhdwomen/comments/19cluwh/i_have_seen_so_many_adhd_planners_that_just_dont/kj17rab/","/r/adhdwomen/comments/19cluwh/i_have_seen_so_many_adhd_planners_that_just_dont/kj17rab/","t1_kizy7vu","comment","kizy7vu","kizy7vu","1","false","kizy7vu > kj17rab","e7cd8277f2024354","","","false","false","","7","7","0","0","0","1705927805.0","2024-01-22T12:50:05+00:00","false","False","","false","false","true","false","So, Notion. Works well for me currently","So, Notion. Works well for me currently","39","7","Something that changes to a completely different planner format and style and color scheme at exactly the moment I lose interest in the last one..","Something that changes to a completely different planner format and style and color scheme at exactly the moment I lose interest in the last one..","","false","false","notion","","","mentions_planner_or_system","9","[THREAD_TITLE]
I have seen so many “ADHD planners” that just DON’T HELP. What are some things/features YOU would love to see incorporated that would actually benefit you?

[THREAD_BODY]
So tired of seeing these products that claim to be sooo helpful with managing ADHD specific issues that just… aren’t. Have any of you found any that DO? Which aspect(s) of them make the biggest improvement in your life and how?

[PARENT_COMMENT_CONTEXT]
Something that changes to a completely different planner format and style and color scheme at exactly the moment I lose interest in the last one..

[CURRENT_RECORD]
So, Notion. Works well for me currently"
"/mnt/data/reddit_input_test/reddit-adhdwomen-i_have_seen_so_many_adhd_planners_that_just_dont(1).json","reddit-adhdwomen-i_have_seen_so_many_adhd_planners_that_just_dont(1)","19cluwh","t3_19cluwh","https://www.reddit.com/r/adhdwomen/comments/19cluwh/i_have_seen_so_many_adhd_planners_that_just_dont/","adhdwomen","r/adhdwomen","I have seen so many “ADHD planners” that just DON’T HELP. What are some things/features YOU would love to see incorporated that would actually benefit you?","So tired of seeing these products that claim to be sooo helpful with managing ADHD specific issues that just… aren’t. Have any of you found any that DO? Which aspect(s) of them make the biggest improvement in your life and how?","Cleaning, Organizing, Decluttering","1705893416.0","2024-01-22T03:16:56+00:00","108","108","0.95","153","9dc178c3d77e3d62","","reddit-adhdwomen-i_have_seen_so_many_adhd_planners_that_just_dont(1):comment:kj0hkwn","comment","kj0hkwn","t1_kj0hkwn","https://www.reddit.com/r/adhdwomen/comments/19cluwh/i_have_seen_so_many_adhd_planners_that_just_dont/kj0hkwn/","/r/adhdwomen/comments/19cluwh/i_have_seen_so_many_adhd_planners_that_just_dont/kj0hkwn/","t3_19cluwh","post","","kj0hkwn","0","true","kj0hkwn","c98360e665996a04","","","false","false","","143","143","0","0","5","1705909725.0","2024-01-22T07:48:45+00:00","false","False","","false","false","true","false","I need the planner to float around me like the green diamond on the SIMS so I can never forget about it","I need the planner to float around me like the green diamond on the SIMS so I can never forget about it","103","22","","","","false","false","planner | plan","forget","","forgetfulness_or_time_signal | mentions_pain_or_friction | mentions_planner_or_system","53","[THREAD_TITLE]
I have seen so many “ADHD planners” that just DON’T HELP. What are some things/features YOU would love to see incorporated that would actually benefit you?

[THREAD_BODY]
So tired of seeing these products that claim to be sooo helpful with managing ADHD specific issues that just… aren’t. Have any of you found any that DO? Which aspect(s) of them make the biggest improvement in your life and how?

[CURRENT_RECORD]
I need the planner to float around me like the green diamond on the SIMS so I can never forget about it"
"/mnt/data/reddit_input_test/reddit-adhdwomen-i_have_seen_so_many_adhd_planners_that_just_dont(1).json","reddit-adhdwomen-i_have_seen_so_many_adhd_planners_that_just_dont(1)","19cluwh","t3_19cluwh","https://www.reddit.com/r/adhdwomen/comments/19cluwh/i_have_seen_so_many_adhd_planners_that_just_dont/","adhdwomen","r/adhdwomen","I have seen so many “ADHD planners” that just DON’T HELP. What are some things/features YOU would love to see incorporated that would actually benefit you?","So tired of seeing these products that claim to be sooo helpful with managing ADHD specific issues that just… aren’t. Have any of you found any that DO? Which aspect(s) of them make the biggest improvement in your life and how?","Cleaning, Organizing, Decluttering","1705893416.0","2024-01-22T03:16:56+00:00","108","108","0.95","153","9dc178c3d77e3d62","","reddit-adhdwomen-i_have_seen_so_many_adhd_planners_that_just_dont(1):comment:kj0qjhc","comment","kj0qjhc","t1_kj0qjhc","https://www.reddit.com/r/adhdwomen/comments/19cluwh/i_have_seen_so_many_adhd_planners_that_just_dont/kj0qjhc/","/r/adhdwomen/comments/19cluwh/i_have_seen_so_many_adhd_planners_that_just_dont/kj0qjhc/","t1_kj0hkwn","comment","kj0hkwn","kj0hkwn","1","false","kj0hkwn > kj0qjhc","6aff0de18e3e6a5a","","","false","false","","25","25","0","0","1","1705916392.0","2024-01-22T09:39:52+00:00","false","False","","false","false","true","false","This is what I came here to say. Or like my own personal Navi. It will annoy me until I use it","This is what I came here to say. Or like my own personal Navi. It will annoy me until I use it","94","22","I need the planner to float around me like the green diamond on the SIMS so I can never forget about it","I need the planner to float around me like the green diamond on the SIMS so I can never forget about it","","false","false","","","","","23","[THREAD_TITLE]
I have seen so many “ADHD planners” that just DON’T HELP. What are some things/features YOU would love to see incorporated that would actually benefit you?

[THREAD_BODY]
So tired of seeing these products that claim to be sooo helpful with managing ADHD specific issues that just… aren’t. Have any of you found any that DO? Which aspect(s) of them make the biggest improvement in your life and how?

[PARENT_COMMENT_CONTEXT]
I need the planner to float around me like the green diamond on the SIMS so I can never forget about it

[CURRENT_RECORD]
This is what I came here to say. Or like my own personal Navi. It will annoy me until I use it"
"/mnt/data/reddit_input_test/reddit-adhdwomen-i_have_seen_so_many_adhd_planners_that_just_dont(1).json","reddit-adhdwomen-i_have_seen_so_many_adhd_planners_that_just_dont(1)","19cluwh","t3_19cluwh","https://www.reddit.com/r/adhdwomen/comments/19cluwh/i_have_seen_so_many_adhd_planners_that_just_dont/","adhdwomen","r/adhdwomen","I have seen so many “ADHD planners” that just DON’T HELP. What are some things/features YOU would love to see incorporated that would actually benefit you?","So tired of seeing these products that claim to be sooo helpful with managing ADHD specific issues that just… aren’t. Have any of you found any that DO? Which aspect(s) of them make the biggest improvement in your life and how?","Cleaning, Organizing, Decluttering","1705893416.0","2024-01-22T03:16:56+00:00","108","108","0.95","153","9dc178c3d77e3d62","","reddit-adhdwomen-i_have_seen_so_many_adhd_planners_that_just_dont(1):comment:kj1c24f","comment","kj1c24f","t1_kj1c24f","https://www.reddit.com/r/adhdwomen/comments/19cluwh/i_have_seen_so_many_adhd_planners_that_just_dont/kj1c24f/","/r/adhdwomen/comments/19cluwh/i_have_seen_so_many_adhd_planners_that_just_dont/kj1c24f/","t1_kj0qjhc","comment","kj0qjhc","kj0hkwn","2","false","kj0hkwn > kj0qjhc > kj1c24f","adf69e4c7a6a563c","","","false","false","","23","23","0","0","1","1705929933.0","2024-01-22T13:25:33+00:00","false","False","","false","false","true","false","HEY!! LISTEN!!","HEY!! LISTEN!!","14","2","This is what I came here to say. Or like my own personal Navi. It will annoy me until I use it","I need the planner to float around me like the green diamond on the SIMS so I can never forget about it","","false","false","","","","","13","[THREAD_TITLE]
I have seen so many “ADHD planners” that just DON’T HELP. What are some things/features YOU would love to see incorporated that would actually benefit you?

[THREAD_BODY]
So tired of seeing these products that claim to be sooo helpful with managing ADHD specific issues that just… aren’t. Have any of you found any that DO? Which aspect(s) of them make the biggest improvement in your life and how?

[ROOT_COMMENT_CONTEXT]
I need the planner to float around me like the green diamond on the SIMS so I can never forget about it

[PARENT_COMMENT_CONTEXT]
This is what I came here to say. Or like my own personal Navi. It will annoy me until I use it

[CURRENT_RECORD]
HEY!! LISTEN!!"
"/mnt/data/reddit_input_test/reddit-adhdwomen-i_have_seen_so_many_adhd_planners_that_just_dont(1).json","reddit-adhdwomen-i_have_seen_so_many_adhd_planners_that_just_dont(1)","19cluwh","t3_19cluwh","https://www.reddit.com/r/adhdwomen/comments/19cluwh/i_have_seen_so_many_adhd_planners_that_just_dont/","adhdwomen","r/adhdwomen","I have seen so many “ADHD planners” that just DON’T HELP. What are some things/features YOU would love to see incorporated that would actually benefit you?","So tired of seeing these products that claim to be sooo helpful with managing ADHD specific issues that just… aren’t. Have any of you found any that DO? Which aspect(s) of them make the biggest improvement in your life and how?","Cleaning, Organizing, Decluttering","1705893416.0","2024-01-22T03:16:56+00:00","108","108","0.95","153","9dc178c3d77e3d62","","reddit-adhdwomen-i_have_seen_so_many_adhd_planners_that_just_dont(1):comment:lkwjy7v","comment","lkwjy7v","t1_lkwjy7v","https://www.reddit.com/r/adhdwomen/comments/19cluwh/i_have_seen_so_many_adhd_planners_that_just_dont/lkwjy7v/","/r/adhdwomen/comments/19cluwh/i_have_seen_so_many_adhd_planners_that_just_dont/lkwjy7v/","t1_kj1c24f","comment","kj1c24f","kj0hkwn","3","false","kj0hkwn > kj0qjhc > kj1c24f > lkwjy7v","bce3c117d430075d","","ADHD","false","false","","1","1","0","0","0","1725144389.0","2024-08-31T22:46:29+00:00","false","False","","false","false","true","false","Okay Navi 🧚‍♀️","Okay Navi 🧚‍♀️","14","3","HEY!! LISTEN!!","I need the planner to float around me like the green diamond on the SIMS so I can never forget about it","","false","false","","","","","0","[THREAD_TITLE]
I have seen so many “ADHD planners” that just DON’T HELP. What are some things/features YOU would love to see incorporated that would actually benefit you?

[THREAD_BODY]
So tired of seeing these products that claim to be sooo helpful with managing ADHD specific issues that just… aren’t. Have any of you found any that DO? Which aspect(s) of them make the biggest improvement in your life and how?

[ROOT_COMMENT_CONTEXT]
I need the planner to float around me like the green diamond on the SIMS so I can never forget about it

[PARENT_COMMENT_CONTEXT]
HEY!! LISTEN!!

[CURRENT_RECORD]
Okay Navi 🧚‍♀️"
"/mnt/data/reddit_input_test/reddit-adhdwomen-i_have_seen_so_many_adhd_planners_that_just_dont(1).json","reddit-adhdwomen-i_have_seen_so_many_adhd_planners_that_just_dont(1)","19cluwh","t3_19cluwh","https://www.reddit.com/r/adhdwomen/comments/19cluwh/i_have_seen_so_many_adhd_planners_that_just_dont/","adhdwomen","r/adhdwomen","I have seen so many “ADHD planners” that just DON’T HELP. What are some things/features YOU would love to see incorporated that would actually benefit you?","So tired of seeing these products that claim to be sooo helpful with managing ADHD specific issues that just… aren’t. Have any of you found any that DO? Which aspect(s) of them make the biggest improvement in your life and how?","Cleaning, Organizing, Decluttering","1705893416.0","2024-01-22T03:16:56+00:00","108","108","0.95","153","9dc178c3d77e3d62","","reddit-adhdwomen-i_have_seen_so_many_adhd_planners_that_just_dont(1):comment:kj158ec","comment","kj158ec","t1_kj158ec","https://www.reddit.com/r/adhdwomen/comments/19cluwh/i_have_seen_so_many_adhd_planners_that_just_dont/kj158ec/","/r/adhdwomen/comments/19cluwh/i_have_seen_so_many_adhd_planners_that_just_dont/kj158ec/","t1_kj0hkwn","comment","kj0hkwn","kj0hkwn","1","false","kj0hkwn > kj158ec","2f1d023ef424d856","","","false","false","","17","17","0","0","1","1705926440.0","2024-01-22T12:27:20+00:00","false","False","","false","false","true","false","Same, and if it could also add tasks automatically and tick them off like video-game achievements, that'd be fab.","Same, and if it could also add tasks automatically and tick them off like video-game achievements, that'd be fab.","113","19","I need the planner to float around me like the green diamond on the SIMS so I can never forget about it","I need the planner to float around me like the green diamond on the SIMS so I can never forget about it","","false","false","","tasks","","mentions_pain_or_friction","13","[THREAD_TITLE]
I have seen so many “ADHD planners” that just DON’T HELP. What are some things/features YOU would love to see incorporated that would actually benefit you?

[THREAD_BODY]
So tired of seeing these products that claim to be sooo helpful with managing ADHD specific issues that just… aren’t. Have any of you found any that DO? Which aspect(s) of them make the biggest improvement in your life and how?

[PARENT_COMMENT_CONTEXT]
I need the planner to float around me like the green diamond on the SIMS so I can never forget about it

[CURRENT_RECORD]
Same, and if it could also add tasks automatically and tick them off like video-game achievements, that'd be fab."
"/mnt/data/reddit_input_test/reddit-adhdwomen-i_have_seen_so_many_adhd_planners_that_just_dont(1).json","reddit-adhdwomen-i_have_seen_so_many_adhd_planners_that_just_dont(1)","19cluwh","t3_19cluwh","https://www.reddit.com/r/adhdwomen/comments/19cluwh/i_have_seen_so_many_adhd_planners_that_just_dont/","adhdwomen","r/adhdwomen","I have seen so many “ADHD planners” that just DON’T HELP. What are some things/features YOU would love to see incorporated that would actually benefit you?","So tired of seeing these products that claim to be sooo helpful with managing ADHD specific issues that just… aren’t. Have any of you found any that DO? Which aspect(s) of them make the biggest improvement in your life and how?","Cleaning, Organizing, Decluttering","1705893416.0","2024-01-22T03:16:56+00:00","108","108","0.95","153","9dc178c3d77e3d62","","reddit-adhdwomen-i_have_seen_so_many_adhd_planners_that_just_dont(1):comment:kj2wo3c","comment","kj2wo3c","t1_kj2wo3c","https://www.reddit.com/r/adhdwomen/comments/19cluwh/i_have_seen_so_many_adhd_planners_that_just_dont/kj2wo3c/","/r/adhdwomen/comments/19cluwh/i_have_seen_so_many_adhd_planners_that_just_dont/kj2wo3c/","t1_kj158ec","comment","kj158ec","kj0hkwn","2","false","kj0hkwn > kj158ec > kj2wo3c","365818c8e8226d8e","","","false","false","","8","8","0","0","1","1705950201.0","2024-01-22T19:03:21+00:00","false","False","","false","false","true","false","And if when you complete the task, a wiggly box pops up and dumps rewards in your lap.","And if when you complete the task, a wiggly box pops up and dumps rewards in your lap.","86","18","Same, and if it could also add tasks automatically and tick them off like video-game achievements, that'd be fab.","I need the planner to float around me like the green diamond on the SIMS so I can never forget about it","","false","false","","","","","8","[THREAD_TITLE]
I have seen so many “ADHD planners” that just DON’T HELP. What are some things/features YOU would love to see incorporated that would actually benefit you?

[THREAD_BODY]
So tired of seeing these products that claim to be sooo helpful with managing ADHD specific issues that just… aren’t. Have any of you found any that DO? Which aspect(s) of them make the biggest improvement in your life and how?

[ROOT_COMMENT_CONTEXT]
I need the planner to float around me like the green diamond on the SIMS so I can never forget about it

[PARENT_COMMENT_CONTEXT]
Same, and if it could also add tasks automatically and tick them off like video-game achievements, that'd be fab.

[CURRENT_RECORD]
And if when you complete the task, a wiggly box pops up and dumps rewards in your lap."
"/mnt/data/reddit_input_test/reddit-adhdwomen-i_have_seen_so_many_adhd_planners_that_just_dont(1).json","reddit-adhdwomen-i_have_seen_so_many_adhd_planners_that_just_dont(1)","19cluwh","t3_19cluwh","https://www.reddit.com/r/adhdwomen/comments/19cluwh/i_have_seen_so_many_adhd_planners_that_just_dont/","adhdwomen","r/adhdwomen","I have seen so many “ADHD planners” that just DON’T HELP. What are some things/features YOU would love to see incorporated that would actually benefit you?","So tired of seeing these products that claim to be sooo helpful with managing ADHD specific issues that just… aren’t. Have any of you found any that DO? Which aspect(s) of them make the biggest improvement in your life and how?","Cleaning, Organizing, Decluttering","1705893416.0","2024-01-22T03:16:56+00:00","108","108","0.95","153","9dc178c3d77e3d62","","reddit-adhdwomen-i_have_seen_so_many_adhd_planners_that_just_dont(1):comment:kj3h4ra","comment","kj3h4ra","t1_kj3h4ra","https://www.reddit.com/r/adhdwomen/comments/19cluwh/i_have_seen_so_many_adhd_planners_that_just_dont/kj3h4ra/","/r/adhdwomen/comments/19cluwh/i_have_seen_so_many_adhd_planners_that_just_dont/kj3h4ra/","t1_kj2wo3c","comment","kj2wo3c","kj0hkwn","3","false","kj0hkwn > kj158ec > kj2wo3c > kj3h4ra","69a1db4f35512d14","","","false","false","","5","5","0","0","0","1705956976.0","2024-01-22T20:56:16+00:00","false","False","","false","false","true","false","I would just like to live in a video game please","I would just like to live in a video game please","48","11","And if when you complete the task, a wiggly box pops up and dumps rewards in your lap.","I need the planner to float around me like the green diamond on the SIMS so I can never forget about it","","false","false","","","","","5","[THREAD_TITLE]
I have seen so many “ADHD planners” that just DON’T HELP. What are some things/features YOU would love to see incorporated that would actually benefit you?

[THREAD_BODY]
So tired of seeing these products that claim to be sooo helpful with managing ADHD specific issues that just… aren’t. Have any of you found any that DO? Which aspect(s) of them make the biggest improvement in your life and how?

[ROOT_COMMENT_CONTEXT]
I need the planner to float around me like the green diamond on the SIMS so I can never forget about it

[PARENT_COMMENT_CONTEXT]
And if when you complete the task, a wiggly box pops up and dumps rewards in your lap.

[CURRENT_RECORD]
I would just like to live in a video game please"
"/mnt/data/reddit_input_test/reddit-adhdwomen-i_have_seen_so_many_adhd_planners_that_just_dont(1).json","reddit-adhdwomen-i_have_seen_so_many_adhd_planners_that_just_dont(1)","19cluwh","t3_19cluwh","https://www.reddit.com/r/adhdwomen/comments/19cluwh/i_have_seen_so_many_adhd_planners_that_just_dont/","adhdwomen","r/adhdwomen","I have seen so many “ADHD planners” that just DON’T HELP. What are some things/features YOU would love to see incorporated that would actually benefit you?","So tired of seeing these products that claim to be sooo helpful with managing ADHD specific issues that just… aren’t. Have any of you found any that DO? Which aspect(s) of them make the biggest improvement in your life and how?","Cleaning, Organizing, Decluttering","1705893416.0","2024-01-22T03:16:56+00:00","108","108","0.95","153","9dc178c3d77e3d62","","reddit-adhdwomen-i_have_seen_so_many_adhd_planners_that_just_dont(1):comment:kj1hzlg","comment","kj1hzlg","t1_kj1hzlg","https://www.reddit.com/r/adhdwomen/comments/19cluwh/i_have_seen_so_many_adhd_planners_that_just_dont/kj1hzlg/","/r/adhdwomen/comments/19cluwh/i_have_seen_so_many_adhd_planners_that_just_dont/kj1hzlg/","t1_kj0hkwn","comment","kj0hkwn","kj0hkwn","1","false","kj0hkwn > kj1hzlg","12c4dd33f32da450","","","false","false","","12","12","0","0","0","1705932564.0","2024-01-22T14:09:24+00:00","false","False","","false","false","true","false","I would literally find some way to start ignoring it lmao the way I can stop and ignore my numerous alarms is impressive","I would literally find some way to start ignoring it lmao the way I can stop and ignore my numerous alarms is impressive","120","23","I need the planner to float around me like the green diamond on the SIMS so I can never forget about it","I need the planner to float around me like the green diamond on the SIMS so I can never forget about it","","false","false","","","","","15","[THREAD_TITLE]
I have seen so many “ADHD planners” that just DON’T HELP. What are some things/features YOU would love to see incorporated that would actually benefit you?

[THREAD_BODY]
So tired of seeing these products that claim to be sooo helpful with managing ADHD specific issues that just… aren’t. Have any of you found any that DO? Which aspect(s) of them make the biggest improvement in your life and how?

[PARENT_COMMENT_CONTEXT]
I need the planner to float around me like the green diamond on the SIMS so I can never forget about it

[CURRENT_RECORD]
I would literally find some way to start ignoring it lmao the way I can stop and ignore my numerous alarms is impressive"
"/mnt/data/reddit_input_test/reddit-adhdwomen-i_have_seen_so_many_adhd_planners_that_just_dont(1).json","reddit-adhdwomen-i_have_seen_so_many_adhd_planners_that_just_dont(1)","19cluwh","t3_19cluwh","https://www.reddit.com/r/adhdwomen/comments/19cluwh/i_have_seen_so_many_adhd_planners_that_just_dont/","adhdwomen","r/adhdwomen","I have seen so many “ADHD planners” that just DON’T HELP. What are some things/features YOU would love to see incorporated that would actually benefit you?","So tired of seeing these products that claim to be sooo helpful with managing ADHD specific issues that just… aren’t. Have any of you found any that DO? Which aspect(s) of them make the biggest improvement in your life and how?","Cleaning, Organizing, Decluttering","1705893416.0","2024-01-22T03:16:56+00:00","108","108","0.95","153","9dc178c3d77e3d62","","reddit-adhdwomen-i_have_seen_so_many_adhd_planners_that_just_dont(1):comment:kj1gkww","comment","kj1gkww","t1_kj1gkww","https://www.reddit.com/r/adhdwomen/comments/19cluwh/i_have_seen_so_many_adhd_planners_that_just_dont/kj1gkww/","/r/adhdwomen/comments/19cluwh/i_have_seen_so_many_adhd_planners_that_just_dont/kj1gkww/","t1_kj0hkwn","comment","kj0hkwn","kj0hkwn","1","false","kj0hkwn > kj1gkww","a1d29f7992e01233","","","false","false","","9","9","0","0","1","1705931959.0","2024-01-22T13:59:19+00:00","false","False","","false","false","true","false","Ideally I would have an assistant to do a lot of things for me or remind me of stuff.","Ideally I would have an assistant to do a lot of things for me or remind me of stuff.","85","19","I need the planner to float around me like the green diamond on the SIMS so I can never forget about it","I need the planner to float around me like the green diamond on the SIMS so I can never forget about it","","false","false","to do","","","mentions_planner_or_system","12","[THREAD_TITLE]
I have seen so many “ADHD planners” that just DON’T HELP. What are some things/features YOU would love to see incorporated that would actually benefit you?

[THREAD_BODY]
So tired of seeing these products that claim to be sooo helpful with managing ADHD specific issues that just… aren’t. Have any of you found any that DO? Which aspect(s) of them make the biggest improvement in your life and how?

[PARENT_COMMENT_CONTEXT]
I need the planner to float around me like the green diamond on the SIMS so I can never forget about it

[CURRENT_RECORD]
Ideally I would have an assistant to do a lot of things for me or remind me of stuff."
"/mnt/data/reddit_input_test/reddit-adhdwomen-i_have_seen_so_many_adhd_planners_that_just_dont(1).json","reddit-adhdwomen-i_have_seen_so_many_adhd_planners_that_just_dont(1)","19cluwh","t3_19cluwh","https://www.reddit.com/r/adhdwomen/comments/19cluwh/i_have_seen_so_many_adhd_planners_that_just_dont/","adhdwomen","r/adhdwomen","I have seen so many “ADHD planners” that just DON’T HELP. What are some things/features YOU would love to see incorporated that would actually benefit you?","So tired of seeing these products that claim to be sooo helpful with managing ADHD specific issues that just… aren’t. Have any of you found any that DO? Which aspect(s) of them make the biggest improvement in your life and how?","Cleaning, Organizing, Decluttering","1705893416.0","2024-01-22T03:16:56+00:00","108","108","0.95","153","9dc178c3d77e3d62","","reddit-adhdwomen-i_have_seen_so_many_adhd_planners_that_just_dont(1):comment:kj29a1b","comment","kj29a1b","t1_kj29a1b","https://www.reddit.com/r/adhdwomen/comments/19cluwh/i_have_seen_so_many_adhd_planners_that_just_dont/kj29a1b/","/r/adhdwomen/comments/19cluwh/i_have_seen_so_many_adhd_planners_that_just_dont/kj29a1b/","t1_kj1gkww","comment","kj1gkww","kj0hkwn","2","false","kj0hkwn > kj1gkww > kj29a1b","9da5ff6e916c5a16","","","false","false","","6","6","0","0","0","1705942505.0","2024-01-22T16:55:05+00:00","false","False","","false","false","true","false","I feel like I might forget about the assistant too one day.","I feel like I might forget about the assistant too one day.","59","12","Ideally I would have an assistant to do a lot of things for me or remind me of stuff.","I need the planner to float around me like the green diamond on the SIMS so I can never forget about it","","false","false","","forget","","forgetfulness_or_time_signal | mentions_pain_or_friction","18","[THREAD_TITLE]
I have seen so many “ADHD planners” that just DON’T HELP. What are some things/features YOU would love to see incorporated that would actually benefit you?

[THREAD_BODY]
So tired of seeing these products that claim to be sooo helpful with managing ADHD specific issues that just… aren’t. Have any of you found any that DO? Which aspect(s) of them make the biggest improvement in your life and how?

[ROOT_COMMENT_CONTEXT]
I need the planner to float around me like the green diamond on the SIMS so I can never forget about it

[PARENT_COMMENT_CONTEXT]
Ideally I would have an assistant to do a lot of things for me or remind me of stuff.

[CURRENT_RECORD]
I feel like I might forget about the assistant too one day."
"/mnt/data/reddit_input_test/reddit-adhdwomen-i_have_seen_so_many_adhd_planners_that_just_dont(1).json","reddit-adhdwomen-i_have_seen_so_many_adhd_planners_that_just_dont(1)","19cluwh","t3_19cluwh","https://www.reddit.com/r/adhdwomen/comments/19cluwh/i_have_seen_so_many_adhd_planners_that_just_dont/","adhdwomen","r/adhdwomen","I have seen so many “ADHD planners” that just DON’T HELP. What are some things/features YOU would love to see incorporated that would actually benefit you?","So tired of seeing these products that claim to be sooo helpful with managing ADHD specific issues that just… aren’t. Have any of you found any that DO? Which aspect(s) of them make the biggest improvement in your life and how?","Cleaning, Organizing, Decluttering","1705893416.0","2024-01-22T03:16:56+00:00","108","108","0.95","153","9dc178c3d77e3d62","","reddit-adhdwomen-i_have_seen_so_many_adhd_planners_that_just_dont(1):comment:kj2utmu","comment","kj2utmu","t1_kj2utmu","https://www.reddit.com/r/adhdwomen/comments/19cluwh/i_have_seen_so_many_adhd_planners_that_just_dont/kj2utmu/","/r/adhdwomen/comments/19cluwh/i_have_seen_so_many_adhd_planners_that_just_dont/kj2utmu/","t1_kj0hkwn","comment","kj0hkwn","kj0hkwn","1","false","kj0hkwn > kj2utmu","f9bfbf5962f48baa","","","false","false","","4","4","0","0","0","1705949591.0","2024-01-22T18:53:11+00:00","false","False","","false","false","true","false","Ok so I feel this so much. And I don't know if it'll work yet, but I just ordered these ""to do list"" snap on bracelets. I'm really hoping that having it follow me around displayed on my wrist all the time will finally help me stay on track 😭","Ok so I feel this so much. And I don't know if it'll work yet, but I just ordered these ""to do list"" snap on bracelets. I'm really hoping that having it follow me around displayed on my wrist all the time will finally help me stay on track 😭","241","50","I need the planner to float around me like the green diamond on the SIMS so I can never forget about it","I need the planner to float around me like the green diamond on the SIMS so I can never forget about it","","false","false","to do","time","","forgetfulness_or_time_signal | mentions_pain_or_friction | mentions_planner_or_system","27","[THREAD_TITLE]
I have seen so many “ADHD planners” that just DON’T HELP. What are some things/features YOU would love to see incorporated that would actually benefit you?

[THREAD_BODY]
So tired of seeing these products that claim to be sooo helpful with managing ADHD specific issues that just… aren’t. Have any of you found any that DO? Which aspect(s) of them make the biggest improvement in your life and how?

[PARENT_COMMENT_CONTEXT]
I need the planner to float around me like the green diamond on the SIMS so I can never forget about it

[CURRENT_RECORD]
Ok so I feel this so much. And I don't know if it'll work yet, but I just ordered these ""to do list"" snap on bracelets. I'm really hoping that having it follow me around displayed on my wrist all the time will finally help me stay on track 😭"
"/mnt/data/reddit_input_test/reddit-adhdwomen-i_have_seen_so_many_adhd_planners_that_just_dont(1).json","reddit-adhdwomen-i_have_seen_so_many_adhd_planners_that_just_dont(1)","19cluwh","t3_19cluwh","https://www.reddit.com/r/adhdwomen/comments/19cluwh/i_have_seen_so_many_adhd_planners_that_just_dont/","adhdwomen","r/adhdwomen","I have seen so many “ADHD planners” that just DON’T HELP. What are some things/features YOU would love to see incorporated that would actually benefit you?","So tired of seeing these products that claim to be sooo helpful with managing ADHD specific issues that just… aren’t. Have any of you found any that DO? Which aspect(s) of them make the biggest improvement in your life and how?","Cleaning, Organizing, Decluttering","1705893416.0","2024-01-22T03:16:56+00:00","108","108","0.95","153","9dc178c3d77e3d62","","reddit-adhdwomen-i_have_seen_so_many_adhd_planners_that_just_dont(1):comment:kj0gtd2","comment","kj0gtd2","t1_kj0gtd2","https://www.reddit.com/r/adhdwomen/comments/19cluwh/i_have_seen_so_many_adhd_planners_that_just_dont/kj0gtd2/","/r/adhdwomen/comments/19cluwh/i_have_seen_so_many_adhd_planners_that_just_dont/kj0gtd2/","t3_19cluwh","post","","kj0gtd2","0","true","kj0gtd2","ff2df5081750014f","","","false","false","","44","44","0","0","1","1705909186.0","2024-01-22T07:39:46+00:00","1705946512.0","1705946512.0","2024-01-22T18:01:52+00:00","false","false","true","false","Honestly, my main issue with planners is that if it isn’t in front of my face regularly then I don’t acknowledge it. So instead of planners I’ve had luck with just a big whiteboard somewhere I see it multiple times a day. I keep the grocery list, to-do list, and reminders on it. It’s truly the only thing that works for me","Honestly, my main issue with planners is that if it isn’t in front of my face regularly then I don’t acknowledge it. So instead of planners I’ve had luck with just a big whiteboard somewhere I see it multiple times a day. I keep the grocery list, to-do list, and reminders on it.…","323","62","","","","false","true","planner | planners | plan | to-do","time","reminder | reminders","mentions_feature_or_solution | mentions_pain_or_friction | mentions_planner_or_system | mentions_working_solution_or_recommendation","60","[THREAD_TITLE]
I have seen so many “ADHD planners” that just DON’T HELP. What are some things/features YOU would love to see incorporated that would actually benefit you?

[THREAD_BODY]
So tired of seeing these products that claim to be sooo helpful with managing ADHD specific issues that just… aren’t. Have any of you found any that DO? Which aspect(s) of them make the biggest improvement in your life and how?

[CURRENT_RECORD]
Honestly, my main issue with planners is that if it isn’t in front of my face regularly then I don’t acknowledge it. So instead of planners I’ve had luck with just a big whiteboard somewhere I see it multiple times a day. I keep the grocery list, to-do list, and reminders on it. It’s truly the only thing that works for me"
"/mnt/data/reddit_input_test/reddit-adhdwomen-i_have_seen_so_many_adhd_planners_that_just_dont(1).json","reddit-adhdwomen-i_have_seen_so_many_adhd_planners_that_just_dont(1)","19cluwh","t3_19cluwh","https://www.reddit.com/r/adhdwomen/comments/19cluwh/i_have_seen_so_many_adhd_planners_that_just_dont/","adhdwomen","r/adhdwomen","I have seen so many “ADHD planners” that just DON’T HELP. What are some things/features YOU would love to see incorporated that would actually benefit you?","So tired of seeing these products that claim to be sooo helpful with managing ADHD specific issues that just… aren’t. Have any of you found any that DO? Which aspect(s) of them make the biggest improvement in your life and how?","Cleaning, Organizing, Decluttering","1705893416.0","2024-01-22T03:16:56+00:00","108","108","0.95","153","9dc178c3d77e3d62","","reddit-adhdwomen-i_have_seen_so_many_adhd_planners_that_just_dont(1):comment:kj1g45z","comment","kj1g45z","t1_kj1g45z","https://www.reddit.com/r/adhdwomen/comments/19cluwh/i_have_seen_so_many_adhd_planners_that_just_dont/kj1g45z/","/r/adhdwomen/comments/19cluwh/i_have_seen_so_many_adhd_planners_that_just_dont/kj1g45z/","t1_kj0gtd2","comment","kj0gtd2","kj0gtd2","1","false","kj0gtd2 > kj1g45z","9596492251a3bc58","","","false","false","","6","6","0","0","1","1705931755.0","2024-01-22T13:55:55+00:00","false","False","","false","false","true","false","Whiteboards have worked for me, but I struggle because I'm always accidentally wiping things off. I'm thinking a bulletin board might be the way to go?","Whiteboards have worked for me, but I struggle because I'm always accidentally wiping things off. I'm thinking a bulletin board might be the way to go?","151","26","Honestly, my main issue with planners is that if it isn’t in front of my face regularly then I don’t acknowledge it. So instead of planners I’ve had luck with just a big whiteboard somewhere I see it multiple times a day. I keep the grocery list, to-do list, and reminders on it. It’s truly the only thing that works for me","Honestly, my main issue with planners is that if it isn’t in front of my face regularly then I don’t acknowledge it. So instead of planners I’ve had luck with just a big whiteboard somewhere I see it multiple times a day. I keep the grocery list, to-do list, and reminders on it. It’s truly the only thing that works for me","","true","true","","","","contains_question | mentions_working_solution_or_recommendation","26","[THREAD_TITLE]
I have seen so many “ADHD planners” that just DON’T HELP. What are some things/features YOU would love to see incorporated that would actually benefit you?

[THREAD_BODY]
So tired of seeing these products that claim to be sooo helpful with managing ADHD specific issues that just… aren’t. Have any of you found any that DO? Which aspect(s) of them make the biggest improvement in your life and how?

[PARENT_COMMENT_CONTEXT]
Honestly, my main issue with planners is that if it isn’t in front of my face regularly then I don’t acknowledge it. So instead of planners I’ve had luck with just a big whiteboard somewhere I see it multiple times a day. I keep the grocery list, to-do list, and reminders on it. It’s truly the only thing that works for me

[CURRENT_RECORD]
Whiteboards have worked for me, but I struggle because I'm always accidentally wiping things off. I'm thinking a bulletin board might be the way to go?"
"/mnt/data/reddit_input_test/reddit-adhdwomen-i_have_seen_so_many_adhd_planners_that_just_dont(1).json","reddit-adhdwomen-i_have_seen_so_many_adhd_planners_that_just_dont(1)","19cluwh","t3_19cluwh","https://www.reddit.com/r/adhdwomen/comments/19cluwh/i_have_seen_so_many_adhd_planners_that_just_dont/","adhdwomen","r/adhdwomen","I have seen so many “ADHD planners” that just DON’T HELP. What are some things/features YOU would love to see incorporated that would actually benefit you?","So tired of seeing these products that claim to be sooo helpful with managing ADHD specific issues that just… aren’t. Have any of you found any that DO? Which aspect(s) of them make the biggest improvement in your life and how?","Cleaning, Organizing, Decluttering","1705893416.0","2024-01-22T03:16:56+00:00","108","108","0.95","153","9dc178c3d77e3d62","","reddit-adhdwomen-i_have_seen_so_many_adhd_planners_that_just_dont(1):comment:kj1jy9h","comment","kj1jy9h","t1_kj1jy9h","https://www.reddit.com/r/adhdwomen/comments/19cluwh/i_have_seen_so_many_adhd_planners_that_just_dont/kj1jy9h/","/r/adhdwomen/comments/19cluwh/i_have_seen_so_many_adhd_planners_that_just_dont/kj1jy9h/","t1_kj1g45z","comment","kj1g45z","kj0gtd2","2","false","kj0gtd2 > kj1g45z > kj1jy9h","f411f33b38423333","","","false","false","","2","2","0","0","0","1705933379.0","2024-01-22T14:22:59+00:00","false","False","","false","false","true","false","Wet-erase markers! Sometimes I have to use rubbing alcohol to get the marks all the way off (especially if it's something that's been there for a while), but they work really well!","Wet-erase markers! Sometimes I have to use rubbing alcohol to get the marks all the way off (especially if it's something that's been there for a while), but they work really well!","180","32","Whiteboards have worked for me, but I struggle because I'm always accidentally wiping things off. I'm thinking a bulletin board might be the way to go?","Honestly, my main issue with planners is that if it isn’t in front of my face regularly then I don’t acknowledge it. So instead of planners I’ve had luck with just a big whiteboard somewhere I see it multiple times a day. I keep the grocery list, to-do list, and reminders on it. It’s truly the only thing that works for me","","false","false","","time","","mentions_pain_or_friction","15","[THREAD_TITLE]
I have seen so many “ADHD planners” that just DON’T HELP. What are some things/features YOU would love to see incorporated that would actually benefit you?

[THREAD_BODY]
So tired of seeing these products that claim to be sooo helpful with managing ADHD specific issues that just… aren’t. Have any of you found any that DO? Which aspect(s) of them make the biggest improvement in your life and how?

[ROOT_COMMENT_CONTEXT]
Honestly, my main issue with planners is that if it isn’t in front of my face regularly then I don’t acknowledge it. So instead of planners I’ve had luck with just a big whiteboard somewhere I see it multiple times a day. I keep the grocery list, to-do list, and reminders on it. It’s truly the only thing that works for me

[PARENT_COMMENT_CONTEXT]
Whiteboards have worked for me, but I struggle because I'm always accidentally wiping things off. I'm thinking a bulletin board might be the way to go?

[CURRENT_RECORD]
Wet-erase markers! Sometimes I have to use rubbing alcohol to get the marks all the way off (especially if it's something that's been there for a while), but they work really well!"
"/mnt/data/reddit_input_test/reddit-adhdwomen-i_have_seen_so_many_adhd_planners_that_just_dont(1).json","reddit-adhdwomen-i_have_seen_so_many_adhd_planners_that_just_dont(1)","19cluwh","t3_19cluwh","https://www.reddit.com/r/adhdwomen/comments/19cluwh/i_have_seen_so_many_adhd_planners_that_just_dont/","adhdwomen","r/adhdwomen","I have seen so many “ADHD planners” that just DON’T HELP. What are some things/features YOU would love to see incorporated that would actually benefit you?","So tired of seeing these products that claim to be sooo helpful with managing ADHD specific issues that just… aren’t. Have any of you found any that DO? Which aspect(s) of them make the biggest improvement in your life and how?","Cleaning, Organizing, Decluttering","1705893416.0","2024-01-22T03:16:56+00:00","108","108","0.95","153","9dc178c3d77e3d62","","reddit-adhdwomen-i_have_seen_so_many_adhd_planners_that_just_dont(1):comment:kizpj9q","comment","kizpj9q","t1_kizpj9q","https://www.reddit.com/r/adhdwomen/comments/19cluwh/i_have_seen_so_many_adhd_planners_that_just_dont/kizpj9q/","/r/adhdwomen/comments/19cluwh/i_have_seen_so_many_adhd_planners_that_just_dont/kizpj9q/","t3_19cluwh","post","","kizpj9q","0","true","kizpj9q","bbcdd9d6ad116a32","","","false","false","","100","100","0","0","2","1705894183.0","2024-01-22T03:29:43+00:00","false","False","","false","false","true","false","Because most of these « ADHD planners” or “ADHD tips” work for neurotypical people and not neurodivergent people so Create your own planner or reminders","Because most of these « ADHD planners” or “ADHD tips” work for neurotypical people and not neurodivergent people so Create your own planner or reminders","152","25","","","","false","false","planner | planners | plan","adhd","reminder | reminders","mentions_feature_or_solution | mentions_pain_or_friction | mentions_planner_or_system","53","[THREAD_TITLE]
I have seen so many “ADHD planners” that just DON’T HELP. What are some things/features YOU would love to see incorporated that would actually benefit you?

[THREAD_BODY]
So tired of seeing these products that claim to be sooo helpful with managing ADHD specific issues that just… aren’t. Have any of you found any that DO? Which aspect(s) of them make the biggest improvement in your life and how?

[CURRENT_RECORD]
Because most of these « ADHD planners” or “ADHD tips” work for neurotypical people and not neurodivergent people so Create your own planner or reminders"
"/mnt/data/reddit_input_test/reddit-adhdwomen-i_have_seen_so_many_adhd_planners_that_just_dont(1).json","reddit-adhdwomen-i_have_seen_so_many_adhd_planners_that_just_dont(1)","19cluwh","t3_19cluwh","https://www.reddit.com/r/adhdwomen/comments/19cluwh/i_have_seen_so_many_adhd_planners_that_just_dont/","adhdwomen","r/adhdwomen","I have seen so many “ADHD planners” that just DON’T HELP. What are some things/features YOU would love to see incorporated that would actually benefit you?","So tired of seeing these products that claim to be sooo helpful with managing ADHD specific issues that just… aren’t. Have any of you found any that DO? Which aspect(s) of them make the biggest improvement in your life and how?","Cleaning, Organizing, Decluttering","1705893416.0","2024-01-22T03:16:56+00:00","108","108","0.95","153","9dc178c3d77e3d62","","reddit-adhdwomen-i_have_seen_so_many_adhd_planners_that_just_dont(1):comment:kj1vivg","comment","kj1vivg","t1_kj1vivg","https://www.reddit.com/r/adhdwomen/comments/19cluwh/i_have_seen_so_many_adhd_planners_that_just_dont/kj1vivg/","/r/adhdwomen/comments/19cluwh/i_have_seen_so_many_adhd_planners_that_just_dont/kj1vivg/","t1_kizpj9q","comment","kizpj9q","kizpj9q","1","false","kizpj9q > kj1vivg","9df500e840dc71e9","","","false","false","","25","25","0","0","2","1705937789.0","2024-01-22T15:36:29+00:00","false","False","","false","false","true","false","Agree. I fell down the bullet journal (I know I know) rabbit hole and hyper-fixated on making it functional and pretty. Which is a good way to get into it honestly. While I don’t do the whole song and dance anymore I still use a bullet journal! It’s essentially the same one week spread over and over - weeks calendar going down the left page and on the right page is my tasks for the week which I flag the day I’d like to do the task on. Benefits: I can get creative when I want. I never have unused pages cause if I drop it for a month you pick up where you left off. Can customize it. I can add work notes on the same page or next page so everything is together. Just over all really flexible, which pre made planners are not.","Agree. I fell down the bullet journal (I know I know) rabbit hole and hyper-fixated on making it functional and pretty. Which is a good way to get into it honestly. While I don’t do the whole song and dance anymore I still use a bullet journal! It’s essentially the same one week…","729","146","Because most of these « ADHD planners” or “ADHD tips” work for neurotypical people and not neurodivergent people so Create your own planner or reminders","Because most of these « ADHD planners” or “ADHD tips” work for neurotypical people and not neurodivergent people so Create your own planner or reminders","","false","false","planner | planners | plan | calendar | bullet journal | journal | to do","tasks","flexible | notes | custom | customize","long_form_comment | mentions_feature_or_solution | mentions_pain_or_friction | mentions_planner_or_system","74","[THREAD_TITLE]
I have seen so many “ADHD planners” that just DON’T HELP. What are some things/features YOU would love to see incorporated that would actually benefit you?

[THREAD_BODY]
So tired of seeing these products that claim to be sooo helpful with managing ADHD specific issues that just… aren’t. Have any of you found any that DO? Which aspect(s) of them make the biggest improvement in your life and how?

[PARENT_COMMENT_CONTEXT]
Because most of these « ADHD planners” or “ADHD tips” work for neurotypical people and not neurodivergent people so Create your own planner or reminders

[CURRENT_RECORD]
Agree. I fell down the bullet journal (I know I know) rabbit hole and hyper-fixated on making it functional and pretty. Which is a good way to get into it honestly. While I don’t do the whole song and dance anymore I still use a bullet journal! It’s essentially the same one week spread over and over - weeks calendar going down the left page and on the right page is my tasks for the week which I flag the day I’d like to do the task on. Benefits: I can get creative when I want. I never have unused pages cause if I drop it for a month you pick up where you left off. Can customize it. I can add work notes on the same page or next page so everything is together. Just over all really flexible, which pre made planners are not."
"/mnt/data/reddit_input_test/reddit-adhdwomen-i_have_seen_so_many_adhd_planners_that_just_dont(1).json","reddit-adhdwomen-i_have_seen_so_many_adhd_planners_that_just_dont(1)","19cluwh","t3_19cluwh","https://www.reddit.com/r/adhdwomen/comments/19cluwh/i_have_seen_so_many_adhd_planners_that_just_dont/","adhdwomen","r/adhdwomen","I have seen so many “ADHD planners” that just DON’T HELP. What are some things/features YOU would love to see incorporated that would actually benefit you?","So tired of seeing these products that claim to be sooo helpful with managing ADHD specific issues that just… aren’t. Have any of you found any that DO? Which aspect(s) of them make the biggest improvement in your life and how?","Cleaning, Organizing, Decluttering","1705893416.0","2024-01-22T03:16:56+00:00","108","108","0.95","153","9dc178c3d77e3d62","","reddit-adhdwomen-i_have_seen_so_many_adhd_planners_that_just_dont(1):comment:kj2hai6","comment","kj2hai6","t1_kj2hai6","https://www.reddit.com/r/adhdwomen/comments/19cluwh/i_have_seen_so_many_adhd_planners_that_just_dont/kj2hai6/","/r/adhdwomen/comments/19cluwh/i_have_seen_so_many_adhd_planners_that_just_dont/kj2hai6/","t1_kj1vivg","comment","kj1vivg","kizpj9q","2","false","kizpj9q > kj1vivg > kj2hai6","07ea4f8a4022630b","","","false","false","","10","10","0","0","0","1705945143.0","2024-01-22T17:39:03+00:00","false","False","","false","false","true","false","Fun fact: the creator of the bullet journal Ryder Carroll has ADHD. And created the bullet journal method specifically to help him during college.","Fun fact: the creator of the bullet journal Ryder Carroll has ADHD. And created the bullet journal method specifically to help him during college.","146","24","Agree. I fell down the bullet journal (I know I know) rabbit hole and hyper-fixated on making it functional and pretty. Which is a good way to get into it honestly. While I don’t do the whole song and dance anymore I still use a bullet journal! It’s essentially the same one week spread over and over - weeks calendar going down the left page and on the right page is my tasks for the week which I flag the day I’d like to do the task on. Benefits: I can get creative when I want. I never have unused pages cause if I drop it for a month you pick up where you left off. Can customize it. I can add work notes on the same page or next page so everything is together. Just over all really flexible, wh…","Because most of these « ADHD planners” or “ADHD tips” work for neurotypical people and not neurodivergent people so Create your own planner or reminders","","false","false","bullet journal | journal","adhd","","mentions_pain_or_friction | mentions_planner_or_system","28","[THREAD_TITLE]
I have seen so many “ADHD planners” that just DON’T HELP. What are some things/features YOU would love to see incorporated that would actually benefit you?

[THREAD_BODY]
So tired of seeing these products that claim to be sooo helpful with managing ADHD specific issues that just… aren’t. Have any of you found any that DO? Which aspect(s) of them make the biggest improvement in your life and how?

[ROOT_COMMENT_CONTEXT]
Because most of these « ADHD planners” or “ADHD tips” work for neurotypical people and not neurodivergent people so Create your own planner or reminders

[PARENT_COMMENT_CONTEXT]
Agree. I fell down the bullet journal (I know I know) rabbit hole and hyper-fixated on making it functional and pretty. Which is a good way to get into it honestly. While I don’t do the whole song and dance anymore I still use a bullet journal! It’s essentially the same one week spread over and over - weeks calendar going down the left page and on the right page is my tasks for the week which I flag the day I’d like to do the task on. Benefits: I can get creative when I want. I never have unused pages cause if I drop it for a month you pick up where you left off. Can customize it. I can add work notes on the same page or next page so everything is together. Just over all really flexible, wh…

[CURRENT_RECORD]
Fun fact: the creator of the bullet journal Ryder Carroll has ADHD. And created the bullet journal method specifically to help him during college."
"/mnt/data/reddit_input_test/reddit-adhdwomen-i_have_seen_so_many_adhd_planners_that_just_dont(1).json","reddit-adhdwomen-i_have_seen_so_many_adhd_planners_that_just_dont(1)","19cluwh","t3_19cluwh","https://www.reddit.com/r/adhdwomen/comments/19cluwh/i_have_seen_so_many_adhd_planners_that_just_dont/","adhdwomen","r/adhdwomen","I have seen so many “ADHD planners” that just DON’T HELP. What are some things/features YOU would love to see incorporated that would actually benefit you?","So tired of seeing these products that claim to be sooo helpful with managing ADHD specific issues that just… aren’t. Have any of you found any that DO? Which aspect(s) of them make the biggest improvement in your life and how?","Cleaning, Organizing, Decluttering","1705893416.0","2024-01-22T03:16:56+00:00","108","108","0.95","153","9dc178c3d77e3d62","","reddit-adhdwomen-i_have_seen_so_many_adhd_planners_that_just_dont(1):comment:kj2edus","comment","kj2edus","t1_kj2edus","https://www.reddit.com/r/adhdwomen/comments/19cluwh/i_have_seen_so_many_adhd_planners_that_just_dont/kj2edus/","/r/adhdwomen/comments/19cluwh/i_have_seen_so_many_adhd_planners_that_just_dont/kj2edus/","t1_kj1vivg","comment","kj1vivg","kizpj9q","2","false","kizpj9q > kj1vivg > kj2edus","b20b718e6c0e8b75","","","false","false","","3","3","0","0","0","1705944198.0","2024-01-22T17:23:18+00:00","false","False","","false","false","true","false","This so much. Mine ends up looking completely different week to week and it just depends on the effort I want to put into it. I gave myself a bear minimum of recording a line or two each day. If I have a migraine and took meds for it I have to record that and the dosage, otherwise it’s a free for all. Sometimes, I make it pretty and throw in some washi tape or stickers, otherwise whatever. Also have files saved of daily/weekly/monthly checklists that I can edit and print then cut with my cricut and just stick in the book because it’s one less thing to think about.","This so much. Mine ends up looking completely different week to week and it just depends on the effort I want to put into it. I gave myself a bear minimum of recording a line or two each day. If I have a migraine and took meds for it I have to record that and the dosage, otherwi…","570","110","Agree. I fell down the bullet journal (I know I know) rabbit hole and hyper-fixated on making it functional and pretty. Which is a good way to get into it honestly. While I don’t do the whole song and dance anymore I still use a bullet journal! It’s essentially the same one week spread over and over - weeks calendar going down the left page and on the right page is my tasks for the week which I flag the day I’d like to do the task on. Benefits: I can get creative when I want. I never have unused pages cause if I drop it for a month you pick up where you left off. Can customize it. I can add work notes on the same page or next page so everything is together. Just over all really flexible, wh…","Because most of these « ADHD planners” or “ADHD tips” work for neurotypical people and not neurodivergent people so Create your own planner or reminders","","false","false","checklist | weekly | monthly | daily","time","print | weekly | monthly | daily | checklist","long_form_comment | mentions_feature_or_solution | mentions_pain_or_friction | mentions_planner_or_system","61","[THREAD_TITLE]
I have seen so many “ADHD planners” that just DON’T HELP. What are some things/features YOU would love to see incorporated that would actually benefit you?

[THREAD_BODY]
So tired of seeing these products that claim to be sooo helpful with managing ADHD specific issues that just… aren’t. Have any of you found any that DO? Which aspect(s) of them make the biggest improvement in your life and how?

[ROOT_COMMENT_CONTEXT]
Because most of these « ADHD planners” or “ADHD tips” work for neurotypical people and not neurodivergent people so Create your own planner or reminders

[PARENT_COMMENT_CONTEXT]
Agree. I fell down the bullet journal (I know I know) rabbit hole and hyper-fixated on making it functional and pretty. Which is a good way to get into it honestly. While I don’t do the whole song and dance anymore I still use a bullet journal! It’s essentially the same one week spread over and over - weeks calendar going down the left page and on the right page is my tasks for the week which I flag the day I’d like to do the task on. Benefits: I can get creative when I want. I never have unused pages cause if I drop it for a month you pick up where you left off. Can customize it. I can add work notes on the same page or next page so everything is together. Just over all really flexible, wh…

[CURRENT_RECORD]
This so much. Mine ends up looking completely different week to week and it just depends on the effort I want to put into it. I gave myself a bear minimum of recording a line or two each day. If I have a migraine and took meds for it I have to record that and the dosage, otherwise it’s a free for all. Sometimes, I make it pretty and throw in some washi tape or stickers, otherwise whatever. Also have files saved of daily/weekly/monthly checklists that I can edit and print then cut with my cricut and just stick in the book because it’s one less thing to think about."
"/mnt/data/reddit_input_test/reddit-adhdwomen-i_have_seen_so_many_adhd_planners_that_just_dont(1).json","reddit-adhdwomen-i_have_seen_so_many_adhd_planners_that_just_dont(1)","19cluwh","t3_19cluwh","https://www.reddit.com/r/adhdwomen/comments/19cluwh/i_have_seen_so_many_adhd_planners_that_just_dont/","adhdwomen","r/adhdwomen","I have seen so many “ADHD planners” that just DON’T HELP. What are some things/features YOU would love to see incorporated that would actually benefit you?","So tired of seeing these products that claim to be sooo helpful with managing ADHD specific issues that just… aren’t. Have any of you found any that DO? Which aspect(s) of them make the biggest improvement in your life and how?","Cleaning, Organizing, Decluttering","1705893416.0","2024-01-22T03:16:56+00:00","108","108","0.95","153","9dc178c3d77e3d62","","reddit-adhdwomen-i_have_seen_so_many_adhd_planners_that_just_dont(1):comment:kizqd9y","comment","kizqd9y","t1_kizqd9y","https://www.reddit.com/r/adhdwomen/comments/19cluwh/i_have_seen_so_many_adhd_planners_that_just_dont/kizqd9y/","/r/adhdwomen/comments/19cluwh/i_have_seen_so_many_adhd_planners_that_just_dont/kizqd9y/","t1_kizpj9q","comment","kizpj9q","kizpj9q","1","false","kizpj9q > kizqd9y","9dc178c3d77e3d62","","","true","false","","26","26","0","0","3","1705894539.0","2024-01-22T03:35:39+00:00","false","False","","false","false","true","false","Ugh totally agree that most are ACTUALLY gauged more for NTs. What do you add to yours in your “create your own” kinds that work better for the ND mind? Edit: Clarity","Ugh totally agree that most are ACTUALLY gauged more for NTs. What do you add to yours in your “create your own” kinds that work better for the ND mind? Edit: Clarity","166","32","Because most of these « ADHD planners” or “ADHD tips” work for neurotypical people and not neurodivergent people so Create your own planner or reminders","Because most of these « ADHD planners” or “ADHD tips” work for neurotypical people and not neurodivergent people so Create your own planner or reminders","","true","false","","","","contains_question","23","[THREAD_TITLE]
I have seen so many “ADHD planners” that just DON’T HELP. What are some things/features YOU would love to see incorporated that would actually benefit you?

[THREAD_BODY]
So tired of seeing these products that claim to be sooo helpful with managing ADHD specific issues that just… aren’t. Have any of you found any that DO? Which aspect(s) of them make the biggest improvement in your life and how?

[PARENT_COMMENT_CONTEXT]
Because most of these « ADHD planners” or “ADHD tips” work for neurotypical people and not neurodivergent people so Create your own planner or reminders

[CURRENT_RECORD]
Ugh totally agree that most are ACTUALLY gauged more for NTs. What do you add to yours in your “create your own” kinds that work better for the ND mind? Edit: Clarity"
"/mnt/data/reddit_input_test/reddit-adhdwomen-i_have_seen_so_many_adhd_planners_that_just_dont(1).json","reddit-adhdwomen-i_have_seen_so_many_adhd_planners_that_just_dont(1)","19cluwh","t3_19cluwh","https://www.reddit.com/r/adhdwomen/comments/19cluwh/i_have_seen_so_many_adhd_planners_that_just_dont/","adhdwomen","r/adhdwomen","I have seen so many “ADHD planners” that just DON’T HELP. What are some things/features YOU would love to see incorporated that would actually benefit you?","So tired of seeing these products that claim to be sooo helpful with managing ADHD specific issues that just… aren’t. Have any of you found any that DO? Which aspect(s) of them make the biggest improvement in your life and how?","Cleaning, Organizing, Decluttering","1705893416.0","2024-01-22T03:16:56+00:00","108","108","0.95","153","9dc178c3d77e3d62","","reddit-adhdwomen-i_have_seen_so_many_adhd_planners_that_just_dont(1):comment:kj1mn2x","comment","kj1mn2x","t1_kj1mn2x","https://www.reddit.com/r/adhdwomen/comments/19cluwh/i_have_seen_so_many_adhd_planners_that_just_dont/kj1mn2x/","/r/adhdwomen/comments/19cluwh/i_have_seen_so_many_adhd_planners_that_just_dont/kj1mn2x/","t1_kizqd9y","comment","kizqd9y","kizpj9q","2","false","kizpj9q > kizqd9y > kj1mn2x","96e2f472c909ef46","","","false","false","","13","13","0","0","0","1705934464.0","2024-01-22T14:41:04+00:00","false","False","","false","false","true","false","I make my own custom planner by printing pages and inserting them into a refillable notebook. The main features are a pre-filled daily checklist: ADHD meds, vitamins, brush teeth, shower, face cream, get dressed, dry hair, open curtains, rinse shower, make bed, etc. And a blank to-do list for general tasks. There's also boxes to remind me to eat. Every few months I tweak it, add a new item to my daily list, or something that I feel will add to it's usefulness. The key is not trying to include too much and get it cluttered and overwhelming. I have to say it has changed my life! Edit to add: the ""planner"" sits open and visible at all times. It's never put away. I can't put it out of sight.","I make my own custom planner by printing pages and inserting them into a refillable notebook. The main features are a pre-filled daily checklist: ADHD meds, vitamins, brush teeth, shower, face cream, get dressed, dry hair, open curtains, rinse shower, make bed, etc. And a blank…","696","130","Ugh totally agree that most are ACTUALLY gauged more for NTs. What do you add to yours in your “create your own” kinds that work better for the ND mind? Edit: Clarity","Because most of these « ADHD planners” or “ADHD tips” work for neurotypical people and not neurodivergent people so Create your own planner or reminders","","false","true","planner | plan | to-do | checklist | daily","adhd | overwhelm | time | too much | tasks","visible | print | daily | change | custom | checklist","forgetfulness_or_time_signal | long_form_comment | mentions_feature_or_solution | mentions_pain_or_friction | mentions_planner_or_system | mentions_working_solution_or_recommendation | overwhelm_or_complexity_signal","100","[THREAD_TITLE]
I have seen so many “ADHD planners” that just DON’T HELP. What are some things/features YOU would love to see incorporated that would actually benefit you?

[THREAD_BODY]
So tired of seeing these products that claim to be sooo helpful with managing ADHD specific issues that just… aren’t. Have any of you found any that DO? Which aspect(s) of them make the biggest improvement in your life and how?

[ROOT_COMMENT_CONTEXT]
Because most of these « ADHD planners” or “ADHD tips” work for neurotypical people and not neurodivergent people so Create your own planner or reminders

[PARENT_COMMENT_CONTEXT]
Ugh totally agree that most are ACTUALLY gauged more for NTs. What do you add to yours in your “create your own” kinds that work better for the ND mind? Edit: Clarity

[CURRENT_RECORD]
I make my own custom planner by printing pages and inserting them into a refillable notebook. The main features are a pre-filled daily checklist: ADHD meds, vitamins, brush teeth, shower, face cream, get dressed, dry hair, open curtains, rinse shower, make bed, etc. And a blank to-do list for general tasks. There's also boxes to remind me to eat. Every few months I tweak it, add a new item to my daily list, or something that I feel will add to it's usefulness. The key is not trying to include too much and get it cluttered and overwhelming. I have to say it has changed my life! Edit to add: the ""planner"" sits open and visible at all times. It's never put away. I can't put it out of sight."
"/mnt/data/reddit_input_test/reddit-adhdwomen-i_have_seen_so_many_adhd_planners_that_just_dont(1).json","reddit-adhdwomen-i_have_seen_so_many_adhd_planners_that_just_dont(1)","19cluwh","t3_19cluwh","https://www.reddit.com/r/adhdwomen/comments/19cluwh/i_have_seen_so_many_adhd_planners_that_just_dont/","adhdwomen","r/adhdwomen","I have seen so many “ADHD planners” that just DON’T HELP. What are some things/features YOU would love to see incorporated that would actually benefit you?","So tired of seeing these products that claim to be sooo helpful with managing ADHD specific issues that just… aren’t. Have any of you found any that DO? Which aspect(s) of them make the biggest improvement in your life and how?","Cleaning, Organizing, Decluttering","1705893416.0","2024-01-22T03:16:56+00:00","108","108","0.95","153","9dc178c3d77e3d62","","reddit-adhdwomen-i_have_seen_so_many_adhd_planners_that_just_dont(1):comment:kizv69k","comment","kizv69k","t1_kizv69k","https://www.reddit.com/r/adhdwomen/comments/19cluwh/i_have_seen_so_many_adhd_planners_that_just_dont/kizv69k/","/r/adhdwomen/comments/19cluwh/i_have_seen_so_many_adhd_planners_that_just_dont/kizv69k/","t1_kizqd9y","comment","kizqd9y","kizpj9q","2","false","kizpj9q > kizqd9y > kizv69k","bbcdd9d6ad116a32","","","false","false","","25","25","0","0","1","1705896680.0","2024-01-22T04:11:20+00:00","false","False","","false","false","true","false","So, what works for me is to use sticky notes, and I divide them into two categories: temporary sticky notes in yellow and permanent sticky notes in hot pink. Weird, but the color matters because it impacts my brain somehow. I also have one or two notebooks laying around because I know I will write stuff on random paper that I will lose, so I'd rather put it in my notebook and not lose it. But no planner because, to use a planner, I have to remember that I own a planner, which I won’t. Using a planner requires a million steps for my ADHD brain, and I don't just have to remember it once but over and over.","So, what works for me is to use sticky notes, and I divide them into two categories: temporary sticky notes in yellow and permanent sticky notes in hot pink. Weird, but the color matters because it impacts my brain somehow. I also have one or two notebooks laying around because…","610","119","Ugh totally agree that most are ACTUALLY gauged more for NTs. What do you add to yours in your “create your own” kinds that work better for the ND mind? Edit: Clarity","Because most of these « ADHD planners” or “ADHD tips” work for neurotypical people and not neurodivergent people so Create your own planner or reminders","","false","true","planner | plan","adhd","color | categories | notes","long_form_comment | mentions_feature_or_solution | mentions_pain_or_friction | mentions_planner_or_system | mentions_working_solution_or_recommendation","66","[THREAD_TITLE]
I have seen so many “ADHD planners” that just DON’T HELP. What are some things/features YOU would love to see incorporated that would actually benefit you?

[THREAD_BODY]
So tired of seeing these products that claim to be sooo helpful with managing ADHD specific issues that just… aren’t. Have any of you found any that DO? Which aspect(s) of them make the biggest improvement in your life and how?

[ROOT_COMMENT_CONTEXT]
Because most of these « ADHD planners” or “ADHD tips” work for neurotypical people and not neurodivergent people so Create your own planner or reminders

[PARENT_COMMENT_CONTEXT]
Ugh totally agree that most are ACTUALLY gauged more for NTs. What do you add to yours in your “create your own” kinds that work better for the ND mind? Edit: Clarity

[CURRENT_RECORD]
So, what works for me is to use sticky notes, and I divide them into two categories: temporary sticky notes in yellow and permanent sticky notes in hot pink. Weird, but the color matters because it impacts my brain somehow. I also have one or two notebooks laying around because I know I will write stuff on random paper that I will lose, so I'd rather put it in my notebook and not lose it. But no planner because, to use a planner, I have to remember that I own a planner, which I won’t. Using a planner requires a million steps for my ADHD brain, and I don't just have to remember it once but over and over."
"/mnt/data/reddit_input_test/reddit-adhdwomen-i_have_seen_so_many_adhd_planners_that_just_dont(1).json","reddit-adhdwomen-i_have_seen_so_many_adhd_planners_that_just_dont(1)","19cluwh","t3_19cluwh","https://www.reddit.com/r/adhdwomen/comments/19cluwh/i_have_seen_so_many_adhd_planners_that_just_dont/","adhdwomen","r/adhdwomen","I have seen so many “ADHD planners” that just DON’T HELP. What are some things/features YOU would love to see incorporated that would actually benefit you?","So tired of seeing these products that claim to be sooo helpful with managing ADHD specific issues that just… aren’t. Have any of you found any that DO? Which aspect(s) of them make the biggest improvement in your life and how?","Cleaning, Organizing, Decluttering","1705893416.0","2024-01-22T03:16:56+00:00","108","108","0.95","153","9dc178c3d77e3d62","","reddit-adhdwomen-i_have_seen_so_many_adhd_planners_that_just_dont(1):comment:kj0uwu8","comment","kj0uwu8","t1_kj0uwu8","https://www.reddit.com/r/adhdwomen/comments/19cluwh/i_have_seen_so_many_adhd_planners_that_just_dont/kj0uwu8/","/r/adhdwomen/comments/19cluwh/i_have_seen_so_many_adhd_planners_that_just_dont/kj0uwu8/","t1_kizv69k","comment","kizv69k","kizpj9q","3","false","kizpj9q > kizqd9y > kizv69k > kj0uwu8","e92df7dd9a9e47d6","","","false","false","","19","19","0","0","1","1705919686.0","2024-01-22T10:34:46+00:00","false","False","","false","false","true","false","For me the planner works, but only because I have it open on my workspace desktop literally always. So, if it’s the ONLY thing I use for notes etc and it is ALWAYS just THERE in my face then it works.","For me the planner works, but only because I have it open on my workspace desktop literally always. So, if it’s the ONLY thing I use for notes etc and it is ALWAYS just THERE in my face then it works.","200","41","So, what works for me is to use sticky notes, and I divide them into two categories: temporary sticky notes in yellow and permanent sticky notes in hot pink. Weird, but the color matters because it impacts my brain somehow. I also have one or two notebooks laying around because I know I will write stuff on random paper that I will lose, so I'd rather put it in my notebook and not lose it. But no planner because, to use a planner, I have to remember that I own a planner, which I won’t. Using a planner requires a million steps for my ADHD brain, and I don't just have to remember it once but over and over.","Because most of these « ADHD planners” or “ADHD tips” work for neurotypical people and not neurodivergent people so Create your own planner or reminders","","false","false","planner | plan","","notes","mentions_feature_or_solution | mentions_planner_or_system","30","[THREAD_TITLE]
I have seen so many “ADHD planners” that just DON’T HELP. What are some things/features YOU would love to see incorporated that would actually benefit you?

[THREAD_BODY]
So tired of seeing these products that claim to be sooo helpful with managing ADHD specific issues that just… aren’t. Have any of you found any that DO? Which aspect(s) of them make the biggest improvement in your life and how?

[ROOT_COMMENT_CONTEXT]
Because most of these « ADHD planners” or “ADHD tips” work for neurotypical people and not neurodivergent people so Create your own planner or reminders

[PARENT_COMMENT_CONTEXT]
So, what works for me is to use sticky notes, and I divide them into two categories: temporary sticky notes in yellow and permanent sticky notes in hot pink. Weird, but the color matters because it impacts my brain somehow. I also have one or two notebooks laying around because I know I will write stuff on random paper that I will lose, so I'd rather put it in my notebook and not lose it. But no planner because, to use a planner, I have to remember that I own a planner, which I won’t. Using a planner requires a million steps for my ADHD brain, and I don't just have to remember it once but over and over.

[CURRENT_RECORD]
For me the planner works, but only because I have it open on my workspace desktop literally always. So, if it’s the ONLY thing I use for notes etc and it is ALWAYS just THERE in my face then it works."
"/mnt/data/reddit_input_test/reddit-adhdwomen-i_have_seen_so_many_adhd_planners_that_just_dont(1).json","reddit-adhdwomen-i_have_seen_so_many_adhd_planners_that_just_dont(1)","19cluwh","t3_19cluwh","https://www.reddit.com/r/adhdwomen/comments/19cluwh/i_have_seen_so_many_adhd_planners_that_just_dont/","adhdwomen","r/adhdwomen","I have seen so many “ADHD planners” that just DON’T HELP. What are some things/features YOU would love to see incorporated that would actually benefit you?","So tired of seeing these products that claim to be sooo helpful with managing ADHD specific issues that just… aren’t. Have any of you found any that DO? Which aspect(s) of them make the biggest improvement in your life and how?","Cleaning, Organizing, Decluttering","1705893416.0","2024-01-22T03:16:56+00:00","108","108","0.95","153","9dc178c3d77e3d62","","reddit-adhdwomen-i_have_seen_so_many_adhd_planners_that_just_dont(1):comment:kj1n5e7","comment","kj1n5e7","t1_kj1n5e7","https://www.reddit.com/r/adhdwomen/comments/19cluwh/i_have_seen_so_many_adhd_planners_that_just_dont/kj1n5e7/","/r/adhdwomen/comments/19cluwh/i_have_seen_so_many_adhd_planners_that_just_dont/kj1n5e7/","t1_kj0uwu8","comment","kj0uwu8","kizpj9q","4","false","kizpj9q > kizqd9y > kizv69k > kj0uwu8 > kj1n5e7","96e2f472c909ef46","","","false","false","","7","7","0","0","0","1705934662.0","2024-01-22T14:44:22+00:00","false","False","","false","false","true","false","Yes! Never put it away! ☝️","Yes! Never put it away! ☝️","26","6","For me the planner works, but only because I have it open on my workspace desktop literally always. So, if it’s the ONLY thing I use for notes etc and it is ALWAYS just THERE in my face then it works.","Because most of these « ADHD planners” or “ADHD tips” work for neurotypical people and not neurodivergent people so Create your own planner or reminders","","false","false","","","","","5","[THREAD_TITLE]
I have seen so many “ADHD planners” that just DON’T HELP. What are some things/features YOU would love to see incorporated that would actually benefit you?

[THREAD_BODY]
So tired of seeing these products that claim to be sooo helpful with managing ADHD specific issues that just… aren’t. Have any of you found any that DO? Which aspect(s) of them make the biggest improvement in your life and how?

[ROOT_COMMENT_CONTEXT]
Because most of these « ADHD planners” or “ADHD tips” work for neurotypical people and not neurodivergent people so Create your own planner or reminders

[PARENT_COMMENT_CONTEXT]
For me the planner works, but only because I have it open on my workspace desktop literally always. So, if it’s the ONLY thing I use for notes etc and it is ALWAYS just THERE in my face then it works.

[CURRENT_RECORD]
Yes! Never put it away! ☝️"
"/mnt/data/reddit_input_test/reddit-adhdwomen-i_have_seen_so_many_adhd_planners_that_just_dont(1).json","reddit-adhdwomen-i_have_seen_so_many_adhd_planners_that_just_dont(1)","19cluwh","t3_19cluwh","https://www.reddit.com/r/adhdwomen/comments/19cluwh/i_have_seen_so_many_adhd_planners_that_just_dont/","adhdwomen","r/adhdwomen","I have seen so many “ADHD planners” that just DON’T HELP. What are some things/features YOU would love to see incorporated that would actually benefit you?","So tired of seeing these products that claim to be sooo helpful with managing ADHD specific issues that just… aren’t. Have any of you found any that DO? Which aspect(s) of them make the biggest improvement in your life and how?","Cleaning, Organizing, Decluttering","1705893416.0","2024-01-22T03:16:56+00:00","108","108","0.95","153","9dc178c3d77e3d62","","reddit-adhdwomen-i_have_seen_so_many_adhd_planners_that_just_dont(1):comment:kj1ot9s","comment","kj1ot9s","t1_kj1ot9s","https://www.reddit.com/r/adhdwomen/comments/19cluwh/i_have_seen_so_many_adhd_planners_that_just_dont/kj1ot9s/","/r/adhdwomen/comments/19cluwh/i_have_seen_so_many_adhd_planners_that_just_dont/kj1ot9s/","t1_kizqd9y","comment","kizqd9y","kizpj9q","2","false","kizpj9q > kizqd9y > kj1ot9s","0a17b7066b9b3667","","","false","false","","7","7","0","0","1","1705935305.0","2024-01-22T14:55:05+00:00","false","False","","false","false","true","false","The antiplanner by Dani Donovan is quite helpful for me :) She has ADHD, and created the antiplanner specifically because planners don't work.","The antiplanner by Dani Donovan is quite helpful for me :) She has ADHD, and created the antiplanner specifically because planners don't work.","142","23","Ugh totally agree that most are ACTUALLY gauged more for NTs. What do you add to yours in your “create your own” kinds that work better for the ND mind? Edit: Clarity","Because most of these « ADHD planners” or “ADHD tips” work for neurotypical people and not neurodivergent people so Create your own planner or reminders","","false","false","planner | planners | plan","adhd","","mentions_pain_or_friction | mentions_planner_or_system","35","[THREAD_TITLE]
I have seen so many “ADHD planners” that just DON’T HELP. What are some things/features YOU would love to see incorporated that would actually benefit you?

[THREAD_BODY]
So tired of seeing these products that claim to be sooo helpful with managing ADHD specific issues that just… aren’t. Have any of you found any that DO? Which aspect(s) of them make the biggest improvement in your life and how?

[ROOT_COMMENT_CONTEXT]
Because most of these « ADHD planners” or “ADHD tips” work for neurotypical people and not neurodivergent people so Create your own planner or reminders

[PARENT_COMMENT_CONTEXT]
Ugh totally agree that most are ACTUALLY gauged more for NTs. What do you add to yours in your “create your own” kinds that work better for the ND mind? Edit: Clarity

[CURRENT_RECORD]
The antiplanner by Dani Donovan is quite helpful for me :) She has ADHD, and created the antiplanner specifically because planners don't work."
"/mnt/data/reddit_input_test/reddit-adhdwomen-i_have_seen_so_many_adhd_planners_that_just_dont(1).json","reddit-adhdwomen-i_have_seen_so_many_adhd_planners_that_just_dont(1)","19cluwh","t3_19cluwh","https://www.reddit.com/r/adhdwomen/comments/19cluwh/i_have_seen_so_many_adhd_planners_that_just_dont/","adhdwomen","r/adhdwomen","I have seen so many “ADHD planners” that just DON’T HELP. What are some things/features YOU would love to see incorporated that would actually benefit you?","So tired of seeing these products that claim to be sooo helpful with managing ADHD specific issues that just… aren’t. Have any of you found any that DO? Which aspect(s) of them make the biggest improvement in your life and how?","Cleaning, Organizing, Decluttering","1705893416.0","2024-01-22T03:16:56+00:00","108","108","0.95","153","9dc178c3d77e3d62","","reddit-adhdwomen-i_have_seen_so_many_adhd_planners_that_just_dont(1):comment:m95btmd","comment","m95btmd","t1_m95btmd","https://www.reddit.com/r/adhdwomen/comments/19cluwh/i_have_seen_so_many_adhd_planners_that_just_dont/m95btmd/","/r/adhdwomen/comments/19cluwh/i_have_seen_so_many_adhd_planners_that_just_dont/m95btmd/","t1_kj1ot9s","comment","kj1ot9s","kizpj9q","3","false","kizpj9q > kizqd9y > kj1ot9s > m95btmd","09f4e1a27c14904d","","","false","false","","1","1","0","0","0","1737836057.0","2025-01-25T20:14:17+00:00","false","False","","false","false","true","false","I love her Antiplanner, but really wish it was digital","I love her Antiplanner, but really wish it was digital","54","10","The antiplanner by Dani Donovan is quite helpful for me :) She has ADHD, and created the antiplanner specifically because planners don't work.","Because most of these « ADHD planners” or “ADHD tips” work for neurotypical people and not neurodivergent people so Create your own planner or reminders","","false","true","planner | plan","","","mentions_planner_or_system | mentions_working_solution_or_recommendation","16","[THREAD_TITLE]
I have seen so many “ADHD planners” that just DON’T HELP. What are some things/features YOU would love to see incorporated that would actually benefit you?

[THREAD_BODY]
So tired of seeing these products that claim to be sooo helpful with managing ADHD specific issues that just… aren’t. Have any of you found any that DO? Which aspect(s) of them make the biggest improvement in your life and how?

[ROOT_COMMENT_CONTEXT]
Because most of these « ADHD planners” or “ADHD tips” work for neurotypical people and not neurodivergent people so Create your own planner or reminders

[PARENT_COMMENT_CONTEXT]
The antiplanner by Dani Donovan is quite helpful for me :) She has ADHD, and created the antiplanner specifically because planners don't work.

[CURRENT_RECORD]
I love her Antiplanner, but really wish it was digital"
"/mnt/data/reddit_input_test/reddit-adhdwomen-i_have_seen_so_many_adhd_planners_that_just_dont(1).json","reddit-adhdwomen-i_have_seen_so_many_adhd_planners_that_just_dont(1)","19cluwh","t3_19cluwh","https://www.reddit.com/r/adhdwomen/comments/19cluwh/i_have_seen_so_many_adhd_planners_that_just_dont/","adhdwomen","r/adhdwomen","I have seen so many “ADHD planners” that just DON’T HELP. What are some things/features YOU would love to see incorporated that would actually benefit you?","So tired of seeing these products that claim to be sooo helpful with managing ADHD specific issues that just… aren’t. Have any of you found any that DO? Which aspect(s) of them make the biggest improvement in your life and how?","Cleaning, Organizing, Decluttering","1705893416.0","2024-01-22T03:16:56+00:00","108","108","0.95","153","9dc178c3d77e3d62","","reddit-adhdwomen-i_have_seen_so_many_adhd_planners_that_just_dont(1):comment:kj0ila3","comment","kj0ila3","t1_kj0ila3","https://www.reddit.com/r/adhdwomen/comments/19cluwh/i_have_seen_so_many_adhd_planners_that_just_dont/kj0ila3/","/r/adhdwomen/comments/19cluwh/i_have_seen_so_many_adhd_planners_that_just_dont/kj0ila3/","t3_19cluwh","post","","kj0ila3","0","true","kj0ila3","e2c6fa7a88c866f5","","","false","false","","28","28","0","0","3","1705910425.0","2024-01-22T08:00:25+00:00","false","False","","false","false","true","false","imo ADHDers are too varied to really definitively point to one planner solution that works for all of us. If someone made an adhd-friendly planner it would almost immediately turn into a meme the same way normal planners are because people would switch from “have you tried a planner” to “have you tried The Adhd Planner” and all the ADHDers that don’t vibe with it would just mock it incessantly or call it neurotypical or whatever What I would love to see would be more instructions for designing your own system - more encouragement to do trial and error, more directions for troubleshooting when things aren’t working out. And more support for folks who thrive on novelty and need to lean into the “switch it up” route. (Oh maybe an app that keeps all your appointments and stuff but changes layout once every two weeks or something? Some folks would find that helpful for sure) Anyways for me personally I need like, multiple lists. There are the fast-moving daily lists and the slower master lists I only check once every month or two. I’m in the habit of planning week by week so right now I’m using an app called Elisi that suits how I’m already planning tasks. At work I use OneNote to manually create weekly lists. Just absolute piles and piles of lists for me lol.","imo ADHDers are too varied to really definitively point to one planner solution that works for all of us. If someone made an adhd-friendly planner it would almost immediately turn into a meme the same way normal planners are because people would switch from “have you tried a pla…","1275","228","","","","true","true","planner | planners | plan | planning | app | to do | weekly | daily","adhd | novelty | tasks","layout | appointments | weekly | daily | change","contains_question | long_form_comment | mentions_feature_or_solution | mentions_pain_or_friction | mentions_planner_or_system | mentions_working_solution_or_recommendation | novelty_or_format_change_signal","100","[THREAD_TITLE]
I have seen so many “ADHD planners” that just DON’T HELP. What are some things/features YOU would love to see incorporated that would actually benefit you?

[THREAD_BODY]
So tired of seeing these products that claim to be sooo helpful with managing ADHD specific issues that just… aren’t. Have any of you found any that DO? Which aspect(s) of them make the biggest improvement in your life and how?

[CURRENT_RECORD]
imo ADHDers are too varied to really definitively point to one planner solution that works for all of us. If someone made an adhd-friendly planner it would almost immediately turn into a meme the same way normal planners are because people would switch from “have you tried a planner” to “have you tried The Adhd Planner” and all the ADHDers that don’t vibe with it would just mock it incessantly or call it neurotypical or whatever What I would love to see would be more instructions for designing your own system - more encouragement to do trial and error, more directions for troubleshooting when things aren’t working out. And more support for folks who thrive on novelty and need to lean into the “switch it up” route. (Oh maybe an app that keeps all your appointments and stuff but changes layout once every two weeks or something? Some folks would find that helpful for sure) Anyways for me personally I need like, multiple lists. There are the fast-moving daily lists and the slower master lists I only check once every month or two. I’m in the habit of planning week by week so right now I’m using an app called Elisi that suits how I’m already planning tasks. At work I use OneNote to manually create weekly lists. Just absolute piles and piles of lists for me lol."
"/mnt/data/reddit_input_test/reddit-adhdwomen-i_have_seen_so_many_adhd_planners_that_just_dont(1).json","reddit-adhdwomen-i_have_seen_so_many_adhd_planners_that_just_dont(1)","19cluwh","t3_19cluwh","https://www.reddit.com/r/adhdwomen/comments/19cluwh/i_have_seen_so_many_adhd_planners_that_just_dont/","adhdwomen","r/adhdwomen","I have seen so many “ADHD planners” that just DON’T HELP. What are some things/features YOU would love to see incorporated that would actually benefit you?","So tired of seeing these products that claim to be sooo helpful with managing ADHD specific issues that just… aren’t. Have any of you found any that DO? Which aspect(s) of them make the biggest improvement in your life and how?","Cleaning, Organizing, Decluttering","1705893416.0","2024-01-22T03:16:56+00:00","108","108","0.95","153","9dc178c3d77e3d62","","reddit-adhdwomen-i_have_seen_so_many_adhd_planners_that_just_dont(1):comment:kj0mkh0","comment","kj0mkh0","t1_kj0mkh0","https://www.reddit.com/r/adhdwomen/comments/19cluwh/i_have_seen_so_many_adhd_planners_that_just_dont/kj0mkh0/","/r/adhdwomen/comments/19cluwh/i_have_seen_so_many_adhd_planners_that_just_dont/kj0mkh0/","t1_kj0ila3","comment","kj0ila3","kj0ila3","1","false","kj0ila3 > kj0mkh0","47079f1b1d626258","","","false","false","","4","4","0","0","0","1705913357.0","2024-01-22T08:49:17+00:00","false","False","","false","false","true","false","Yep, same here! I have lists upon lists upon lists! But it works for me!","Yep, same here! I have lists upon lists upon lists! But it works for me!","72","15","imo ADHDers are too varied to really definitively point to one planner solution that works for all of us. If someone made an adhd-friendly planner it would almost immediately turn into a meme the same way normal planners are because people would switch from “have you tried a planner” to “have you tried The Adhd Planner” and all the ADHDers that don’t vibe with it would just mock it incessantly or call it neurotypical or whatever What I would love to see would be more instructions for designing your own system - more encouragement to do trial and error, more directions for troubleshooting when things aren’t working out. And more support for folks who thrive on novelty and need to lean into t…","imo ADHDers are too varied to really definitively point to one planner solution that works for all of us. If someone made an adhd-friendly planner it would almost immediately turn into a meme the same way normal planners are because people would switch from “have you tried a planner” to “have you tried The Adhd Planner” and all the ADHDers that don’t vibe with it would just mock it incessantly or call it neurotypical or whatever What I would love to see would be more instructions for designing your own system - more encouragement to do trial and error, more directions for troubleshooting when things aren’t working out. And more support for folks who thrive on novelty and need to lean into t…","","false","true","","","","mentions_working_solution_or_recommendation","8","[THREAD_TITLE]
I have seen so many “ADHD planners” that just DON’T HELP. What are some things/features YOU would love to see incorporated that would actually benefit you?

[THREAD_BODY]
So tired of seeing these products that claim to be sooo helpful with managing ADHD specific issues that just… aren’t. Have any of you found any that DO? Which aspect(s) of them make the biggest improvement in your life and how?

[PARENT_COMMENT_CONTEXT]
imo ADHDers are too varied to really definitively point to one planner solution that works for all of us. If someone made an adhd-friendly planner it would almost immediately turn into a meme the same way normal planners are because people would switch from “have you tried a planner” to “have you tried The Adhd Planner” and all the ADHDers that don’t vibe with it would just mock it incessantly or call it neurotypical or whatever What I would love to see would be more instructions for designing your own system - more encouragement to do trial and error, more directions for troubleshooting when things aren’t working out. And more support for folks who thrive on novelty and need to lean into t…

[CURRENT_RECORD]
Yep, same here! I have lists upon lists upon lists! But it works for me!"
"/mnt/data/reddit_input_test/reddit-adhdwomen-i_have_seen_so_many_adhd_planners_that_just_dont(1).json","reddit-adhdwomen-i_have_seen_so_many_adhd_planners_that_just_dont(1)","19cluwh","t3_19cluwh","https://www.reddit.com/r/adhdwomen/comments/19cluwh/i_have_seen_so_many_adhd_planners_that_just_dont/","adhdwomen","r/adhdwomen","I have seen so many “ADHD planners” that just DON’T HELP. What are some things/features YOU would love to see incorporated that would actually benefit you?","So tired of seeing these products that claim to be sooo helpful with managing ADHD specific issues that just… aren’t. Have any of you found any that DO? Which aspect(s) of them make the biggest improvement in your life and how?","Cleaning, Organizing, Decluttering","1705893416.0","2024-01-22T03:16:56+00:00","108","108","0.95","153","9dc178c3d77e3d62","","reddit-adhdwomen-i_have_seen_so_many_adhd_planners_that_just_dont(1):comment:kj205ze","comment","kj205ze","t1_kj205ze","https://www.reddit.com/r/adhdwomen/comments/19cluwh/i_have_seen_so_many_adhd_planners_that_just_dont/kj205ze/","/r/adhdwomen/comments/19cluwh/i_have_seen_so_many_adhd_planners_that_just_dont/kj205ze/","t1_kj0ila3","comment","kj0ila3","kj0ila3","1","false","kj0ila3 > kj205ze","fcb17259c7630ae2","","","false","false","","3","3","0","0","0","1705939418.0","2024-01-22T16:03:38+00:00","false","False","","false","false","true","false","I use an app called “Things” for my multitude of lists!","I use an app called “Things” for my multitude of lists!","55","11","imo ADHDers are too varied to really definitively point to one planner solution that works for all of us. If someone made an adhd-friendly planner it would almost immediately turn into a meme the same way normal planners are because people would switch from “have you tried a planner” to “have you tried The Adhd Planner” and all the ADHDers that don’t vibe with it would just mock it incessantly or call it neurotypical or whatever What I would love to see would be more instructions for designing your own system - more encouragement to do trial and error, more directions for troubleshooting when things aren’t working out. And more support for folks who thrive on novelty and need to lean into t…","imo ADHDers are too varied to really definitively point to one planner solution that works for all of us. If someone made an adhd-friendly planner it would almost immediately turn into a meme the same way normal planners are because people would switch from “have you tried a planner” to “have you tried The Adhd Planner” and all the ADHDers that don’t vibe with it would just mock it incessantly or call it neurotypical or whatever What I would love to see would be more instructions for designing your own system - more encouragement to do trial and error, more directions for troubleshooting when things aren’t working out. And more support for folks who thrive on novelty and need to lean into t…","","false","false","app","","","mentions_planner_or_system","4","[THREAD_TITLE]
I have seen so many “ADHD planners” that just DON’T HELP. What are some things/features YOU would love to see incorporated that would actually benefit you?

[THREAD_BODY]
So tired of seeing these products that claim to be sooo helpful with managing ADHD specific issues that just… aren’t. Have any of you found any that DO? Which aspect(s) of them make the biggest improvement in your life and how?

[PARENT_COMMENT_CONTEXT]
imo ADHDers are too varied to really definitively point to one planner solution that works for all of us. If someone made an adhd-friendly planner it would almost immediately turn into a meme the same way normal planners are because people would switch from “have you tried a planner” to “have you tried The Adhd Planner” and all the ADHDers that don’t vibe with it would just mock it incessantly or call it neurotypical or whatever What I would love to see would be more instructions for designing your own system - more encouragement to do trial and error, more directions for troubleshooting when things aren’t working out. And more support for folks who thrive on novelty and need to lean into t…

[CURRENT_RECORD]
I use an app called “Things” for my multitude of lists!"
"/mnt/data/reddit_input_test/reddit-adhdwomen-i_have_seen_so_many_adhd_planners_that_just_dont(1).json","reddit-adhdwomen-i_have_seen_so_many_adhd_planners_that_just_dont(1)","19cluwh","t3_19cluwh","https://www.reddit.com/r/adhdwomen/comments/19cluwh/i_have_seen_so_many_adhd_planners_that_just_dont/","adhdwomen","r/adhdwomen","I have seen so many “ADHD planners” that just DON’T HELP. What are some things/features YOU would love to see incorporated that would actually benefit you?","So tired of seeing these products that claim to be sooo helpful with managing ADHD specific issues that just… aren’t. Have any of you found any that DO? Which aspect(s) of them make the biggest improvement in your life and how?","Cleaning, Organizing, Decluttering","1705893416.0","2024-01-22T03:16:56+00:00","108","108","0.95","153","9dc178c3d77e3d62","","reddit-adhdwomen-i_have_seen_so_many_adhd_planners_that_just_dont(1):comment:lc4wxfw","comment","lc4wxfw","t1_lc4wxfw","https://www.reddit.com/r/adhdwomen/comments/19cluwh/i_have_seen_so_many_adhd_planners_that_just_dont/lc4wxfw/","/r/adhdwomen/comments/19cluwh/i_have_seen_so_many_adhd_planners_that_just_dont/lc4wxfw/","t1_kj0ila3","comment","kj0ila3","kj0ila3","1","false","kj0ila3 > lc4wxfw","fee70b60ff4ab4c7","","","false","false","","2","2","0","0","1","1720406752.0","2024-07-08T02:45:52+00:00","false","False","","false","false","true","false","my planner is designed to be picked up, put down, changed up and full of ADHD templates based on the actual research. The entire design is about not having shame cycles or spiralling into RSD. And it's lifetime so we're not time bound and then feel guilty for not using it. I think the prob is that people want a planner to be something magical, but in reality it will always require some level of putting/keeping it in front of you and actually using it when it works for you. I'm also a big believer it ebbs and flows though - like how we dip in and out of hyperfocus, maybe we're just meant to dip in and out of seasons of needing/not needing to plan. And also, no shame at all that some people just altogether aren't planner people. So many NTs aren't planner people too and that's so okay 🫶","my planner is designed to be picked up, put down, changed up and full of ADHD templates based on the actual research. The entire design is about not having shame cycles or spiralling into RSD. And it's lifetime so we're not time bound and then feel guilty for not using it. I thi…","795","152","imo ADHDers are too varied to really definitively point to one planner solution that works for all of us. If someone made an adhd-friendly planner it would almost immediately turn into a meme the same way normal planners are because people would switch from “have you tried a planner” to “have you tried The Adhd Planner” and all the ADHDers that don’t vibe with it would just mock it incessantly or call it neurotypical or whatever What I would love to see would be more instructions for designing your own system - more encouragement to do trial and error, more directions for troubleshooting when things aren’t working out. And more support for folks who thrive on novelty and need to lean into t…","imo ADHDers are too varied to really definitively point to one planner solution that works for all of us. If someone made an adhd-friendly planner it would almost immediately turn into a meme the same way normal planners are because people would switch from “have you tried a planner” to “have you tried The Adhd Planner” and all the ADHDers that don’t vibe with it would just mock it incessantly or call it neurotypical or whatever What I would love to see would be more instructions for designing your own system - more encouragement to do trial and error, more directions for troubleshooting when things aren’t working out. And more support for folks who thrive on novelty and need to lean into t…","","false","false","planner | plan | template | templates","adhd | guilt | guilty | shame | time","change","forgetfulness_or_time_signal | guilt_or_shame_signal | long_form_comment | mentions_feature_or_solution | mentions_pain_or_friction | mentions_planner_or_system | printable_modular_system_signal","90","[THREAD_TITLE]
I have seen so many “ADHD planners” that just DON’T HELP. What are some things/features YOU would love to see incorporated that would actually benefit you?

[THREAD_BODY]
So tired of seeing these products that claim to be sooo helpful with managing ADHD specific issues that just… aren’t. Have any of you found any that DO? Which aspect(s) of them make the biggest improvement in your life and how?

[PARENT_COMMENT_CONTEXT]
imo ADHDers are too varied to really definitively point to one planner solution that works for all of us. If someone made an adhd-friendly planner it would almost immediately turn into a meme the same way normal planners are because people would switch from “have you tried a planner” to “have you tried The Adhd Planner” and all the ADHDers that don’t vibe with it would just mock it incessantly or call it neurotypical or whatever What I would love to see would be more instructions for designing your own system - more encouragement to do trial and error, more directions for troubleshooting when things aren’t working out. And more support for folks who thrive on novelty and need to lean into t…

[CURRENT_RECORD]
my planner is designed to be picked up, put down, changed up and full of ADHD templates based on the actual research. The entire design is about not having shame cycles or spiralling into RSD. And it's lifetime so we're not time bound and then feel guilty for not using it. I think the prob is that people want a planner to be something magical, but in reality it will always require some level of putting/keeping it in front of you and actually using it when it works for you. I'm also a big believer it ebbs and flows though - like how we dip in and out of hyperfocus, maybe we're just meant to dip in and out of seasons of needing/not needing to plan. And also, no shame at all that some people just altogether aren't planner people. So many NTs aren't planner people too and that's so okay 🫶"
"/mnt/data/reddit_input_test/reddit-adhdwomen-i_have_seen_so_many_adhd_planners_that_just_dont(1).json","reddit-adhdwomen-i_have_seen_so_many_adhd_planners_that_just_dont(1)","19cluwh","t3_19cluwh","https://www.reddit.com/r/adhdwomen/comments/19cluwh/i_have_seen_so_many_adhd_planners_that_just_dont/","adhdwomen","r/adhdwomen","I have seen so many “ADHD planners” that just DON’T HELP. What are some things/features YOU would love to see incorporated that would actually benefit you?","So tired of seeing these products that claim to be sooo helpful with managing ADHD specific issues that just… aren’t. Have any of you found any that DO? Which aspect(s) of them make the biggest improvement in your life and how?","Cleaning, Organizing, Decluttering","1705893416.0","2024-01-22T03:16:56+00:00","108","108","0.95","153","9dc178c3d77e3d62","","reddit-adhdwomen-i_have_seen_so_many_adhd_planners_that_just_dont(1):comment:m73ow8x","comment","m73ow8x","t1_m73ow8x","https://www.reddit.com/r/adhdwomen/comments/19cluwh/i_have_seen_so_many_adhd_planners_that_just_dont/m73ow8x/","/r/adhdwomen/comments/19cluwh/i_have_seen_so_many_adhd_planners_that_just_dont/m73ow8x/","t1_lc4wxfw","comment","lc4wxfw","kj0ila3","2","false","kj0ila3 > lc4wxfw > m73ow8x","9e54ba01eac2bae3","","","false","false","","1","1","0","0","1","1736865252.0","2025-01-14T14:34:12+00:00","false","False","","false","false","true","false","I bought your planner in digital and printable format. It has been so incredibly helpful for me as ADHD parent of neurodivergent kids. The ability to just pick it up and start using it again when I need it without the shame of having to find my spot because I haven't used it in the past month or so is so great. I've been using it for about two and a half years now!","I bought your planner in digital and printable format. It has been so incredibly helpful for me as ADHD parent of neurodivergent kids. The ability to just pick it up and start using it again when I need it without the shame of having to find my spot because I haven't used it in…","367","74","my planner is designed to be picked up, put down, changed up and full of ADHD templates based on the actual research. The entire design is about not having shame cycles or spiralling into RSD. And it's lifetime so we're not time bound and then feel guilty for not using it. I think the prob is that people want a planner to be something magical, but in reality it will always require some level of putting/keeping it in front of you and actually using it when it works for you. I'm also a big believer it ebbs and flows though - like how we dip in and out of hyperfocus, maybe we're just meant to dip in and out of seasons of needing/not needing to plan. And also, no shame at all that some people j…","imo ADHDers are too varied to really definitively point to one planner solution that works for all of us. If someone made an adhd-friendly planner it would almost immediately turn into a meme the same way normal planners are because people would switch from “have you tried a planner” to “have you tried The Adhd Planner” and all the ADHDers that don’t vibe with it would just mock it incessantly or call it neurotypical or whatever What I would love to see would be more instructions for designing your own system - more encouragement to do trial and error, more directions for troubleshooting when things aren’t working out. And more support for folks who thrive on novelty and need to lean into t…","","false","true","planner | plan | printable","adhd | shame","print | printable","guilt_or_shame_signal | mentions_feature_or_solution | mentions_pain_or_friction | mentions_planner_or_system | mentions_working_solution_or_recommendation | printable_modular_system_signal","65","[THREAD_TITLE]
I have seen so many “ADHD planners” that just DON’T HELP. What are some things/features YOU would love to see incorporated that would actually benefit you?

[THREAD_BODY]
So tired of seeing these products that claim to be sooo helpful with managing ADHD specific issues that just… aren’t. Have any of you found any that DO? Which aspect(s) of them make the biggest improvement in your life and how?

[ROOT_COMMENT_CONTEXT]
imo ADHDers are too varied to really definitively point to one planner solution that works for all of us. If someone made an adhd-friendly planner it would almost immediately turn into a meme the same way normal planners are because people would switch from “have you tried a planner” to “have you tried The Adhd Planner” and all the ADHDers that don’t vibe with it would just mock it incessantly or call it neurotypical or whatever What I would love to see would be more instructions for designing your own system - more encouragement to do trial and error, more directions for troubleshooting when things aren’t working out. And more support for folks who thrive on novelty and need to lean into t…

[PARENT_COMMENT_CONTEXT]
my planner is designed to be picked up, put down, changed up and full of ADHD templates based on the actual research. The entire design is about not having shame cycles or spiralling into RSD. And it's lifetime so we're not time bound and then feel guilty for not using it. I think the prob is that people want a planner to be something magical, but in reality it will always require some level of putting/keeping it in front of you and actually using it when it works for you. I'm also a big believer it ebbs and flows though - like how we dip in and out of hyperfocus, maybe we're just meant to dip in and out of seasons of needing/not needing to plan. And also, no shame at all that some people j…

[CURRENT_RECORD]
I bought your planner in digital and printable format. It has been so incredibly helpful for me as ADHD parent of neurodivergent kids. The ability to just pick it up and start using it again when I need it without the shame of having to find my spot because I haven't used it in the past month or so is so great. I've been using it for about two and a half years now!"
"/mnt/data/reddit_input_test/reddit-adhdwomen-i_have_seen_so_many_adhd_planners_that_just_dont(1).json","reddit-adhdwomen-i_have_seen_so_many_adhd_planners_that_just_dont(1)","19cluwh","t3_19cluwh","https://www.reddit.com/r/adhdwomen/comments/19cluwh/i_have_seen_so_many_adhd_planners_that_just_dont/","adhdwomen","r/adhdwomen","I have seen so many “ADHD planners” that just DON’T HELP. What are some things/features YOU would love to see incorporated that would actually benefit you?","So tired of seeing these products that claim to be sooo helpful with managing ADHD specific issues that just… aren’t. Have any of you found any that DO? Which aspect(s) of them make the biggest improvement in your life and how?","Cleaning, Organizing, Decluttering","1705893416.0","2024-01-22T03:16:56+00:00","108","108","0.95","153","9dc178c3d77e3d62","","reddit-adhdwomen-i_have_seen_so_many_adhd_planners_that_just_dont(1):comment:meiwdh4","comment","meiwdh4","t1_meiwdh4","https://www.reddit.com/r/adhdwomen/comments/19cluwh/i_have_seen_so_many_adhd_planners_that_just_dont/meiwdh4/","/r/adhdwomen/comments/19cluwh/i_have_seen_so_many_adhd_planners_that_just_dont/meiwdh4/","t1_m73ow8x","comment","m73ow8x","kj0ila3","3","false","kj0ila3 > lc4wxfw > m73ow8x > meiwdh4","fee70b60ff4ab4c7","","","false","false","","1","1","0","0","0","1740408463.0","2025-02-24T14:47:43+00:00","false","False","","false","false","true","false","Amazing! So happy for you ❤️❤️❤️","Amazing! So happy for you ❤️❤️❤️","32","6","I bought your planner in digital and printable format. It has been so incredibly helpful for me as ADHD parent of neurodivergent kids. The ability to just pick it up and start using it again when I need it without the shame of having to find my spot because I haven't used it in the past month or so is so great. I've been using it for about two and a half years now!","imo ADHDers are too varied to really definitively point to one planner solution that works for all of us. If someone made an adhd-friendly planner it would almost immediately turn into a meme the same way normal planners are because people would switch from “have you tried a planner” to “have you tried The Adhd Planner” and all the ADHDers that don’t vibe with it would just mock it incessantly or call it neurotypical or whatever What I would love to see would be more instructions for designing your own system - more encouragement to do trial and error, more directions for troubleshooting when things aren’t working out. And more support for folks who thrive on novelty and need to lean into t…","","false","false","app","","","mentions_planner_or_system","4","[THREAD_TITLE]
I have seen so many “ADHD planners” that just DON’T HELP. What are some things/features YOU would love to see incorporated that would actually benefit you?

[THREAD_BODY]
So tired of seeing these products that claim to be sooo helpful with managing ADHD specific issues that just… aren’t. Have any of you found any that DO? Which aspect(s) of them make the biggest improvement in your life and how?

[ROOT_COMMENT_CONTEXT]
imo ADHDers are too varied to really definitively point to one planner solution that works for all of us. If someone made an adhd-friendly planner it would almost immediately turn into a meme the same way normal planners are because people would switch from “have you tried a planner” to “have you tried The Adhd Planner” and all the ADHDers that don’t vibe with it would just mock it incessantly or call it neurotypical or whatever What I would love to see would be more instructions for designing your own system - more encouragement to do trial and error, more directions for troubleshooting when things aren’t working out. And more support for folks who thrive on novelty and need to lean into t…

[PARENT_COMMENT_CONTEXT]
I bought your planner in digital and printable format. It has been so incredibly helpful for me as ADHD parent of neurodivergent kids. The ability to just pick it up and start using it again when I need it without the shame of having to find my spot because I haven't used it in the past month or so is so great. I've been using it for about two and a half years now!

[CURRENT_RECORD]
Amazing! So happy for you ❤️❤️❤️"
"/mnt/data/reddit_input_test/reddit-adhdwomen-i_have_seen_so_many_adhd_planners_that_just_dont(1).json","reddit-adhdwomen-i_have_seen_so_many_adhd_planners_that_just_dont(1)","19cluwh","t3_19cluwh","https://www.reddit.com/r/adhdwomen/comments/19cluwh/i_have_seen_so_many_adhd_planners_that_just_dont/","adhdwomen","r/adhdwomen","I have seen so many “ADHD planners” that just DON’T HELP. What are some things/features YOU would love to see incorporated that would actually benefit you?","So tired of seeing these products that claim to be sooo helpful with managing ADHD specific issues that just… aren’t. Have any of you found any that DO? Which aspect(s) of them make the biggest improvement in your life and how?","Cleaning, Organizing, Decluttering","1705893416.0","2024-01-22T03:16:56+00:00","108","108","0.95","153","9dc178c3d77e3d62","","reddit-adhdwomen-i_have_seen_so_many_adhd_planners_that_just_dont(1):comment:kj08ea2","comment","kj08ea2","t1_kj08ea2","https://www.reddit.com/r/adhdwomen/comments/19cluwh/i_have_seen_so_many_adhd_planners_that_just_dont/kj08ea2/","/r/adhdwomen/comments/19cluwh/i_have_seen_so_many_adhd_planners_that_just_dont/kj08ea2/","t3_19cluwh","post","","kj08ea2","0","true","kj08ea2","4d6ee1b26e6fabdb","","","false","false","","46","46","0","0","5","1705903684.0","2024-01-22T06:08:04+00:00","false","False","","false","false","true","false","I do bullet journaling - not the elaborate ones, but the types of spreads that are mostly just text. I might add stickers or doodle in a corner but that’s it.","I do bullet journaling - not the elaborate ones, but the types of spreads that are mostly just text. I might add stickers or doodle in a corner but that’s it.","158","31","","","","false","false","bullet journal | journal","","","mentions_planner_or_system","35","[THREAD_TITLE]
I have seen so many “ADHD planners” that just DON’T HELP. What are some things/features YOU would love to see incorporated that would actually benefit you?

[THREAD_BODY]
So tired of seeing these products that claim to be sooo helpful with managing ADHD specific issues that just… aren’t. Have any of you found any that DO? Which aspect(s) of them make the biggest improvement in your life and how?

[CURRENT_RECORD]
I do bullet journaling - not the elaborate ones, but the types of spreads that are mostly just text. I might add stickers or doodle in a corner but that’s it."
"/mnt/data/reddit_input_test/reddit-adhdwomen-i_have_seen_so_many_adhd_planners_that_just_dont(1).json","reddit-adhdwomen-i_have_seen_so_many_adhd_planners_that_just_dont(1)","19cluwh","t3_19cluwh","https://www.reddit.com/r/adhdwomen/comments/19cluwh/i_have_seen_so_many_adhd_planners_that_just_dont/","adhdwomen","r/adhdwomen","I have seen so many “ADHD planners” that just DON’T HELP. What are some things/features YOU would love to see incorporated that would actually benefit you?","So tired of seeing these products that claim to be sooo helpful with managing ADHD specific issues that just… aren’t. Have any of you found any that DO? Which aspect(s) of them make the biggest improvement in your life and how?","Cleaning, Organizing, Decluttering","1705893416.0","2024-01-22T03:16:56+00:00","108","108","0.95","153","9dc178c3d77e3d62","","reddit-adhdwomen-i_have_seen_so_many_adhd_planners_that_just_dont(1):comment:kj0qtaf","comment","kj0qtaf","t1_kj0qtaf","https://www.reddit.com/r/adhdwomen/comments/19cluwh/i_have_seen_so_many_adhd_planners_that_just_dont/kj0qtaf/","/r/adhdwomen/comments/19cluwh/i_have_seen_so_many_adhd_planners_that_just_dont/kj0qtaf/","t1_kj08ea2","comment","kj08ea2","kj08ea2","1","false","kj08ea2 > kj0qtaf","6aff0de18e3e6a5a","","","false","false","","35","35","0","0","2","1705916600.0","2024-01-22T09:43:20+00:00","false","False","","false","false","true","false","I do this. I have ONE BOOK. That lives ON MY DESK. And is OPEN. (Right now it's propped up on a cook book stand because I have other paperwork out but I can still see it). There are no fancy spreads I just write a nice title for the day in one of my brush markers and then make to do lists and reminders. Anything actually time sensitive for the future goes in my Google calendar so my phone bleeps at me (or my husband reminds me). Any kind of planner with written dates or pre planned spreads is a no go for me. I kept a fancy schmancy bullet journal with monthly spreads and weekly spreads and trackers and themes going for a couple of years but it definitely got very sparse towards the end and just felt like something else I was failing at. Can't fail at my notebook.","I do this. I have ONE BOOK. That lives ON MY DESK. And is OPEN. (Right now it's propped up on a cook book stand because I have other paperwork out but I can still see it). There are no fancy spreads I just write a nice title for the day in one of my brush markers and then make t…","773","152","I do bullet journaling - not the elaborate ones, but the types of spreads that are mostly just text. I might add stickers or doodle in a corner but that’s it.","I do bullet journaling - not the elaborate ones, but the types of spreads that are mostly just text. I might add stickers or doodle in a corner but that’s it.","","false","false","planner | plan | calendar | bullet journal | journal | to do | tracker | weekly | monthly","time","reminder | reminders | weekly | monthly","forgetfulness_or_time_signal | long_form_comment | mentions_feature_or_solution | mentions_pain_or_friction | mentions_planner_or_system","82","[THREAD_TITLE]
I have seen so many “ADHD planners” that just DON’T HELP. What are some things/features YOU would love to see incorporated that would actually benefit you?

[THREAD_BODY]
So tired of seeing these products that claim to be sooo helpful with managing ADHD specific issues that just… aren’t. Have any of you found any that DO? Which aspect(s) of them make the biggest improvement in your life and how?

[PARENT_COMMENT_CONTEXT]
I do bullet journaling - not the elaborate ones, but the types of spreads that are mostly just text. I might add stickers or doodle in a corner but that’s it.

[CURRENT_RECORD]
I do this. I have ONE BOOK. That lives ON MY DESK. And is OPEN. (Right now it's propped up on a cook book stand because I have other paperwork out but I can still see it). There are no fancy spreads I just write a nice title for the day in one of my brush markers and then make to do lists and reminders. Anything actually time sensitive for the future goes in my Google calendar so my phone bleeps at me (or my husband reminds me). Any kind of planner with written dates or pre planned spreads is a no go for me. I kept a fancy schmancy bullet journal with monthly spreads and weekly spreads and trackers and themes going for a couple of years but it definitely got very sparse towards the end and just felt like something else I was failing at. Can't fail at my notebook."
"/mnt/data/reddit_input_test/reddit-adhdwomen-i_have_seen_so_many_adhd_planners_that_just_dont(1).json","reddit-adhdwomen-i_have_seen_so_many_adhd_planners_that_just_dont(1)","19cluwh","t3_19cluwh","https://www.reddit.com/r/adhdwomen/comments/19cluwh/i_have_seen_so_many_adhd_planners_that_just_dont/","adhdwomen","r/adhdwomen","I have seen so many “ADHD planners” that just DON’T HELP. What are some things/features YOU would love to see incorporated that would actually benefit you?","So tired of seeing these products that claim to be sooo helpful with managing ADHD specific issues that just… aren’t. Have any of you found any that DO? Which aspect(s) of them make the biggest improvement in your life and how?","Cleaning, Organizing, Decluttering","1705893416.0","2024-01-22T03:16:56+00:00","108","108","0.95","153","9dc178c3d77e3d62","","reddit-adhdwomen-i_have_seen_so_many_adhd_planners_that_just_dont(1):comment:kj1gbtx","comment","kj1gbtx","t1_kj1gbtx","https://www.reddit.com/r/adhdwomen/comments/19cluwh/i_have_seen_so_many_adhd_planners_that_just_dont/kj1gbtx/","/r/adhdwomen/comments/19cluwh/i_have_seen_so_many_adhd_planners_that_just_dont/kj1gbtx/","t1_kj0qtaf","comment","kj0qtaf","kj08ea2","2","false","kj08ea2 > kj0qtaf > kj1gbtx","a1d29f7992e01233","","","false","false","","3","3","0","0","1","1705931849.0","2024-01-22T13:57:29+00:00","false","False","","false","false","true","false","This is my system too. I have OCD also so my tasks/to-dos have to be written in the same color ink as everything else on the page. New page? That determines what color ink I use based on whatever pen is there when I write the first thing down.","This is my system too. I have OCD also so my tasks/to-dos have to be written in the same color ink as everything else on the page. New page? That determines what color ink I use based on whatever pen is there when I write the first thing down.","243","49","I do this. I have ONE BOOK. That lives ON MY DESK. And is OPEN. (Right now it's propped up on a cook book stand because I have other paperwork out but I can still see it). There are no fancy spreads I just write a nice title for the day in one of my brush markers and then make to do lists and reminders. Anything actually time sensitive for the future goes in my Google calendar so my phone bleeps at me (or my husband reminds me). Any kind of planner with written dates or pre planned spreads is a no go for me. I kept a fancy schmancy bullet journal with monthly spreads and weekly spreads and trackers and themes going for a couple of years but it definitely got very sparse towards the end and…","I do bullet journaling - not the elaborate ones, but the types of spreads that are mostly just text. I might add stickers or doodle in a corner but that’s it.","","true","false","to-do","tasks","color","contains_question | mentions_feature_or_solution | mentions_pain_or_friction | mentions_planner_or_system","26","[THREAD_TITLE]
I have seen so many “ADHD planners” that just DON’T HELP. What are some things/features YOU would love to see incorporated that would actually benefit you?

[THREAD_BODY]
So tired of seeing these products that claim to be sooo helpful with managing ADHD specific issues that just… aren’t. Have any of you found any that DO? Which aspect(s) of them make the biggest improvement in your life and how?

[ROOT_COMMENT_CONTEXT]
I do bullet journaling - not the elaborate ones, but the types of spreads that are mostly just text. I might add stickers or doodle in a corner but that’s it.

[PARENT_COMMENT_CONTEXT]
I do this. I have ONE BOOK. That lives ON MY DESK. And is OPEN. (Right now it's propped up on a cook book stand because I have other paperwork out but I can still see it). There are no fancy spreads I just write a nice title for the day in one of my brush markers and then make to do lists and reminders. Anything actually time sensitive for the future goes in my Google calendar so my phone bleeps at me (or my husband reminds me). Any kind of planner with written dates or pre planned spreads is a no go for me. I kept a fancy schmancy bullet journal with monthly spreads and weekly spreads and trackers and themes going for a couple of years but it definitely got very sparse towards the end and…

[CURRENT_RECORD]
This is my system too. I have OCD also so my tasks/to-dos have to be written in the same color ink as everything else on the page. New page? That determines what color ink I use based on whatever pen is there when I write the first thing down."
"/mnt/data/reddit_input_test/reddit-adhdwomen-i_have_seen_so_many_adhd_planners_that_just_dont(1).json","reddit-adhdwomen-i_have_seen_so_many_adhd_planners_that_just_dont(1)","19cluwh","t3_19cluwh","https://www.reddit.com/r/adhdwomen/comments/19cluwh/i_have_seen_so_many_adhd_planners_that_just_dont/","adhdwomen","r/adhdwomen","I have seen so many “ADHD planners” that just DON’T HELP. What are some things/features YOU would love to see incorporated that would actually benefit you?","So tired of seeing these products that claim to be sooo helpful with managing ADHD specific issues that just… aren’t. Have any of you found any that DO? Which aspect(s) of them make the biggest improvement in your life and how?","Cleaning, Organizing, Decluttering","1705893416.0","2024-01-22T03:16:56+00:00","108","108","0.95","153","9dc178c3d77e3d62","","reddit-adhdwomen-i_have_seen_so_many_adhd_planners_that_just_dont(1):comment:kj1h521","comment","kj1h521","t1_kj1h521","https://www.reddit.com/r/adhdwomen/comments/19cluwh/i_have_seen_so_many_adhd_planners_that_just_dont/kj1h521/","/r/adhdwomen/comments/19cluwh/i_have_seen_so_many_adhd_planners_that_just_dont/kj1h521/","t1_kj1gbtx","comment","kj1gbtx","kj08ea2","3","false","kj08ea2 > kj0qtaf > kj1gbtx > kj1h521","6aff0de18e3e6a5a","","","false","false","","5","5","0","0","1","1705932202.0","2024-01-22T14:03:22+00:00","false","False","","false","false","true","false","I have a rotating system of five colours that change every time I move to a new double page spread. Unfortunately the universe seems to hate orange and so my orange days appear to be cursed. I'd stop doing them but that would ruin the pattern so I have to put up with it until I get a new book.","I have a rotating system of five colours that change every time I move to a new double page spread. Unfortunately the universe seems to hate orange and so my orange days appear to be cursed. I'd stop doing them but that would ruin the pattern so I have to put up with it until I…","294","60","This is my system too. I have OCD also so my tasks/to-dos have to be written in the same color ink as everything else on the page. New page? That determines what color ink I use based on whatever pen is there when I write the first thing down.","I do bullet journaling - not the elaborate ones, but the types of spreads that are mostly just text. I might add stickers or doodle in a corner but that’s it.","","false","false","app","time","colour | change","forgetfulness_or_time_signal | mentions_feature_or_solution | mentions_pain_or_friction | mentions_planner_or_system | novelty_or_format_change_signal","43","[THREAD_TITLE]
I have seen so many “ADHD planners” that just DON’T HELP. What are some things/features YOU would love to see incorporated that would actually benefit you?

[THREAD_BODY]
So tired of seeing these products that claim to be sooo helpful with managing ADHD specific issues that just… aren’t. Have any of you found any that DO? Which aspect(s) of them make the biggest improvement in your life and how?

[ROOT_COMMENT_CONTEXT]
I do bullet journaling - not the elaborate ones, but the types of spreads that are mostly just text. I might add stickers or doodle in a corner but that’s it.

[PARENT_COMMENT_CONTEXT]
This is my system too. I have OCD also so my tasks/to-dos have to be written in the same color ink as everything else on the page. New page? That determines what color ink I use based on whatever pen is there when I write the first thing down.

[CURRENT_RECORD]
I have a rotating system of five colours that change every time I move to a new double page spread. Unfortunately the universe seems to hate orange and so my orange days appear to be cursed. I'd stop doing them but that would ruin the pattern so I have to put up with it until I get a new book."
"/mnt/data/reddit_input_test/reddit-adhdwomen-i_have_seen_so_many_adhd_planners_that_just_dont(1).json","reddit-adhdwomen-i_have_seen_so_many_adhd_planners_that_just_dont(1)","19cluwh","t3_19cluwh","https://www.reddit.com/r/adhdwomen/comments/19cluwh/i_have_seen_so_many_adhd_planners_that_just_dont/","adhdwomen","r/adhdwomen","I have seen so many “ADHD planners” that just DON’T HELP. What are some things/features YOU would love to see incorporated that would actually benefit you?","So tired of seeing these products that claim to be sooo helpful with managing ADHD specific issues that just… aren’t. Have any of you found any that DO? Which aspect(s) of them make the biggest improvement in your life and how?","Cleaning, Organizing, Decluttering","1705893416.0","2024-01-22T03:16:56+00:00","108","108","0.95","153","9dc178c3d77e3d62","","reddit-adhdwomen-i_have_seen_so_many_adhd_planners_that_just_dont(1):comment:kj1hi23","comment","kj1hi23","t1_kj1hi23","https://www.reddit.com/r/adhdwomen/comments/19cluwh/i_have_seen_so_many_adhd_planners_that_just_dont/kj1hi23/","/r/adhdwomen/comments/19cluwh/i_have_seen_so_many_adhd_planners_that_just_dont/kj1hi23/","t1_kj1h521","comment","kj1h521","kj08ea2","4","false","kj08ea2 > kj0qtaf > kj1gbtx > kj1h521 > kj1hi23","a1d29f7992e01233","","","false","false","","3","3","0","0","0","1705932357.0","2024-01-22T14:05:57+00:00","false","False","","false","false","true","false","I understand completely.","I understand completely.","24","3","I have a rotating system of five colours that change every time I move to a new double page spread. Unfortunately the universe seems to hate orange and so my orange days appear to be cursed. I'd stop doing them but that would ruin the pattern so I have to put up with it until I get a new book.","I do bullet journaling - not the elaborate ones, but the types of spreads that are mostly just text. I might add stickers or doodle in a corner but that’s it.","","false","false","","","","","0","[THREAD_TITLE]
I have seen so many “ADHD planners” that just DON’T HELP. What are some things/features YOU would love to see incorporated that would actually benefit you?

[THREAD_BODY]
So tired of seeing these products that claim to be sooo helpful with managing ADHD specific issues that just… aren’t. Have any of you found any that DO? Which aspect(s) of them make the biggest improvement in your life and how?

[ROOT_COMMENT_CONTEXT]
I do bullet journaling - not the elaborate ones, but the types of spreads that are mostly just text. I might add stickers or doodle in a corner but that’s it.

[PARENT_COMMENT_CONTEXT]
I have a rotating system of five colours that change every time I move to a new double page spread. Unfortunately the universe seems to hate orange and so my orange days appear to be cursed. I'd stop doing them but that would ruin the pattern so I have to put up with it until I get a new book.

[CURRENT_RECORD]
I understand completely."
"/mnt/data/reddit_input_test/reddit-adhdwomen-i_have_seen_so_many_adhd_planners_that_just_dont(1).json","reddit-adhdwomen-i_have_seen_so_many_adhd_planners_that_just_dont(1)","19cluwh","t3_19cluwh","https://www.reddit.com/r/adhdwomen/comments/19cluwh/i_have_seen_so_many_adhd_planners_that_just_dont/","adhdwomen","r/adhdwomen","I have seen so many “ADHD planners” that just DON’T HELP. What are some things/features YOU would love to see incorporated that would actually benefit you?","So tired of seeing these products that claim to be sooo helpful with managing ADHD specific issues that just… aren’t. Have any of you found any that DO? Which aspect(s) of them make the biggest improvement in your life and how?","Cleaning, Organizing, Decluttering","1705893416.0","2024-01-22T03:16:56+00:00","108","108","0.95","153","9dc178c3d77e3d62","","reddit-adhdwomen-i_have_seen_so_many_adhd_planners_that_just_dont(1):comment:kj1tx0y","comment","kj1tx0y","t1_kj1tx0y","https://www.reddit.com/r/adhdwomen/comments/19cluwh/i_have_seen_so_many_adhd_planners_that_just_dont/kj1tx0y/","/r/adhdwomen/comments/19cluwh/i_have_seen_so_many_adhd_planners_that_just_dont/kj1tx0y/","t1_kj0qtaf","comment","kj0qtaf","kj08ea2","2","false","kj08ea2 > kj0qtaf > kj1tx0y","4d6ee1b26e6fabdb","","","false","false","","1","1","0","0","1","1705937211.0","2024-01-22T15:26:51+00:00","false","False","","false","false","true","false","Yes - I use weekly spreads rather than daily but anything else I add is because I need it! So each year I have a couple of pages dedicated to Christmas gifts. I added a page to list all the stuff I need to do since my company changed health insurance providers. I will usually try to grab a hour to write my reflections at the end of each month. It’s all just what I want and need.","Yes - I use weekly spreads rather than daily but anything else I add is because I need it! So each year I have a couple of pages dedicated to Christmas gifts. I added a page to list all the stuff I need to do since my company changed health insurance providers. I will usually tr…","381","78","I do this. I have ONE BOOK. That lives ON MY DESK. And is OPEN. (Right now it's propped up on a cook book stand because I have other paperwork out but I can still see it). There are no fancy spreads I just write a nice title for the day in one of my brush markers and then make to do lists and reminders. Anything actually time sensitive for the future goes in my Google calendar so my phone bleeps at me (or my husband reminds me). Any kind of planner with written dates or pre planned spreads is a no go for me. I kept a fancy schmancy bullet journal with monthly spreads and weekly spreads and trackers and themes going for a couple of years but it definitely got very sparse towards the end and…","I do bullet journaling - not the elaborate ones, but the types of spreads that are mostly just text. I might add stickers or doodle in a corner but that’s it.","","false","false","to do | weekly | daily","","weekly | daily | change","mentions_feature_or_solution | mentions_planner_or_system","37","[THREAD_TITLE]
I have seen so many “ADHD planners” that just DON’T HELP. What are some things/features YOU would love to see incorporated that would actually benefit you?

[THREAD_BODY]
So tired of seeing these products that claim to be sooo helpful with managing ADHD specific issues that just… aren’t. Have any of you found any that DO? Which aspect(s) of them make the biggest improvement in your life and how?

[ROOT_COMMENT_CONTEXT]
I do bullet journaling - not the elaborate ones, but the types of spreads that are mostly just text. I might add stickers or doodle in a corner but that’s it.

[PARENT_COMMENT_CONTEXT]
I do this. I have ONE BOOK. That lives ON MY DESK. And is OPEN. (Right now it's propped up on a cook book stand because I have other paperwork out but I can still see it). There are no fancy spreads I just write a nice title for the day in one of my brush markers and then make to do lists and reminders. Anything actually time sensitive for the future goes in my Google calendar so my phone bleeps at me (or my husband reminds me). Any kind of planner with written dates or pre planned spreads is a no go for me. I kept a fancy schmancy bullet journal with monthly spreads and weekly spreads and trackers and themes going for a couple of years but it definitely got very sparse towards the end and…

[CURRENT_RECORD]
Yes - I use weekly spreads rather than daily but anything else I add is because I need it! So each year I have a couple of pages dedicated to Christmas gifts. I added a page to list all the stuff I need to do since my company changed health insurance providers. I will usually try to grab a hour to write my reflections at the end of each month. It’s all just what I want and need."
"/mnt/data/reddit_input_test/reddit-adhdwomen-i_have_seen_so_many_adhd_planners_that_just_dont(1).json","reddit-adhdwomen-i_have_seen_so_many_adhd_planners_that_just_dont(1)","19cluwh","t3_19cluwh","https://www.reddit.com/r/adhdwomen/comments/19cluwh/i_have_seen_so_many_adhd_planners_that_just_dont/","adhdwomen","r/adhdwomen","I have seen so many “ADHD planners” that just DON’T HELP. What are some things/features YOU would love to see incorporated that would actually benefit you?","So tired of seeing these products that claim to be sooo helpful with managing ADHD specific issues that just… aren’t. Have any of you found any that DO? Which aspect(s) of them make the biggest improvement in your life and how?","Cleaning, Organizing, Decluttering","1705893416.0","2024-01-22T03:16:56+00:00","108","108","0.95","153","9dc178c3d77e3d62","","reddit-adhdwomen-i_have_seen_so_many_adhd_planners_that_just_dont(1):comment:kj1ueyy","comment","kj1ueyy","t1_kj1ueyy","https://www.reddit.com/r/adhdwomen/comments/19cluwh/i_have_seen_so_many_adhd_planners_that_just_dont/kj1ueyy/","/r/adhdwomen/comments/19cluwh/i_have_seen_so_many_adhd_planners_that_just_dont/kj1ueyy/","t1_kj1tx0y","comment","kj1tx0y","kj08ea2","3","false","kj08ea2 > kj0qtaf > kj1tx0y > kj1ueyy","6aff0de18e3e6a5a","","","false","false","","1","1","0","0","0","1705937391.0","2024-01-22T15:29:51+00:00","false","False","","false","false","true","false","I love the flexibility, at the moment I'm in a really hectic period at work so I'm doing weekly overviews and then daily pages (because my to do list is over a page long every day so I need them). Then I'll go for weeks and weeks in the summer without writing anything down at all unless it's to do some journalling (or if I'm playing a video game that requires notes!)","I love the flexibility, at the moment I'm in a really hectic period at work so I'm doing weekly overviews and then daily pages (because my to do list is over a page long every day so I need them). Then I'll go for weeks and weeks in the summer without writing anything down at al…","369","72","Yes - I use weekly spreads rather than daily but anything else I add is because I need it! So each year I have a couple of pages dedicated to Christmas gifts. I added a page to list all the stuff I need to do since my company changed health insurance providers. I will usually try to grab a hour to write my reflections at the end of each month. It’s all just what I want and need.","I do bullet journaling - not the elaborate ones, but the types of spreads that are mostly just text. I might add stickers or doodle in a corner but that’s it.","","false","true","journal | to do | weekly | daily","","notes | weekly | daily | overview","mentions_feature_or_solution | mentions_planner_or_system | mentions_working_solution_or_recommendation","50","[THREAD_TITLE]
I have seen so many “ADHD planners” that just DON’T HELP. What are some things/features YOU would love to see incorporated that would actually benefit you?

[THREAD_BODY]
So tired of seeing these products that claim to be sooo helpful with managing ADHD specific issues that just… aren’t. Have any of you found any that DO? Which aspect(s) of them make the biggest improvement in your life and how?

[ROOT_COMMENT_CONTEXT]
I do bullet journaling - not the elaborate ones, but the types of spreads that are mostly just text. I might add stickers or doodle in a corner but that’s it.

[PARENT_COMMENT_CONTEXT]
Yes - I use weekly spreads rather than daily but anything else I add is because I need it! So each year I have a couple of pages dedicated to Christmas gifts. I added a page to list all the stuff I need to do since my company changed health insurance providers. I will usually try to grab a hour to write my reflections at the end of each month. It’s all just what I want and need.

[CURRENT_RECORD]
I love the flexibility, at the moment I'm in a really hectic period at work so I'm doing weekly overviews and then daily pages (because my to do list is over a page long every day so I need them). Then I'll go for weeks and weeks in the summer without writing anything down at all unless it's to do some journalling (or if I'm playing a video game that requires notes!)"
"/mnt/data/reddit_input_test/reddit-adhdwomen-i_have_seen_so_many_adhd_planners_that_just_dont(1).json","reddit-adhdwomen-i_have_seen_so_many_adhd_planners_that_just_dont(1)","19cluwh","t3_19cluwh","https://www.reddit.com/r/adhdwomen/comments/19cluwh/i_have_seen_so_many_adhd_planners_that_just_dont/","adhdwomen","r/adhdwomen","I have seen so many “ADHD planners” that just DON’T HELP. What are some things/features YOU would love to see incorporated that would actually benefit you?","So tired of seeing these products that claim to be sooo helpful with managing ADHD specific issues that just… aren’t. Have any of you found any that DO? Which aspect(s) of them make the biggest improvement in your life and how?","Cleaning, Organizing, Decluttering","1705893416.0","2024-01-22T03:16:56+00:00","108","108","0.95","153","9dc178c3d77e3d62","","reddit-adhdwomen-i_have_seen_so_many_adhd_planners_that_just_dont(1):comment:kj0lkzz","comment","kj0lkzz","t1_kj0lkzz","https://www.reddit.com/r/adhdwomen/comments/19cluwh/i_have_seen_so_many_adhd_planners_that_just_dont/kj0lkzz/","/r/adhdwomen/comments/19cluwh/i_have_seen_so_many_adhd_planners_that_just_dont/kj0lkzz/","t1_kj08ea2","comment","kj08ea2","kj08ea2","1","false","kj08ea2 > kj0lkzz","cdede92d65154c41","","","false","false","","8","8","0","0","1","1705912609.0","2024-01-22T08:36:49+00:00","false","False","","false","false","true","false","Yeah I like to just use a blank graph paper notebook. I’ll write lists, calendars, schedules, tables etc. as needed. I also prefer using whiteboards as planners cause I don’t have to carry them around or open them, they’re just there. I use a combo of writing with the markers and sticking post-it notes on so I came easily move the post-its around if I want","Yeah I like to just use a blank graph paper notebook. I’ll write lists, calendars, schedules, tables etc. as needed. I also prefer using whiteboards as planners cause I don’t have to carry them around or open them, they’re just there. I use a combo of writing with the markers an…","358","66","I do bullet journaling - not the elaborate ones, but the types of spreads that are mostly just text. I might add stickers or doodle in a corner but that’s it.","I do bullet journaling - not the elaborate ones, but the types of spreads that are mostly just text. I might add stickers or doodle in a corner but that’s it.","","false","false","planner | planners | plan | calendar | calendars | schedule","","notes","mentions_feature_or_solution | mentions_planner_or_system","42","[THREAD_TITLE]
I have seen so many “ADHD planners” that just DON’T HELP. What are some things/features YOU would love to see incorporated that would actually benefit you?

[THREAD_BODY]
So tired of seeing these products that claim to be sooo helpful with managing ADHD specific issues that just… aren’t. Have any of you found any that DO? Which aspect(s) of them make the biggest improvement in your life and how?

[PARENT_COMMENT_CONTEXT]
I do bullet journaling - not the elaborate ones, but the types of spreads that are mostly just text. I might add stickers or doodle in a corner but that’s it.

[CURRENT_RECORD]
Yeah I like to just use a blank graph paper notebook. I’ll write lists, calendars, schedules, tables etc. as needed. I also prefer using whiteboards as planners cause I don’t have to carry them around or open them, they’re just there. I use a combo of writing with the markers and sticking post-it notes on so I came easily move the post-its around if I want"
"/mnt/data/reddit_input_test/reddit-adhdwomen-i_have_seen_so_many_adhd_planners_that_just_dont(1).json","reddit-adhdwomen-i_have_seen_so_many_adhd_planners_that_just_dont(1)","19cluwh","t3_19cluwh","https://www.reddit.com/r/adhdwomen/comments/19cluwh/i_have_seen_so_many_adhd_planners_that_just_dont/","adhdwomen","r/adhdwomen","I have seen so many “ADHD planners” that just DON’T HELP. What are some things/features YOU would love to see incorporated that would actually benefit you?","So tired of seeing these products that claim to be sooo helpful with managing ADHD specific issues that just… aren’t. Have any of you found any that DO? Which aspect(s) of them make the biggest improvement in your life and how?","Cleaning, Organizing, Decluttering","1705893416.0","2024-01-22T03:16:56+00:00","108","108","0.95","153","9dc178c3d77e3d62","","reddit-adhdwomen-i_have_seen_so_many_adhd_planners_that_just_dont(1):comment:kj1ghwm","comment","kj1ghwm","t1_kj1ghwm","https://www.reddit.com/r/adhdwomen/comments/19cluwh/i_have_seen_so_many_adhd_planners_that_just_dont/kj1ghwm/","/r/adhdwomen/comments/19cluwh/i_have_seen_so_many_adhd_planners_that_just_dont/kj1ghwm/","t1_kj0lkzz","comment","kj0lkzz","kj08ea2","2","false","kj08ea2 > kj0lkzz > kj1ghwm","a1d29f7992e01233","","","false","false","","2","2","0","0","1","1705931923.0","2024-01-22T13:58:43+00:00","false","False","","false","false","true","false","If I had wall space, I would like a whiteboard. I would love an entire wall covered in a whiteboard. That is my dream.","If I had wall space, I would like a whiteboard. I would love an entire wall covered in a whiteboard. That is my dream.","118","24","Yeah I like to just use a blank graph paper notebook. I’ll write lists, calendars, schedules, tables etc. as needed. I also prefer using whiteboards as planners cause I don’t have to carry them around or open them, they’re just there. I use a combo of writing with the markers and sticking post-it notes on so I came easily move the post-its around if I want","I do bullet journaling - not the elaborate ones, but the types of spreads that are mostly just text. I might add stickers or doodle in a corner but that’s it.","","false","true","","","","mentions_working_solution_or_recommendation","21","[THREAD_TITLE]
I have seen so many “ADHD planners” that just DON’T HELP. What are some things/features YOU would love to see incorporated that would actually benefit you?

[THREAD_BODY]
So tired of seeing these products that claim to be sooo helpful with managing ADHD specific issues that just… aren’t. Have any of you found any that DO? Which aspect(s) of them make the biggest improvement in your life and how?

[ROOT_COMMENT_CONTEXT]
I do bullet journaling - not the elaborate ones, but the types of spreads that are mostly just text. I might add stickers or doodle in a corner but that’s it.

[PARENT_COMMENT_CONTEXT]
Yeah I like to just use a blank graph paper notebook. I’ll write lists, calendars, schedules, tables etc. as needed. I also prefer using whiteboards as planners cause I don’t have to carry them around or open them, they’re just there. I use a combo of writing with the markers and sticking post-it notes on so I came easily move the post-its around if I want

[CURRENT_RECORD]
If I had wall space, I would like a whiteboard. I would love an entire wall covered in a whiteboard. That is my dream."
"/mnt/data/reddit_input_test/reddit-adhdwomen-i_have_seen_so_many_adhd_planners_that_just_dont(1).json","reddit-adhdwomen-i_have_seen_so_many_adhd_planners_that_just_dont(1)","19cluwh","t3_19cluwh","https://www.reddit.com/r/adhdwomen/comments/19cluwh/i_have_seen_so_many_adhd_planners_that_just_dont/","adhdwomen","r/adhdwomen","I have seen so many “ADHD planners” that just DON’T HELP. What are some things/features YOU would love to see incorporated that would actually benefit you?","So tired of seeing these products that claim to be sooo helpful with managing ADHD specific issues that just… aren’t. Have any of you found any that DO? Which aspect(s) of them make the biggest improvement in your life and how?","Cleaning, Organizing, Decluttering","1705893416.0","2024-01-22T03:16:56+00:00","108","108","0.95","153","9dc178c3d77e3d62","","reddit-adhdwomen-i_have_seen_so_many_adhd_planners_that_just_dont(1):comment:kj1igud","comment","kj1igud","t1_kj1igud","https://www.reddit.com/r/adhdwomen/comments/19cluwh/i_have_seen_so_many_adhd_planners_that_just_dont/kj1igud/","/r/adhdwomen/comments/19cluwh/i_have_seen_so_many_adhd_planners_that_just_dont/kj1igud/","t1_kj1ghwm","comment","kj1ghwm","kj08ea2","3","false","kj08ea2 > kj0lkzz > kj1ghwm > kj1igud","36e789c891c70cea","","","false","false","","5","5","0","0","0","1705932767.0","2024-01-22T14:12:47+00:00","false","False","","false","false","true","false","I have painted A LOT of tables, walls, & doors in my house with chalkboard paint. I have notes and colorful drawings everywhere!","I have painted A LOT of tables, walls, & doors in my house with chalkboard paint. I have notes and colorful drawings everywhere!","128","23","If I had wall space, I would like a whiteboard. I would love an entire wall covered in a whiteboard. That is my dream.","I do bullet journaling - not the elaborate ones, but the types of spreads that are mostly just text. I might add stickers or doodle in a corner but that’s it.","","false","false","","","color | notes","mentions_feature_or_solution","23","[THREAD_TITLE]
I have seen so many “ADHD planners” that just DON’T HELP. What are some things/features YOU would love to see incorporated that would actually benefit you?

[THREAD_BODY]
So tired of seeing these products that claim to be sooo helpful with managing ADHD specific issues that just… aren’t. Have any of you found any that DO? Which aspect(s) of them make the biggest improvement in your life and how?

[ROOT_COMMENT_CONTEXT]
I do bullet journaling - not the elaborate ones, but the types of spreads that are mostly just text. I might add stickers or doodle in a corner but that’s it.

[PARENT_COMMENT_CONTEXT]
If I had wall space, I would like a whiteboard. I would love an entire wall covered in a whiteboard. That is my dream.

[CURRENT_RECORD]
I have painted A LOT of tables, walls, & doors in my house with chalkboard paint. I have notes and colorful drawings everywhere!"
"/mnt/data/reddit_input_test/reddit-adhdwomen-i_have_seen_so_many_adhd_planners_that_just_dont(1).json","reddit-adhdwomen-i_have_seen_so_many_adhd_planners_that_just_dont(1)","19cluwh","t3_19cluwh","https://www.reddit.com/r/adhdwomen/comments/19cluwh/i_have_seen_so_many_adhd_planners_that_just_dont/","adhdwomen","r/adhdwomen","I have seen so many “ADHD planners” that just DON’T HELP. What are some things/features YOU would love to see incorporated that would actually benefit you?","So tired of seeing these products that claim to be sooo helpful with managing ADHD specific issues that just… aren’t. Have any of you found any that DO? Which aspect(s) of them make the biggest improvement in your life and how?","Cleaning, Organizing, Decluttering","1705893416.0","2024-01-22T03:16:56+00:00","108","108","0.95","153","9dc178c3d77e3d62","","reddit-adhdwomen-i_have_seen_so_many_adhd_planners_that_just_dont(1):comment:kj2ib1f","comment","kj2ib1f","t1_kj2ib1f","https://www.reddit.com/r/adhdwomen/comments/19cluwh/i_have_seen_so_many_adhd_planners_that_just_dont/kj2ib1f/","/r/adhdwomen/comments/19cluwh/i_have_seen_so_many_adhd_planners_that_just_dont/kj2ib1f/","t1_kj08ea2","comment","kj08ea2","kj08ea2","1","false","kj08ea2 > kj2ib1f","0876e11627e7668c","","","false","false","","7","7","0","0","1","1705945477.0","2024-01-22T17:44:37+00:00","false","False","","false","false","true","false","r/basicbulletjournals for anyone interested. When I was in school I lived and died by my basic bullet journal. When I started working full time I found It wasn't helpful anymore. Now all I need is a calendar widget on the second page of my phone, I log all plans the moment they are made, and even send a calendar invite over Gmail to my partner to the ones he's involved in. But I struggled so much in school until I started tracking my class schedule, all my assignment due dates, and test/quiz dates in a bullet journal, which I doubled as my personal planner as well for doctors appointments or family/friend dates. Everything in one place is how it had to be.","r/basicbulletjournals for anyone interested. When I was in school I lived and died by my basic bullet journal. When I started working full time I found It wasn't helpful anymore. Now all I need is a calendar widget on the second page of my phone, I log all plans the moment they…","664","122","I do bullet journaling - not the elaborate ones, but the types of spreads that are mostly just text. I might add stickers or doodle in a corner but that’s it.","I do bullet journaling - not the elaborate ones, but the types of spreads that are mostly just text. I might add stickers or doodle in a corner but that’s it.","","false","false","planner | plan | calendar | bullet journal | journal | app | schedule","time","appointments","forgetfulness_or_time_signal | long_form_comment | mentions_feature_or_solution | mentions_pain_or_friction | mentions_planner_or_system","65","[THREAD_TITLE]
I have seen so many “ADHD planners” that just DON’T HELP. What are some things/features YOU would love to see incorporated that would actually benefit you?

[THREAD_BODY]
So tired of seeing these products that claim to be sooo helpful with managing ADHD specific issues that just… aren’t. Have any of you found any that DO? Which aspect(s) of them make the biggest improvement in your life and how?

[PARENT_COMMENT_CONTEXT]
I do bullet journaling - not the elaborate ones, but the types of spreads that are mostly just text. I might add stickers or doodle in a corner but that’s it.

[CURRENT_RECORD]
r/basicbulletjournals for anyone interested. When I was in school I lived and died by my basic bullet journal. When I started working full time I found It wasn't helpful anymore. Now all I need is a calendar widget on the second page of my phone, I log all plans the moment they are made, and even send a calendar invite over Gmail to my partner to the ones he's involved in. But I struggled so much in school until I started tracking my class schedule, all my assignment due dates, and test/quiz dates in a bullet journal, which I doubled as my personal planner as well for doctors appointments or family/friend dates. Everything in one place is how it had to be."
"/mnt/data/reddit_input_test/reddit-adhdwomen-i_have_seen_so_many_adhd_planners_that_just_dont(1).json","reddit-adhdwomen-i_have_seen_so_many_adhd_planners_that_just_dont(1)","19cluwh","t3_19cluwh","https://www.reddit.com/r/adhdwomen/comments/19cluwh/i_have_seen_so_many_adhd_planners_that_just_dont/","adhdwomen","r/adhdwomen","I have seen so many “ADHD planners” that just DON’T HELP. What are some things/features YOU would love to see incorporated that would actually benefit you?","So tired of seeing these products that claim to be sooo helpful with managing ADHD specific issues that just… aren’t. Have any of you found any that DO? Which aspect(s) of them make the biggest improvement in your life and how?","Cleaning, Organizing, Decluttering","1705893416.0","2024-01-22T03:16:56+00:00","108","108","0.95","153","9dc178c3d77e3d62","","reddit-adhdwomen-i_have_seen_so_many_adhd_planners_that_just_dont(1):comment:kj323nz","comment","kj323nz","t1_kj323nz","https://www.reddit.com/r/adhdwomen/comments/19cluwh/i_have_seen_so_many_adhd_planners_that_just_dont/kj323nz/","/r/adhdwomen/comments/19cluwh/i_have_seen_so_many_adhd_planners_that_just_dont/kj323nz/","t1_kj2ib1f","comment","kj2ib1f","kj08ea2","2","false","kj08ea2 > kj2ib1f > kj323nz","4d6ee1b26e6fabdb","","","false","false","","1","1","0","0","0","1705952016.0","2024-01-22T19:33:36+00:00","false","False","","false","false","true","false","I didn’t learn about bullet journals until after college, but I still find them helpful for managing life admin as well as prompting me to actually consider what I want to do.","I didn’t learn about bullet journals until after college, but I still find them helpful for managing life admin as well as prompting me to actually consider what I want to do.","175","32","r/basicbulletjournals for anyone interested. When I was in school I lived and died by my basic bullet journal. When I started working full time I found It wasn't helpful anymore. Now all I need is a calendar widget on the second page of my phone, I log all plans the moment they are made, and even send a calendar invite over Gmail to my partner to the ones he's involved in. But I struggled so much in school until I started tracking my class schedule, all my assignment due dates, and test/quiz dates in a bullet journal, which I doubled as my personal planner as well for doctors appointments or family/friend dates. Everything in one place is how it had to be.","I do bullet journaling - not the elaborate ones, but the types of spreads that are mostly just text. I might add stickers or doodle in a corner but that’s it.","","false","false","bullet journal | journal | to do","","","mentions_planner_or_system","22","[THREAD_TITLE]
I have seen so many “ADHD planners” that just DON’T HELP. What are some things/features YOU would love to see incorporated that would actually benefit you?

[THREAD_BODY]
So tired of seeing these products that claim to be sooo helpful with managing ADHD specific issues that just… aren’t. Have any of you found any that DO? Which aspect(s) of them make the biggest improvement in your life and how?

[ROOT_COMMENT_CONTEXT]
I do bullet journaling - not the elaborate ones, but the types of spreads that are mostly just text. I might add stickers or doodle in a corner but that’s it.

[PARENT_COMMENT_CONTEXT]
r/basicbulletjournals for anyone interested. When I was in school I lived and died by my basic bullet journal. When I started working full time I found It wasn't helpful anymore. Now all I need is a calendar widget on the second page of my phone, I log all plans the moment they are made, and even send a calendar invite over Gmail to my partner to the ones he's involved in. But I struggled so much in school until I started tracking my class schedule, all my assignment due dates, and test/quiz dates in a bullet journal, which I doubled as my personal planner as well for doctors appointments or family/friend dates. Everything in one place is how it had to be.

[CURRENT_RECORD]
I didn’t learn about bullet journals until after college, but I still find them helpful for managing life admin as well as prompting me to actually consider what I want to do."
"/mnt/data/reddit_input_test/reddit-adhdwomen-i_have_seen_so_many_adhd_planners_that_just_dont(1).json","reddit-adhdwomen-i_have_seen_so_many_adhd_planners_that_just_dont(1)","19cluwh","t3_19cluwh","https://www.reddit.com/r/adhdwomen/comments/19cluwh/i_have_seen_so_many_adhd_planners_that_just_dont/","adhdwomen","r/adhdwomen","I have seen so many “ADHD planners” that just DON’T HELP. What are some things/features YOU would love to see incorporated that would actually benefit you?","So tired of seeing these products that claim to be sooo helpful with managing ADHD specific issues that just… aren’t. Have any of you found any that DO? Which aspect(s) of them make the biggest improvement in your life and how?","Cleaning, Organizing, Decluttering","1705893416.0","2024-01-22T03:16:56+00:00","108","108","0.95","153","9dc178c3d77e3d62","","reddit-adhdwomen-i_have_seen_so_many_adhd_planners_that_just_dont(1):comment:kj1a9ur","comment","kj1a9ur","t1_kj1a9ur","https://www.reddit.com/r/adhdwomen/comments/19cluwh/i_have_seen_so_many_adhd_planners_that_just_dont/kj1a9ur/","/r/adhdwomen/comments/19cluwh/i_have_seen_so_many_adhd_planners_that_just_dont/kj1a9ur/","t1_kj08ea2","comment","kj08ea2","kj08ea2","1","false","kj08ea2 > kj1a9ur","709d73e5c4554eed","","","false","false","","2","2","0","0","0","1705929077.0","2024-01-22T13:11:17+00:00","false","False","","false","false","true","false","Same! I don’t get bored of it and can customize it based on my needs.","Same! I don’t get bored of it and can customize it based on my needs.","69","15","I do bullet journaling - not the elaborate ones, but the types of spreads that are mostly just text. I might add stickers or doodle in a corner but that’s it.","I do bullet journaling - not the elaborate ones, but the types of spreads that are mostly just text. I might add stickers or doodle in a corner but that’s it.","","false","false","","","custom | customize","mentions_feature_or_solution","8","[THREAD_TITLE]
I have seen so many “ADHD planners” that just DON’T HELP. What are some things/features YOU would love to see incorporated that would actually benefit you?

[THREAD_BODY]
So tired of seeing these products that claim to be sooo helpful with managing ADHD specific issues that just… aren’t. Have any of you found any that DO? Which aspect(s) of them make the biggest improvement in your life and how?

[PARENT_COMMENT_CONTEXT]
I do bullet journaling - not the elaborate ones, but the types of spreads that are mostly just text. I might add stickers or doodle in a corner but that’s it.

[CURRENT_RECORD]
Same! I don’t get bored of it and can customize it based on my needs."
"/mnt/data/reddit_input_test/reddit-adhdwomen-i_have_seen_so_many_adhd_planners_that_just_dont(1).json","reddit-adhdwomen-i_have_seen_so_many_adhd_planners_that_just_dont(1)","19cluwh","t3_19cluwh","https://www.reddit.com/r/adhdwomen/comments/19cluwh/i_have_seen_so_many_adhd_planners_that_just_dont/","adhdwomen","r/adhdwomen","I have seen so many “ADHD planners” that just DON’T HELP. What are some things/features YOU would love to see incorporated that would actually benefit you?","So tired of seeing these products that claim to be sooo helpful with managing ADHD specific issues that just… aren’t. Have any of you found any that DO? Which aspect(s) of them make the biggest improvement in your life and how?","Cleaning, Organizing, Decluttering","1705893416.0","2024-01-22T03:16:56+00:00","108","108","0.95","153","9dc178c3d77e3d62","","reddit-adhdwomen-i_have_seen_so_many_adhd_planners_that_just_dont(1):comment:kj400tr","comment","kj400tr","t1_kj400tr","https://www.reddit.com/r/adhdwomen/comments/19cluwh/i_have_seen_so_many_adhd_planners_that_just_dont/kj400tr/","/r/adhdwomen/comments/19cluwh/i_have_seen_so_many_adhd_planners_that_just_dont/kj400tr/","t1_kj08ea2","comment","kj08ea2","kj08ea2","1","false","kj08ea2 > kj400tr","0251ebe1ee2dd300","","","false","false","","1","1","0","0","0","1705963341.0","2024-01-22T22:42:21+00:00","false","False","","false","false","true","false","Just commenting to boost this; bullet journaling. Don’t look at videos/blogs/etc by anyone BUT the creator. The videos by others, i swear to god, don’t know what bullet journaling actually is and it pisses me off… The creator, Ryan Carroll, also has ADHD. To everyone who doesn’t know about it: bullet journaling is a SYSTEM. You decide how to utilize that system. Yours is not meant to look like anyone else’s, it’s YOURS.","Just commenting to boost this; bullet journaling. Don’t look at videos/blogs/etc by anyone BUT the creator. The videos by others, i swear to god, don’t know what bullet journaling actually is and it pisses me off… The creator, Ryan Carroll, also has ADHD. To everyone who doesn’t…","423","73","I do bullet journaling - not the elaborate ones, but the types of spreads that are mostly just text. I might add stickers or doodle in a corner but that’s it.","I do bullet journaling - not the elaborate ones, but the types of spreads that are mostly just text. I might add stickers or doodle in a corner but that’s it.","","false","false","bullet journal | journal","adhd","","mentions_pain_or_friction | mentions_planner_or_system","23","[THREAD_TITLE]
I have seen so many “ADHD planners” that just DON’T HELP. What are some things/features YOU would love to see incorporated that would actually benefit you?

[THREAD_BODY]
So tired of seeing these products that claim to be sooo helpful with managing ADHD specific issues that just… aren’t. Have any of you found any that DO? Which aspect(s) of them make the biggest improvement in your life and how?

[PARENT_COMMENT_CONTEXT]
I do bullet journaling - not the elaborate ones, but the types of spreads that are mostly just text. I might add stickers or doodle in a corner but that’s it.

[CURRENT_RECORD]
Just commenting to boost this; bullet journaling. Don’t look at videos/blogs/etc by anyone BUT the creator. The videos by others, i swear to god, don’t know what bullet journaling actually is and it pisses me off… The creator, Ryan Carroll, also has ADHD. To everyone who doesn’t know about it: bullet journaling is a SYSTEM. You decide how to utilize that system. Yours is not meant to look like anyone else’s, it’s YOURS."
"/mnt/data/reddit_input_test/reddit-adhdwomen-i_have_seen_so_many_adhd_planners_that_just_dont(1).json","reddit-adhdwomen-i_have_seen_so_many_adhd_planners_that_just_dont(1)","19cluwh","t3_19cluwh","https://www.reddit.com/r/adhdwomen/comments/19cluwh/i_have_seen_so_many_adhd_planners_that_just_dont/","adhdwomen","r/adhdwomen","I have seen so many “ADHD planners” that just DON’T HELP. What are some things/features YOU would love to see incorporated that would actually benefit you?","So tired of seeing these products that claim to be sooo helpful with managing ADHD specific issues that just… aren’t. Have any of you found any that DO? Which aspect(s) of them make the biggest improvement in your life and how?","Cleaning, Organizing, Decluttering","1705893416.0","2024-01-22T03:16:56+00:00","108","108","0.95","153","9dc178c3d77e3d62","","reddit-adhdwomen-i_have_seen_so_many_adhd_planners_that_just_dont(1):comment:kj0ns1f","comment","kj0ns1f","t1_kj0ns1f","https://www.reddit.com/r/adhdwomen/comments/19cluwh/i_have_seen_so_many_adhd_planners_that_just_dont/kj0ns1f/","/r/adhdwomen/comments/19cluwh/i_have_seen_so_many_adhd_planners_that_just_dont/kj0ns1f/","t3_19cluwh","post","","kj0ns1f","0","true","kj0ns1f","1b2104c8f07e40a0","","","false","false","","16","16","0","0","0","1705914271.0","2024-01-22T09:04:31+00:00","false","False","","false","false","true","false","Google calendar has been the most consistently useful one but only specifically because I finally got into the habit of inputting events the MOMENT I think of them. It's independent of my phone so I can access on pc without having to remember another login or set it up on a new phone. I can set custom-distance reminders. I can duplicate and retime events that recur irregularly or set regular recurrences. If I have a long term thing to remind myself of, I can set a reminder event an absurd distance in the future, like next year's car registration or my IUD replacement multiple years from now. Second place is Walmart pickup because I can fill my cart when I'm thinking of things and curate later","Google calendar has been the most consistently useful one but only specifically because I finally got into the habit of inputting events the MOMENT I think of them. It's independent of my phone so I can access on pc without having to remember another login or set it up on a new…","701","126","","","","false","true","calendar","time","reminder | reminders | custom","long_form_comment | mentions_feature_or_solution | mentions_pain_or_friction | mentions_planner_or_system | mentions_working_solution_or_recommendation","54","[THREAD_TITLE]
I have seen so many “ADHD planners” that just DON’T HELP. What are some things/features YOU would love to see incorporated that would actually benefit you?

[THREAD_BODY]
So tired of seeing these products that claim to be sooo helpful with managing ADHD specific issues that just… aren’t. Have any of you found any that DO? Which aspect(s) of them make the biggest improvement in your life and how?

[CURRENT_RECORD]
Google calendar has been the most consistently useful one but only specifically because I finally got into the habit of inputting events the MOMENT I think of them. It's independent of my phone so I can access on pc without having to remember another login or set it up on a new phone. I can set custom-distance reminders. I can duplicate and retime events that recur irregularly or set regular recurrences. If I have a long term thing to remind myself of, I can set a reminder event an absurd distance in the future, like next year's car registration or my IUD replacement multiple years from now. Second place is Walmart pickup because I can fill my cart when I'm thinking of things and curate later"
"/mnt/data/reddit_input_test/reddit-adhdwomen-i_have_seen_so_many_adhd_planners_that_just_dont(1).json","reddit-adhdwomen-i_have_seen_so_many_adhd_planners_that_just_dont(1)","19cluwh","t3_19cluwh","https://www.reddit.com/r/adhdwomen/comments/19cluwh/i_have_seen_so_many_adhd_planners_that_just_dont/","adhdwomen","r/adhdwomen","I have seen so many “ADHD planners” that just DON’T HELP. What are some things/features YOU would love to see incorporated that would actually benefit you?","So tired of seeing these products that claim to be sooo helpful with managing ADHD specific issues that just… aren’t. Have any of you found any that DO? Which aspect(s) of them make the biggest improvement in your life and how?","Cleaning, Organizing, Decluttering","1705893416.0","2024-01-22T03:16:56+00:00","108","108","0.95","153","9dc178c3d77e3d62","","reddit-adhdwomen-i_have_seen_so_many_adhd_planners_that_just_dont(1):comment:kj0er0i","comment","kj0er0i","t1_kj0er0i","https://www.reddit.com/r/adhdwomen/comments/19cluwh/i_have_seen_so_many_adhd_planners_that_just_dont/kj0er0i/","/r/adhdwomen/comments/19cluwh/i_have_seen_so_many_adhd_planners_that_just_dont/kj0er0i/","t3_19cluwh","post","","kj0er0i","0","true","kj0er0i","7bd04e61a8270c2c","","","false","false","","17","17","0","0","0","1705907757.0","2024-01-22T07:15:57+00:00","false","False","","false","false","true","false","One that came with a personal assistant??","One that came with a personal assistant??","41","7","","","","true","false","","","","contains_question","5","[THREAD_TITLE]
I have seen so many “ADHD planners” that just DON’T HELP. What are some things/features YOU would love to see incorporated that would actually benefit you?

[THREAD_BODY]
So tired of seeing these products that claim to be sooo helpful with managing ADHD specific issues that just… aren’t. Have any of you found any that DO? Which aspect(s) of them make the biggest improvement in your life and how?

[CURRENT_RECORD]
One that came with a personal assistant??"
"/mnt/data/reddit_input_test/reddit-adhdwomen-i_have_seen_so_many_adhd_planners_that_just_dont(1).json","reddit-adhdwomen-i_have_seen_so_many_adhd_planners_that_just_dont(1)","19cluwh","t3_19cluwh","https://www.reddit.com/r/adhdwomen/comments/19cluwh/i_have_seen_so_many_adhd_planners_that_just_dont/","adhdwomen","r/adhdwomen","I have seen so many “ADHD planners” that just DON’T HELP. What are some things/features YOU would love to see incorporated that would actually benefit you?","So tired of seeing these products that claim to be sooo helpful with managing ADHD specific issues that just… aren’t. Have any of you found any that DO? Which aspect(s) of them make the biggest improvement in your life and how?","Cleaning, Organizing, Decluttering","1705893416.0","2024-01-22T03:16:56+00:00","108","108","0.95","153","9dc178c3d77e3d62","","reddit-adhdwomen-i_have_seen_so_many_adhd_planners_that_just_dont(1):comment:kj0zw61","comment","kj0zw61","t1_kj0zw61","https://www.reddit.com/r/adhdwomen/comments/19cluwh/i_have_seen_so_many_adhd_planners_that_just_dont/kj0zw61/","/r/adhdwomen/comments/19cluwh/i_have_seen_so_many_adhd_planners_that_just_dont/kj0zw61/","t3_19cluwh","post","","kj0zw61","0","true","kj0zw61","3975e5e44b975ea9","","","false","false","","7","7","0","0","2","1705923214.0","2024-01-22T11:33:34+00:00","false","False","","false","false","true","false","The Anti Planner by Dani Donovan is amazing.","The Anti Planner by Dani Donovan is amazing.","44","8","","","","false","false","planner | plan","","","mentions_planner_or_system","16","[THREAD_TITLE]
I have seen so many “ADHD planners” that just DON’T HELP. What are some things/features YOU would love to see incorporated that would actually benefit you?

[THREAD_BODY]
So tired of seeing these products that claim to be sooo helpful with managing ADHD specific issues that just… aren’t. Have any of you found any that DO? Which aspect(s) of them make the biggest improvement in your life and how?

[CURRENT_RECORD]
The Anti Planner by Dani Donovan is amazing."
"/mnt/data/reddit_input_test/reddit-adhdwomen-i_have_seen_so_many_adhd_planners_that_just_dont(1).json","reddit-adhdwomen-i_have_seen_so_many_adhd_planners_that_just_dont(1)","19cluwh","t3_19cluwh","https://www.reddit.com/r/adhdwomen/comments/19cluwh/i_have_seen_so_many_adhd_planners_that_just_dont/","adhdwomen","r/adhdwomen","I have seen so many “ADHD planners” that just DON’T HELP. What are some things/features YOU would love to see incorporated that would actually benefit you?","So tired of seeing these products that claim to be sooo helpful with managing ADHD specific issues that just… aren’t. Have any of you found any that DO? Which aspect(s) of them make the biggest improvement in your life and how?","Cleaning, Organizing, Decluttering","1705893416.0","2024-01-22T03:16:56+00:00","108","108","0.95","153","9dc178c3d77e3d62","","reddit-adhdwomen-i_have_seen_so_many_adhd_planners_that_just_dont(1):comment:kj49wk8","comment","kj49wk8","t1_kj49wk8","https://www.reddit.com/r/adhdwomen/comments/19cluwh/i_have_seen_so_many_adhd_planners_that_just_dont/kj49wk8/","/r/adhdwomen/comments/19cluwh/i_have_seen_so_many_adhd_planners_that_just_dont/kj49wk8/","t1_kj0zw61","comment","kj0zw61","kj0zw61","1","false","kj0zw61 > kj49wk8","060d1ba467fd2224","","","false","false","","3","3","0","0","0","1705967004.0","2024-01-22T23:43:24+00:00","false","False","","false","false","true","false","Agree!! It some amazingly creative games for any chore basically and lots of helpful tips.","Agree!! It some amazingly creative games for any chore basically and lots of helpful tips.","90","15","The Anti Planner by Dani Donovan is amazing.","The Anti Planner by Dani Donovan is amazing.","","false","false","","","","","0","[THREAD_TITLE]
I have seen so many “ADHD planners” that just DON’T HELP. What are some things/features YOU would love to see incorporated that would actually benefit you?

[THREAD_BODY]
So tired of seeing these products that claim to be sooo helpful with managing ADHD specific issues that just… aren’t. Have any of you found any that DO? Which aspect(s) of them make the biggest improvement in your life and how?

[PARENT_COMMENT_CONTEXT]
The Anti Planner by Dani Donovan is amazing.

[CURRENT_RECORD]
Agree!! It some amazingly creative games for any chore basically and lots of helpful tips."
"/mnt/data/reddit_input_test/reddit-adhdwomen-i_have_seen_so_many_adhd_planners_that_just_dont(1).json","reddit-adhdwomen-i_have_seen_so_many_adhd_planners_that_just_dont(1)","19cluwh","t3_19cluwh","https://www.reddit.com/r/adhdwomen/comments/19cluwh/i_have_seen_so_many_adhd_planners_that_just_dont/","adhdwomen","r/adhdwomen","I have seen so many “ADHD planners” that just DON’T HELP. What are some things/features YOU would love to see incorporated that would actually benefit you?","So tired of seeing these products that claim to be sooo helpful with managing ADHD specific issues that just… aren’t. Have any of you found any that DO? Which aspect(s) of them make the biggest improvement in your life and how?","Cleaning, Organizing, Decluttering","1705893416.0","2024-01-22T03:16:56+00:00","108","108","0.95","153","9dc178c3d77e3d62","","reddit-adhdwomen-i_have_seen_so_many_adhd_planners_that_just_dont(1):comment:kj57sdn","comment","kj57sdn","t1_kj57sdn","https://www.reddit.com/r/adhdwomen/comments/19cluwh/i_have_seen_so_many_adhd_planners_that_just_dont/kj57sdn/","/r/adhdwomen/comments/19cluwh/i_have_seen_so_many_adhd_planners_that_just_dont/kj57sdn/","t1_kj0zw61","comment","kj0zw61","kj0zw61","1","false","kj0zw61 > kj57sdn","d2cb5765ea6f78f1","","","false","false","","3","3","0","0","1","1705980170.0","2024-01-23T03:22:50+00:00","false","False","","false","false","true","false","🥰🥰🥰","🥰🥰🥰","3","1","The Anti Planner by Dani Donovan is amazing.","The Anti Planner by Dani Donovan is amazing.","","false","false","","","","","3","[THREAD_TITLE]
I have seen so many “ADHD planners” that just DON’T HELP. What are some things/features YOU would love to see incorporated that would actually benefit you?

[THREAD_BODY]
So tired of seeing these products that claim to be sooo helpful with managing ADHD specific issues that just… aren’t. Have any of you found any that DO? Which aspect(s) of them make the biggest improvement in your life and how?

[PARENT_COMMENT_CONTEXT]
The Anti Planner by Dani Donovan is amazing.

[CURRENT_RECORD]
🥰🥰🥰"
"/mnt/data/reddit_input_test/reddit-adhdwomen-i_have_seen_so_many_adhd_planners_that_just_dont(1).json","reddit-adhdwomen-i_have_seen_so_many_adhd_planners_that_just_dont(1)","19cluwh","t3_19cluwh","https://www.reddit.com/r/adhdwomen/comments/19cluwh/i_have_seen_so_many_adhd_planners_that_just_dont/","adhdwomen","r/adhdwomen","I have seen so many “ADHD planners” that just DON’T HELP. What are some things/features YOU would love to see incorporated that would actually benefit you?","So tired of seeing these products that claim to be sooo helpful with managing ADHD specific issues that just… aren’t. Have any of you found any that DO? Which aspect(s) of them make the biggest improvement in your life and how?","Cleaning, Organizing, Decluttering","1705893416.0","2024-01-22T03:16:56+00:00","108","108","0.95","153","9dc178c3d77e3d62","","reddit-adhdwomen-i_have_seen_so_many_adhd_planners_that_just_dont(1):comment:kj67vvw","comment","kj67vvw","t1_kj67vvw","https://www.reddit.com/r/adhdwomen/comments/19cluwh/i_have_seen_so_many_adhd_planners_that_just_dont/kj67vvw/","/r/adhdwomen/comments/19cluwh/i_have_seen_so_many_adhd_planners_that_just_dont/kj67vvw/","t1_kj57sdn","comment","kj57sdn","kj0zw61","2","false","kj0zw61 > kj57sdn > kj67vvw","3975e5e44b975ea9","","","false","false","","1","1","0","0","0","1706001086.0","2024-01-23T09:11:26+00:00","false","False","","false","false","true","false","Eeeeeeek is it you?! I love your planner so much! Legend! I'm all starstruck now 😂","Eeeeeeek is it you?! I love your planner so much! Legend! I'm all starstruck now 😂","82","16","🥰🥰🥰","The Anti Planner by Dani Donovan is amazing.","","true","true","planner | plan","","","contains_question | mentions_planner_or_system | mentions_working_solution_or_recommendation","16","[THREAD_TITLE]
I have seen so many “ADHD planners” that just DON’T HELP. What are some things/features YOU would love to see incorporated that would actually benefit you?

[THREAD_BODY]
So tired of seeing these products that claim to be sooo helpful with managing ADHD specific issues that just… aren’t. Have any of you found any that DO? Which aspect(s) of them make the biggest improvement in your life and how?

[ROOT_COMMENT_CONTEXT]
The Anti Planner by Dani Donovan is amazing.

[PARENT_COMMENT_CONTEXT]
🥰🥰🥰

[CURRENT_RECORD]
Eeeeeeek is it you?! I love your planner so much! Legend! I'm all starstruck now 😂"
"/mnt/data/reddit_input_test/reddit-adhdwomen-i_have_seen_so_many_adhd_planners_that_just_dont(1).json","reddit-adhdwomen-i_have_seen_so_many_adhd_planners_that_just_dont(1)","19cluwh","t3_19cluwh","https://www.reddit.com/r/adhdwomen/comments/19cluwh/i_have_seen_so_many_adhd_planners_that_just_dont/","adhdwomen","r/adhdwomen","I have seen so many “ADHD planners” that just DON’T HELP. What are some things/features YOU would love to see incorporated that would actually benefit you?","So tired of seeing these products that claim to be sooo helpful with managing ADHD specific issues that just… aren’t. Have any of you found any that DO? Which aspect(s) of them make the biggest improvement in your life and how?","Cleaning, Organizing, Decluttering","1705893416.0","2024-01-22T03:16:56+00:00","108","108","0.95","153","9dc178c3d77e3d62","","reddit-adhdwomen-i_have_seen_so_many_adhd_planners_that_just_dont(1):comment:kizzjrd","comment","kizzjrd","t1_kizzjrd","https://www.reddit.com/r/adhdwomen/comments/19cluwh/i_have_seen_so_many_adhd_planners_that_just_dont/kizzjrd/","/r/adhdwomen/comments/19cluwh/i_have_seen_so_many_adhd_planners_that_just_dont/kizzjrd/","t3_19cluwh","post","","kizzjrd","0","true","kizzjrd","8782adc7face35d9","","","false","false","","6","6","0","0","0","1705898806.0","2024-01-22T04:46:46+00:00","false","False","","false","false","true","false","I got one that is like a mini binder with dividers and sections I could customize. All of the ones I’ve seen have things that I’d never use (meal planning?! that’s never going to happen). I got lots of additional pockets for things like receipts and those random bits of paper/cards I always seem to have floating around in my bag. I also made sure that the day/month planner part was undated so if I stop using it I can still use it in the future. Ive lost track of how many diaries/planners I’ve thrown out because it’s out of date. And best part of the binder type is that you can add things/ take things out so it’s adaptable. Mine is mostly lined paper with dividers for home/ work. I now have a place for all those sticky notes and random bits of paper I use to try to organise my life. Only problem is remembering to take it work, which is why it’s full of sticky notes. This is what I got: planner (https://www.kikki-k.com/au/products/metropolis-planner-a5-11567803?variant=47104986710338)","I got one that is like a mini binder with dividers and sections I could customize. All of the ones I’ve seen have things that I’d never use (meal planning?! that’s never going to happen). I got lots of additional pockets for things like receipts and those random bits of paper/ca…","997","176","","","https://www.kikki-k.com/au/products/metropolis-planner-a5-11567803?variant=47104986710338","true","false","planner | planners | plan | planning | binder | app","lost","notes | custom | customize | binder","contains_question | forgetfulness_or_time_signal | long_form_comment | mentions_feature_or_solution | mentions_pain_or_friction | mentions_planner_or_system | printable_modular_system_signal","80","[THREAD_TITLE]
I have seen so many “ADHD planners” that just DON’T HELP. What are some things/features YOU would love to see incorporated that would actually benefit you?

[THREAD_BODY]
So tired of seeing these products that claim to be sooo helpful with managing ADHD specific issues that just… aren’t. Have any of you found any that DO? Which aspect(s) of them make the biggest improvement in your life and how?

[CURRENT_RECORD]
I got one that is like a mini binder with dividers and sections I could customize. All of the ones I’ve seen have things that I’d never use (meal planning?! that’s never going to happen). I got lots of additional pockets for things like receipts and those random bits of paper/cards I always seem to have floating around in my bag. I also made sure that the day/month planner part was undated so if I stop using it I can still use it in the future. Ive lost track of how many diaries/planners I’ve thrown out because it’s out of date. And best part of the binder type is that you can add things/ take things out so it’s adaptable. Mine is mostly lined paper with dividers for home/ work. I now have a place for all those sticky notes and random bits of paper I use to try to organise my life. Only problem is remembering to take it work, which is why it’s full of sticky notes. This is what I got: planner (https://www.kikki-k.com/au/products/metropolis-planner-a5-11567803?variant=47104986710338)"
"/mnt/data/reddit_input_test/reddit-adhdwomen-i_have_seen_so_many_adhd_planners_that_just_dont(1).json","reddit-adhdwomen-i_have_seen_so_many_adhd_planners_that_just_dont(1)","19cluwh","t3_19cluwh","https://www.reddit.com/r/adhdwomen/comments/19cluwh/i_have_seen_so_many_adhd_planners_that_just_dont/","adhdwomen","r/adhdwomen","I have seen so many “ADHD planners” that just DON’T HELP. What are some things/features YOU would love to see incorporated that would actually benefit you?","So tired of seeing these products that claim to be sooo helpful with managing ADHD specific issues that just… aren’t. Have any of you found any that DO? Which aspect(s) of them make the biggest improvement in your life and how?","Cleaning, Organizing, Decluttering","1705893416.0","2024-01-22T03:16:56+00:00","108","108","0.95","153","9dc178c3d77e3d62","","reddit-adhdwomen-i_have_seen_so_many_adhd_planners_that_just_dont(1):comment:kizwn1u","comment","kizwn1u","t1_kizwn1u","https://www.reddit.com/r/adhdwomen/comments/19cluwh/i_have_seen_so_many_adhd_planners_that_just_dont/kizwn1u/","/r/adhdwomen/comments/19cluwh/i_have_seen_so_many_adhd_planners_that_just_dont/kizwn1u/","t3_19cluwh","post","","kizwn1u","0","true","kizwn1u","6c70a38b5bb66880","","","false","false","","6","6","0","0","1","1705897376.0","2024-01-22T04:22:56+00:00","1705897577.0","1705897577.0","2024-01-22T04:26:17+00:00","false","false","true","false","This is something I been wanting to figure out for the longest too. Unfortunately, I don’t have good methods besides winging it. I would say digital app of writing everything down on a single note (such as iOS Notes or a Google Doc) on a phone works much better than pen or paper if I were to use a planner. Simply because I’m on my phone often and reach for it more than any pen and paper. Otherwise, a paper planner will just sit abandoned and left for dust and eventually misplaced and lost somewhere in the home lmao. I put reminder notes in accessible places that I know I’ll reach for such as my phone. I also do to do lists between me and my spouse through text message which holds us accountable. I separate by priority. In the past I’d do color coded by category and priority, example red meaning urgent and blue or green as non-urgent, by categories such as home chores, finances, medical, work/school, etc, also. Remember to check off things instead of deleting them if you use a digital one because seeing the amount of things done visually checked off helps see how much I have accomplished and gives me a dopamine boost. Object permanence of deleting said and done items gives me an illusion I haven’t done them at all. It helps to know the stuff and how much I have done by crossing them off instead. Another thing that helps is putting things visually by accessible places I’ll see and reach for as a reminder. We have a table by the door to put stuff at to avoid losing them and things we need to bring out if we do outdoor errands. That also helps. Another one that’s less of planning but organizing. Using under the sink shelving units!!! Cannot recommend it enough. It’s kept clutter clear from my sinks even when it gets a little messy, it’s so much easier to clean and organize my sinks now.","This is something I been wanting to figure out for the longest too. Unfortunately, I don’t have good methods besides winging it. I would say digital app of writing everything down on a single note (such as iOS Notes or a Google Doc) on a phone works much better than pen or paper…","1813","335","","","","false","true","planner | plan | planning | app | to do | organize | organizing","lost | abandon | abandoned","visual | reminder | color | color code | categories | notes","forgetfulness_or_time_signal | long_form_comment | mentions_feature_or_solution | mentions_pain_or_friction | mentions_planner_or_system | mentions_working_solution_or_recommendation","100","[THREAD_TITLE]
I have seen so many “ADHD planners” that just DON’T HELP. What are some things/features YOU would love to see incorporated that would actually benefit you?

[THREAD_BODY]
So tired of seeing these products that claim to be sooo helpful with managing ADHD specific issues that just… aren’t. Have any of you found any that DO? Which aspect(s) of them make the biggest improvement in your life and how?

[CURRENT_RECORD]
This is something I been wanting to figure out for the longest too. Unfortunately, I don’t have good methods besides winging it. I would say digital app of writing everything down on a single note (such as iOS Notes or a Google Doc) on a phone works much better than pen or paper if I were to use a planner. Simply because I’m on my phone often and reach for it more than any pen and paper. Otherwise, a paper planner will just sit abandoned and left for dust and eventually misplaced and lost somewhere in the home lmao. I put reminder notes in accessible places that I know I’ll reach for such as my phone. I also do to do lists between me and my spouse through text message which holds us accountable. I separate by priority. In the past I’d do color coded by category and priority, example red meaning urgent and blue or green as non-urgent, by categories such as home chores, finances, medical, work/school, etc, also. Remember to check off things instead of deleting them if you use a digital one because seeing the amount of things done visually checked off helps see how much I have accomplished and gives me a dopamine boost. Object permanence of deleting said and done items gives me an illusion I haven’t done them at all. It helps to know the stuff and how much I have done by crossing them off instead. Another thing that helps is putting things visually by accessible places I’ll see and reach for as a reminder. We have a table by the door to put stuff at to avoid losing them and things we need to bring out if we do outdoor errands. That also helps. Another one that’s less of planning but organizing. Using under the sink shelving units!!! Cannot recommend it enough. It’s kept clutter clear from my sinks even when it gets a little messy, it’s so much easier to clean and organize my sinks now."
"/mnt/data/reddit_input_test/reddit-adhdwomen-i_have_seen_so_many_adhd_planners_that_just_dont(1).json","reddit-adhdwomen-i_have_seen_so_many_adhd_planners_that_just_dont(1)","19cluwh","t3_19cluwh","https://www.reddit.com/r/adhdwomen/comments/19cluwh/i_have_seen_so_many_adhd_planners_that_just_dont/","adhdwomen","r/adhdwomen","I have seen so many “ADHD planners” that just DON’T HELP. What are some things/features YOU would love to see incorporated that would actually benefit you?","So tired of seeing these products that claim to be sooo helpful with managing ADHD specific issues that just… aren’t. Have any of you found any that DO? Which aspect(s) of them make the biggest improvement in your life and how?","Cleaning, Organizing, Decluttering","1705893416.0","2024-01-22T03:16:56+00:00","108","108","0.95","153","9dc178c3d77e3d62","","reddit-adhdwomen-i_have_seen_so_many_adhd_planners_that_just_dont(1):comment:kizy4gu","comment","kizy4gu","t1_kizy4gu","https://www.reddit.com/r/adhdwomen/comments/19cluwh/i_have_seen_so_many_adhd_planners_that_just_dont/kizy4gu/","/r/adhdwomen/comments/19cluwh/i_have_seen_so_many_adhd_planners_that_just_dont/kizy4gu/","t1_kizwn1u","comment","kizwn1u","kizwn1u","1","false","kizwn1u > kizy4gu","9dc178c3d77e3d62","","","true","false","","4","4","0","0","0","1705898097.0","2024-01-22T04:34:57+00:00","false","False","","false","false","true","false","Omg under my kitchen sink is where things go to disappear into the abyss forever 🫠","Omg under my kitchen sink is where things go to disappear into the abyss forever 🫠","82","16","This is something I been wanting to figure out for the longest too. Unfortunately, I don’t have good methods besides winging it. I would say digital app of writing everything down on a single note (such as iOS Notes or a Google Doc) on a phone works much better than pen or paper if I were to use a planner. Simply because I’m on my phone often and reach for it more than any pen and paper. Otherwise, a paper planner will just sit abandoned and left for dust and eventually misplaced and lost somewhere in the home lmao. I put reminder notes in accessible places that I know I’ll reach for such as my phone. I also do to do lists between me and my spouse through text message which holds us account…","This is something I been wanting to figure out for the longest too. Unfortunately, I don’t have good methods besides winging it. I would say digital app of writing everything down on a single note (such as iOS Notes or a Google Doc) on a phone works much better than pen or paper if I were to use a planner. Simply because I’m on my phone often and reach for it more than any pen and paper. Otherwise, a paper planner will just sit abandoned and left for dust and eventually misplaced and lost somewhere in the home lmao. I put reminder notes in accessible places that I know I’ll reach for such as my phone. I also do to do lists between me and my spouse through text message which holds us account…","","false","false","app","","","mentions_planner_or_system","4","[THREAD_TITLE]
I have seen so many “ADHD planners” that just DON’T HELP. What are some things/features YOU would love to see incorporated that would actually benefit you?

[THREAD_BODY]
So tired of seeing these products that claim to be sooo helpful with managing ADHD specific issues that just… aren’t. Have any of you found any that DO? Which aspect(s) of them make the biggest improvement in your life and how?

[PARENT_COMMENT_CONTEXT]
This is something I been wanting to figure out for the longest too. Unfortunately, I don’t have good methods besides winging it. I would say digital app of writing everything down on a single note (such as iOS Notes or a Google Doc) on a phone works much better than pen or paper if I were to use a planner. Simply because I’m on my phone often and reach for it more than any pen and paper. Otherwise, a paper planner will just sit abandoned and left for dust and eventually misplaced and lost somewhere in the home lmao. I put reminder notes in accessible places that I know I’ll reach for such as my phone. I also do to do lists between me and my spouse through text message which holds us account…

[CURRENT_RECORD]
Omg under my kitchen sink is where things go to disappear into the abyss forever 🫠"
"/mnt/data/reddit_input_test/reddit-adhdwomen-i_have_seen_so_many_adhd_planners_that_just_dont(1).json","reddit-adhdwomen-i_have_seen_so_many_adhd_planners_that_just_dont(1)","19cluwh","t3_19cluwh","https://www.reddit.com/r/adhdwomen/comments/19cluwh/i_have_seen_so_many_adhd_planners_that_just_dont/","adhdwomen","r/adhdwomen","I have seen so many “ADHD planners” that just DON’T HELP. What are some things/features YOU would love to see incorporated that would actually benefit you?","So tired of seeing these products that claim to be sooo helpful with managing ADHD specific issues that just… aren’t. Have any of you found any that DO? Which aspect(s) of them make the biggest improvement in your life and how?","Cleaning, Organizing, Decluttering","1705893416.0","2024-01-22T03:16:56+00:00","108","108","0.95","153","9dc178c3d77e3d62","","reddit-adhdwomen-i_have_seen_so_many_adhd_planners_that_just_dont(1):comment:kj091b6","comment","kj091b6","t1_kj091b6","https://www.reddit.com/r/adhdwomen/comments/19cluwh/i_have_seen_so_many_adhd_planners_that_just_dont/kj091b6/","/r/adhdwomen/comments/19cluwh/i_have_seen_so_many_adhd_planners_that_just_dont/kj091b6/","t3_19cluwh","post","","kj091b6","0","true","kj091b6","","","","false","false","","5","5","0","0","0","1705904075.0","2024-01-22T06:14:35+00:00","false","False","","false","false","true","false","I made my own, not gonna lie. I found ADHD planners to be overwhelming. Rule number 1 when using a planner: it shouldn’t feel like a chore to use. In my planner, I have undated weekly and monthly spreads, as well as an unstructured parking lot and notes section. I have plans to refine this later but my creative energy is going to other endeavors at the moment. I’m going to split my parking lot from my notes, and split my notes into a few as-needed sections: meeting/appt notes, free notes, and project notes. My weekly spread is two pages, with one page being a calendar for meetings and the other page being a task tracker. Both have note sections specifically for follow following up on stuff. Neither have a to do list. (I’ll get to that later.) My monthly is still in its testing phase. It has a calendar, sections for important dates, social engagements, and appointments, and a bills tracker. On the back is a monthly retrospective questionnaire. (I like retrospectives.) My to do list lives on my planner’s dashboard. I write each action item on a post it and slap it onto the dashboard. Any time I do work related to that item, I write it down on my planner and mark the related task as either new, progress, or completed when I end my work day. I don’t ever plan my day. I’ll document deadlines and meetings and appointments, of course, and I’ll plan for time sensitive tasks, but when it comes to most stuff, I don’t schedule things. I am discouraged if I can’t follow through with my plans, so I’d rather pick from my dashboard in the moment and do what I have the energy to do.","I made my own, not gonna lie. I found ADHD planners to be overwhelming. Rule number 1 when using a planner: it shouldn’t feel like a chore to use. In my planner, I have undated weekly and monthly spreads, as well as an unstructured parking lot and notes section. I have plans to…","1593","293","","","","false","false","planner | planners | plan | calendar | app | to do | tracker | weekly | monthly | schedule","adhd | overwhelm | time | tasks","one page | notes | appointments | weekly | monthly","forgetfulness_or_time_signal | long_form_comment | mentions_feature_or_solution | mentions_pain_or_friction | mentions_planner_or_system","100","[THREAD_TITLE]
I have seen so many “ADHD planners” that just DON’T HELP. What are some things/features YOU would love to see incorporated that would actually benefit you?

[THREAD_BODY]
So tired of seeing these products that claim to be sooo helpful with managing ADHD specific issues that just… aren’t. Have any of you found any that DO? Which aspect(s) of them make the biggest improvement in your life and how?

[CURRENT_RECORD]
I made my own, not gonna lie. I found ADHD planners to be overwhelming. Rule number 1 when using a planner: it shouldn’t feel like a chore to use. In my planner, I have undated weekly and monthly spreads, as well as an unstructured parking lot and notes section. I have plans to refine this later but my creative energy is going to other endeavors at the moment. I’m going to split my parking lot from my notes, and split my notes into a few as-needed sections: meeting/appt notes, free notes, and project notes. My weekly spread is two pages, with one page being a calendar for meetings and the other page being a task tracker. Both have note sections specifically for follow following up on stuff. Neither have a to do list. (I’ll get to that later.) My monthly is still in its testing phase. It has a calendar, sections for important dates, social engagements, and appointments, and a bills tracker. On the back is a monthly retrospective questionnaire. (I like retrospectives.) My to do list lives on my planner’s dashboard. I write each action item on a post it and slap it onto the dashboard. Any time I do work related to that item, I write it down on my planner and mark the related task as either new, progress, or completed when I end my work day. I don’t ever plan my day. I’ll document deadlines and meetings and appointments, of course, and I’ll plan for time sensitive tasks, but when it comes to most stuff, I don’t schedule things. I am discouraged if I can’t follow through with my plans, so I’d rather pick from my dashboard in the moment and do what I have the energy to do."
"/mnt/data/reddit_input_test/reddit-adhdwomen-i_have_seen_so_many_adhd_planners_that_just_dont(1).json","reddit-adhdwomen-i_have_seen_so_many_adhd_planners_that_just_dont(1)","19cluwh","t3_19cluwh","https://www.reddit.com/r/adhdwomen/comments/19cluwh/i_have_seen_so_many_adhd_planners_that_just_dont/","adhdwomen","r/adhdwomen","I have seen so many “ADHD planners” that just DON’T HELP. What are some things/features YOU would love to see incorporated that would actually benefit you?","So tired of seeing these products that claim to be sooo helpful with managing ADHD specific issues that just… aren’t. Have any of you found any that DO? Which aspect(s) of them make the biggest improvement in your life and how?","Cleaning, Organizing, Decluttering","1705893416.0","2024-01-22T03:16:56+00:00","108","108","0.95","153","9dc178c3d77e3d62","","reddit-adhdwomen-i_have_seen_so_many_adhd_planners_that_just_dont(1):comment:kj1aieg","comment","kj1aieg","t1_kj1aieg","https://www.reddit.com/r/adhdwomen/comments/19cluwh/i_have_seen_so_many_adhd_planners_that_just_dont/kj1aieg/","/r/adhdwomen/comments/19cluwh/i_have_seen_so_many_adhd_planners_that_just_dont/kj1aieg/","t3_19cluwh","post","","kj1aieg","0","true","kj1aieg","146c5a081bee5be3","","","false","false","","4","4","0","0","0","1705929191.0","2024-01-22T13:13:11+00:00","false","False","","false","false","true","false","For an ADHD planner to work, I’d actually have to use the planner 😂 I use planners for like, 3 days and then never open them again. There is no planner that works for me. I rely on memory and try not to forget too much stuff.","For an ADHD planner to work, I’d actually have to use the planner 😂 I use planners for like, 3 days and then never open them again. There is no planner that works for me. I rely on memory and try not to forget too much stuff.","225","47","","","","false","true","planner | planners | plan","adhd | forget | too much","","forgetfulness_or_time_signal | mentions_pain_or_friction | mentions_planner_or_system | mentions_working_solution_or_recommendation | overwhelm_or_complexity_signal","61","[THREAD_TITLE]
I have seen so many “ADHD planners” that just DON’T HELP. What are some things/features YOU would love to see incorporated that would actually benefit you?

[THREAD_BODY]
So tired of seeing these products that claim to be sooo helpful with managing ADHD specific issues that just… aren’t. Have any of you found any that DO? Which aspect(s) of them make the biggest improvement in your life and how?

[CURRENT_RECORD]
For an ADHD planner to work, I’d actually have to use the planner 😂 I use planners for like, 3 days and then never open them again. There is no planner that works for me. I rely on memory and try not to forget too much stuff."
"/mnt/data/reddit_input_test/reddit-adhdwomen-i_have_seen_so_many_adhd_planners_that_just_dont(1).json","reddit-adhdwomen-i_have_seen_so_many_adhd_planners_that_just_dont(1)","19cluwh","t3_19cluwh","https://www.reddit.com/r/adhdwomen/comments/19cluwh/i_have_seen_so_many_adhd_planners_that_just_dont/","adhdwomen","r/adhdwomen","I have seen so many “ADHD planners” that just DON’T HELP. What are some things/features YOU would love to see incorporated that would actually benefit you?","So tired of seeing these products that claim to be sooo helpful with managing ADHD specific issues that just… aren’t. Have any of you found any that DO? Which aspect(s) of them make the biggest improvement in your life and how?","Cleaning, Organizing, Decluttering","1705893416.0","2024-01-22T03:16:56+00:00","108","108","0.95","153","9dc178c3d77e3d62","","reddit-adhdwomen-i_have_seen_so_many_adhd_planners_that_just_dont(1):comment:kj0ngun","comment","kj0ngun","t1_kj0ngun","https://www.reddit.com/r/adhdwomen/comments/19cluwh/i_have_seen_so_many_adhd_planners_that_just_dont/kj0ngun/","/r/adhdwomen/comments/19cluwh/i_have_seen_so_many_adhd_planners_that_just_dont/kj0ngun/","t3_19cluwh","post","","kj0ngun","0","true","kj0ngun","fa8fad0e0b309cab","","","false","false","","4","4","0","0","0","1705914037.0","2024-01-22T09:00:37+00:00","false","False","","false","false","true","false","Nope. I get excited and have big hopes, and then I promptly forget that it existed. If I can't even remember the planner, how is it going to help me? The only thing thar helps is when someone literally verbally reminds me.","Nope. I get excited and have big hopes, and then I promptly forget that it existed. If I can't even remember the planner, how is it going to help me? The only thing thar helps is when someone literally verbally reminds me.","222","42","","","","true","true","planner | plan","forget","","contains_question | forgetfulness_or_time_signal | mentions_pain_or_friction | mentions_planner_or_system | mentions_working_solution_or_recommendation","39","[THREAD_TITLE]
I have seen so many “ADHD planners” that just DON’T HELP. What are some things/features YOU would love to see incorporated that would actually benefit you?

[THREAD_BODY]
So tired of seeing these products that claim to be sooo helpful with managing ADHD specific issues that just… aren’t. Have any of you found any that DO? Which aspect(s) of them make the biggest improvement in your life and how?

[CURRENT_RECORD]
Nope. I get excited and have big hopes, and then I promptly forget that it existed. If I can't even remember the planner, how is it going to help me? The only thing thar helps is when someone literally verbally reminds me."
"/mnt/data/reddit_input_test/reddit-adhdwomen-i_have_seen_so_many_adhd_planners_that_just_dont(1).json","reddit-adhdwomen-i_have_seen_so_many_adhd_planners_that_just_dont(1)","19cluwh","t3_19cluwh","https://www.reddit.com/r/adhdwomen/comments/19cluwh/i_have_seen_so_many_adhd_planners_that_just_dont/","adhdwomen","r/adhdwomen","I have seen so many “ADHD planners” that just DON’T HELP. What are some things/features YOU would love to see incorporated that would actually benefit you?","So tired of seeing these products that claim to be sooo helpful with managing ADHD specific issues that just… aren’t. Have any of you found any that DO? Which aspect(s) of them make the biggest improvement in your life and how?","Cleaning, Organizing, Decluttering","1705893416.0","2024-01-22T03:16:56+00:00","108","108","0.95","153","9dc178c3d77e3d62","","reddit-adhdwomen-i_have_seen_so_many_adhd_planners_that_just_dont(1):comment:kj0p298","comment","kj0p298","t1_kj0p298","https://www.reddit.com/r/adhdwomen/comments/19cluwh/i_have_seen_so_many_adhd_planners_that_just_dont/kj0p298/","/r/adhdwomen/comments/19cluwh/i_have_seen_so_many_adhd_planners_that_just_dont/kj0p298/","t3_19cluwh","post","","kj0p298","0","true","kj0p298","1552fcc0a9f74579","","","false","false","","3","3","0","0","1","1705915261.0","2024-01-22T09:21:01+00:00","false","False","","false","false","true","false","The only thing that's ever worked long term is bullet journaling. Not that I'm great at being consistent, sometimes it just looks like a regular planner - BUT I drew it myself, yes, extra steps, BUT no wasted space and seeing empty weeks or months after not using it etc. And being able to change layouts for whatever reason.","The only thing that's ever worked long term is bullet journaling. Not that I'm great at being consistent, sometimes it just looks like a regular planner - BUT I drew it myself, yes, extra steps, BUT no wasted space and seeing empty weeks or months after not using it etc. And bei…","325","59","","","","false","true","planner | plan | bullet journal | journal","time","layout | layouts | change","mentions_feature_or_solution | mentions_pain_or_friction | mentions_planner_or_system | mentions_working_solution_or_recommendation | novelty_or_format_change_signal","54","[THREAD_TITLE]
I have seen so many “ADHD planners” that just DON’T HELP. What are some things/features YOU would love to see incorporated that would actually benefit you?

[THREAD_BODY]
So tired of seeing these products that claim to be sooo helpful with managing ADHD specific issues that just… aren’t. Have any of you found any that DO? Which aspect(s) of them make the biggest improvement in your life and how?

[CURRENT_RECORD]
The only thing that's ever worked long term is bullet journaling. Not that I'm great at being consistent, sometimes it just looks like a regular planner - BUT I drew it myself, yes, extra steps, BUT no wasted space and seeing empty weeks or months after not using it etc. And being able to change layouts for whatever reason."
"/mnt/data/reddit_input_test/reddit-adhdwomen-i_have_seen_so_many_adhd_planners_that_just_dont(1).json","reddit-adhdwomen-i_have_seen_so_many_adhd_planners_that_just_dont(1)","19cluwh","t3_19cluwh","https://www.reddit.com/r/adhdwomen/comments/19cluwh/i_have_seen_so_many_adhd_planners_that_just_dont/","adhdwomen","r/adhdwomen","I have seen so many “ADHD planners” that just DON’T HELP. What are some things/features YOU would love to see incorporated that would actually benefit you?","So tired of seeing these products that claim to be sooo helpful with managing ADHD specific issues that just… aren’t. Have any of you found any that DO? Which aspect(s) of them make the biggest improvement in your life and how?","Cleaning, Organizing, Decluttering","1705893416.0","2024-01-22T03:16:56+00:00","108","108","0.95","153","9dc178c3d77e3d62","","reddit-adhdwomen-i_have_seen_so_many_adhd_planners_that_just_dont(1):comment:kj0zgzq","comment","kj0zgzq","t1_kj0zgzq","https://www.reddit.com/r/adhdwomen/comments/19cluwh/i_have_seen_so_many_adhd_planners_that_just_dont/kj0zgzq/","/r/adhdwomen/comments/19cluwh/i_have_seen_so_many_adhd_planners_that_just_dont/kj0zgzq/","t1_kj0p298","comment","kj0p298","kj0p298","1","false","kj0p298 > kj0zgzq","593aa989a7836de6","","","false","false","","6","6","0","0","1","1705922931.0","2024-01-22T11:28:51+00:00","false","False","","false","false","true","false","Thing is: Bullet journaling was created to work without being consistent, by someone who has ADHD! So you are doing it exactly right. All the prettifying came after. https://bulletjournal.com/pages/book","Thing is: Bullet journaling was created to work without being consistent, by someone who has ADHD! So you are doing it exactly right. All the prettifying came after. https://bulletjournal.com/pages/book","202","29","The only thing that's ever worked long term is bullet journaling. Not that I'm great at being consistent, sometimes it just looks like a regular planner - BUT I drew it myself, yes, extra steps, BUT no wasted space and seeing empty weeks or months after not using it etc. And being able to change layouts for whatever reason.","The only thing that's ever worked long term is bullet journaling. Not that I'm great at being consistent, sometimes it just looks like a regular planner - BUT I drew it myself, yes, extra steps, BUT no wasted space and seeing empty weeks or months after not using it etc. And being able to change layouts for whatever reason.","https://bulletjournal.com/pages/book","false","false","bullet journal | journal","adhd","","mentions_pain_or_friction | mentions_planner_or_system","31","[THREAD_TITLE]
I have seen so many “ADHD planners” that just DON’T HELP. What are some things/features YOU would love to see incorporated that would actually benefit you?

[THREAD_BODY]
So tired of seeing these products that claim to be sooo helpful with managing ADHD specific issues that just… aren’t. Have any of you found any that DO? Which aspect(s) of them make the biggest improvement in your life and how?

[PARENT_COMMENT_CONTEXT]
The only thing that's ever worked long term is bullet journaling. Not that I'm great at being consistent, sometimes it just looks like a regular planner - BUT I drew it myself, yes, extra steps, BUT no wasted space and seeing empty weeks or months after not using it etc. And being able to change layouts for whatever reason.

[CURRENT_RECORD]
Thing is: Bullet journaling was created to work without being consistent, by someone who has ADHD! So you are doing it exactly right. All the prettifying came after. https://bulletjournal.com/pages/book"
"/mnt/data/reddit_input_test/reddit-adhdwomen-i_have_seen_so_many_adhd_planners_that_just_dont(1).json","reddit-adhdwomen-i_have_seen_so_many_adhd_planners_that_just_dont(1)","19cluwh","t3_19cluwh","https://www.reddit.com/r/adhdwomen/comments/19cluwh/i_have_seen_so_many_adhd_planners_that_just_dont/","adhdwomen","r/adhdwomen","I have seen so many “ADHD planners” that just DON’T HELP. What are some things/features YOU would love to see incorporated that would actually benefit you?","So tired of seeing these products that claim to be sooo helpful with managing ADHD specific issues that just… aren’t. Have any of you found any that DO? Which aspect(s) of them make the biggest improvement in your life and how?","Cleaning, Organizing, Decluttering","1705893416.0","2024-01-22T03:16:56+00:00","108","108","0.95","153","9dc178c3d77e3d62","","reddit-adhdwomen-i_have_seen_so_many_adhd_planners_that_just_dont(1):comment:kj16xpa","comment","kj16xpa","t1_kj16xpa","https://www.reddit.com/r/adhdwomen/comments/19cluwh/i_have_seen_so_many_adhd_planners_that_just_dont/kj16xpa/","/r/adhdwomen/comments/19cluwh/i_have_seen_so_many_adhd_planners_that_just_dont/kj16xpa/","t1_kj0zgzq","comment","kj0zgzq","kj0p298","2","false","kj0p298 > kj0zgzq > kj16xpa","1552fcc0a9f74579","","","false","false","","3","3","0","0","1","1705927372.0","2024-01-22T12:42:52+00:00","false","False","","false","false","true","false","oh cool!!!","oh cool!!!","10","2","Thing is: Bullet journaling was created to work without being consistent, by someone who has ADHD! So you are doing it exactly right. All the prettifying came after. https://bulletjournal.com/pages/book","The only thing that's ever worked long term is bullet journaling. Not that I'm great at being consistent, sometimes it just looks like a regular planner - BUT I drew it myself, yes, extra steps, BUT no wasted space and seeing empty weeks or months after not using it etc. And being able to change layouts for whatever reason.","","false","false","","","","","3","[THREAD_TITLE]
I have seen so many “ADHD planners” that just DON’T HELP. What are some things/features YOU would love to see incorporated that would actually benefit you?

[THREAD_BODY]
So tired of seeing these products that claim to be sooo helpful with managing ADHD specific issues that just… aren’t. Have any of you found any that DO? Which aspect(s) of them make the biggest improvement in your life and how?

[ROOT_COMMENT_CONTEXT]
The only thing that's ever worked long term is bullet journaling. Not that I'm great at being consistent, sometimes it just looks like a regular planner - BUT I drew it myself, yes, extra steps, BUT no wasted space and seeing empty weeks or months after not using it etc. And being able to change layouts for whatever reason.

[PARENT_COMMENT_CONTEXT]
Thing is: Bullet journaling was created to work without being consistent, by someone who has ADHD! So you are doing it exactly right. All the prettifying came after. https://bulletjournal.com/pages/book

[CURRENT_RECORD]
oh cool!!!"
"/mnt/data/reddit_input_test/reddit-adhdwomen-i_have_seen_so_many_adhd_planners_that_just_dont(1).json","reddit-adhdwomen-i_have_seen_so_many_adhd_planners_that_just_dont(1)","19cluwh","t3_19cluwh","https://www.reddit.com/r/adhdwomen/comments/19cluwh/i_have_seen_so_many_adhd_planners_that_just_dont/","adhdwomen","r/adhdwomen","I have seen so many “ADHD planners” that just DON’T HELP. What are some things/features YOU would love to see incorporated that would actually benefit you?","So tired of seeing these products that claim to be sooo helpful with managing ADHD specific issues that just… aren’t. Have any of you found any that DO? Which aspect(s) of them make the biggest improvement in your life and how?","Cleaning, Organizing, Decluttering","1705893416.0","2024-01-22T03:16:56+00:00","108","108","0.95","153","9dc178c3d77e3d62","","reddit-adhdwomen-i_have_seen_so_many_adhd_planners_that_just_dont(1):comment:kj1w2qu","comment","kj1w2qu","t1_kj1w2qu","https://www.reddit.com/r/adhdwomen/comments/19cluwh/i_have_seen_so_many_adhd_planners_that_just_dont/kj1w2qu/","/r/adhdwomen/comments/19cluwh/i_have_seen_so_many_adhd_planners_that_just_dont/kj1w2qu/","t1_kj16xpa","comment","kj16xpa","kj0p298","3","false","kj0p298 > kj0zgzq > kj16xpa > kj1w2qu","593aa989a7836de6","","","false","false","","5","5","0","0","1","1705937987.0","2024-01-22T15:39:47+00:00","false","False","","false","false","true","false","Just saw that my initial link does not really prove my claim. But this one does 😆 https://bulletjournal.com/pages/rydercarroll","Just saw that my initial link does not really prove my claim. But this one does 😆 https://bulletjournal.com/pages/rydercarroll","126","18","oh cool!!!","The only thing that's ever worked long term is bullet journaling. Not that I'm great at being consistent, sometimes it just looks like a regular planner - BUT I drew it myself, yes, extra steps, BUT no wasted space and seeing empty weeks or months after not using it etc. And being able to change layouts for whatever reason.","https://bulletjournal.com/pages/rydercarroll","false","false","journal","","","mentions_planner_or_system","12","[THREAD_TITLE]
I have seen so many “ADHD planners” that just DON’T HELP. What are some things/features YOU would love to see incorporated that would actually benefit you?

[THREAD_BODY]
So tired of seeing these products that claim to be sooo helpful with managing ADHD specific issues that just… aren’t. Have any of you found any that DO? Which aspect(s) of them make the biggest improvement in your life and how?

[ROOT_COMMENT_CONTEXT]
The only thing that's ever worked long term is bullet journaling. Not that I'm great at being consistent, sometimes it just looks like a regular planner - BUT I drew it myself, yes, extra steps, BUT no wasted space and seeing empty weeks or months after not using it etc. And being able to change layouts for whatever reason.

[PARENT_COMMENT_CONTEXT]
oh cool!!!

[CURRENT_RECORD]
Just saw that my initial link does not really prove my claim. But this one does 😆 https://bulletjournal.com/pages/rydercarroll"
"/mnt/data/reddit_input_test/reddit-adhdwomen-i_have_seen_so_many_adhd_planners_that_just_dont(1).json","reddit-adhdwomen-i_have_seen_so_many_adhd_planners_that_just_dont(1)","19cluwh","t3_19cluwh","https://www.reddit.com/r/adhdwomen/comments/19cluwh/i_have_seen_so_many_adhd_planners_that_just_dont/","adhdwomen","r/adhdwomen","I have seen so many “ADHD planners” that just DON’T HELP. What are some things/features YOU would love to see incorporated that would actually benefit you?","So tired of seeing these products that claim to be sooo helpful with managing ADHD specific issues that just… aren’t. Have any of you found any that DO? Which aspect(s) of them make the biggest improvement in your life and how?","Cleaning, Organizing, Decluttering","1705893416.0","2024-01-22T03:16:56+00:00","108","108","0.95","153","9dc178c3d77e3d62","","reddit-adhdwomen-i_have_seen_so_many_adhd_planners_that_just_dont(1):comment:kj2bv56","comment","kj2bv56","t1_kj2bv56","https://www.reddit.com/r/adhdwomen/comments/19cluwh/i_have_seen_so_many_adhd_planners_that_just_dont/kj2bv56/","/r/adhdwomen/comments/19cluwh/i_have_seen_so_many_adhd_planners_that_just_dont/kj2bv56/","t1_kj1w2qu","comment","kj1w2qu","kj0p298","4","false","kj0p298 > kj0zgzq > kj16xpa > kj1w2qu > kj2bv56","1552fcc0a9f74579","","","false","false","","2","2","0","0","0","1705943365.0","2024-01-22T17:09:25+00:00","false","False","","false","false","true","false","aww thank you that was actually beautiful!","aww thank you that was actually beautiful!","42","7","Just saw that my initial link does not really prove my claim. But this one does 😆 https://bulletjournal.com/pages/rydercarroll","The only thing that's ever worked long term is bullet journaling. Not that I'm great at being consistent, sometimes it just looks like a regular planner - BUT I drew it myself, yes, extra steps, BUT no wasted space and seeing empty weeks or months after not using it etc. And being able to change layouts for whatever reason.","","false","false","","","","","0","[THREAD_TITLE]
I have seen so many “ADHD planners” that just DON’T HELP. What are some things/features YOU would love to see incorporated that would actually benefit you?

[THREAD_BODY]
So tired of seeing these products that claim to be sooo helpful with managing ADHD specific issues that just… aren’t. Have any of you found any that DO? Which aspect(s) of them make the biggest improvement in your life and how?

[ROOT_COMMENT_CONTEXT]
The only thing that's ever worked long term is bullet journaling. Not that I'm great at being consistent, sometimes it just looks like a regular planner - BUT I drew it myself, yes, extra steps, BUT no wasted space and seeing empty weeks or months after not using it etc. And being able to change layouts for whatever reason.

[PARENT_COMMENT_CONTEXT]
Just saw that my initial link does not really prove my claim. But this one does 😆 https://bulletjournal.com/pages/rydercarroll

[CURRENT_RECORD]
aww thank you that was actually beautiful!"
"/mnt/data/reddit_input_test/reddit-adhdwomen-i_have_seen_so_many_adhd_planners_that_just_dont(1).json","reddit-adhdwomen-i_have_seen_so_many_adhd_planners_that_just_dont(1)","19cluwh","t3_19cluwh","https://www.reddit.com/r/adhdwomen/comments/19cluwh/i_have_seen_so_many_adhd_planners_that_just_dont/","adhdwomen","r/adhdwomen","I have seen so many “ADHD planners” that just DON’T HELP. What are some things/features YOU would love to see incorporated that would actually benefit you?","So tired of seeing these products that claim to be sooo helpful with managing ADHD specific issues that just… aren’t. Have any of you found any that DO? Which aspect(s) of them make the biggest improvement in your life and how?","Cleaning, Organizing, Decluttering","1705893416.0","2024-01-22T03:16:56+00:00","108","108","0.95","153","9dc178c3d77e3d62","","reddit-adhdwomen-i_have_seen_so_many_adhd_planners_that_just_dont(1):comment:kj1n2ht","comment","kj1n2ht","t1_kj1n2ht","https://www.reddit.com/r/adhdwomen/comments/19cluwh/i_have_seen_so_many_adhd_planners_that_just_dont/kj1n2ht/","/r/adhdwomen/comments/19cluwh/i_have_seen_so_many_adhd_planners_that_just_dont/kj1n2ht/","t3_19cluwh","post","","kj1n2ht","0","true","kj1n2ht","766e2a30094c52ca","","","false","false","","3","3","0","0","0","1705934631.0","2024-01-22T14:43:51+00:00","false","False","","false","false","true","false","I carry around a zip-up binder. I was never more on top of things than when I was in middle school so I've gone back to what works for me. I still have a digital copy of my calendar in Google but I prefer doing things by hand. I get some joking comments on it but I haven't forgotten an appointment in the 6 months I've been using it! https://www.amazon.com/Mead-Five-Star-Binder-Expansion/dp/B0C4M1KJ37?th=1 (https://www.amazon.com/Mead-Five-Star-Binder-Expansion/dp/B0C4M1KJ37?th=1) &#x200B; - I print out monthly and weekly planner spreads from Canva and put them in the front of the binder. I can switch it up easily when I'm starting to get bored. - Mine is bright blue and lime green so I rarely walk off without it - Has a handle for carrying (switching to a water bottle with a handle has also helped me lose it less--I can carry both in one hand) - 5 tab accordion folder inside makes it easy to sort papers before final resting place - Bungee portion holds my laptop and a notepad for easy access to notes (charger fits inside binder) - Zippered pouch on outside currently holding: 8 expo markers, 6 highlighters, regular and thin sharpies and a pencil","I carry around a zip-up binder. I was never more on top of things than when I was in middle school so I've gone back to what works for me. I still have a digital copy of my calendar in Google but I prefer doing things by hand. I get some joking comments on it but I haven't forgo…","1162","199","","","https://www.amazon.com/Mead-Five-Star-Binder-Expansion/dp/B0C4M1KJ37?th=1","true","true","planner | plan | calendar | binder | app | weekly | monthly","forgot | forgotten","print | notes | weekly | monthly | binder | folder","contains_question | long_form_comment | mentions_feature_or_solution | mentions_pain_or_friction | mentions_planner_or_system | mentions_working_solution_or_recommendation | printable_modular_system_signal","94","[THREAD_TITLE]
I have seen so many “ADHD planners” that just DON’T HELP. What are some things/features YOU would love to see incorporated that would actually benefit you?

[THREAD_BODY]
So tired of seeing these products that claim to be sooo helpful with managing ADHD specific issues that just… aren’t. Have any of you found any that DO? Which aspect(s) of them make the biggest improvement in your life and how?

[CURRENT_RECORD]
I carry around a zip-up binder. I was never more on top of things than when I was in middle school so I've gone back to what works for me. I still have a digital copy of my calendar in Google but I prefer doing things by hand. I get some joking comments on it but I haven't forgotten an appointment in the 6 months I've been using it! https://www.amazon.com/Mead-Five-Star-Binder-Expansion/dp/B0C4M1KJ37?th=1 (https://www.amazon.com/Mead-Five-Star-Binder-Expansion/dp/B0C4M1KJ37?th=1) &#x200B; - I print out monthly and weekly planner spreads from Canva and put them in the front of the binder. I can switch it up easily when I'm starting to get bored. - Mine is bright blue and lime green so I rarely walk off without it - Has a handle for carrying (switching to a water bottle with a handle has also helped me lose it less--I can carry both in one hand) - 5 tab accordion folder inside makes it easy to sort papers before final resting place - Bungee portion holds my laptop and a notepad for easy access to notes (charger fits inside binder) - Zippered pouch on outside currently holding: 8 expo markers, 6 highlighters, regular and thin sharpies and a pencil"
"/mnt/data/reddit_input_test/reddit-adhdwomen-i_have_seen_so_many_adhd_planners_that_just_dont(1).json","reddit-adhdwomen-i_have_seen_so_many_adhd_planners_that_just_dont(1)","19cluwh","t3_19cluwh","https://www.reddit.com/r/adhdwomen/comments/19cluwh/i_have_seen_so_many_adhd_planners_that_just_dont/","adhdwomen","r/adhdwomen","I have seen so many “ADHD planners” that just DON’T HELP. What are some things/features YOU would love to see incorporated that would actually benefit you?","So tired of seeing these products that claim to be sooo helpful with managing ADHD specific issues that just… aren’t. Have any of you found any that DO? Which aspect(s) of them make the biggest improvement in your life and how?","Cleaning, Organizing, Decluttering","1705893416.0","2024-01-22T03:16:56+00:00","108","108","0.95","153","9dc178c3d77e3d62","","reddit-adhdwomen-i_have_seen_so_many_adhd_planners_that_just_dont(1):comment:kj0hlkf","comment","kj0hlkf","t1_kj0hlkf","https://www.reddit.com/r/adhdwomen/comments/19cluwh/i_have_seen_so_many_adhd_planners_that_just_dont/kj0hlkf/","/r/adhdwomen/comments/19cluwh/i_have_seen_so_many_adhd_planners_that_just_dont/kj0hlkf/","t3_19cluwh","post","","kj0hlkf","0","true","kj0hlkf","473294531e24c297","","ADHD","false","false","","3","3","0","0","0","1705909738.0","2024-01-22T07:48:58+00:00","false","False","","false","false","true","false","I just use a regular planner? I don't like lines so I look for a different one every year to keep it novel, but as long as it already has the dates inside & has blank space for me to mind dump, it works. I used to bullet journal but I've since stopped because it was taking too much time & effort to make pretty spreads and I didn't like how I couldn't put something down in advance if I hadn't done the spread for that week/month yet","I just use a regular planner? I don't like lines so I look for a different one every year to keep it novel, but as long as it already has the dates inside & has blank space for me to mind dump, it works. I used to bullet journal but I've since stopped because it was taking too m…","434","88","","","","true","false","planner | plan | bullet journal | journal","time | too much","","contains_question | forgetfulness_or_time_signal | mentions_pain_or_friction | mentions_planner_or_system | overwhelm_or_complexity_signal","62","[THREAD_TITLE]
I have seen so many “ADHD planners” that just DON’T HELP. What are some things/features YOU would love to see incorporated that would actually benefit you?

[THREAD_BODY]
So tired of seeing these products that claim to be sooo helpful with managing ADHD specific issues that just… aren’t. Have any of you found any that DO? Which aspect(s) of them make the biggest improvement in your life and how?

[CURRENT_RECORD]
I just use a regular planner? I don't like lines so I look for a different one every year to keep it novel, but as long as it already has the dates inside & has blank space for me to mind dump, it works. I used to bullet journal but I've since stopped because it was taking too much time & effort to make pretty spreads and I didn't like how I couldn't put something down in advance if I hadn't done the spread for that week/month yet"
"/mnt/data/reddit_input_test/reddit-adhdwomen-i_have_seen_so_many_adhd_planners_that_just_dont(1).json","reddit-adhdwomen-i_have_seen_so_many_adhd_planners_that_just_dont(1)","19cluwh","t3_19cluwh","https://www.reddit.com/r/adhdwomen/comments/19cluwh/i_have_seen_so_many_adhd_planners_that_just_dont/","adhdwomen","r/adhdwomen","I have seen so many “ADHD planners” that just DON’T HELP. What are some things/features YOU would love to see incorporated that would actually benefit you?","So tired of seeing these products that claim to be sooo helpful with managing ADHD specific issues that just… aren’t. Have any of you found any that DO? Which aspect(s) of them make the biggest improvement in your life and how?","Cleaning, Organizing, Decluttering","1705893416.0","2024-01-22T03:16:56+00:00","108","108","0.95","153","9dc178c3d77e3d62","","reddit-adhdwomen-i_have_seen_so_many_adhd_planners_that_just_dont(1):comment:kj0m3bm","comment","kj0m3bm","t1_kj0m3bm","https://www.reddit.com/r/adhdwomen/comments/19cluwh/i_have_seen_so_many_adhd_planners_that_just_dont/kj0m3bm/","/r/adhdwomen/comments/19cluwh/i_have_seen_so_many_adhd_planners_that_just_dont/kj0m3bm/","t3_19cluwh","post","","kj0m3bm","0","true","kj0m3bm","47079f1b1d626258","","","false","false","","3","3","0","0","0","1705912995.0","2024-01-22T08:43:15+00:00","false","False","","false","false","true","false","I just use Google Keep for my personal lists and notes, which I like because I can input things from my laptop or my phone and access my lists on either one. No formatting needed, no calendar or agendas to flip to. I work best in lists, so if I need to remember something I put it on whatever list and that's that. I have several lists and they all show on one page and I can just click/tap the one I want to pop it up. But it's all right there in front of me. For work, I mostly use Windows Notepad TBH, but if I need to get more detailed I'll use MS To-Do. Between that and Outlook automatically keeping track of my meetings, I'm pretty much covered. I've tried just about every planner out there, both digital and physical, and they all seem great at first but then feel too complicated so I get frustrated and give up or they're too much work to maintain so I fall off after a short time. The only one that I do occasionally go back to is Artful Agenda, because it's pretty and it's simple with options for lists and a calendar, but without all the gimmicks and 'fluff' to overcomplicate it.","I just use Google Keep for my personal lists and notes, which I like because I can input things from my laptop or my phone and access my lists on either one. No formatting needed, no calendar or agendas to flip to. I work best in lists, so if I need to remember something I put i…","1095","212","","","","false","true","planner | plan | calendar | agenda | to-do","frustrated | time | too much | complicated","simple | one page | notes","forgetfulness_or_time_signal | long_form_comment | mentions_feature_or_solution | mentions_pain_or_friction | mentions_planner_or_system | mentions_working_solution_or_recommendation | overwhelm_or_complexity_signal","100","[THREAD_TITLE]
I have seen so many “ADHD planners” that just DON’T HELP. What are some things/features YOU would love to see incorporated that would actually benefit you?

[THREAD_BODY]
So tired of seeing these products that claim to be sooo helpful with managing ADHD specific issues that just… aren’t. Have any of you found any that DO? Which aspect(s) of them make the biggest improvement in your life and how?

[CURRENT_RECORD]
I just use Google Keep for my personal lists and notes, which I like because I can input things from my laptop or my phone and access my lists on either one. No formatting needed, no calendar or agendas to flip to. I work best in lists, so if I need to remember something I put it on whatever list and that's that. I have several lists and they all show on one page and I can just click/tap the one I want to pop it up. But it's all right there in front of me. For work, I mostly use Windows Notepad TBH, but if I need to get more detailed I'll use MS To-Do. Between that and Outlook automatically keeping track of my meetings, I'm pretty much covered. I've tried just about every planner out there, both digital and physical, and they all seem great at first but then feel too complicated so I get frustrated and give up or they're too much work to maintain so I fall off after a short time. The only one that I do occasionally go back to is Artful Agenda, because it's pretty and it's simple with options for lists and a calendar, but without all the gimmicks and 'fluff' to overcomplicate it."
"/mnt/data/reddit_input_test/reddit-adhdwomen-i_have_seen_so_many_adhd_planners_that_just_dont(1).json","reddit-adhdwomen-i_have_seen_so_many_adhd_planners_that_just_dont(1)","19cluwh","t3_19cluwh","https://www.reddit.com/r/adhdwomen/comments/19cluwh/i_have_seen_so_many_adhd_planners_that_just_dont/","adhdwomen","r/adhdwomen","I have seen so many “ADHD planners” that just DON’T HELP. What are some things/features YOU would love to see incorporated that would actually benefit you?","So tired of seeing these products that claim to be sooo helpful with managing ADHD specific issues that just… aren’t. Have any of you found any that DO? Which aspect(s) of them make the biggest improvement in your life and how?","Cleaning, Organizing, Decluttering","1705893416.0","2024-01-22T03:16:56+00:00","108","108","0.95","153","9dc178c3d77e3d62","","reddit-adhdwomen-i_have_seen_so_many_adhd_planners_that_just_dont(1):comment:kj0padd","comment","kj0padd","t1_kj0padd","https://www.reddit.com/r/adhdwomen/comments/19cluwh/i_have_seen_so_many_adhd_planners_that_just_dont/kj0padd/","/r/adhdwomen/comments/19cluwh/i_have_seen_so_many_adhd_planners_that_just_dont/kj0padd/","t3_19cluwh","post","","kj0padd","0","true","kj0padd","7d94a83e034ff851","","AuDHD","false","false","","3","3","0","0","0","1705915435.0","2024-01-22T09:23:55+00:00","false","False","","false","false","true","false","I prefer to just put calendar reminders in my phone. I'll write detailed ones and set them up to remind me when needed. And I can set multiple reminders. And they show up on my watch too. And if I ignore the reminder on my watch, it will buzz every five minutes, which is just enough time for me to forget that it buzzed already and it will keep reminding me to do the thing.","I prefer to just put calendar reminders in my phone. I'll write detailed ones and set them up to remind me when needed. And I can set multiple reminders. And they show up on my watch too. And if I ignore the reminder on my watch, it will buzz every five minutes, which is just en…","375","75","","","","false","false","calendar | to do","forget | time","reminder | reminders","forgetfulness_or_time_signal | mentions_feature_or_solution | mentions_pain_or_friction | mentions_planner_or_system","44","[THREAD_TITLE]
I have seen so many “ADHD planners” that just DON’T HELP. What are some things/features YOU would love to see incorporated that would actually benefit you?

[THREAD_BODY]
So tired of seeing these products that claim to be sooo helpful with managing ADHD specific issues that just… aren’t. Have any of you found any that DO? Which aspect(s) of them make the biggest improvement in your life and how?

[CURRENT_RECORD]
I prefer to just put calendar reminders in my phone. I'll write detailed ones and set them up to remind me when needed. And I can set multiple reminders. And they show up on my watch too. And if I ignore the reminder on my watch, it will buzz every five minutes, which is just enough time for me to forget that it buzzed already and it will keep reminding me to do the thing."
"/mnt/data/reddit_input_test/reddit-adhdwomen-i_have_seen_so_many_adhd_planners_that_just_dont(1).json","reddit-adhdwomen-i_have_seen_so_many_adhd_planners_that_just_dont(1)","19cluwh","t3_19cluwh","https://www.reddit.com/r/adhdwomen/comments/19cluwh/i_have_seen_so_many_adhd_planners_that_just_dont/","adhdwomen","r/adhdwomen","I have seen so many “ADHD planners” that just DON’T HELP. What are some things/features YOU would love to see incorporated that would actually benefit you?","So tired of seeing these products that claim to be sooo helpful with managing ADHD specific issues that just… aren’t. Have any of you found any that DO? Which aspect(s) of them make the biggest improvement in your life and how?","Cleaning, Organizing, Decluttering","1705893416.0","2024-01-22T03:16:56+00:00","108","108","0.95","153","9dc178c3d77e3d62","","reddit-adhdwomen-i_have_seen_so_many_adhd_planners_that_just_dont(1):comment:kj0xd81","comment","kj0xd81","t1_kj0xd81","https://www.reddit.com/r/adhdwomen/comments/19cluwh/i_have_seen_so_many_adhd_planners_that_just_dont/kj0xd81/","/r/adhdwomen/comments/19cluwh/i_have_seen_so_many_adhd_planners_that_just_dont/kj0xd81/","t3_19cluwh","post","","kj0xd81","0","true","kj0xd81","cb54286a226fa33e","","","false","false","","3","3","0","0","0","1705921476.0","2024-01-22T11:04:36+00:00","false","False","","false","false","true","false","I haven’t. I just need an assistant, not kidding.","I haven’t. I just need an assistant, not kidding.","49","9","","","","false","false","","","","","0","[THREAD_TITLE]
I have seen so many “ADHD planners” that just DON’T HELP. What are some things/features YOU would love to see incorporated that would actually benefit you?

[THREAD_BODY]
So tired of seeing these products that claim to be sooo helpful with managing ADHD specific issues that just… aren’t. Have any of you found any that DO? Which aspect(s) of them make the biggest improvement in your life and how?

[CURRENT_RECORD]
I haven’t. I just need an assistant, not kidding."
"/mnt/data/reddit_input_test/reddit-adhdwomen-i_have_seen_so_many_adhd_planners_that_just_dont(1).json","reddit-adhdwomen-i_have_seen_so_many_adhd_planners_that_just_dont(1)","19cluwh","t3_19cluwh","https://www.reddit.com/r/adhdwomen/comments/19cluwh/i_have_seen_so_many_adhd_planners_that_just_dont/","adhdwomen","r/adhdwomen","I have seen so many “ADHD planners” that just DON’T HELP. What are some things/features YOU would love to see incorporated that would actually benefit you?","So tired of seeing these products that claim to be sooo helpful with managing ADHD specific issues that just… aren’t. Have any of you found any that DO? Which aspect(s) of them make the biggest improvement in your life and how?","Cleaning, Organizing, Decluttering","1705893416.0","2024-01-22T03:16:56+00:00","108","108","0.95","153","9dc178c3d77e3d62","","reddit-adhdwomen-i_have_seen_so_many_adhd_planners_that_just_dont(1):comment:kj12p1i","comment","kj12p1i","t1_kj12p1i","https://www.reddit.com/r/adhdwomen/comments/19cluwh/i_have_seen_so_many_adhd_planners_that_just_dont/kj12p1i/","/r/adhdwomen/comments/19cluwh/i_have_seen_so_many_adhd_planners_that_just_dont/kj12p1i/","t3_19cluwh","post","","kj12p1i","0","true","kj12p1i","83eac93e55f7f782","","","false","false","","3","3","0","0","1","1705924976.0","2024-01-22T12:02:56+00:00","false","False","","false","false","true","false","I finally found the planner that works for my brain and I've never seen anything like it before: planner pad (https://plannerpads.com/) I bought it after going through all of the planner related posts in this community. It had three ""levels"" - top section for organizing your thoughts/tasks/whatever into categories, middle section is for writing your tasks for the day, bottom section is for writing your appointments down and/or time blocking. The section for putting everything into categories is super useful for my work as a project manager and I have many priorities to juggle at once. I usually have one column that is ""Q's for others."" I keep one column reserved for my personal to-do list. The to-do list section is always good since I tend to write lists on random scraps of paper. I look at what I've written in the categories above and what meetings I have in the bottom section and break the task down into steps across various days. The appointments section isn't necessarily as important for me since I have Google calendar with Zooms, but I might put a sticky note next to a meeting with questions or important items I need to bring up. Organizing big thoughts and small thoughts in one two-page spread is absolute gold chefs kiss for me. I've been keeping it up for a few months and if I get halfway through the week without having written stuff down (with my nice pastel highlighters hehe) my mind feels scattered. I empathize with how you feel, OP! It's so hard to figure out what works for your brain. I hope you find something that clicks!","I finally found the planner that works for my brain and I've never seen anything like it before: planner pad (https://plannerpads.com/) I bought it after going through all of the planner related posts in this community. It had three ""levels"" - top section for organizing your tho…","1560","274","","","https://plannerpads.com/","false","true","planner | plan | calendar | app | to-do | organizing","time | tasks","categories | appointments","forgetfulness_or_time_signal | long_form_comment | mentions_feature_or_solution | mentions_pain_or_friction | mentions_planner_or_system | mentions_working_solution_or_recommendation","87","[THREAD_TITLE]
I have seen so many “ADHD planners” that just DON’T HELP. What are some things/features YOU would love to see incorporated that would actually benefit you?

[THREAD_BODY]
So tired of seeing these products that claim to be sooo helpful with managing ADHD specific issues that just… aren’t. Have any of you found any that DO? Which aspect(s) of them make the biggest improvement in your life and how?

[CURRENT_RECORD]
I finally found the planner that works for my brain and I've never seen anything like it before: planner pad (https://plannerpads.com/) I bought it after going through all of the planner related posts in this community. It had three ""levels"" - top section for organizing your thoughts/tasks/whatever into categories, middle section is for writing your tasks for the day, bottom section is for writing your appointments down and/or time blocking. The section for putting everything into categories is super useful for my work as a project manager and I have many priorities to juggle at once. I usually have one column that is ""Q's for others."" I keep one column reserved for my personal to-do list. The to-do list section is always good since I tend to write lists on random scraps of paper. I look at what I've written in the categories above and what meetings I have in the bottom section and break the task down into steps across various days. The appointments section isn't necessarily as important for me since I have Google calendar with Zooms, but I might put a sticky note next to a meeting with questions or important items I need to bring up. Organizing big thoughts and small thoughts in one two-page spread is absolute gold chefs kiss for me. I've been keeping it up for a few months and if I get halfway through the week without having written stuff down (with my nice pastel highlighters hehe) my mind feels scattered. I empathize with how you feel, OP! It's so hard to figure out what works for your brain. I hope you find something that clicks!"
"/mnt/data/reddit_input_test/reddit-adhdwomen-i_have_seen_so_many_adhd_planners_that_just_dont(1).json","reddit-adhdwomen-i_have_seen_so_many_adhd_planners_that_just_dont(1)","19cluwh","t3_19cluwh","https://www.reddit.com/r/adhdwomen/comments/19cluwh/i_have_seen_so_many_adhd_planners_that_just_dont/","adhdwomen","r/adhdwomen","I have seen so many “ADHD planners” that just DON’T HELP. What are some things/features YOU would love to see incorporated that would actually benefit you?","So tired of seeing these products that claim to be sooo helpful with managing ADHD specific issues that just… aren’t. Have any of you found any that DO? Which aspect(s) of them make the biggest improvement in your life and how?","Cleaning, Organizing, Decluttering","1705893416.0","2024-01-22T03:16:56+00:00","108","108","0.95","153","9dc178c3d77e3d62","","reddit-adhdwomen-i_have_seen_so_many_adhd_planners_that_just_dont(1):comment:kj1io7h","comment","kj1io7h","t1_kj1io7h","https://www.reddit.com/r/adhdwomen/comments/19cluwh/i_have_seen_so_many_adhd_planners_that_just_dont/kj1io7h/","/r/adhdwomen/comments/19cluwh/i_have_seen_so_many_adhd_planners_that_just_dont/kj1io7h/","t1_kj12p1i","comment","kj12p1i","kj12p1i","1","false","kj12p1i > kj1io7h","9dc178c3d77e3d62","","","true","false","","2","2","0","0","1","1705932854.0","2024-01-22T14:14:14+00:00","false","False","","false","false","true","false","It has taken every ounce of willpower not to buy the big packs of pastel highlighters!! 🥴 My ADHD brain is like “oooooo pretty colors! must have all the pretty things” but then my very small logical brain is like “you don’t need them….. YOU DON’T NEED THEM…..” Obv my logical brain is a buzzkill.","It has taken every ounce of willpower not to buy the big packs of pastel highlighters!! 🥴 My ADHD brain is like “oooooo pretty colors! must have all the pretty things” but then my very small logical brain is like “you don’t need them….. YOU DON’T NEED THEM…..” Obv my logical bra…","296","55","I finally found the planner that works for my brain and I've never seen anything like it before: planner pad (https://plannerpads.com/) I bought it after going through all of the planner related posts in this community. It had three ""levels"" - top section for organizing your thoughts/tasks/whatever into categories, middle section is for writing your tasks for the day, bottom section is for writing your appointments down and/or time blocking. The section for putting everything into categories is super useful for my work as a project manager and I have many priorities to juggle at once. I usually have one column that is ""Q's for others."" I keep one column reserved for my personal to-do list.…","I finally found the planner that works for my brain and I've never seen anything like it before: planner pad (https://plannerpads.com/) I bought it after going through all of the planner related posts in this community. It had three ""levels"" - top section for organizing your thoughts/tasks/whatever into categories, middle section is for writing your tasks for the day, bottom section is for writing your appointments down and/or time blocking. The section for putting everything into categories is super useful for my work as a project manager and I have many priorities to juggle at once. I usually have one column that is ""Q's for others."" I keep one column reserved for my personal to-do list.…","","false","false","","adhd","color","mentions_feature_or_solution | mentions_pain_or_friction","22","[THREAD_TITLE]
I have seen so many “ADHD planners” that just DON’T HELP. What are some things/features YOU would love to see incorporated that would actually benefit you?

[THREAD_BODY]
So tired of seeing these products that claim to be sooo helpful with managing ADHD specific issues that just… aren’t. Have any of you found any that DO? Which aspect(s) of them make the biggest improvement in your life and how?

[PARENT_COMMENT_CONTEXT]
I finally found the planner that works for my brain and I've never seen anything like it before: planner pad (https://plannerpads.com/) I bought it after going through all of the planner related posts in this community. It had three ""levels"" - top section for organizing your thoughts/tasks/whatever into categories, middle section is for writing your tasks for the day, bottom section is for writing your appointments down and/or time blocking. The section for putting everything into categories is super useful for my work as a project manager and I have many priorities to juggle at once. I usually have one column that is ""Q's for others."" I keep one column reserved for my personal to-do list.…

[CURRENT_RECORD]
It has taken every ounce of willpower not to buy the big packs of pastel highlighters!! 🥴 My ADHD brain is like “oooooo pretty colors! must have all the pretty things” but then my very small logical brain is like “you don’t need them….. YOU DON’T NEED THEM…..” Obv my logical brain is a buzzkill."
"/mnt/data/reddit_input_test/reddit-adhdwomen-i_have_seen_so_many_adhd_planners_that_just_dont(1).json","reddit-adhdwomen-i_have_seen_so_many_adhd_planners_that_just_dont(1)","19cluwh","t3_19cluwh","https://www.reddit.com/r/adhdwomen/comments/19cluwh/i_have_seen_so_many_adhd_planners_that_just_dont/","adhdwomen","r/adhdwomen","I have seen so many “ADHD planners” that just DON’T HELP. What are some things/features YOU would love to see incorporated that would actually benefit you?","So tired of seeing these products that claim to be sooo helpful with managing ADHD specific issues that just… aren’t. Have any of you found any that DO? Which aspect(s) of them make the biggest improvement in your life and how?","Cleaning, Organizing, Decluttering","1705893416.0","2024-01-22T03:16:56+00:00","108","108","0.95","153","9dc178c3d77e3d62","","reddit-adhdwomen-i_have_seen_so_many_adhd_planners_that_just_dont(1):comment:kj1ti1b","comment","kj1ti1b","t1_kj1ti1b","https://www.reddit.com/r/adhdwomen/comments/19cluwh/i_have_seen_so_many_adhd_planners_that_just_dont/kj1ti1b/","/r/adhdwomen/comments/19cluwh/i_have_seen_so_many_adhd_planners_that_just_dont/kj1ti1b/","t1_kj1io7h","comment","kj1io7h","kj12p1i","2","false","kj12p1i > kj1io7h > kj1ti1b","83eac93e55f7f782","","","false","false","","3","3","0","0","0","1705937060.0","2024-01-22T15:24:20+00:00","false","False","","false","false","true","false","Haha, I get what you mean. I've actually found the highlighters to be super useful as another visual element to organize thoughts and tasks. I have a color for each category/project and then I highlight the associated tasks in the to-do section with that color. If the planner has no color then it looks overwhelming and I have a hard time determining what to start with. I don't know if that makes sense but my brain does need the color LOL. I bought the big pack of ""mildliners"" a long time ago and they've been invaluable to me as I've tried to understand my particular flavor of neurodivergence. Basically, they can be a tool! If you think the highlighters will help you, I hereby give you permission to buy them, OP!!","Haha, I get what you mean. I've actually found the highlighters to be super useful as another visual element to organize thoughts and tasks. I have a color for each category/project and then I highlight the associated tasks in the to-do section with that color. If the planner ha…","722","131","It has taken every ounce of willpower not to buy the big packs of pastel highlighters!! 🥴 My ADHD brain is like “oooooo pretty colors! must have all the pretty things” but then my very small logical brain is like “you don’t need them….. YOU DON’T NEED THEM…..” Obv my logical brain is a buzzkill.","I finally found the planner that works for my brain and I've never seen anything like it before: planner pad (https://plannerpads.com/) I bought it after going through all of the planner related posts in this community. It had three ""levels"" - top section for organizing your thoughts/tasks/whatever into categories, middle section is for writing your tasks for the day, bottom section is for writing your appointments down and/or time blocking. The section for putting everything into categories is super useful for my work as a project manager and I have many priorities to juggle at once. I usually have one column that is ""Q's for others."" I keep one column reserved for my personal to-do list.…","","false","true","planner | plan | to-do | organize","overwhelm | time | tasks","visual | color","forgetfulness_or_time_signal | long_form_comment | mentions_feature_or_solution | mentions_pain_or_friction | mentions_planner_or_system | mentions_working_solution_or_recommendation","75","[THREAD_TITLE]
I have seen so many “ADHD planners” that just DON’T HELP. What are some things/features YOU would love to see incorporated that would actually benefit you?

[THREAD_BODY]
So tired of seeing these products that claim to be sooo helpful with managing ADHD specific issues that just… aren’t. Have any of you found any that DO? Which aspect(s) of them make the biggest improvement in your life and how?

[ROOT_COMMENT_CONTEXT]
I finally found the planner that works for my brain and I've never seen anything like it before: planner pad (https://plannerpads.com/) I bought it after going through all of the planner related posts in this community. It had three ""levels"" - top section for organizing your thoughts/tasks/whatever into categories, middle section is for writing your tasks for the day, bottom section is for writing your appointments down and/or time blocking. The section for putting everything into categories is super useful for my work as a project manager and I have many priorities to juggle at once. I usually have one column that is ""Q's for others."" I keep one column reserved for my personal to-do list.…

[PARENT_COMMENT_CONTEXT]
It has taken every ounce of willpower not to buy the big packs of pastel highlighters!! 🥴 My ADHD brain is like “oooooo pretty colors! must have all the pretty things” but then my very small logical brain is like “you don’t need them….. YOU DON’T NEED THEM…..” Obv my logical brain is a buzzkill.

[CURRENT_RECORD]
Haha, I get what you mean. I've actually found the highlighters to be super useful as another visual element to organize thoughts and tasks. I have a color for each category/project and then I highlight the associated tasks in the to-do section with that color. If the planner has no color then it looks overwhelming and I have a hard time determining what to start with. I don't know if that makes sense but my brain does need the color LOL. I bought the big pack of ""mildliners"" a long time ago and they've been invaluable to me as I've tried to understand my particular flavor of neurodivergence. Basically, they can be a tool! If you think the highlighters will help you, I hereby give you permission to buy them, OP!!"
"/mnt/data/reddit_input_test/reddit-adhdwomen-i_have_seen_so_many_adhd_planners_that_just_dont(1).json","reddit-adhdwomen-i_have_seen_so_many_adhd_planners_that_just_dont(1)","19cluwh","t3_19cluwh","https://www.reddit.com/r/adhdwomen/comments/19cluwh/i_have_seen_so_many_adhd_planners_that_just_dont/","adhdwomen","r/adhdwomen","I have seen so many “ADHD planners” that just DON’T HELP. What are some things/features YOU would love to see incorporated that would actually benefit you?","So tired of seeing these products that claim to be sooo helpful with managing ADHD specific issues that just… aren’t. Have any of you found any that DO? Which aspect(s) of them make the biggest improvement in your life and how?","Cleaning, Organizing, Decluttering","1705893416.0","2024-01-22T03:16:56+00:00","108","108","0.95","153","9dc178c3d77e3d62","","reddit-adhdwomen-i_have_seen_so_many_adhd_planners_that_just_dont(1):comment:kj2fora","comment","kj2fora","t1_kj2fora","https://www.reddit.com/r/adhdwomen/comments/19cluwh/i_have_seen_so_many_adhd_planners_that_just_dont/kj2fora/","/r/adhdwomen/comments/19cluwh/i_have_seen_so_many_adhd_planners_that_just_dont/kj2fora/","t3_19cluwh","post","","kj2fora","0","true","kj2fora","7e034bb3ff44a98f","","","false","false","","3","3","0","0","1","1705944620.0","2024-01-22T17:30:20+00:00","false","False","","false","false","true","false","A way to ensure I use it. Like idk, I’ll die or something? Even then it’s a toss up.","A way to ensure I use it. Like idk, I’ll die or something? Even then it’s a toss up.","84","19","","","","true","false","","","","contains_question","3","[THREAD_TITLE]
I have seen so many “ADHD planners” that just DON’T HELP. What are some things/features YOU would love to see incorporated that would actually benefit you?

[THREAD_BODY]
So tired of seeing these products that claim to be sooo helpful with managing ADHD specific issues that just… aren’t. Have any of you found any that DO? Which aspect(s) of them make the biggest improvement in your life and how?

[CURRENT_RECORD]
A way to ensure I use it. Like idk, I’ll die or something? Even then it’s a toss up."
"/mnt/data/reddit_input_test/reddit-adhdwomen-i_have_seen_so_many_adhd_planners_that_just_dont(1).json","reddit-adhdwomen-i_have_seen_so_many_adhd_planners_that_just_dont(1)","19cluwh","t3_19cluwh","https://www.reddit.com/r/adhdwomen/comments/19cluwh/i_have_seen_so_many_adhd_planners_that_just_dont/","adhdwomen","r/adhdwomen","I have seen so many “ADHD planners” that just DON’T HELP. What are some things/features YOU would love to see incorporated that would actually benefit you?","So tired of seeing these products that claim to be sooo helpful with managing ADHD specific issues that just… aren’t. Have any of you found any that DO? Which aspect(s) of them make the biggest improvement in your life and how?","Cleaning, Organizing, Decluttering","1705893416.0","2024-01-22T03:16:56+00:00","108","108","0.95","153","9dc178c3d77e3d62","","reddit-adhdwomen-i_have_seen_so_many_adhd_planners_that_just_dont(1):comment:kjavt9z","comment","kjavt9z","t1_kjavt9z","https://www.reddit.com/r/adhdwomen/comments/19cluwh/i_have_seen_so_many_adhd_planners_that_just_dont/kjavt9z/","/r/adhdwomen/comments/19cluwh/i_have_seen_so_many_adhd_planners_that_just_dont/kjavt9z/","t1_kj2fora","comment","kj2fora","kj2fora","1","false","kj2fora > kjavt9z","9dc178c3d77e3d62","","","true","false","","1","1","0","0","0","1706068188.0","2024-01-24T03:49:48+00:00","false","False","","false","false","true","false","I feel this way too deep in my soul, hence the post looking for ideas I might not have thought of myself 😅","I feel this way too deep in my soul, hence the post looking for ideas I might not have thought of myself 😅","106","23","A way to ensure I use it. Like idk, I’ll die or something? Even then it’s a toss up.","A way to ensure I use it. Like idk, I’ll die or something? Even then it’s a toss up.","","false","false","","","","","10","[THREAD_TITLE]
I have seen so many “ADHD planners” that just DON’T HELP. What are some things/features YOU would love to see incorporated that would actually benefit you?

[THREAD_BODY]
So tired of seeing these products that claim to be sooo helpful with managing ADHD specific issues that just… aren’t. Have any of you found any that DO? Which aspect(s) of them make the biggest improvement in your life and how?

[PARENT_COMMENT_CONTEXT]
A way to ensure I use it. Like idk, I’ll die or something? Even then it’s a toss up.

[CURRENT_RECORD]
I feel this way too deep in my soul, hence the post looking for ideas I might not have thought of myself 😅"
"/mnt/data/reddit_input_test/reddit-adhdwomen-i_have_seen_so_many_adhd_planners_that_just_dont(1).json","reddit-adhdwomen-i_have_seen_so_many_adhd_planners_that_just_dont(1)","19cluwh","t3_19cluwh","https://www.reddit.com/r/adhdwomen/comments/19cluwh/i_have_seen_so_many_adhd_planners_that_just_dont/","adhdwomen","r/adhdwomen","I have seen so many “ADHD planners” that just DON’T HELP. What are some things/features YOU would love to see incorporated that would actually benefit you?","So tired of seeing these products that claim to be sooo helpful with managing ADHD specific issues that just… aren’t. Have any of you found any that DO? Which aspect(s) of them make the biggest improvement in your life and how?","Cleaning, Organizing, Decluttering","1705893416.0","2024-01-22T03:16:56+00:00","108","108","0.95","153","9dc178c3d77e3d62","","reddit-adhdwomen-i_have_seen_so_many_adhd_planners_that_just_dont(1):comment:kj2gqtv","comment","kj2gqtv","t1_kj2gqtv","https://www.reddit.com/r/adhdwomen/comments/19cluwh/i_have_seen_so_many_adhd_planners_that_just_dont/kj2gqtv/","/r/adhdwomen/comments/19cluwh/i_have_seen_so_many_adhd_planners_that_just_dont/kj2gqtv/","t3_19cluwh","post","","kj2gqtv","0","true","kj2gqtv","75270df3d1b0074a","","","false","false","","3","3","0","0","1","1705944964.0","2024-01-22T17:36:04+00:00","false","False","","false","false","true","false","I think auto-suggestions for tasks you continuously neglect would be cool. Like ""hey you skipped running 5 days in a row, here are some other cardio activities you might actually want to do instead"" or ""you postponed dishes 3 days in a row, should i break this task down for you into smaller chunks?""","I think auto-suggestions for tasks you continuously neglect would be cool. Like ""hey you skipped running 5 days in a row, here are some other cardio activities you might actually want to do instead"" or ""you postponed dishes 3 days in a row, should i break this task down for you…","300","54","","","","true","false","to do","tasks","","contains_question | mentions_pain_or_friction | mentions_planner_or_system","22","[THREAD_TITLE]
I have seen so many “ADHD planners” that just DON’T HELP. What are some things/features YOU would love to see incorporated that would actually benefit you?

[THREAD_BODY]
So tired of seeing these products that claim to be sooo helpful with managing ADHD specific issues that just… aren’t. Have any of you found any that DO? Which aspect(s) of them make the biggest improvement in your life and how?

[CURRENT_RECORD]
I think auto-suggestions for tasks you continuously neglect would be cool. Like ""hey you skipped running 5 days in a row, here are some other cardio activities you might actually want to do instead"" or ""you postponed dishes 3 days in a row, should i break this task down for you into smaller chunks?"""
"/mnt/data/reddit_input_test/reddit-adhdwomen-i_have_seen_so_many_adhd_planners_that_just_dont(1).json","reddit-adhdwomen-i_have_seen_so_many_adhd_planners_that_just_dont(1)","19cluwh","t3_19cluwh","https://www.reddit.com/r/adhdwomen/comments/19cluwh/i_have_seen_so_many_adhd_planners_that_just_dont/","adhdwomen","r/adhdwomen","I have seen so many “ADHD planners” that just DON’T HELP. What are some things/features YOU would love to see incorporated that would actually benefit you?","So tired of seeing these products that claim to be sooo helpful with managing ADHD specific issues that just… aren’t. Have any of you found any that DO? Which aspect(s) of them make the biggest improvement in your life and how?","Cleaning, Organizing, Decluttering","1705893416.0","2024-01-22T03:16:56+00:00","108","108","0.95","153","9dc178c3d77e3d62","","reddit-adhdwomen-i_have_seen_so_many_adhd_planners_that_just_dont(1):comment:mok37kp","comment","mok37kp","t1_mok37kp","https://www.reddit.com/r/adhdwomen/comments/19cluwh/i_have_seen_so_many_adhd_planners_that_just_dont/mok37kp/","/r/adhdwomen/comments/19cluwh/i_have_seen_so_many_adhd_planners_that_just_dont/mok37kp/","t1_kj2gqtv","comment","kj2gqtv","kj2gqtv","1","false","kj2gqtv > mok37kp","ad05516446a6a80e","","","false","false","","1","1","0","0","0","1745383085.0","2025-04-23T04:38:05+00:00","false","False","","false","false","true","false","Had to laugh thinking of possible responses - like getting in your cardio by walking to the store to buy paper plates….","Had to laugh thinking of possible responses - like getting in your cardio by walking to the store to buy paper plates….","119","22","I think auto-suggestions for tasks you continuously neglect would be cool. Like ""hey you skipped running 5 days in a row, here are some other cardio activities you might actually want to do instead"" or ""you postponed dishes 3 days in a row, should i break this task down for you into smaller chunks?""","I think auto-suggestions for tasks you continuously neglect would be cool. Like ""hey you skipped running 5 days in a row, here are some other cardio activities you might actually want to do instead"" or ""you postponed dishes 3 days in a row, should i break this task down for you into smaller chunks?""","","false","false","","","","","10","[THREAD_TITLE]
I have seen so many “ADHD planners” that just DON’T HELP. What are some things/features YOU would love to see incorporated that would actually benefit you?

[THREAD_BODY]
So tired of seeing these products that claim to be sooo helpful with managing ADHD specific issues that just… aren’t. Have any of you found any that DO? Which aspect(s) of them make the biggest improvement in your life and how?

[PARENT_COMMENT_CONTEXT]
I think auto-suggestions for tasks you continuously neglect would be cool. Like ""hey you skipped running 5 days in a row, here are some other cardio activities you might actually want to do instead"" or ""you postponed dishes 3 days in a row, should i break this task down for you into smaller chunks?""

[CURRENT_RECORD]
Had to laugh thinking of possible responses - like getting in your cardio by walking to the store to buy paper plates…."
"/mnt/data/reddit_input_test/reddit-adhdwomen-i_have_seen_so_many_adhd_planners_that_just_dont(1).json","reddit-adhdwomen-i_have_seen_so_many_adhd_planners_that_just_dont(1)","19cluwh","t3_19cluwh","https://www.reddit.com/r/adhdwomen/comments/19cluwh/i_have_seen_so_many_adhd_planners_that_just_dont/","adhdwomen","r/adhdwomen","I have seen so many “ADHD planners” that just DON’T HELP. What are some things/features YOU would love to see incorporated that would actually benefit you?","So tired of seeing these products that claim to be sooo helpful with managing ADHD specific issues that just… aren’t. Have any of you found any that DO? Which aspect(s) of them make the biggest improvement in your life and how?","Cleaning, Organizing, Decluttering","1705893416.0","2024-01-22T03:16:56+00:00","108","108","0.95","153","9dc178c3d77e3d62","","reddit-adhdwomen-i_have_seen_so_many_adhd_planners_that_just_dont(1):comment:kj3d5as","comment","kj3d5as","t1_kj3d5as","https://www.reddit.com/r/adhdwomen/comments/19cluwh/i_have_seen_so_many_adhd_planners_that_just_dont/kj3d5as/","/r/adhdwomen/comments/19cluwh/i_have_seen_so_many_adhd_planners_that_just_dont/kj3d5as/","t3_19cluwh","post","","kj3d5as","0","true","kj3d5as","4050e8f4e8d2ab0f","","","false","false","","3","3","0","0","1","1705955671.0","2024-01-22T20:34:31+00:00","false","False","","false","false","true","false","It needs to include a shock collar that zaps me for not using it. Like at set times during the day it starts to beep, then if I ignore it, the shocks begin. It sounds like I’m joking but I’m dead serious. I’ve made sooooo many planners. I’ve designed my own many many times. Never works long term. 😅🥲","It needs to include a shock collar that zaps me for not using it. Like at set times during the day it starts to beep, then if I ignore it, the shocks begin. It sounds like I’m joking but I’m dead serious. I’ve made sooooo many planners. I’ve designed my own many many times. Neve…","300","59","","","","false","false","planner | planners | plan","time","","mentions_pain_or_friction | mentions_planner_or_system","30","[THREAD_TITLE]
I have seen so many “ADHD planners” that just DON’T HELP. What are some things/features YOU would love to see incorporated that would actually benefit you?

[THREAD_BODY]
So tired of seeing these products that claim to be sooo helpful with managing ADHD specific issues that just… aren’t. Have any of you found any that DO? Which aspect(s) of them make the biggest improvement in your life and how?

[CURRENT_RECORD]
It needs to include a shock collar that zaps me for not using it. Like at set times during the day it starts to beep, then if I ignore it, the shocks begin. It sounds like I’m joking but I’m dead serious. I’ve made sooooo many planners. I’ve designed my own many many times. Never works long term. 😅🥲"
"/mnt/data/reddit_input_test/reddit-adhdwomen-i_have_seen_so_many_adhd_planners_that_just_dont(1).json","reddit-adhdwomen-i_have_seen_so_many_adhd_planners_that_just_dont(1)","19cluwh","t3_19cluwh","https://www.reddit.com/r/adhdwomen/comments/19cluwh/i_have_seen_so_many_adhd_planners_that_just_dont/","adhdwomen","r/adhdwomen","I have seen so many “ADHD planners” that just DON’T HELP. What are some things/features YOU would love to see incorporated that would actually benefit you?","So tired of seeing these products that claim to be sooo helpful with managing ADHD specific issues that just… aren’t. Have any of you found any that DO? Which aspect(s) of them make the biggest improvement in your life and how?","Cleaning, Organizing, Decluttering","1705893416.0","2024-01-22T03:16:56+00:00","108","108","0.95","153","9dc178c3d77e3d62","","reddit-adhdwomen-i_have_seen_so_many_adhd_planners_that_just_dont(1):comment:kjav0vh","comment","kjav0vh","t1_kjav0vh","https://www.reddit.com/r/adhdwomen/comments/19cluwh/i_have_seen_so_many_adhd_planners_that_just_dont/kjav0vh/","/r/adhdwomen/comments/19cluwh/i_have_seen_so_many_adhd_planners_that_just_dont/kjav0vh/","t1_kj3d5as","comment","kj3d5as","kj3d5as","1","false","kj3d5as > kjav0vh","9dc178c3d77e3d62","","","true","false","","2","2","0","0","0","1706067846.0","2024-01-24T03:44:06+00:00","false","False","","false","false","true","false","If I got zapped by a shock collar every time I procrastinated or otherwise completely forgot to do something…. My brain would look like scrambled eggs by the end of day 1 😅 Kidding, but like…. not kidding","If I got zapped by a shock collar every time I procrastinated or otherwise completely forgot to do something…. My brain would look like scrambled eggs by the end of day 1 😅 Kidding, but like…. not kidding","204","38","It needs to include a shock collar that zaps me for not using it. Like at set times during the day it starts to beep, then if I ignore it, the shocks begin. It sounds like I’m joking but I’m dead serious. I’ve made sooooo many planners. I’ve designed my own many many times. Never works long term. 😅🥲","It needs to include a shock collar that zaps me for not using it. Like at set times during the day it starts to beep, then if I ignore it, the shocks begin. It sounds like I’m joking but I’m dead serious. I’ve made sooooo many planners. I’ve designed my own many many times. Never works long term. 😅🥲","","false","false","app | to do","forgot | time | procrastinate","","forgetfulness_or_time_signal | mentions_pain_or_friction | mentions_planner_or_system","41","[THREAD_TITLE]
I have seen so many “ADHD planners” that just DON’T HELP. What are some things/features YOU would love to see incorporated that would actually benefit you?

[THREAD_BODY]
So tired of seeing these products that claim to be sooo helpful with managing ADHD specific issues that just… aren’t. Have any of you found any that DO? Which aspect(s) of them make the biggest improvement in your life and how?

[PARENT_COMMENT_CONTEXT]
It needs to include a shock collar that zaps me for not using it. Like at set times during the day it starts to beep, then if I ignore it, the shocks begin. It sounds like I’m joking but I’m dead serious. I’ve made sooooo many planners. I’ve designed my own many many times. Never works long term. 😅🥲

[CURRENT_RECORD]
If I got zapped by a shock collar every time I procrastinated or otherwise completely forgot to do something…. My brain would look like scrambled eggs by the end of day 1 😅 Kidding, but like…. not kidding"
"/mnt/data/reddit_input_test/reddit-adhdwomen-i_have_seen_so_many_adhd_planners_that_just_dont(1).json","reddit-adhdwomen-i_have_seen_so_many_adhd_planners_that_just_dont(1)","19cluwh","t3_19cluwh","https://www.reddit.com/r/adhdwomen/comments/19cluwh/i_have_seen_so_many_adhd_planners_that_just_dont/","adhdwomen","r/adhdwomen","I have seen so many “ADHD planners” that just DON’T HELP. What are some things/features YOU would love to see incorporated that would actually benefit you?","So tired of seeing these products that claim to be sooo helpful with managing ADHD specific issues that just… aren’t. Have any of you found any that DO? Which aspect(s) of them make the biggest improvement in your life and how?","Cleaning, Organizing, Decluttering","1705893416.0","2024-01-22T03:16:56+00:00","108","108","0.95","153","9dc178c3d77e3d62","","reddit-adhdwomen-i_have_seen_so_many_adhd_planners_that_just_dont(1):comment:kj0irsv","comment","kj0irsv","t1_kj0irsv","https://www.reddit.com/r/adhdwomen/comments/19cluwh/i_have_seen_so_many_adhd_planners_that_just_dont/kj0irsv/","/r/adhdwomen/comments/19cluwh/i_have_seen_so_many_adhd_planners_that_just_dont/kj0irsv/","t3_19cluwh","post","","kj0irsv","0","true","kj0irsv","","","","false","false","","2","2","0","0","0","1705910556.0","2024-01-22T08:02:36+00:00","1705910926.0","1705910926.0","2024-01-22T08:08:46+00:00","false","false","true","false","I have the same problem. I tried to become a Notion girlie, purchased themes, spent time customizing each page, the whole 9 yards. I even created my own medication side effect tracker that I used nearly everyday for about 2.5 months. But like with everything else in my life, I suddenly stopped using it. All of my psychiatrist and therapist appointments are online, and both of them use a telehealth service that allows me to share my screen. Being able to share my mood tracker and symptom tracker (I also had a food delivery and binge tracker) was really helpful. The feedback I received from my therapist about keeping track of everything encouraged me to keep going. I also tracked my birth control and periods, and that helped me notice how my PMDD can affect my attention span , rejection sensitivity and need for stimulation. I also have OCD, so I think being able to have a visual representation of everything was satisfying. I really enjoyed finding patterns too. I was even able to create graphs to determine my most frequent side effects and sent them to my psychiatrist. I wish setting up my Notion was less overwhelming and less expensive. Of course you don’t have to buy anything, but premade themes are useful. I ended up not using the $9.99 themes I bought and made my own though… so I guess the feature that I would like to see in digital and physical planners is a planner set up walkthrough/tutorial/checklist. I’ve abandoned planners before because of the sheer amount of features. I’ve abandoned simple planners because of the LACK of features! It also took me MONTHS before finally setting up my Notion because all of the customization options were overwhelming, and the themes I found on Etsy didn’t have 100% of what I was looking for. Or if I did find one that had the things I was looking for, the way the designer organized things or formatted things weren’t satisfying to me lol. I like my agenda and tables to look a certain way!!","I have the same problem. I tried to become a Notion girlie, purchased themes, spent time customizing each page, the whole 9 yards. I even created my own medication side effect tracker that I used nearly everyday for about 2.5 months. But like with everything else in my life, I s…","1960","346","","","","false","true","planner | planners | plan | agenda | notion | app | checklist | tracker | organize","overwhelm | time | abandon | abandoned","simple | visual | appointments | custom | checklist | less overwhelming","forgetfulness_or_time_signal | long_form_comment | mentions_feature_or_solution | mentions_pain_or_friction | mentions_planner_or_system | mentions_working_solution_or_recommendation","100","[THREAD_TITLE]
I have seen so many “ADHD planners” that just DON’T HELP. What are some things/features YOU would love to see incorporated that would actually benefit you?

[THREAD_BODY]
So tired of seeing these products that claim to be sooo helpful with managing ADHD specific issues that just… aren’t. Have any of you found any that DO? Which aspect(s) of them make the biggest improvement in your life and how?

[CURRENT_RECORD]
I have the same problem. I tried to become a Notion girlie, purchased themes, spent time customizing each page, the whole 9 yards. I even created my own medication side effect tracker that I used nearly everyday for about 2.5 months. But like with everything else in my life, I suddenly stopped using it. All of my psychiatrist and therapist appointments are online, and both of them use a telehealth service that allows me to share my screen. Being able to share my mood tracker and symptom tracker (I also had a food delivery and binge tracker) was really helpful. The feedback I received from my therapist about keeping track of everything encouraged me to keep going. I also tracked my birth control and periods, and that helped me notice how my PMDD can affect my attention span , rejection sensitivity and need for stimulation. I also have OCD, so I think being able to have a visual representation of everything was satisfying. I really enjoyed finding patterns too. I was even able to create graphs to determine my most frequent side effects and sent them to my psychiatrist. I wish setting up my Notion was less overwhelming and less expensive. Of course you don’t have to buy anything, but premade themes are useful. I ended up not using the $9.99 themes I bought and made my own though… so I guess the feature that I would like to see in digital and physical planners is a planner set up walkthrough/tutorial/checklist. I’ve abandoned planners before because of the sheer amount of features. I’ve abandoned simple planners because of the LACK of features! It also took me MONTHS before finally setting up my Notion because all of the customization options were overwhelming, and the themes I found on Etsy didn’t have 100% of what I was looking for. Or if I did find one that had the things I was looking for, the way the designer organized things or formatted things weren’t satisfying to me lol. I like my agenda and tables to look a certain way!!"
"/mnt/data/reddit_input_test/reddit-adhdwomen-i_have_seen_so_many_adhd_planners_that_just_dont(1).json","reddit-adhdwomen-i_have_seen_so_many_adhd_planners_that_just_dont(1)","19cluwh","t3_19cluwh","https://www.reddit.com/r/adhdwomen/comments/19cluwh/i_have_seen_so_many_adhd_planners_that_just_dont/","adhdwomen","r/adhdwomen","I have seen so many “ADHD planners” that just DON’T HELP. What are some things/features YOU would love to see incorporated that would actually benefit you?","So tired of seeing these products that claim to be sooo helpful with managing ADHD specific issues that just… aren’t. Have any of you found any that DO? Which aspect(s) of them make the biggest improvement in your life and how?","Cleaning, Organizing, Decluttering","1705893416.0","2024-01-22T03:16:56+00:00","108","108","0.95","153","9dc178c3d77e3d62","","reddit-adhdwomen-i_have_seen_so_many_adhd_planners_that_just_dont(1):comment:kj13hfr","comment","kj13hfr","t1_kj13hfr","https://www.reddit.com/r/adhdwomen/comments/19cluwh/i_have_seen_so_many_adhd_planners_that_just_dont/kj13hfr/","/r/adhdwomen/comments/19cluwh/i_have_seen_so_many_adhd_planners_that_just_dont/kj13hfr/","t3_19cluwh","post","","kj13hfr","0","true","kj13hfr","55e40aeed3dc51c4","","","false","false","","2","2","0","0","0","1705925445.0","2024-01-22T12:10:45+00:00","1705925985.0","1705925985.0","2024-01-22T12:19:45+00:00","false","false","true","false","I’ve used dozens of paper planners over the years that only ever had the first page filled out. I’ve figured out that I do so much better with digital tools. Paper planners are too rigid for me. I’d put something in the calendar and then have to change the date which meant scratching it out and moving it somewhere else. Same with to do lists - constantly moving things to the next day, etc. I’d get frustrated and give up. plus I didn’t carry it with me everywhere I went. Now I use my iPhone/iPad for everything. It works much better for my brain. Plus unlike paper planners, it has notifications & reminders. I just use the free, built-in apps: -Reminders app for ALL my to-dos, sorted by lists (daily routines, errands, cleaning, yard work, homeschooling etc). If I don’t get to something one day, it’s still there the next day, I don’t have to move it anywhere. If it MUST get done today, I mark today’s date on it, and it shows up in the Today smart list. I open that list first. I have a default list called Inbox which is where I quickly dump any to dos that pop into my head that I don’t want to forget. Then I can go back and sort them later. I usually use Siri for this - “Hey Siri, remind me to defrost bacon for supper” and it magically shows up in my inbox. -Notes app to jot down all the million thoughts that pop into my brain throughout the day (that aren’t to-dos, more like thoughts, ideas etc) -calendar app for appointments/time-specific events (with 2 reminders set for each event). I love that appointments can also be shared with family members. This works so much better for me, and I’m actually accomplishing things. Plus I get to stop spending money on new planners every year. I also have an Apple Watch, so when a reminder pops up for me to do, it buzzes my wrist and shows up on my watch screen. This has been very helpful also.","I’ve used dozens of paper planners over the years that only ever had the first page filled out. I’ve figured out that I do so much better with digital tools. Paper planners are too rigid for me. I’d put something in the calendar and then have to change the date which meant scrat…","1859","349","","","","false","true","planner | planners | plan | calendar | app | to do | to-do | daily | routine","frustrated | forget | time | rigid","reminder | reminders | notes | appointments | daily | change","forgetfulness_or_time_signal | long_form_comment | mentions_feature_or_solution | mentions_pain_or_friction | mentions_planner_or_system | mentions_working_solution_or_recommendation | novelty_or_format_change_signal","100","[THREAD_TITLE]
I have seen so many “ADHD planners” that just DON’T HELP. What are some things/features YOU would love to see incorporated that would actually benefit you?

[THREAD_BODY]
So tired of seeing these products that claim to be sooo helpful with managing ADHD specific issues that just… aren’t. Have any of you found any that DO? Which aspect(s) of them make the biggest improvement in your life and how?

[CURRENT_RECORD]
I’ve used dozens of paper planners over the years that only ever had the first page filled out. I’ve figured out that I do so much better with digital tools. Paper planners are too rigid for me. I’d put something in the calendar and then have to change the date which meant scratching it out and moving it somewhere else. Same with to do lists - constantly moving things to the next day, etc. I’d get frustrated and give up. plus I didn’t carry it with me everywhere I went. Now I use my iPhone/iPad for everything. It works much better for my brain. Plus unlike paper planners, it has notifications & reminders. I just use the free, built-in apps: -Reminders app for ALL my to-dos, sorted by lists (daily routines, errands, cleaning, yard work, homeschooling etc). If I don’t get to something one day, it’s still there the next day, I don’t have to move it anywhere. If it MUST get done today, I mark today’s date on it, and it shows up in the Today smart list. I open that list first. I have a default list called Inbox which is where I quickly dump any to dos that pop into my head that I don’t want to forget. Then I can go back and sort them later. I usually use Siri for this - “Hey Siri, remind me to defrost bacon for supper” and it magically shows up in my inbox. -Notes app to jot down all the million thoughts that pop into my brain throughout the day (that aren’t to-dos, more like thoughts, ideas etc) -calendar app for appointments/time-specific events (with 2 reminders set for each event). I love that appointments can also be shared with family members. This works so much better for me, and I’m actually accomplishing things. Plus I get to stop spending money on new planners every year. I also have an Apple Watch, so when a reminder pops up for me to do, it buzzes my wrist and shows up on my watch screen. This has been very helpful also."
"/mnt/data/reddit_input_test/reddit-adhdwomen-i_have_seen_so_many_adhd_planners_that_just_dont(1).json","reddit-adhdwomen-i_have_seen_so_many_adhd_planners_that_just_dont(1)","19cluwh","t3_19cluwh","https://www.reddit.com/r/adhdwomen/comments/19cluwh/i_have_seen_so_many_adhd_planners_that_just_dont/","adhdwomen","r/adhdwomen","I have seen so many “ADHD planners” that just DON’T HELP. What are some things/features YOU would love to see incorporated that would actually benefit you?","So tired of seeing these products that claim to be sooo helpful with managing ADHD specific issues that just… aren’t. Have any of you found any that DO? Which aspect(s) of them make the biggest improvement in your life and how?","Cleaning, Organizing, Decluttering","1705893416.0","2024-01-22T03:16:56+00:00","108","108","0.95","153","9dc178c3d77e3d62","","reddit-adhdwomen-i_have_seen_so_many_adhd_planners_that_just_dont(1):comment:kj15mst","comment","kj15mst","t1_kj15mst","https://www.reddit.com/r/adhdwomen/comments/19cluwh/i_have_seen_so_many_adhd_planners_that_just_dont/kj15mst/","/r/adhdwomen/comments/19cluwh/i_have_seen_so_many_adhd_planners_that_just_dont/kj15mst/","t3_19cluwh","post","","kj15mst","0","true","kj15mst","ff136444d4f3172e","","","false","false","","2","2","0","0","0","1705926663.0","2024-01-22T12:31:03+00:00","false","False","","false","false","true","false","Something that ACTUALLY helps me a ton is the following: I have a smartwatch and a smartphone, my smartwatch charges next to my phone or on top of my phone during the night. I use the agenda on my phone, and it automatically syncs it to the watch. My watch then vibrates gently two minutes before the appointment. I don't need to do anything for it. I use this to keep track of time and appointments. Also groceries? I have a WhatsApp group with my partner and if I notice something is empty we quickly make a picture to the groupchat. While shopping we check the group and delete any pictures of items we now have in the cart. I made lists of items we always need per location where we need them. So for example one in the bathroom which has things such as toiletpaper, shampoo etc. Then if we want to do groceries we can check one or multiple locations and see what we still need (the lists has pictures for me and is in the order of the different kind of stores for my partner) We have Emergency energybars next to the bed, vitamines in an glassbottle, a bottle of water and ADHD meds on our nightstands.","Something that ACTUALLY helps me a ton is the following: I have a smartwatch and a smartphone, my smartwatch charges next to my phone or on top of my phone during the night. I use the agenda on my phone, and it automatically syncs it to the watch. My watch then vibrates gently t…","1107","210","","","","true","true","agenda | app | to do","adhd | time","appointments","contains_question | forgetfulness_or_time_signal | long_form_comment | mentions_feature_or_solution | mentions_pain_or_friction | mentions_planner_or_system | mentions_working_solution_or_recommendation","72","[THREAD_TITLE]
I have seen so many “ADHD planners” that just DON’T HELP. What are some things/features YOU would love to see incorporated that would actually benefit you?

[THREAD_BODY]
So tired of seeing these products that claim to be sooo helpful with managing ADHD specific issues that just… aren’t. Have any of you found any that DO? Which aspect(s) of them make the biggest improvement in your life and how?

[CURRENT_RECORD]
Something that ACTUALLY helps me a ton is the following: I have a smartwatch and a smartphone, my smartwatch charges next to my phone or on top of my phone during the night. I use the agenda on my phone, and it automatically syncs it to the watch. My watch then vibrates gently two minutes before the appointment. I don't need to do anything for it. I use this to keep track of time and appointments. Also groceries? I have a WhatsApp group with my partner and if I notice something is empty we quickly make a picture to the groupchat. While shopping we check the group and delete any pictures of items we now have in the cart. I made lists of items we always need per location where we need them. So for example one in the bathroom which has things such as toiletpaper, shampoo etc. Then if we want to do groceries we can check one or multiple locations and see what we still need (the lists has pictures for me and is in the order of the different kind of stores for my partner) We have Emergency energybars next to the bed, vitamines in an glassbottle, a bottle of water and ADHD meds on our nightstands."
"/mnt/data/reddit_input_test/reddit-adhdwomen-i_have_seen_so_many_adhd_planners_that_just_dont(1).json","reddit-adhdwomen-i_have_seen_so_many_adhd_planners_that_just_dont(1)","19cluwh","t3_19cluwh","https://www.reddit.com/r/adhdwomen/comments/19cluwh/i_have_seen_so_many_adhd_planners_that_just_dont/","adhdwomen","r/adhdwomen","I have seen so many “ADHD planners” that just DON’T HELP. What are some things/features YOU would love to see incorporated that would actually benefit you?","So tired of seeing these products that claim to be sooo helpful with managing ADHD specific issues that just… aren’t. Have any of you found any that DO? Which aspect(s) of them make the biggest improvement in your life and how?","Cleaning, Organizing, Decluttering","1705893416.0","2024-01-22T03:16:56+00:00","108","108","0.95","153","9dc178c3d77e3d62","","reddit-adhdwomen-i_have_seen_so_many_adhd_planners_that_just_dont(1):comment:kj181z0","comment","kj181z0","t1_kj181z0","https://www.reddit.com/r/adhdwomen/comments/19cluwh/i_have_seen_so_many_adhd_planners_that_just_dont/kj181z0/","/r/adhdwomen/comments/19cluwh/i_have_seen_so_many_adhd_planners_that_just_dont/kj181z0/","t3_19cluwh","post","","kj181z0","0","true","kj181z0","e7cd8277f2024354","","","false","false","","2","2","0","0","0","1705927957.0","2024-01-22T12:52:37+00:00","false","False","","false","false","true","false","It has to be digital for me and sync between every device that I could possibly use it on. I am finding Notion works well, combined with the native calendar on my phone (Google calendar, but if I was an iPhone user, I'd use Apple)","It has to be digital for me and sync between every device that I could possibly use it on. I am finding Notion works well, combined with the native calendar on my phone (Google calendar, but if I was an iPhone user, I'd use Apple)","230","45","","","","false","false","calendar | notion | app","","","mentions_planner_or_system","22","[THREAD_TITLE]
I have seen so many “ADHD planners” that just DON’T HELP. What are some things/features YOU would love to see incorporated that would actually benefit you?

[THREAD_BODY]
So tired of seeing these products that claim to be sooo helpful with managing ADHD specific issues that just… aren’t. Have any of you found any that DO? Which aspect(s) of them make the biggest improvement in your life and how?

[CURRENT_RECORD]
It has to be digital for me and sync between every device that I could possibly use it on. I am finding Notion works well, combined with the native calendar on my phone (Google calendar, but if I was an iPhone user, I'd use Apple)"
"/mnt/data/reddit_input_test/reddit-adhdwomen-i_have_seen_so_many_adhd_planners_that_just_dont(1).json","reddit-adhdwomen-i_have_seen_so_many_adhd_planners_that_just_dont(1)","19cluwh","t3_19cluwh","https://www.reddit.com/r/adhdwomen/comments/19cluwh/i_have_seen_so_many_adhd_planners_that_just_dont/","adhdwomen","r/adhdwomen","I have seen so many “ADHD planners” that just DON’T HELP. What are some things/features YOU would love to see incorporated that would actually benefit you?","So tired of seeing these products that claim to be sooo helpful with managing ADHD specific issues that just… aren’t. Have any of you found any that DO? Which aspect(s) of them make the biggest improvement in your life and how?","Cleaning, Organizing, Decluttering","1705893416.0","2024-01-22T03:16:56+00:00","108","108","0.95","153","9dc178c3d77e3d62","","reddit-adhdwomen-i_have_seen_so_many_adhd_planners_that_just_dont(1):comment:kj18ehj","comment","kj18ehj","t1_kj18ehj","https://www.reddit.com/r/adhdwomen/comments/19cluwh/i_have_seen_so_many_adhd_planners_that_just_dont/kj18ehj/","/r/adhdwomen/comments/19cluwh/i_have_seen_so_many_adhd_planners_that_just_dont/kj18ehj/","t3_19cluwh","post","","kj18ehj","0","true","kj18ehj","4ffa6867d76388a0","","","false","false","","2","2","0","0","0","1705928135.0","2024-01-22T12:55:35+00:00","false","False","","false","false","true","false","I use a bullet journal - invented by Ryder Carrol for this reason, and the beauty is you can change it up if it's not working","I use a bullet journal - invented by Ryder Carrol for this reason, and the beauty is you can change it up if it's not working","125","26","","","","false","false","bullet journal | journal","not working","change","mentions_feature_or_solution | mentions_pain_or_friction | mentions_planner_or_system | novelty_or_format_change_signal","27","[THREAD_TITLE]
I have seen so many “ADHD planners” that just DON’T HELP. What are some things/features YOU would love to see incorporated that would actually benefit you?

[THREAD_BODY]
So tired of seeing these products that claim to be sooo helpful with managing ADHD specific issues that just… aren’t. Have any of you found any that DO? Which aspect(s) of them make the biggest improvement in your life and how?

[CURRENT_RECORD]
I use a bullet journal - invented by Ryder Carrol for this reason, and the beauty is you can change it up if it's not working"
"/mnt/data/reddit_input_test/reddit-adhdwomen-i_have_seen_so_many_adhd_planners_that_just_dont(1).json","reddit-adhdwomen-i_have_seen_so_many_adhd_planners_that_just_dont(1)","19cluwh","t3_19cluwh","https://www.reddit.com/r/adhdwomen/comments/19cluwh/i_have_seen_so_many_adhd_planners_that_just_dont/","adhdwomen","r/adhdwomen","I have seen so many “ADHD planners” that just DON’T HELP. What are some things/features YOU would love to see incorporated that would actually benefit you?","So tired of seeing these products that claim to be sooo helpful with managing ADHD specific issues that just… aren’t. Have any of you found any that DO? Which aspect(s) of them make the biggest improvement in your life and how?","Cleaning, Organizing, Decluttering","1705893416.0","2024-01-22T03:16:56+00:00","108","108","0.95","153","9dc178c3d77e3d62","","reddit-adhdwomen-i_have_seen_so_many_adhd_planners_that_just_dont(1):comment:kj1a8k7","comment","kj1a8k7","t1_kj1a8k7","https://www.reddit.com/r/adhdwomen/comments/19cluwh/i_have_seen_so_many_adhd_planners_that_just_dont/kj1a8k7/","/r/adhdwomen/comments/19cluwh/i_have_seen_so_many_adhd_planners_that_just_dont/kj1a8k7/","t3_19cluwh","post","","kj1a8k7","0","true","kj1a8k7","26270d0572711de9","","","false","false","","2","2","0","0","0","1705929060.0","2024-01-22T13:11:00+00:00","false","False","","false","false","true","false","I made a planner that's weekly. It's just a page with an empty week, a place for me to fill in the days of the week, and a second block for Chores, Bills, and Life. I print them off on cardstock and then put them on a clipboard hanging next to my desk. The fact that it's hanging next to my desk means I'm more likely to notice it. But at the same time, because they're only week to week and undated, if I do forget to use them I can just pick them back up whenever I need to. I'm generally not a ""misses deadlines"" kind of person but I am definitely someone who will double book myself without noticing. This...doesn't help with that, but it does help keep the immediate future in check without having to be so incredibly consistent with a planner.","I made a planner that's weekly. It's just a page with an empty week, a place for me to fill in the days of the week, and a second block for Chores, Bills, and Life. I print them off on cardstock and then put them on a clipboard hanging next to my desk. The fact that it's hanging…","749","145","","","","false","false","planner | plan | weekly","forget | time | doesn't help","print | weekly","forgetfulness_or_time_signal | long_form_comment | mentions_feature_or_solution | mentions_pain_or_friction | mentions_planner_or_system","63","[THREAD_TITLE]
I have seen so many “ADHD planners” that just DON’T HELP. What are some things/features YOU would love to see incorporated that would actually benefit you?

[THREAD_BODY]
So tired of seeing these products that claim to be sooo helpful with managing ADHD specific issues that just… aren’t. Have any of you found any that DO? Which aspect(s) of them make the biggest improvement in your life and how?

[CURRENT_RECORD]
I made a planner that's weekly. It's just a page with an empty week, a place for me to fill in the days of the week, and a second block for Chores, Bills, and Life. I print them off on cardstock and then put them on a clipboard hanging next to my desk. The fact that it's hanging next to my desk means I'm more likely to notice it. But at the same time, because they're only week to week and undated, if I do forget to use them I can just pick them back up whenever I need to. I'm generally not a ""misses deadlines"" kind of person but I am definitely someone who will double book myself without noticing. This...doesn't help with that, but it does help keep the immediate future in check without having to be so incredibly consistent with a planner."
"/mnt/data/reddit_input_test/reddit-adhdwomen-i_have_seen_so_many_adhd_planners_that_just_dont(1).json","reddit-adhdwomen-i_have_seen_so_many_adhd_planners_that_just_dont(1)","19cluwh","t3_19cluwh","https://www.reddit.com/r/adhdwomen/comments/19cluwh/i_have_seen_so_many_adhd_planners_that_just_dont/","adhdwomen","r/adhdwomen","I have seen so many “ADHD planners” that just DON’T HELP. What are some things/features YOU would love to see incorporated that would actually benefit you?","So tired of seeing these products that claim to be sooo helpful with managing ADHD specific issues that just… aren’t. Have any of you found any that DO? Which aspect(s) of them make the biggest improvement in your life and how?","Cleaning, Organizing, Decluttering","1705893416.0","2024-01-22T03:16:56+00:00","108","108","0.95","153","9dc178c3d77e3d62","","reddit-adhdwomen-i_have_seen_so_many_adhd_planners_that_just_dont(1):comment:kj1bwn7","comment","kj1bwn7","t1_kj1bwn7","https://www.reddit.com/r/adhdwomen/comments/19cluwh/i_have_seen_so_many_adhd_planners_that_just_dont/kj1bwn7/","/r/adhdwomen/comments/19cluwh/i_have_seen_so_many_adhd_planners_that_just_dont/kj1bwn7/","t3_19cluwh","post","","kj1bwn7","0","true","kj1bwn7","27d5d78f7532f398","","","false","false","","2","2","0","0","0","1705929862.0","2024-01-22T13:24:22+00:00","false","False","","false","false","true","false","I used a bullet journal for... roughly 6 years. It worked really well until it didn't. Once I started working remote it stopped working. Something in my brain just couldn't continue using it when I wasn't leaving the house. Since then I've been using Notion, I think this is my 3rd year using Notion. I like it because I can change it whenever I need to to fit my needs like I could a bullet journal. If I get bored with the color scheme I've chosen it's easy to change, but all the basics that I use daily can stay. EDIT: Notion isn't for EVERYBODY. It can have a steep learning curve. There are a lot of templates out there to get you started. Free or paid. I've taken a handful of free templates to help me learn how to do certain things, then integrated those things into a format that worked better for me. It was a not short amount of time.","I used a bullet journal for... roughly 6 years. It worked really well until it didn't. Once I started working remote it stopped working. Something in my brain just couldn't continue using it when I wasn't leaving the house. Since then I've been using Notion, I think this is my 3…","846","163","","","","false","false","bullet journal | journal | notion | template | templates | to do | daily","time","color | daily | change","forgetfulness_or_time_signal | long_form_comment | mentions_feature_or_solution | mentions_pain_or_friction | mentions_planner_or_system | novelty_or_format_change_signal | printable_modular_system_signal","71","[THREAD_TITLE]
I have seen so many “ADHD planners” that just DON’T HELP. What are some things/features YOU would love to see incorporated that would actually benefit you?

[THREAD_BODY]
So tired of seeing these products that claim to be sooo helpful with managing ADHD specific issues that just… aren’t. Have any of you found any that DO? Which aspect(s) of them make the biggest improvement in your life and how?

[CURRENT_RECORD]
I used a bullet journal for... roughly 6 years. It worked really well until it didn't. Once I started working remote it stopped working. Something in my brain just couldn't continue using it when I wasn't leaving the house. Since then I've been using Notion, I think this is my 3rd year using Notion. I like it because I can change it whenever I need to to fit my needs like I could a bullet journal. If I get bored with the color scheme I've chosen it's easy to change, but all the basics that I use daily can stay. EDIT: Notion isn't for EVERYBODY. It can have a steep learning curve. There are a lot of templates out there to get you started. Free or paid. I've taken a handful of free templates to help me learn how to do certain things, then integrated those things into a format that worked better for me. It was a not short amount of time."
"/mnt/data/reddit_input_test/reddit-adhdwomen-i_have_seen_so_many_adhd_planners_that_just_dont(1).json","reddit-adhdwomen-i_have_seen_so_many_adhd_planners_that_just_dont(1)","19cluwh","t3_19cluwh","https://www.reddit.com/r/adhdwomen/comments/19cluwh/i_have_seen_so_many_adhd_planners_that_just_dont/","adhdwomen","r/adhdwomen","I have seen so many “ADHD planners” that just DON’T HELP. What are some things/features YOU would love to see incorporated that would actually benefit you?","So tired of seeing these products that claim to be sooo helpful with managing ADHD specific issues that just… aren’t. Have any of you found any that DO? Which aspect(s) of them make the biggest improvement in your life and how?","Cleaning, Organizing, Decluttering","1705893416.0","2024-01-22T03:16:56+00:00","108","108","0.95","153","9dc178c3d77e3d62","","reddit-adhdwomen-i_have_seen_so_many_adhd_planners_that_just_dont(1):comment:kj1i4rj","comment","kj1i4rj","t1_kj1i4rj","https://www.reddit.com/r/adhdwomen/comments/19cluwh/i_have_seen_so_many_adhd_planners_that_just_dont/kj1i4rj/","/r/adhdwomen/comments/19cluwh/i_have_seen_so_many_adhd_planners_that_just_dont/kj1i4rj/","t3_19cluwh","post","","kj1i4rj","0","true","kj1i4rj","5d297fb7b71cd5a6","","AuDHD","false","false","","2","2","0","0","0","1705932626.0","2024-01-22T14:10:26+00:00","false","False","","false","false","true","false","I have a dot journal I use as my work notebook and I use highlighters to colour code things. I've been using it since November and I'm still going, so that's nice. I just like that the dots can guide my writing but not restrict it. Ideally my planned would be a human silently walking around with me, taking notes. Everything else will fail.","I have a dot journal I use as my work notebook and I use highlighters to colour code things. I've been using it since November and I'm still going, so that's nice. I just like that the dots can guide my writing but not restrict it. Ideally my planned would be a human silently wa…","341","64","","","","false","false","plan | journal","","colour | notes","mentions_feature_or_solution | mentions_planner_or_system","26","[THREAD_TITLE]
I have seen so many “ADHD planners” that just DON’T HELP. What are some things/features YOU would love to see incorporated that would actually benefit you?

[THREAD_BODY]
So tired of seeing these products that claim to be sooo helpful with managing ADHD specific issues that just… aren’t. Have any of you found any that DO? Which aspect(s) of them make the biggest improvement in your life and how?

[CURRENT_RECORD]
I have a dot journal I use as my work notebook and I use highlighters to colour code things. I've been using it since November and I'm still going, so that's nice. I just like that the dots can guide my writing but not restrict it. Ideally my planned would be a human silently walking around with me, taking notes. Everything else will fail."
"/mnt/data/reddit_input_test/reddit-adhdwomen-i_have_seen_so_many_adhd_planners_that_just_dont(1).json","reddit-adhdwomen-i_have_seen_so_many_adhd_planners_that_just_dont(1)","19cluwh","t3_19cluwh","https://www.reddit.com/r/adhdwomen/comments/19cluwh/i_have_seen_so_many_adhd_planners_that_just_dont/","adhdwomen","r/adhdwomen","I have seen so many “ADHD planners” that just DON’T HELP. What are some things/features YOU would love to see incorporated that would actually benefit you?","So tired of seeing these products that claim to be sooo helpful with managing ADHD specific issues that just… aren’t. Have any of you found any that DO? Which aspect(s) of them make the biggest improvement in your life and how?","Cleaning, Organizing, Decluttering","1705893416.0","2024-01-22T03:16:56+00:00","108","108","0.95","153","9dc178c3d77e3d62","","reddit-adhdwomen-i_have_seen_so_many_adhd_planners_that_just_dont(1):comment:kj1mc78","comment","kj1mc78","t1_kj1mc78","https://www.reddit.com/r/adhdwomen/comments/19cluwh/i_have_seen_so_many_adhd_planners_that_just_dont/kj1mc78/","/r/adhdwomen/comments/19cluwh/i_have_seen_so_many_adhd_planners_that_just_dont/kj1mc78/","t3_19cluwh","post","","kj1mc78","0","true","kj1mc78","87a2508a279204f9","","ADHD God chose me, and I will forget you","false","false","","2","2","0","0","0","1705934343.0","2024-01-22T14:39:03+00:00","false","False","","false","false","true","false","I have a lot to keep track of each week, so I have a big whiteboard calendar in my livingroom and I use Google calendars. Both have whatever is going on this month added into it and my Google one gives reminders that I can customize if I need more than an hour notice. I don't put daily tasks, but I do have a blank whiteboard under my calendar one for anything I need to do that day if it's out of my typical routine. It's also good for notes for my husband or we like to use it when planning something put because we're both visual. Our Google calendars are also synced so we both are aware of each other's schedules if something else needs to be scheduled, like doctor appointments. My whiteboard is great because it's always right there since I'm in the livingroom most of the time I'm home. Google is great when I'm out and about, especially since I schedule everything for my kids and myself. It's a lot easier to see what's going on each day or week when it's always available and doesn't take extra effort to remember to bring it with me since it's on my phone anyway","I have a lot to keep track of each week, so I have a big whiteboard calendar in my livingroom and I use Google calendars. Both have whatever is going on this month added into it and my Google one gives reminders that I can customize if I need more than an hour notice. I don't pu…","1075","205","","","","false","true","plan | planning | calendar | calendars | app | to do | daily | schedule | routine","time | tasks","visual | reminder | reminders | notes | appointments | daily | custom | customize","forgetfulness_or_time_signal | long_form_comment | mentions_feature_or_solution | mentions_pain_or_friction | mentions_planner_or_system | mentions_working_solution_or_recommendation","96","[THREAD_TITLE]
I have seen so many “ADHD planners” that just DON’T HELP. What are some things/features YOU would love to see incorporated that would actually benefit you?

[THREAD_BODY]
So tired of seeing these products that claim to be sooo helpful with managing ADHD specific issues that just… aren’t. Have any of you found any that DO? Which aspect(s) of them make the biggest improvement in your life and how?

[CURRENT_RECORD]
I have a lot to keep track of each week, so I have a big whiteboard calendar in my livingroom and I use Google calendars. Both have whatever is going on this month added into it and my Google one gives reminders that I can customize if I need more than an hour notice. I don't put daily tasks, but I do have a blank whiteboard under my calendar one for anything I need to do that day if it's out of my typical routine. It's also good for notes for my husband or we like to use it when planning something put because we're both visual. Our Google calendars are also synced so we both are aware of each other's schedules if something else needs to be scheduled, like doctor appointments. My whiteboard is great because it's always right there since I'm in the livingroom most of the time I'm home. Google is great when I'm out and about, especially since I schedule everything for my kids and myself. It's a lot easier to see what's going on each day or week when it's always available and doesn't take extra effort to remember to bring it with me since it's on my phone anyway"
"/mnt/data/reddit_input_test/reddit-adhdwomen-i_have_seen_so_many_adhd_planners_that_just_dont(1).json","reddit-adhdwomen-i_have_seen_so_many_adhd_planners_that_just_dont(1)","19cluwh","t3_19cluwh","https://www.reddit.com/r/adhdwomen/comments/19cluwh/i_have_seen_so_many_adhd_planners_that_just_dont/","adhdwomen","r/adhdwomen","I have seen so many “ADHD planners” that just DON’T HELP. What are some things/features YOU would love to see incorporated that would actually benefit you?","So tired of seeing these products that claim to be sooo helpful with managing ADHD specific issues that just… aren’t. Have any of you found any that DO? Which aspect(s) of them make the biggest improvement in your life and how?","Cleaning, Organizing, Decluttering","1705893416.0","2024-01-22T03:16:56+00:00","108","108","0.95","153","9dc178c3d77e3d62","","reddit-adhdwomen-i_have_seen_so_many_adhd_planners_that_just_dont(1):comment:kj1md8h","comment","kj1md8h","t1_kj1md8h","https://www.reddit.com/r/adhdwomen/comments/19cluwh/i_have_seen_so_many_adhd_planners_that_just_dont/kj1md8h/","/r/adhdwomen/comments/19cluwh/i_have_seen_so_many_adhd_planners_that_just_dont/kj1md8h/","t3_19cluwh","post","","kj1md8h","0","true","kj1md8h","cc3c92fef9e105b6","","","false","false","","2","2","0","0","0","1705934354.0","2024-01-22T14:39:14+00:00","false","False","","false","false","true","false","For work I literally just have a plain notebook and on the left hand side i write down the name and number of every single person I speak to each day. The right hand side is my to do list and I highlight in yellow when I'm done. For my own life I just use my phones calendar and set reminders. I put too much pressure on myself to make a written planner look pretty and I waste time with it. Its working so far, I'm in admin with mild PA duties and I'm really good at what I do because I've found workarounds haha","For work I literally just have a plain notebook and on the left hand side i write down the name and number of every single person I speak to each day. The right hand side is my to do list and I highlight in yellow when I'm done. For my own life I just use my phones calendar and…","513","105","","","","false","false","planner | plan | calendar | to do","time | too much","reminder | reminders","forgetfulness_or_time_signal | long_form_comment | mentions_feature_or_solution | mentions_pain_or_friction | mentions_planner_or_system | overwhelm_or_complexity_signal","70","[THREAD_TITLE]
I have seen so many “ADHD planners” that just DON’T HELP. What are some things/features YOU would love to see incorporated that would actually benefit you?

[THREAD_BODY]
So tired of seeing these products that claim to be sooo helpful with managing ADHD specific issues that just… aren’t. Have any of you found any that DO? Which aspect(s) of them make the biggest improvement in your life and how?

[CURRENT_RECORD]
For work I literally just have a plain notebook and on the left hand side i write down the name and number of every single person I speak to each day. The right hand side is my to do list and I highlight in yellow when I'm done. For my own life I just use my phones calendar and set reminders. I put too much pressure on myself to make a written planner look pretty and I waste time with it. Its working so far, I'm in admin with mild PA duties and I'm really good at what I do because I've found workarounds haha"
"/mnt/data/reddit_input_test/reddit-adhdwomen-i_have_seen_so_many_adhd_planners_that_just_dont(1).json","reddit-adhdwomen-i_have_seen_so_many_adhd_planners_that_just_dont(1)","19cluwh","t3_19cluwh","https://www.reddit.com/r/adhdwomen/comments/19cluwh/i_have_seen_so_many_adhd_planners_that_just_dont/","adhdwomen","r/adhdwomen","I have seen so many “ADHD planners” that just DON’T HELP. What are some things/features YOU would love to see incorporated that would actually benefit you?","So tired of seeing these products that claim to be sooo helpful with managing ADHD specific issues that just… aren’t. Have any of you found any that DO? Which aspect(s) of them make the biggest improvement in your life and how?","Cleaning, Organizing, Decluttering","1705893416.0","2024-01-22T03:16:56+00:00","108","108","0.95","153","9dc178c3d77e3d62","","reddit-adhdwomen-i_have_seen_so_many_adhd_planners_that_just_dont(1):comment:kj1px6s","comment","kj1px6s","t1_kj1px6s","https://www.reddit.com/r/adhdwomen/comments/19cluwh/i_have_seen_so_many_adhd_planners_that_just_dont/kj1px6s/","/r/adhdwomen/comments/19cluwh/i_have_seen_so_many_adhd_planners_that_just_dont/kj1px6s/","t3_19cluwh","post","","kj1px6s","0","true","kj1px6s","7ec114b4e6d9a2fa","","","false","false","","2","2","0","0","0","1705935729.0","2024-01-22T15:02:09+00:00","false","False","","false","false","true","false","Bullet journal. I’m artsy and need a layout that makes sense in my brain. The premade planners I’ve used never have everything I’d like to include. Doesn’t work for everyone, but bullet journals were actually a tool for ADHD originally iirc.","Bullet journal. I’m artsy and need a layout that makes sense in my brain. The premade planners I’ve used never have everything I’d like to include. Doesn’t work for everyone, but bullet journals were actually a tool for ADHD originally iirc.","241","41","","","","false","false","planner | planners | plan | bullet journal | journal","adhd","layout","mentions_feature_or_solution | mentions_pain_or_friction | mentions_planner_or_system","39","[THREAD_TITLE]
I have seen so many “ADHD planners” that just DON’T HELP. What are some things/features YOU would love to see incorporated that would actually benefit you?

[THREAD_BODY]
So tired of seeing these products that claim to be sooo helpful with managing ADHD specific issues that just… aren’t. Have any of you found any that DO? Which aspect(s) of them make the biggest improvement in your life and how?

[CURRENT_RECORD]
Bullet journal. I’m artsy and need a layout that makes sense in my brain. The premade planners I’ve used never have everything I’d like to include. Doesn’t work for everyone, but bullet journals were actually a tool for ADHD originally iirc."
"/mnt/data/reddit_input_test/reddit-adhdwomen-i_have_seen_so_many_adhd_planners_that_just_dont(1).json","reddit-adhdwomen-i_have_seen_so_many_adhd_planners_that_just_dont(1)","19cluwh","t3_19cluwh","https://www.reddit.com/r/adhdwomen/comments/19cluwh/i_have_seen_so_many_adhd_planners_that_just_dont/","adhdwomen","r/adhdwomen","I have seen so many “ADHD planners” that just DON’T HELP. What are some things/features YOU would love to see incorporated that would actually benefit you?","So tired of seeing these products that claim to be sooo helpful with managing ADHD specific issues that just… aren’t. Have any of you found any that DO? Which aspect(s) of them make the biggest improvement in your life and how?","Cleaning, Organizing, Decluttering","1705893416.0","2024-01-22T03:16:56+00:00","108","108","0.95","153","9dc178c3d77e3d62","","reddit-adhdwomen-i_have_seen_so_many_adhd_planners_that_just_dont(1):comment:kj1qppj","comment","kj1qppj","t1_kj1qppj","https://www.reddit.com/r/adhdwomen/comments/19cluwh/i_have_seen_so_many_adhd_planners_that_just_dont/kj1qppj/","/r/adhdwomen/comments/19cluwh/i_have_seen_so_many_adhd_planners_that_just_dont/kj1qppj/","t3_19cluwh","post","","kj1qppj","0","true","kj1qppj","1e4a8456870efea3","","","false","false","","2","2","0","0","0","1705936031.0","2024-01-22T15:07:11+00:00","false","False","","false","false","true","false","I have an animal crossing themed notebook that I turned into a running to do list. I’ve tried lists before and failed but I think the reason that this works is because it’s always out. I have a table, a full table that sits in front of my recliner that I can do work on or let things pile up. But the notebook is always out in front of me, and always open I put a circle in front of the thing I need to do, and when it’s done, I fill the circle in and it’s fun for me. I doodle on it. I have a section for books I want to read. I have a section for thoughts and notes about mental health. I can flip back to previous pages and see how far I’ve come and what I’ve accomplished til now. Does it work all of the time? Absolutely not. But it works enough that in the grand scheme of things it’s made a huge difference. I never bring the notebook with me anywhere, because closing the notebook means I will forget it exists. I often find that writing things down is enough to help me remember stuff. Or, if I really need help, I write specific things I need to do on a post it and then stick that on top of my water bottle. I have another notebook at work for the same function, but it’s not as fun because it’s not animal crossing themed. I also bought a weekly planner for the same purpose. And while it doesn’t work for me all the time, it has helped me a lot. Again, the key for me is that I never close the book, it always stays open and on my desk which is directly in front of the only place I sit in my house.","I have an animal crossing themed notebook that I turned into a running to do list. I’ve tried lists before and failed but I think the reason that this works is because it’s always out. I have a table, a full table that sits in front of my recliner that I can do work on or let th…","1512","310","","","","true","true","planner | plan | to do | weekly","forget | time","notes | weekly","contains_question | forgetfulness_or_time_signal | long_form_comment | mentions_feature_or_solution | mentions_pain_or_friction | mentions_planner_or_system | mentions_working_solution_or_recommendation","80","[THREAD_TITLE]
I have seen so many “ADHD planners” that just DON’T HELP. What are some things/features YOU would love to see incorporated that would actually benefit you?

[THREAD_BODY]
So tired of seeing these products that claim to be sooo helpful with managing ADHD specific issues that just… aren’t. Have any of you found any that DO? Which aspect(s) of them make the biggest improvement in your life and how?

[CURRENT_RECORD]
I have an animal crossing themed notebook that I turned into a running to do list. I’ve tried lists before and failed but I think the reason that this works is because it’s always out. I have a table, a full table that sits in front of my recliner that I can do work on or let things pile up. But the notebook is always out in front of me, and always open I put a circle in front of the thing I need to do, and when it’s done, I fill the circle in and it’s fun for me. I doodle on it. I have a section for books I want to read. I have a section for thoughts and notes about mental health. I can flip back to previous pages and see how far I’ve come and what I’ve accomplished til now. Does it work all of the time? Absolutely not. But it works enough that in the grand scheme of things it’s made a huge difference. I never bring the notebook with me anywhere, because closing the notebook means I will forget it exists. I often find that writing things down is enough to help me remember stuff. Or, if I really need help, I write specific things I need to do on a post it and then stick that on top of my water bottle. I have another notebook at work for the same function, but it’s not as fun because it’s not animal crossing themed. I also bought a weekly planner for the same purpose. And while it doesn’t work for me all the time, it has helped me a lot. Again, the key for me is that I never close the book, it always stays open and on my desk which is directly in front of the only place I sit in my house."
"/mnt/data/reddit_input_test/reddit-adhdwomen-i_have_seen_so_many_adhd_planners_that_just_dont(1).json","reddit-adhdwomen-i_have_seen_so_many_adhd_planners_that_just_dont(1)","19cluwh","t3_19cluwh","https://www.reddit.com/r/adhdwomen/comments/19cluwh/i_have_seen_so_many_adhd_planners_that_just_dont/","adhdwomen","r/adhdwomen","I have seen so many “ADHD planners” that just DON’T HELP. What are some things/features YOU would love to see incorporated that would actually benefit you?","So tired of seeing these products that claim to be sooo helpful with managing ADHD specific issues that just… aren’t. Have any of you found any that DO? Which aspect(s) of them make the biggest improvement in your life and how?","Cleaning, Organizing, Decluttering","1705893416.0","2024-01-22T03:16:56+00:00","108","108","0.95","153","9dc178c3d77e3d62","","reddit-adhdwomen-i_have_seen_so_many_adhd_planners_that_just_dont(1):comment:kj1raf9","comment","kj1raf9","t1_kj1raf9","https://www.reddit.com/r/adhdwomen/comments/19cluwh/i_have_seen_so_many_adhd_planners_that_just_dont/kj1raf9/","/r/adhdwomen/comments/19cluwh/i_have_seen_so_many_adhd_planners_that_just_dont/kj1raf9/","t3_19cluwh","post","","kj1raf9","0","true","kj1raf9","fa0e0c50721f0d95","","","false","false","","2","2","0","0","0","1705936245.0","2024-01-22T15:10:45+00:00","false","False","","false","false","true","false","Keep Notes has changed my life. It's a free app with android I believe. It's like having a paper list. You can have check marks or no check marks. It's super simple and easy to use. You can also send recipes to it, and videos for later.","Keep Notes has changed my life. It's a free app with android I believe. It's like having a paper list. You can have check marks or no check marks. It's super simple and easy to use. You can also send recipes to it, and videos for later.","236","47","","","","false","false","app","","simple | notes | change","mentions_feature_or_solution | mentions_planner_or_system","26","[THREAD_TITLE]
I have seen so many “ADHD planners” that just DON’T HELP. What are some things/features YOU would love to see incorporated that would actually benefit you?

[THREAD_BODY]
So tired of seeing these products that claim to be sooo helpful with managing ADHD specific issues that just… aren’t. Have any of you found any that DO? Which aspect(s) of them make the biggest improvement in your life and how?

[CURRENT_RECORD]
Keep Notes has changed my life. It's a free app with android I believe. It's like having a paper list. You can have check marks or no check marks. It's super simple and easy to use. You can also send recipes to it, and videos for later."
"/mnt/data/reddit_input_test/reddit-adhdwomen-i_have_seen_so_many_adhd_planners_that_just_dont(1).json","reddit-adhdwomen-i_have_seen_so_many_adhd_planners_that_just_dont(1)","19cluwh","t3_19cluwh","https://www.reddit.com/r/adhdwomen/comments/19cluwh/i_have_seen_so_many_adhd_planners_that_just_dont/","adhdwomen","r/adhdwomen","I have seen so many “ADHD planners” that just DON’T HELP. What are some things/features YOU would love to see incorporated that would actually benefit you?","So tired of seeing these products that claim to be sooo helpful with managing ADHD specific issues that just… aren’t. Have any of you found any that DO? Which aspect(s) of them make the biggest improvement in your life and how?","Cleaning, Organizing, Decluttering","1705893416.0","2024-01-22T03:16:56+00:00","108","108","0.95","153","9dc178c3d77e3d62","","reddit-adhdwomen-i_have_seen_so_many_adhd_planners_that_just_dont(1):comment:kj1rnv6","comment","kj1rnv6","t1_kj1rnv6","https://www.reddit.com/r/adhdwomen/comments/19cluwh/i_have_seen_so_many_adhd_planners_that_just_dont/kj1rnv6/","/r/adhdwomen/comments/19cluwh/i_have_seen_so_many_adhd_planners_that_just_dont/kj1rnv6/","t3_19cluwh","post","","kj1rnv6","0","true","kj1rnv6","afa234be65e30c4a","","ADHD-C","false","false","","2","2","0","0","0","1705936385.0","2024-01-22T15:13:05+00:00","false","False","","false","false","true","false","I'd love a page where I could write exactly what's in my fridge, maybe under different categories, with their 'use by' dates. I guess it would have to be a dry-erase page. I'm certain there must be refrigerators that do that automatically, available only to millionaires, but damn it would be so helpful. I suffer a lot from 'oh, that was at the back of the fridge so I didn't see it, and now it's out of date'.","I'd love a page where I could write exactly what's in my fridge, maybe under different categories, with their 'use by' dates. I guess it would have to be a dry-erase page. I'm certain there must be refrigerators that do that automatically, available only to millionaires, but dam…","411","78","","","","false","true","","","categories","mentions_feature_or_solution | mentions_working_solution_or_recommendation","22","[THREAD_TITLE]
I have seen so many “ADHD planners” that just DON’T HELP. What are some things/features YOU would love to see incorporated that would actually benefit you?

[THREAD_BODY]
So tired of seeing these products that claim to be sooo helpful with managing ADHD specific issues that just… aren’t. Have any of you found any that DO? Which aspect(s) of them make the biggest improvement in your life and how?

[CURRENT_RECORD]
I'd love a page where I could write exactly what's in my fridge, maybe under different categories, with their 'use by' dates. I guess it would have to be a dry-erase page. I'm certain there must be refrigerators that do that automatically, available only to millionaires, but damn it would be so helpful. I suffer a lot from 'oh, that was at the back of the fridge so I didn't see it, and now it's out of date'."
"/mnt/data/reddit_input_test/reddit-adhdwomen-i_have_seen_so_many_adhd_planners_that_just_dont(1).json","reddit-adhdwomen-i_have_seen_so_many_adhd_planners_that_just_dont(1)","19cluwh","t3_19cluwh","https://www.reddit.com/r/adhdwomen/comments/19cluwh/i_have_seen_so_many_adhd_planners_that_just_dont/","adhdwomen","r/adhdwomen","I have seen so many “ADHD planners” that just DON’T HELP. What are some things/features YOU would love to see incorporated that would actually benefit you?","So tired of seeing these products that claim to be sooo helpful with managing ADHD specific issues that just… aren’t. Have any of you found any that DO? Which aspect(s) of them make the biggest improvement in your life and how?","Cleaning, Organizing, Decluttering","1705893416.0","2024-01-22T03:16:56+00:00","108","108","0.95","153","9dc178c3d77e3d62","","reddit-adhdwomen-i_have_seen_so_many_adhd_planners_that_just_dont(1):comment:kj1seem","comment","kj1seem","t1_kj1seem","https://www.reddit.com/r/adhdwomen/comments/19cluwh/i_have_seen_so_many_adhd_planners_that_just_dont/kj1seem/","/r/adhdwomen/comments/19cluwh/i_have_seen_so_many_adhd_planners_that_just_dont/kj1seem/","t3_19cluwh","post","","kj1seem","0","true","kj1seem","","","","false","false","","2","2","0","0","0","1705936658.0","2024-01-22T15:17:38+00:00","false","False","","false","false","true","false","I’ve posted about this before, but I use the Confident Mom household planner for chores. It’s a weekly planner and she has a list of chores to do every day and it’s different every day. I physically cannot make my own list and adhere to it, I absolutely need external motivation, so I was delighted to find this lady tells me what to do every day! It’s $24 dollars, but for me it was well worth it, and it’s a pdf file so I can print it out small increments at a time.","I’ve posted about this before, but I use the Confident Mom household planner for chores. It’s a weekly planner and she has a list of chores to do every day and it’s different every day. I physically cannot make my own list and adhere to it, I absolutely need external motivation,…","468","93","","","","false","false","planner | plan | to do | weekly","time","print | weekly","forgetfulness_or_time_signal | mentions_feature_or_solution | mentions_pain_or_friction | mentions_planner_or_system","57","[THREAD_TITLE]
I have seen so many “ADHD planners” that just DON’T HELP. What are some things/features YOU would love to see incorporated that would actually benefit you?

[THREAD_BODY]
So tired of seeing these products that claim to be sooo helpful with managing ADHD specific issues that just… aren’t. Have any of you found any that DO? Which aspect(s) of them make the biggest improvement in your life and how?

[CURRENT_RECORD]
I’ve posted about this before, but I use the Confident Mom household planner for chores. It’s a weekly planner and she has a list of chores to do every day and it’s different every day. I physically cannot make my own list and adhere to it, I absolutely need external motivation, so I was delighted to find this lady tells me what to do every day! It’s $24 dollars, but for me it was well worth it, and it’s a pdf file so I can print it out small increments at a time."
"/mnt/data/reddit_input_test/reddit-adhdwomen-i_have_seen_so_many_adhd_planners_that_just_dont(1).json","reddit-adhdwomen-i_have_seen_so_many_adhd_planners_that_just_dont(1)","19cluwh","t3_19cluwh","https://www.reddit.com/r/adhdwomen/comments/19cluwh/i_have_seen_so_many_adhd_planners_that_just_dont/","adhdwomen","r/adhdwomen","I have seen so many “ADHD planners” that just DON’T HELP. What are some things/features YOU would love to see incorporated that would actually benefit you?","So tired of seeing these products that claim to be sooo helpful with managing ADHD specific issues that just… aren’t. Have any of you found any that DO? Which aspect(s) of them make the biggest improvement in your life and how?","Cleaning, Organizing, Decluttering","1705893416.0","2024-01-22T03:16:56+00:00","108","108","0.95","153","9dc178c3d77e3d62","","reddit-adhdwomen-i_have_seen_so_many_adhd_planners_that_just_dont(1):comment:kj1t1v3","comment","kj1t1v3","t1_kj1t1v3","https://www.reddit.com/r/adhdwomen/comments/19cluwh/i_have_seen_so_many_adhd_planners_that_just_dont/kj1t1v3/","/r/adhdwomen/comments/19cluwh/i_have_seen_so_many_adhd_planners_that_just_dont/kj1t1v3/","t3_19cluwh","post","","kj1t1v3","0","true","kj1t1v3","189aa0eb14752ed2","","","false","false","","2","2","0","0","0","1705936896.0","2024-01-22T15:21:36+00:00","false","False","","false","false","true","false","I signed up for Silk and Sonder. It absolutely did not work for me. Main reason? It didn't fit in my handmade, costume planner holder. So I never used it.","I signed up for Silk and Sonder. It absolutely did not work for me. Main reason? It didn't fit in my handmade, costume planner holder. So I never used it.","154","30","","","","true","false","planner | plan","","","contains_question | mentions_planner_or_system","18","[THREAD_TITLE]
I have seen so many “ADHD planners” that just DON’T HELP. What are some things/features YOU would love to see incorporated that would actually benefit you?

[THREAD_BODY]
So tired of seeing these products that claim to be sooo helpful with managing ADHD specific issues that just… aren’t. Have any of you found any that DO? Which aspect(s) of them make the biggest improvement in your life and how?

[CURRENT_RECORD]
I signed up for Silk and Sonder. It absolutely did not work for me. Main reason? It didn't fit in my handmade, costume planner holder. So I never used it."
"/mnt/data/reddit_input_test/reddit-adhdwomen-i_have_seen_so_many_adhd_planners_that_just_dont(1).json","reddit-adhdwomen-i_have_seen_so_many_adhd_planners_that_just_dont(1)","19cluwh","t3_19cluwh","https://www.reddit.com/r/adhdwomen/comments/19cluwh/i_have_seen_so_many_adhd_planners_that_just_dont/","adhdwomen","r/adhdwomen","I have seen so many “ADHD planners” that just DON’T HELP. What are some things/features YOU would love to see incorporated that would actually benefit you?","So tired of seeing these products that claim to be sooo helpful with managing ADHD specific issues that just… aren’t. Have any of you found any that DO? Which aspect(s) of them make the biggest improvement in your life and how?","Cleaning, Organizing, Decluttering","1705893416.0","2024-01-22T03:16:56+00:00","108","108","0.95","153","9dc178c3d77e3d62","","reddit-adhdwomen-i_have_seen_so_many_adhd_planners_that_just_dont(1):comment:kj1t8e0","comment","kj1t8e0","t1_kj1t8e0","https://www.reddit.com/r/adhdwomen/comments/19cluwh/i_have_seen_so_many_adhd_planners_that_just_dont/kj1t8e0/","/r/adhdwomen/comments/19cluwh/i_have_seen_so_many_adhd_planners_that_just_dont/kj1t8e0/","t3_19cluwh","post","","kj1t8e0","0","true","kj1t8e0","d70fde398763b6b0","","","false","false","","2","2","0","0","0","1705936963.0","2024-01-22T15:22:43+00:00","false","False","","false","false","true","false","everytime i open the book it lasers a shot of dopamine into my head (being wishful and unrealistic)","everytime i open the book it lasers a shot of dopamine into my head (being wishful and unrealistic)","99","18","","","","false","false","","time","","mentions_pain_or_friction","5","[THREAD_TITLE]
I have seen so many “ADHD planners” that just DON’T HELP. What are some things/features YOU would love to see incorporated that would actually benefit you?

[THREAD_BODY]
So tired of seeing these products that claim to be sooo helpful with managing ADHD specific issues that just… aren’t. Have any of you found any that DO? Which aspect(s) of them make the biggest improvement in your life and how?

[CURRENT_RECORD]
everytime i open the book it lasers a shot of dopamine into my head (being wishful and unrealistic)"
"/mnt/data/reddit_input_test/reddit-adhdwomen-i_have_seen_so_many_adhd_planners_that_just_dont(1).json","reddit-adhdwomen-i_have_seen_so_many_adhd_planners_that_just_dont(1)","19cluwh","t3_19cluwh","https://www.reddit.com/r/adhdwomen/comments/19cluwh/i_have_seen_so_many_adhd_planners_that_just_dont/","adhdwomen","r/adhdwomen","I have seen so many “ADHD planners” that just DON’T HELP. What are some things/features YOU would love to see incorporated that would actually benefit you?","So tired of seeing these products that claim to be sooo helpful with managing ADHD specific issues that just… aren’t. Have any of you found any that DO? Which aspect(s) of them make the biggest improvement in your life and how?","Cleaning, Organizing, Decluttering","1705893416.0","2024-01-22T03:16:56+00:00","108","108","0.95","153","9dc178c3d77e3d62","","reddit-adhdwomen-i_have_seen_so_many_adhd_planners_that_just_dont(1):comment:kj1yug8","comment","kj1yug8","t1_kj1yug8","https://www.reddit.com/r/adhdwomen/comments/19cluwh/i_have_seen_so_many_adhd_planners_that_just_dont/kj1yug8/","/r/adhdwomen/comments/19cluwh/i_have_seen_so_many_adhd_planners_that_just_dont/kj1yug8/","t3_19cluwh","post","","kj1yug8","0","true","kj1yug8","9b74b7542cc81995","","","false","false","","2","2","0","0","0","1705938959.0","2024-01-22T15:55:59+00:00","false","False","","false","false","true","false","TLDR: If you want to try a planner, get a binder style planner. I've made a planner work ONLY FOR WORK, and the main thing is it just has to be binder style. This is so I can change how things are organized as I either find ways to be more efficient, or as things in my life change and I need it set up differently. I changed jobs, and this new one is set up so differently, I need the planner to be set up differently. I'm coming up to two years of use, and I'm really happy with it. This also allows me to customize my own pages in Word. In my last job I needed lot of pages that would walk me through a new project, so I would remember to ask the engineer all the questions to the things I needed, then have something to refer back to. There are so many options if you look up A5 Binder Planner on Amazon. (Seriously, look how cute (https://www.amazon.ca/Refillable-Leather-Notebook-Personal-Magnetic/dp/B0C7CJKVDD/ref=sr16?keywords=a5%2Bbinder&qid=1705938708&sr=8-6&th=1)!) Then you can buy inserts ready made, or buy customizable prints outs, or again make your own in word (use letter size and cut in half.) Though overall I don't use it for for anything outside of work and some sewing (made project pages for my sewing projects so I can refer back to see what size I used and such.) I find it only works for work since I have it open in front of me. Outside of work I find using my phone and a whiteboard calendar works better, but to each their own.","TLDR: If you want to try a planner, get a binder style planner. I've made a planner work ONLY FOR WORK, and the main thing is it just has to be binder style. This is so I can change how things are organized as I either find ways to be more efficient, or as things in my life chan…","1458","267","","","https://www.amazon.ca/Refillable-Leather-Notebook-Personal-Magnetic/dp/B0C7CJKVDD/ref=sr16?keywords=a5%2Bbinder&qid=1705938708&sr=8-6&th=1","true","false","planner | plan | calendar | binder | app | organize","","print | change | custom | customize | binder","contains_question | long_form_comment | mentions_feature_or_solution | mentions_planner_or_system | novelty_or_format_change_signal | printable_modular_system_signal","76","[THREAD_TITLE]
I have seen so many “ADHD planners” that just DON’T HELP. What are some things/features YOU would love to see incorporated that would actually benefit you?

[THREAD_BODY]
So tired of seeing these products that claim to be sooo helpful with managing ADHD specific issues that just… aren’t. Have any of you found any that DO? Which aspect(s) of them make the biggest improvement in your life and how?

[CURRENT_RECORD]
TLDR: If you want to try a planner, get a binder style planner. I've made a planner work ONLY FOR WORK, and the main thing is it just has to be binder style. This is so I can change how things are organized as I either find ways to be more efficient, or as things in my life change and I need it set up differently. I changed jobs, and this new one is set up so differently, I need the planner to be set up differently. I'm coming up to two years of use, and I'm really happy with it. This also allows me to customize my own pages in Word. In my last job I needed lot of pages that would walk me through a new project, so I would remember to ask the engineer all the questions to the things I needed, then have something to refer back to. There are so many options if you look up A5 Binder Planner on Amazon. (Seriously, look how cute (https://www.amazon.ca/Refillable-Leather-Notebook-Personal-Magnetic/dp/B0C7CJKVDD/ref=sr16?keywords=a5%2Bbinder&qid=1705938708&sr=8-6&th=1)!) Then you can buy inserts ready made, or buy customizable prints outs, or again make your own in word (use letter size and cut in half.) Though overall I don't use it for for anything outside of work and some sewing (made project pages for my sewing projects so I can refer back to see what size I used and such.) I find it only works for work since I have it open in front of me. Outside of work I find using my phone and a whiteboard calendar works better, but to each their own."
"/mnt/data/reddit_input_test/reddit-adhdwomen-i_have_seen_so_many_adhd_planners_that_just_dont(1).json","reddit-adhdwomen-i_have_seen_so_many_adhd_planners_that_just_dont(1)","19cluwh","t3_19cluwh","https://www.reddit.com/r/adhdwomen/comments/19cluwh/i_have_seen_so_many_adhd_planners_that_just_dont/","adhdwomen","r/adhdwomen","I have seen so many “ADHD planners” that just DON’T HELP. What are some things/features YOU would love to see incorporated that would actually benefit you?","So tired of seeing these products that claim to be sooo helpful with managing ADHD specific issues that just… aren’t. Have any of you found any that DO? Which aspect(s) of them make the biggest improvement in your life and how?","Cleaning, Organizing, Decluttering","1705893416.0","2024-01-22T03:16:56+00:00","108","108","0.95","153","9dc178c3d77e3d62","","reddit-adhdwomen-i_have_seen_so_many_adhd_planners_that_just_dont(1):comment:kj21u8a","comment","kj21u8a","t1_kj21u8a","https://www.reddit.com/r/adhdwomen/comments/19cluwh/i_have_seen_so_many_adhd_planners_that_just_dont/kj21u8a/","/r/adhdwomen/comments/19cluwh/i_have_seen_so_many_adhd_planners_that_just_dont/kj21u8a/","t3_19cluwh","post","","kj21u8a","0","true","kj21u8a","","","","false","false","","2","2","0","0","0","1705939999.0","2024-01-22T16:13:19+00:00","false","False","","false","false","true","false","I make my own and use a variety of resources. For accountability for personal things (taking meds, cleaning the house, working out) I use habit tracker tables. You can print them for free or make your own. You can also buy habit tracker journals. For planning, I use Google calendar and link my calendar with my husband's. This means I know what's up with him and we can be accountable to each other about appointments, events, bills, and stuff like that. I keep to do lists in small notebooks. I keep one next to my desk for work stuff and one in my kitchen for daily life stuff. The kitchen one also serves as my ""to buy"" list for household groceries and supplies. My husband adds to it as needed. This is just what works for me. It might not work for you. I've given up on finding The One planner or calendar and I'm not perfect.","I make my own and use a variety of resources. For accountability for personal things (taking meds, cleaning the house, working out) I use habit tracker tables. You can print them for free or make your own. You can also buy habit tracker journals. For planning, I use Google calen…","832","157","","","","false","true","planner | plan | planning | calendar | journal | app | to do | habit tracker | tracker | daily","","print | appointments | daily","long_form_comment | mentions_feature_or_solution | mentions_planner_or_system | mentions_working_solution_or_recommendation","60","[THREAD_TITLE]
I have seen so many “ADHD planners” that just DON’T HELP. What are some things/features YOU would love to see incorporated that would actually benefit you?

[THREAD_BODY]
So tired of seeing these products that claim to be sooo helpful with managing ADHD specific issues that just… aren’t. Have any of you found any that DO? Which aspect(s) of them make the biggest improvement in your life and how?

[CURRENT_RECORD]
I make my own and use a variety of resources. For accountability for personal things (taking meds, cleaning the house, working out) I use habit tracker tables. You can print them for free or make your own. You can also buy habit tracker journals. For planning, I use Google calendar and link my calendar with my husband's. This means I know what's up with him and we can be accountable to each other about appointments, events, bills, and stuff like that. I keep to do lists in small notebooks. I keep one next to my desk for work stuff and one in my kitchen for daily life stuff. The kitchen one also serves as my ""to buy"" list for household groceries and supplies. My husband adds to it as needed. This is just what works for me. It might not work for you. I've given up on finding The One planner or calendar and I'm not perfect."
"/mnt/data/reddit_input_test/reddit-adhdwomen-i_have_seen_so_many_adhd_planners_that_just_dont(1).json","reddit-adhdwomen-i_have_seen_so_many_adhd_planners_that_just_dont(1)","19cluwh","t3_19cluwh","https://www.reddit.com/r/adhdwomen/comments/19cluwh/i_have_seen_so_many_adhd_planners_that_just_dont/","adhdwomen","r/adhdwomen","I have seen so many “ADHD planners” that just DON’T HELP. What are some things/features YOU would love to see incorporated that would actually benefit you?","So tired of seeing these products that claim to be sooo helpful with managing ADHD specific issues that just… aren’t. Have any of you found any that DO? Which aspect(s) of them make the biggest improvement in your life and how?","Cleaning, Organizing, Decluttering","1705893416.0","2024-01-22T03:16:56+00:00","108","108","0.95","153","9dc178c3d77e3d62","","reddit-adhdwomen-i_have_seen_so_many_adhd_planners_that_just_dont(1):comment:kj2556z","comment","kj2556z","t1_kj2556z","https://www.reddit.com/r/adhdwomen/comments/19cluwh/i_have_seen_so_many_adhd_planners_that_just_dont/kj2556z/","/r/adhdwomen/comments/19cluwh/i_have_seen_so_many_adhd_planners_that_just_dont/kj2556z/","t3_19cluwh","post","","kj2556z","0","true","kj2556z","d8e704c4093e1e3f","","ADHD-C + BP1","false","false","","2","2","0","0","1","1705941131.0","2024-01-22T16:32:11+00:00","false","False","","false","false","true","false","(1/2) I feel you. I think a huge problem with a lot of ""productivity"" products, apps, and websites is that they are overly complicated and overwhelming. When you have ADHD stuff with too many features can be really overwhelming and it can activate that part of your brain that wants, so badly, to procrastinate on doing complicated stuff rather than helping you keep track of the things that you need to do and places you need to be. &#x200B; I use a site called teuxdeux to do my to-do list planning and I (extensively) use my iCloud calendar for the rest of my things. I like this method because both of these things are accessible in the same places: online (on any device with the internet), on my phone, and on my computer. I also like this method because iCloud calendar and teuxdeux are both fairly stripped down and have relatively few features. In the case of iCloud calendar you can get it to fetch calendar events from more complicated calendar programs that you might be forced to use at your workplace or school. Ideally I want my events to all be in one location, so when I schedule something new, I can see everything time sensitive I need to be doing and everywhere I need to be in one thing. I use the calendar for everything that has deadlines or is temporally fixed, and the teuxdeux for general regular to-dos like chores, shopping, art projects, emails I need to send with vague timelines, posts I want to make to my blog, books I want to read, etc. &#x200B; So here's my methodology: &#x200B; For my iCloud calendar: &#x200B; - I made the shift scheduling software from my job export my scheduled shifts to my iCloud calendar. The nice thing about how this worked out is that it automatically checks and re-fetches updates from the shift scheduling application every time that it connects to a network, meaning that if my boss changes my schedule, it automatically updates. It also auto added a 1 day before and 1hr before reminder to every shift. I find this especially helpful because my job has an irregular schedule (so I don't start or end work at the same time every day, and I have non-consecutive days off.) Whenever I set up a work meeting or agree to help out with an event that is outside of my pre-scheduled shifts at work, I make sure to ask my boss to add this to my shift scheduling calendar (since I can't add it myself to that application). &#x200B; - I had the canvas app (which my grad school program uses) export all of the class assignment deadlines from the syllabi for my classes to my calendar. Since they're online courses, the professors for the classes made sure to make the assignment deadlines auto update in the app's calendar (which updates my calendar in turn) if/when they change them. I also went through and manually added all of the class meeting times with their zoom links into my calendar. I basically make every calendar event ever have a 1 day before and a 1hr before reminder. &#x200B; - Whenever I schedule something with a friend or relative, I make sure to put that in my calendar. Like even if the ""event"" is literally just ""facetime friend x at x time"". This means that all parties, hangouts, phone calls, and video chats get into my calendar. I found that this is the best way to make sure that I'm not double scheduling stuff. &#x200B; - I make sure to put every single appointment for a Dr. in my calendar, the moment I'm scheduling it over the phone. I usually find myself triple asking the Dr.'s office scheduling person to confirm that the day/time I think \[thing\] is at is correct. &#x200B; - Whenever I get tickets to go do something (a show, a scheduled museum visit, a flight, etc) that also goes into the calendar. If there's a relevant link or address, that can be added to the event easily. &#x200B; When everything is all in the same calendar app, instead of having to check multiple calendars and keep track of them I can see everything that I need to do all in one place. This, I find is ESSENTIAL to keep myself from double scheduling shit. If I'm about to schedule something new, I can whip out the phone calendar and check it to see whatever else I'm doing. I've found that because of ADHD gremlin brain that if I do not add things to my calendar immediately when I schedule them, I literally will just forget they ever existed lmao. The nice thing about using the iCloud calendar is that I can see it on my phone, my iPad, my mac, my apple watch, and any other device that I can visit iCloud dot com on. It goes with me literally everywhere that I go, and I can always reference it. It makes really annoying noises whenever I have something I need to be doing or somewhere I need to go. &#x200B; The ultimate key to success with my calendar method is just making sure that any time you schedule something you IMMEDIATELY whip out your calendar and put it down. Ideally you're whipping out your calendar app anyways when scheduling a thing to make sure that you don't have something else going on. ""Let me check my calendar,"" is the phrase I'm uttering every single time someone's like, ""Can we do \[thing\] at \[day/time\]?"" &#x200B; The second part of my ""planner"" method is the teuxdeux app. &#x200B; For my teuxdeux app, I also have access to that literally anywhere I can go to teuxdeux dot com. I was recommended teuxdeux by a coworker who also has ADHD. The app for iOS is free AFAIK, but if you want to also use it for desktop, you do have to pay an annual subscription fee (which I found was a negligible $36USD per year). I have this site open as a tab on all of my computers, and made it a routine to check it in the morning when I wake up (since I usually pick up my phone and check my calendar anyways). &#x200B; Some stuff that I like about this app: &#x200B; - It has no bells and whistles. There's none of those weird, complicated and ultimately overwhelming features that you have to learn how to use in order to use your account. This list basically covers every single feature this app/site has. &#x200B; - When you check off a task, it sends a bunch of little cats with parachutes across your screen. They apparently now have dogs as an option as well. The cats are adorable and funny. &#x200B; - When you don't check off a task on the list today, it just carries it over into tomorrow and tomorrow ad infinitum until you do check it off. I like this because I don't have to start from scratch on new a to-do list every day. &#x200B; - You can have 2 kinds of lists in the app: your main (daily) list and someday lists. You can have multiple someday lists, and name them accordingly. I have a someday list of all the books I have checked out from the library that I'm meaning to read, long term goals/projects that I don't need to think about necessarily today: garments that I need to mend, groceries I need to buy, fanfictions that I'm currently working on, etc. You can also just not use the ""Someday"" feature. &#x200B; - In the daily list area you can add an item to today or a day in the future. You can drag and drop events from one day to another as well. &#x200B; - You can have the screen only show you daily lists for 3 days, 5 days, or 7 days on desktop. You can just have it show you today on the mobile app. &#x200B; - You can set it up to automatically email you your current daily to-do list every day at a specific time. Mine emails me to an email I check every morning at 9AM. You can reply to the email and it will add whatever you reply to it with to your daily list. &#x200B; - The final feature it has is that you can add an item to your list that's reoccurring by simple typing ""\[Thing\] every \[day of week\]"" and it adds it forever until you delete it.","(1/2) I feel you. I think a huge problem with a lot of ""productivity"" products, apps, and websites is that they are overly complicated and overwhelming. When you have ADHD stuff with too many features can be really overwhelming and it can activate that part of your brain that wa…","7687","1428","","","","true","true","planner | plan | planning | calendar | calendars | app | to do | to-do | daily | schedule | routine","adhd | overwhelm | forget | time | complicated | procrastinate","simple | reminder | all in one | daily | change","contains_question | forgetfulness_or_time_signal | long_form_comment | mentions_feature_or_solution | mentions_pain_or_friction | mentions_planner_or_system | mentions_working_solution_or_recommendation | novelty_or_format_change_signal | overwhelm_or_complexity_signal","100","[THREAD_TITLE]
I have seen so many “ADHD planners” that just DON’T HELP. What are some things/features YOU would love to see incorporated that would actually benefit you?

[THREAD_BODY]
So tired of seeing these products that claim to be sooo helpful with managing ADHD specific issues that just… aren’t. Have any of you found any that DO? Which aspect(s) of them make the biggest improvement in your life and how?

[CURRENT_RECORD]
(1/2) I feel you. I think a huge problem with a lot of ""productivity"" products, apps, and websites is that they are overly complicated and overwhelming. When you have ADHD stuff with too many features can be really overwhelming and it can activate that part of your brain that wants, so badly, to procrastinate on doing complicated stuff rather than helping you keep track of the things that you need to do and places you need to be. &#x200B; I use a site called teuxdeux to do my to-do list planning and I (extensively) use my iCloud calendar for the rest of my things. I like this method because both of these things are accessible in the same places: online (on any device with the internet), on my phone, and on my computer. I also like this method because iCloud calendar and teuxdeux are both fairly stripped down and have relatively few features. In the case of iCloud calendar you can get it to fetch calendar events from more complicated calendar programs that you might be forced to use at your workplace or school. Ideally I want my events to all be in one location, so when I schedule something new, I can see everything time sensitive I need to be doing and everywhere I need to be in one thing. I use the calendar for everything that has deadlines or is temporally fixed, and the teuxdeux for general regular to-dos like chores, shopping, art projects, emails I need to send with vague timelines, posts I want to make to my blog, books I want to read, etc. &#x200B; So here's my methodology: &#x200B; For my iCloud calendar: &#x200B; - I made the shift scheduling software from my job export my scheduled shifts to my iCloud calendar. The nice thing about how this worked out is that it automatically checks and re-fetches updates from the shift scheduling application every time that it connects to a network, meaning that if my boss changes my schedule, it automatically updates. It also auto added a 1 day before and 1hr before reminder to every shift. I find this especially helpful because my job has an irregular schedule (so I don't start or end work at the same time every day, and I have non-consecutive days off.) Whenever I set up a work meeting or agree to help out with an event that is outside of my pre-scheduled shifts at work, I make sure to ask my boss to add this to my shift scheduling calendar (since I can't add it myself to that application). &#x200B; - I had the canvas app (which my grad school program uses) export all of the class assignment deadlines from the syllabi for my classes to my calendar. Since they're online courses, the professors for the classes made sure to make the assignment deadlines auto update in the app's calendar (which updates my calendar in turn) if/when they change them. I also went through and manually added all of the class meeting times with their zoom links into my calendar. I basically make every calendar event ever have a 1 day before and a 1hr before reminder. &#x200B; - Whenever I schedule something with a friend or relative, I make sure to put that in my calendar. Like even if the ""event"" is literally just ""facetime friend x at x time"". This means that all parties, hangouts, phone calls, and video chats get into my calendar. I found that this is the best way to make sure that I'm not double scheduling stuff. &#x200B; - I make sure to put every single appointment for a Dr. in my calendar, the moment I'm scheduling it over the phone. I usually find myself triple asking the Dr.'s office scheduling person to confirm that the day/time I think \[thing\] is at is correct. &#x200B; - Whenever I get tickets to go do something (a show, a scheduled museum visit, a flight, etc) that also goes into the calendar. If there's a relevant link or address, that can be added to the event easily. &#x200B; When everything is all in the same calendar app, instead of having to check multiple calendars and keep track of them I can see everything that I need to do all in one place. This, I find is ESSENTIAL to keep myself from double scheduling shit. If I'm about to schedule something new, I can whip out the phone calendar and check it to see whatever else I'm doing. I've found that because of ADHD gremlin brain that if I do not add things to my calendar immediately when I schedule them, I literally will just forget they ever existed lmao. The nice thing about using the iCloud calendar is that I can see it on my phone, my iPad, my mac, my apple watch, and any other device that I can visit iCloud dot com on. It goes with me literally everywhere that I go, and I can always reference it. It makes really annoying noises whenever I have something I need to be doing or somewhere I need to go. &#x200B; The ultimate key to success with my calendar method is just making sure that any time you schedule something you IMMEDIATELY whip out your calendar and put it down. Ideally you're whipping out your calendar app anyways when scheduling a thing to make sure that you don't have something else going on. ""Let me check my calendar,"" is the phrase I'm uttering every single time someone's like, ""Can we do \[thing\] at \[day/time\]?"" &#x200B; The second part of my ""planner"" method is the teuxdeux app. &#x200B; For my teuxdeux app, I also have access to that literally anywhere I can go to teuxdeux dot com. I was recommended teuxdeux by a coworker who also has ADHD. The app for iOS is free AFAIK, but if you want to also use it for desktop, you do have to pay an annual subscription fee (which I found was a negligible $36USD per year). I have this site open as a tab on all of my c…"
"/mnt/data/reddit_input_test/reddit-adhdwomen-i_have_seen_so_many_adhd_planners_that_just_dont(1).json","reddit-adhdwomen-i_have_seen_so_many_adhd_planners_that_just_dont(1)","19cluwh","t3_19cluwh","https://www.reddit.com/r/adhdwomen/comments/19cluwh/i_have_seen_so_many_adhd_planners_that_just_dont/","adhdwomen","r/adhdwomen","I have seen so many “ADHD planners” that just DON’T HELP. What are some things/features YOU would love to see incorporated that would actually benefit you?","So tired of seeing these products that claim to be sooo helpful with managing ADHD specific issues that just… aren’t. Have any of you found any that DO? Which aspect(s) of them make the biggest improvement in your life and how?","Cleaning, Organizing, Decluttering","1705893416.0","2024-01-22T03:16:56+00:00","108","108","0.95","153","9dc178c3d77e3d62","","reddit-adhdwomen-i_have_seen_so_many_adhd_planners_that_just_dont(1):comment:kj2598b","comment","kj2598b","t1_kj2598b","https://www.reddit.com/r/adhdwomen/comments/19cluwh/i_have_seen_so_many_adhd_planners_that_just_dont/kj2598b/","/r/adhdwomen/comments/19cluwh/i_have_seen_so_many_adhd_planners_that_just_dont/kj2598b/","t1_kj2556z","comment","kj2556z","kj2556z","1","false","kj2556z > kj2598b","d8e704c4093e1e3f","","ADHD-C + BP1","false","false","","3","3","0","0","0","1705941169.0","2024-01-22T16:32:49+00:00","false","False","","false","false","true","false","(2/2) I've tried a lot of different kinds of paper planners before and they just never really worked for me because I struggle to discipline myself to check something on paper every day. Plus I found that I would forget to bring it with me everywhere and would sometimes have no idea what my calendar looked like because I'd forgotten to bring it with me. I rarely forget to bring my phone (except, ironically, sometimes to work). But if I do, as long as I can get internet access on some device (ie: a workstation at work, I can still access my calendar and my to-dos.) It gives me a lot of flexibility to be able to access this stuff. Finally, I find the annoying sound reminders for events in the calendar are INVALUABLE for me to remind me to do stuff/go places. &#x200B; So yeah, that's my method that's been working out thus far (last 2 years) with decent success. I've always found that whenever I try some new productivity thing I get really into it for the first week/month that I try it out and am good about it until one day that I stop doing it. Once I have that one day that I didn't do \[new shiny productivity thing\], I tend to fall off the bandwagon and have this weird block in my mind that tells me that I can't go back to \[thing\] because I missed a day. It's a very dumb, somewhat illogical line of thinking that wants to possess me, and can be really hard to break through. I found that with my current method because it lacked some of the more ""gamifying"" reward for doing this every day things that a lot of other productivity things these days seem to have, I felt less bad about missing a day, and felt more like it was possible to try again. That said, the therapy also helped lolll. &#x200B; Ultimately, I'd say my success with this comes down to: &#x200B; - The tools are very basic. There are no overwhelming bells and whistles to keep track of or thing I'm going to use and not use. &#x200B; - There's nothing guilting me for missing a day. There's none of the gamifying elements that I've found overwhelming with other tools. &#x200B; - The tools are accessible nearly anywhere that I go and can talk to other tools that I'm being externally forced to use by my employer and my graduate school program. The ease of accessibility of the tools allows me to both check them anywhere I go AND employ them whenever I think of things that I need to do or schedule. It also allows me to have them available whenever the need to schedule a new event comes up. &#x200B; - The tools have options for reminders that show up on my phone complete with sound. Since my phone is mostly always on me and is rarely ever off, this means that the notifications reach me wherever I'm at. &#x200B; - Checking them daily was easily integrateable into a pattern that I already had of picking my phone up in the morning when I woke up to turn my alarm off and checking my messages and emails. &#x200B; ❤️ Lots of love from your local internet crazy lady (ADHD-C + Bipolar) Take care of yourself internet strangers and be kind to someone today!","(2/2) I've tried a lot of different kinds of paper planners before and they just never really worked for me because I struggle to discipline myself to check something on paper every day. Plus I found that I would forget to bring it with me everywhere and would sometimes have no…","3052","570","(1/2) I feel you. I think a huge problem with a lot of ""productivity"" products, apps, and websites is that they are overly complicated and overwhelming. When you have ADHD stuff with too many features can be really overwhelming and it can activate that part of your brain that wants, so badly, to procrastinate on doing complicated stuff rather than helping you keep track of the things that you need to do and places you need to be. &#x200B; I use a site called teuxdeux to do my to-do list planning and I (extensively) use my iCloud calendar for the rest of my things. I like this method because both of these things are accessible in the same places: online (on any device with the internet), on…","(1/2) I feel you. I think a huge problem with a lot of ""productivity"" products, apps, and websites is that they are overly complicated and overwhelming. When you have ADHD stuff with too many features can be really overwhelming and it can activate that part of your brain that wants, so badly, to procrastinate on doing complicated stuff rather than helping you keep track of the things that you need to do and places you need to be. &#x200B; I use a site called teuxdeux to do my to-do list planning and I (extensively) use my iCloud calendar for the rest of my things. I like this method because both of these things are accessible in the same places: online (on any device with the internet), on…","","false","true","planner | planners | plan | calendar | to do | to-do | daily | schedule","adhd | overwhelm | guilt | forget | forgot | forgotten | time","reminder | reminders | daily","forgetfulness_or_time_signal | long_form_comment | mentions_feature_or_solution | mentions_pain_or_friction | mentions_planner_or_system | mentions_working_solution_or_recommendation","100","[THREAD_TITLE]
I have seen so many “ADHD planners” that just DON’T HELP. What are some things/features YOU would love to see incorporated that would actually benefit you?

[THREAD_BODY]
So tired of seeing these products that claim to be sooo helpful with managing ADHD specific issues that just… aren’t. Have any of you found any that DO? Which aspect(s) of them make the biggest improvement in your life and how?

[PARENT_COMMENT_CONTEXT]
(1/2) I feel you. I think a huge problem with a lot of ""productivity"" products, apps, and websites is that they are overly complicated and overwhelming. When you have ADHD stuff with too many features can be really overwhelming and it can activate that part of your brain that wants, so badly, to procrastinate on doing complicated stuff rather than helping you keep track of the things that you need to do and places you need to be. &#x200B; I use a site called teuxdeux to do my to-do list planning and I (extensively) use my iCloud calendar for the rest of my things. I like this method because both of these things are accessible in the same places: online (on any device with the internet), on…

[CURRENT_RECORD]
(2/2) I've tried a lot of different kinds of paper planners before and they just never really worked for me because I struggle to discipline myself to check something on paper every day. Plus I found that I would forget to bring it with me everywhere and would sometimes have no idea what my calendar looked like because I'd forgotten to bring it with me. I rarely forget to bring my phone (except, ironically, sometimes to work). But if I do, as long as I can get internet access on some device (ie: a workstation at work, I can still access my calendar and my to-dos.) It gives me a lot of flexibility to be able to access this stuff. Finally, I find the annoying sound reminders for events in the calendar are INVALUABLE for me to remind me to do stuff/go places. &#x200B; So yeah, that's my method that's been working out thus far (last 2 years) with decent success. I've always found that whenever I try some new productivity thing I get really into it for the first week/month that I try it out and am good about it until one day that I stop doing it. Once I have that one day that I didn't do \[new shiny productivity thing\], I tend to fall off the bandwagon and have this weird block in my mind that tells me that I can't go back to \[thing\] because I missed a day. It's a very dumb, somewhat illogical line of thinking that wants to possess me, and can be really hard to break through. I found that with my current method because it lacked some of the more ""gamifying"" reward for doing this every day things that a lot of other productivity things these days seem to have, I felt less bad about missing a day, and felt more like it was possible to try again. That said, the therapy also helped lolll. &#x200B; Ultimately, I'd say my success with this comes down to: &#x200B; - The tools are very basic. There are no overwhelming bells and whistles to keep track of or thing I'm going to use and not use. &#x200B; - There's nothing guilting me for missing a day. There's none of the gamifying elements that I've found overwhelming with other tools. &#x200B; - The tools are accessible nearly anywhere that I go and can talk to other tools that I'm being externally forced to use by my employer and my graduate school program. The ease of accessibility of the tools allows me to both check them anywhere I go AND employ them whenever I think of things that I need to do or schedule. It also allows me to have them available whenever the need to schedule a new event comes up. &#x200B; - The tools have options for reminders that show up on my phone complete with sound. Since my phone is mostly always on me and is rarely ever off, this means that the notifications reach me wherever I'm at. &#x200B; - Checking them daily was easily integrateable into a pattern that I already had of picking my phone up in the morning when I woke up to turn my alarm off and checking my messages and emails. &#x200B; ❤️ Lots of love from your local internet crazy lady (ADHD-C + Bipolar) Take care of yourself internet strangers and be kind to someone today!"
"/mnt/data/reddit_input_test/reddit-adhdwomen-i_have_seen_so_many_adhd_planners_that_just_dont(1).json","reddit-adhdwomen-i_have_seen_so_many_adhd_planners_that_just_dont(1)","19cluwh","t3_19cluwh","https://www.reddit.com/r/adhdwomen/comments/19cluwh/i_have_seen_so_many_adhd_planners_that_just_dont/","adhdwomen","r/adhdwomen","I have seen so many “ADHD planners” that just DON’T HELP. What are some things/features YOU would love to see incorporated that would actually benefit you?","So tired of seeing these products that claim to be sooo helpful with managing ADHD specific issues that just… aren’t. Have any of you found any that DO? Which aspect(s) of them make the biggest improvement in your life and how?","Cleaning, Organizing, Decluttering","1705893416.0","2024-01-22T03:16:56+00:00","108","108","0.95","153","9dc178c3d77e3d62","","reddit-adhdwomen-i_have_seen_so_many_adhd_planners_that_just_dont(1):comment:kj2akd3","comment","kj2akd3","t1_kj2akd3","https://www.reddit.com/r/adhdwomen/comments/19cluwh/i_have_seen_so_many_adhd_planners_that_just_dont/kj2akd3/","/r/adhdwomen/comments/19cluwh/i_have_seen_so_many_adhd_planners_that_just_dont/kj2akd3/","t3_19cluwh","post","","kj2akd3","0","true","kj2akd3","8ebc009b83281b18","","","false","false","","2","2","0","0","0","1705942933.0","2024-01-22T17:02:13+00:00","false","False","","false","false","true","false","I've been having more success lately with a plain notebook. I've started carrying a mini backpack and got a small notebook at Target. I've started writing things down in it, like a constant brain dump throughout the day. I look at it in the morning and see what things I can tackle. I keep it simple like ""schedule dentist for daughter"" or ""get oil change."" This helps me because I usually only remember that shit needs to happen at 11pm when I cannot do anything about it. This way I start my day knowing what's on the list. I am not a morning person, so trying to make a morning list doesn't work for me. I put all appointments in my phone the second I know they're happening, or I'll forget. I've started making future appointments before I leave the current appointment, like nails or the dentist. I can always reschedule it, but I know I'll never ever remember to call and schedule the next one. Plus, I hate making those calls. There's a wall calendar in my kitchen that I write appointments on. That one helps me more than anything because I walk by it 20 times a day. It's a decent size so I can write my appointments large enough to catch my eye when I walk by. Sorry for the rambling. I hope this helps.","I've been having more success lately with a plain notebook. I've started carrying a mini backpack and got a small notebook at Target. I've started writing things down in it, like a constant brain dump throughout the day. I look at it in the morning and see what things I can tack…","1213","228","","","","false","true","calendar | app | schedule","forget | time","simple | appointments | change","forgetfulness_or_time_signal | long_form_comment | mentions_feature_or_solution | mentions_pain_or_friction | mentions_planner_or_system | mentions_working_solution_or_recommendation | novelty_or_format_change_signal","80","[THREAD_TITLE]
I have seen so many “ADHD planners” that just DON’T HELP. What are some things/features YOU would love to see incorporated that would actually benefit you?

[THREAD_BODY]
So tired of seeing these products that claim to be sooo helpful with managing ADHD specific issues that just… aren’t. Have any of you found any that DO? Which aspect(s) of them make the biggest improvement in your life and how?

[CURRENT_RECORD]
I've been having more success lately with a plain notebook. I've started carrying a mini backpack and got a small notebook at Target. I've started writing things down in it, like a constant brain dump throughout the day. I look at it in the morning and see what things I can tackle. I keep it simple like ""schedule dentist for daughter"" or ""get oil change."" This helps me because I usually only remember that shit needs to happen at 11pm when I cannot do anything about it. This way I start my day knowing what's on the list. I am not a morning person, so trying to make a morning list doesn't work for me. I put all appointments in my phone the second I know they're happening, or I'll forget. I've started making future appointments before I leave the current appointment, like nails or the dentist. I can always reschedule it, but I know I'll never ever remember to call and schedule the next one. Plus, I hate making those calls. There's a wall calendar in my kitchen that I write appointments on. That one helps me more than anything because I walk by it 20 times a day. It's a decent size so I can write my appointments large enough to catch my eye when I walk by. Sorry for the rambling. I hope this helps."
"/mnt/data/reddit_input_test/reddit-adhdwomen-i_have_seen_so_many_adhd_planners_that_just_dont(1).json","reddit-adhdwomen-i_have_seen_so_many_adhd_planners_that_just_dont(1)","19cluwh","t3_19cluwh","https://www.reddit.com/r/adhdwomen/comments/19cluwh/i_have_seen_so_many_adhd_planners_that_just_dont/","adhdwomen","r/adhdwomen","I have seen so many “ADHD planners” that just DON’T HELP. What are some things/features YOU would love to see incorporated that would actually benefit you?","So tired of seeing these products that claim to be sooo helpful with managing ADHD specific issues that just… aren’t. Have any of you found any that DO? Which aspect(s) of them make the biggest improvement in your life and how?","Cleaning, Organizing, Decluttering","1705893416.0","2024-01-22T03:16:56+00:00","108","108","0.95","153","9dc178c3d77e3d62","","reddit-adhdwomen-i_have_seen_so_many_adhd_planners_that_just_dont(1):comment:kj38yzx","comment","kj38yzx","t1_kj38yzx","https://www.reddit.com/r/adhdwomen/comments/19cluwh/i_have_seen_so_many_adhd_planners_that_just_dont/kj38yzx/","/r/adhdwomen/comments/19cluwh/i_have_seen_so_many_adhd_planners_that_just_dont/kj38yzx/","t3_19cluwh","post","","kj38yzx","0","true","kj38yzx","1666fba77287c49f","","","false","false","","2","2","0","0","1","1705954300.0","2024-01-22T20:11:40+00:00","false","False","","false","false","true","false","Being a stay at home mom I wanted a planner that would help me to stay on top of house work. I bought one that had daily tasks already filled in, however, there was a lot of religious stuff included which I didn’t want. Also some of the tasks didn’t apply to me. So I finally just got on inDesign and basically recreated the planner but changed everything to be customized to me. Then I got a little crazy and did way too much lol. The planner was originally just weekly pages but I went and made daily pages. I realized it was a bit overkill for me. I had stuff on there for meal planning, my mood, a spot to add a daily picture… a bunch of stuff! I just never filled it out. Then I didn’t like that there’d be blanks so I just stopped using it. This year I recreated it again but only with weekly pages. I should mention I use the planner in Goodnotes because I can use the highlighter tool (which makes perfectly straight highlights) and can fill it in with a handwriting font. Looks handwritten but it’s just typed! What I do is highlight the tasks I did in green. If I didn’t do a task, I highlight it red and then add it onto the next day. The first couple weeks of 2024 have had a lot of red haha but it also helps me visualize how bad I am at procrastinating. And of course for that dopamine hit I include any other tasks I’ve done and highlight that bad boy green. I also include a habit tracker, fitness tracker, freezer inventory and a home maintenance schedule… just anything I can think of that I’d want to track. I also use Google calendar for reminders and my husband and I have a calendar on the fridge that is really the main place to keep track of what’s going on. Other apps I use is Plan To Eat for meal planning and YNAB for budgeting.","Being a stay at home mom I wanted a planner that would help me to stay on top of house work. I bought one that had daily tasks already filled in, however, there was a lot of religious stuff included which I didn’t want. Also some of the tasks didn’t apply to me. So I finally jus…","1756","342","","","","false","true","planner | plan | planning | calendar | app | habit tracker | tracker | weekly | daily | schedule","too much | tasks","visual | reminder | reminders | notes | weekly | daily | change | custom | customize","long_form_comment | mentions_feature_or_solution | mentions_pain_or_friction | mentions_planner_or_system | mentions_working_solution_or_recommendation | overwhelm_or_complexity_signal","99","[THREAD_TITLE]
I have seen so many “ADHD planners” that just DON’T HELP. What are some things/features YOU would love to see incorporated that would actually benefit you?

[THREAD_BODY]
So tired of seeing these products that claim to be sooo helpful with managing ADHD specific issues that just… aren’t. Have any of you found any that DO? Which aspect(s) of them make the biggest improvement in your life and how?

[CURRENT_RECORD]
Being a stay at home mom I wanted a planner that would help me to stay on top of house work. I bought one that had daily tasks already filled in, however, there was a lot of religious stuff included which I didn’t want. Also some of the tasks didn’t apply to me. So I finally just got on inDesign and basically recreated the planner but changed everything to be customized to me. Then I got a little crazy and did way too much lol. The planner was originally just weekly pages but I went and made daily pages. I realized it was a bit overkill for me. I had stuff on there for meal planning, my mood, a spot to add a daily picture… a bunch of stuff! I just never filled it out. Then I didn’t like that there’d be blanks so I just stopped using it. This year I recreated it again but only with weekly pages. I should mention I use the planner in Goodnotes because I can use the highlighter tool (which makes perfectly straight highlights) and can fill it in with a handwriting font. Looks handwritten but it’s just typed! What I do is highlight the tasks I did in green. If I didn’t do a task, I highlight it red and then add it onto the next day. The first couple weeks of 2024 have had a lot of red haha but it also helps me visualize how bad I am at procrastinating. And of course for that dopamine hit I include any other tasks I’ve done and highlight that bad boy green. I also include a habit tracker, fitness tracker, freezer inventory and a home maintenance schedule… just anything I can think of that I’d want to track. I also use Google calendar for reminders and my husband and I have a calendar on the fridge that is really the main place to keep track of what’s going on. Other apps I use is Plan To Eat for meal planning and YNAB for budgeting."
"/mnt/data/reddit_input_test/reddit-adhdwomen-i_have_seen_so_many_adhd_planners_that_just_dont(1).json","reddit-adhdwomen-i_have_seen_so_many_adhd_planners_that_just_dont(1)","19cluwh","t3_19cluwh","https://www.reddit.com/r/adhdwomen/comments/19cluwh/i_have_seen_so_many_adhd_planners_that_just_dont/","adhdwomen","r/adhdwomen","I have seen so many “ADHD planners” that just DON’T HELP. What are some things/features YOU would love to see incorporated that would actually benefit you?","So tired of seeing these products that claim to be sooo helpful with managing ADHD specific issues that just… aren’t. Have any of you found any that DO? Which aspect(s) of them make the biggest improvement in your life and how?","Cleaning, Organizing, Decluttering","1705893416.0","2024-01-22T03:16:56+00:00","108","108","0.95","153","9dc178c3d77e3d62","","reddit-adhdwomen-i_have_seen_so_many_adhd_planners_that_just_dont(1):comment:kjavmg5","comment","kjavmg5","t1_kjavmg5","https://www.reddit.com/r/adhdwomen/comments/19cluwh/i_have_seen_so_many_adhd_planners_that_just_dont/kjavmg5/","/r/adhdwomen/comments/19cluwh/i_have_seen_so_many_adhd_planners_that_just_dont/kjavmg5/","t1_kj38yzx","comment","kj38yzx","kj38yzx","1","false","kj38yzx > kjavmg5","9dc178c3d77e3d62","","","true","false","","1","1","0","0","0","1706068105.0","2024-01-24T03:48:25+00:00","false","False","","false","false","true","false","It’s the perfectly straight highlighter lines for me 🤤🤌","It’s the perfectly straight highlighter lines for me 🤤🤌","55","9","Being a stay at home mom I wanted a planner that would help me to stay on top of house work. I bought one that had daily tasks already filled in, however, there was a lot of religious stuff included which I didn’t want. Also some of the tasks didn’t apply to me. So I finally just got on inDesign and basically recreated the planner but changed everything to be customized to me. Then I got a little crazy and did way too much lol. The planner was originally just weekly pages but I went and made daily pages. I realized it was a bit overkill for me. I had stuff on there for meal planning, my mood, a spot to add a daily picture… a bunch of stuff! I just never filled it out. Then I didn’t like tha…","Being a stay at home mom I wanted a planner that would help me to stay on top of house work. I bought one that had daily tasks already filled in, however, there was a lot of religious stuff included which I didn’t want. Also some of the tasks didn’t apply to me. So I finally just got on inDesign and basically recreated the planner but changed everything to be customized to me. Then I got a little crazy and did way too much lol. The planner was originally just weekly pages but I went and made daily pages. I realized it was a bit overkill for me. I had stuff on there for meal planning, my mood, a spot to add a daily picture… a bunch of stuff! I just never filled it out. Then I didn’t like tha…","","false","false","","","","","0","[THREAD_TITLE]
I have seen so many “ADHD planners” that just DON’T HELP. What are some things/features YOU would love to see incorporated that would actually benefit you?

[THREAD_BODY]
So tired of seeing these products that claim to be sooo helpful with managing ADHD specific issues that just… aren’t. Have any of you found any that DO? Which aspect(s) of them make the biggest improvement in your life and how?

[PARENT_COMMENT_CONTEXT]
Being a stay at home mom I wanted a planner that would help me to stay on top of house work. I bought one that had daily tasks already filled in, however, there was a lot of religious stuff included which I didn’t want. Also some of the tasks didn’t apply to me. So I finally just got on inDesign and basically recreated the planner but changed everything to be customized to me. Then I got a little crazy and did way too much lol. The planner was originally just weekly pages but I went and made daily pages. I realized it was a bit overkill for me. I had stuff on there for meal planning, my mood, a spot to add a daily picture… a bunch of stuff! I just never filled it out. Then I didn’t like tha…

[CURRENT_RECORD]
It’s the perfectly straight highlighter lines for me 🤤🤌"
"/mnt/data/reddit_input_test/reddit-adhdwomen-i_have_seen_so_many_adhd_planners_that_just_dont(1).json","reddit-adhdwomen-i_have_seen_so_many_adhd_planners_that_just_dont(1)","19cluwh","t3_19cluwh","https://www.reddit.com/r/adhdwomen/comments/19cluwh/i_have_seen_so_many_adhd_planners_that_just_dont/","adhdwomen","r/adhdwomen","I have seen so many “ADHD planners” that just DON’T HELP. What are some things/features YOU would love to see incorporated that would actually benefit you?","So tired of seeing these products that claim to be sooo helpful with managing ADHD specific issues that just… aren’t. Have any of you found any that DO? Which aspect(s) of them make the biggest improvement in your life and how?","Cleaning, Organizing, Decluttering","1705893416.0","2024-01-22T03:16:56+00:00","108","108","0.95","153","9dc178c3d77e3d62","","reddit-adhdwomen-i_have_seen_so_many_adhd_planners_that_just_dont(1):comment:kj3bzd7","comment","kj3bzd7","t1_kj3bzd7","https://www.reddit.com/r/adhdwomen/comments/19cluwh/i_have_seen_so_many_adhd_planners_that_just_dont/kj3bzd7/","/r/adhdwomen/comments/19cluwh/i_have_seen_so_many_adhd_planners_that_just_dont/kj3bzd7/","t3_19cluwh","post","","kj3bzd7","0","true","kj3bzd7","e9f81664f596c092","","","false","false","","2","2","0","0","3","1705955288.0","2024-01-22T20:28:08+00:00","false","False","","false","false","true","false","My favorite digital planner is from a company called “future adhd” I’ve been using from August 2022 so it’s the longest I’ve used a digital planner. Or really any planner. You a pick between a daily setup or a general setup, but can change the setup later(there is a setup wizard) I use the general and just keep adding brain dump pages. It also has project notebooks which I just started using this year. It has a bunch of planning templates. I use the “remember stuff” section and the divide/conquer template. I don’t really use a ton of the rest of the templates but I try to sometimes. The planner was $15ish","My favorite digital planner is from a company called “future adhd” I’ve been using from August 2022 so it’s the longest I’ve used a digital planner. Or really any planner. You a pick between a daily setup or a general setup, but can change the setup later(there is a setup wizard…","612","112","","","","false","false","planner | plan | planning | template | templates | daily","adhd | time","daily | change","long_form_comment | mentions_feature_or_solution | mentions_pain_or_friction | mentions_planner_or_system | novelty_or_format_change_signal | printable_modular_system_signal","67","[THREAD_TITLE]
I have seen so many “ADHD planners” that just DON’T HELP. What are some things/features YOU would love to see incorporated that would actually benefit you?

[THREAD_BODY]
So tired of seeing these products that claim to be sooo helpful with managing ADHD specific issues that just… aren’t. Have any of you found any that DO? Which aspect(s) of them make the biggest improvement in your life and how?

[CURRENT_RECORD]
My favorite digital planner is from a company called “future adhd” I’ve been using from August 2022 so it’s the longest I’ve used a digital planner. Or really any planner. You a pick between a daily setup or a general setup, but can change the setup later(there is a setup wizard) I use the general and just keep adding brain dump pages. It also has project notebooks which I just started using this year. It has a bunch of planning templates. I use the “remember stuff” section and the divide/conquer template. I don’t really use a ton of the rest of the templates but I try to sometimes. The planner was $15ish"
"/mnt/data/reddit_input_test/reddit-adhdwomen-i_have_seen_so_many_adhd_planners_that_just_dont(1).json","reddit-adhdwomen-i_have_seen_so_many_adhd_planners_that_just_dont(1)","19cluwh","t3_19cluwh","https://www.reddit.com/r/adhdwomen/comments/19cluwh/i_have_seen_so_many_adhd_planners_that_just_dont/","adhdwomen","r/adhdwomen","I have seen so many “ADHD planners” that just DON’T HELP. What are some things/features YOU would love to see incorporated that would actually benefit you?","So tired of seeing these products that claim to be sooo helpful with managing ADHD specific issues that just… aren’t. Have any of you found any that DO? Which aspect(s) of them make the biggest improvement in your life and how?","Cleaning, Organizing, Decluttering","1705893416.0","2024-01-22T03:16:56+00:00","108","108","0.95","153","9dc178c3d77e3d62","","reddit-adhdwomen-i_have_seen_so_many_adhd_planners_that_just_dont(1):comment:kjav8ef","comment","kjav8ef","t1_kjav8ef","https://www.reddit.com/r/adhdwomen/comments/19cluwh/i_have_seen_so_many_adhd_planners_that_just_dont/kjav8ef/","/r/adhdwomen/comments/19cluwh/i_have_seen_so_many_adhd_planners_that_just_dont/kjav8ef/","t1_kj3bzd7","comment","kj3bzd7","kj3bzd7","1","false","kj3bzd7 > kjav8ef","9dc178c3d77e3d62","","","true","false","","2","2","0","0","0","1706067937.0","2024-01-24T03:45:37+00:00","false","False","","false","false","true","false","I’ll have to look into this! This and the anti-planner sound very viable lol","I’ll have to look into this! This and the anti-planner sound very viable lol","76","14","My favorite digital planner is from a company called “future adhd” I’ve been using from August 2022 so it’s the longest I’ve used a digital planner. Or really any planner. You a pick between a daily setup or a general setup, but can change the setup later(there is a setup wizard) I use the general and just keep adding brain dump pages. It also has project notebooks which I just started using this year. It has a bunch of planning templates. I use the “remember stuff” section and the divide/conquer template. I don’t really use a ton of the rest of the templates but I try to sometimes. The planner was $15ish","My favorite digital planner is from a company called “future adhd” I’ve been using from August 2022 so it’s the longest I’ve used a digital planner. Or really any planner. You a pick between a daily setup or a general setup, but can change the setup later(there is a setup wizard) I use the general and just keep adding brain dump pages. It also has project notebooks which I just started using this year. It has a bunch of planning templates. I use the “remember stuff” section and the divide/conquer template. I don’t really use a ton of the rest of the templates but I try to sometimes. The planner was $15ish","","false","false","planner | plan","","","mentions_planner_or_system","8","[THREAD_TITLE]
I have seen so many “ADHD planners” that just DON’T HELP. What are some things/features YOU would love to see incorporated that would actually benefit you?

[THREAD_BODY]
So tired of seeing these products that claim to be sooo helpful with managing ADHD specific issues that just… aren’t. Have any of you found any that DO? Which aspect(s) of them make the biggest improvement in your life and how?

[PARENT_COMMENT_CONTEXT]
My favorite digital planner is from a company called “future adhd” I’ve been using from August 2022 so it’s the longest I’ve used a digital planner. Or really any planner. You a pick between a daily setup or a general setup, but can change the setup later(there is a setup wizard) I use the general and just keep adding brain dump pages. It also has project notebooks which I just started using this year. It has a bunch of planning templates. I use the “remember stuff” section and the divide/conquer template. I don’t really use a ton of the rest of the templates but I try to sometimes. The planner was $15ish

[CURRENT_RECORD]
I’ll have to look into this! This and the anti-planner sound very viable lol"
"/mnt/data/reddit_input_test/reddit-adhdwomen-i_have_seen_so_many_adhd_planners_that_just_dont(1).json","reddit-adhdwomen-i_have_seen_so_many_adhd_planners_that_just_dont(1)","19cluwh","t3_19cluwh","https://www.reddit.com/r/adhdwomen/comments/19cluwh/i_have_seen_so_many_adhd_planners_that_just_dont/","adhdwomen","r/adhdwomen","I have seen so many “ADHD planners” that just DON’T HELP. What are some things/features YOU would love to see incorporated that would actually benefit you?","So tired of seeing these products that claim to be sooo helpful with managing ADHD specific issues that just… aren’t. Have any of you found any that DO? Which aspect(s) of them make the biggest improvement in your life and how?","Cleaning, Organizing, Decluttering","1705893416.0","2024-01-22T03:16:56+00:00","108","108","0.95","153","9dc178c3d77e3d62","","reddit-adhdwomen-i_have_seen_so_many_adhd_planners_that_just_dont(1):comment:lc4xnqw","comment","lc4xnqw","t1_lc4xnqw","https://www.reddit.com/r/adhdwomen/comments/19cluwh/i_have_seen_so_many_adhd_planners_that_just_dont/lc4xnqw/","/r/adhdwomen/comments/19cluwh/i_have_seen_so_many_adhd_planners_that_just_dont/lc4xnqw/","t1_kj3bzd7","comment","kj3bzd7","kj3bzd7","1","false","kj3bzd7 > lc4xnqw","fee70b60ff4ab4c7","","","false","false","","1","1","0","0","0","1720407066.0","2024-07-08T02:51:06+00:00","false","False","","false","false","true","false","Awww yay, so glad it's working for you 🫶","Awww yay, so glad it's working for you 🫶","40","9","My favorite digital planner is from a company called “future adhd” I’ve been using from August 2022 so it’s the longest I’ve used a digital planner. Or really any planner. You a pick between a daily setup or a general setup, but can change the setup later(there is a setup wizard) I use the general and just keep adding brain dump pages. It also has project notebooks which I just started using this year. It has a bunch of planning templates. I use the “remember stuff” section and the divide/conquer template. I don’t really use a ton of the rest of the templates but I try to sometimes. The planner was $15ish","My favorite digital planner is from a company called “future adhd” I’ve been using from August 2022 so it’s the longest I’ve used a digital planner. Or really any planner. You a pick between a daily setup or a general setup, but can change the setup later(there is a setup wizard) I use the general and just keep adding brain dump pages. It also has project notebooks which I just started using this year. It has a bunch of planning templates. I use the “remember stuff” section and the divide/conquer template. I don’t really use a ton of the rest of the templates but I try to sometimes. The planner was $15ish","","false","false","","","","","0","[THREAD_TITLE]
I have seen so many “ADHD planners” that just DON’T HELP. What are some things/features YOU would love to see incorporated that would actually benefit you?

[THREAD_BODY]
So tired of seeing these products that claim to be sooo helpful with managing ADHD specific issues that just… aren’t. Have any of you found any that DO? Which aspect(s) of them make the biggest improvement in your life and how?

[PARENT_COMMENT_CONTEXT]
My favorite digital planner is from a company called “future adhd” I’ve been using from August 2022 so it’s the longest I’ve used a digital planner. Or really any planner. You a pick between a daily setup or a general setup, but can change the setup later(there is a setup wizard) I use the general and just keep adding brain dump pages. It also has project notebooks which I just started using this year. It has a bunch of planning templates. I use the “remember stuff” section and the divide/conquer template. I don’t really use a ton of the rest of the templates but I try to sometimes. The planner was $15ish

[CURRENT_RECORD]
Awww yay, so glad it's working for you 🫶"
"/mnt/data/reddit_input_test/reddit-adhdwomen-i_have_seen_so_many_adhd_planners_that_just_dont(1).json","reddit-adhdwomen-i_have_seen_so_many_adhd_planners_that_just_dont(1)","19cluwh","t3_19cluwh","https://www.reddit.com/r/adhdwomen/comments/19cluwh/i_have_seen_so_many_adhd_planners_that_just_dont/","adhdwomen","r/adhdwomen","I have seen so many “ADHD planners” that just DON’T HELP. What are some things/features YOU would love to see incorporated that would actually benefit you?","So tired of seeing these products that claim to be sooo helpful with managing ADHD specific issues that just… aren’t. Have any of you found any that DO? Which aspect(s) of them make the biggest improvement in your life and how?","Cleaning, Organizing, Decluttering","1705893416.0","2024-01-22T03:16:56+00:00","108","108","0.95","153","9dc178c3d77e3d62","","reddit-adhdwomen-i_have_seen_so_many_adhd_planners_that_just_dont(1):comment:mqvzgq9","comment","mqvzgq9","t1_mqvzgq9","https://www.reddit.com/r/adhdwomen/comments/19cluwh/i_have_seen_so_many_adhd_planners_that_just_dont/mqvzgq9/","/r/adhdwomen/comments/19cluwh/i_have_seen_so_many_adhd_planners_that_just_dont/mqvzgq9/","t1_kj3bzd7","comment","kj3bzd7","kj3bzd7","1","false","kj3bzd7 > mqvzgq9","e5d101789a4ea88d","","","false","false","","1","1","0","0","0","1746540955.0","2025-05-06T14:15:55+00:00","false","False","","false","false","true","false","I was looking at this planner. Can you change the daily start time? My day starts at 4AM.","I was looking at this planner. Can you change the daily start time? My day starts at 4AM.","89","18","My favorite digital planner is from a company called “future adhd” I’ve been using from August 2022 so it’s the longest I’ve used a digital planner. Or really any planner. You a pick between a daily setup or a general setup, but can change the setup later(there is a setup wizard) I use the general and just keep adding brain dump pages. It also has project notebooks which I just started using this year. It has a bunch of planning templates. I use the “remember stuff” section and the divide/conquer template. I don’t really use a ton of the rest of the templates but I try to sometimes. The planner was $15ish","My favorite digital planner is from a company called “future adhd” I’ve been using from August 2022 so it’s the longest I’ve used a digital planner. Or really any planner. You a pick between a daily setup or a general setup, but can change the setup later(there is a setup wizard) I use the general and just keep adding brain dump pages. It also has project notebooks which I just started using this year. It has a bunch of planning templates. I use the “remember stuff” section and the divide/conquer template. I don’t really use a ton of the rest of the templates but I try to sometimes. The planner was $15ish","","true","false","planner | plan | daily","time","daily | change","contains_question | forgetfulness_or_time_signal | mentions_feature_or_solution | mentions_pain_or_friction | mentions_planner_or_system | novelty_or_format_change_signal","33","[THREAD_TITLE]
I have seen so many “ADHD planners” that just DON’T HELP. What are some things/features YOU would love to see incorporated that would actually benefit you?

[THREAD_BODY]
So tired of seeing these products that claim to be sooo helpful with managing ADHD specific issues that just… aren’t. Have any of you found any that DO? Which aspect(s) of them make the biggest improvement in your life and how?

[PARENT_COMMENT_CONTEXT]
My favorite digital planner is from a company called “future adhd” I’ve been using from August 2022 so it’s the longest I’ve used a digital planner. Or really any planner. You a pick between a daily setup or a general setup, but can change the setup later(there is a setup wizard) I use the general and just keep adding brain dump pages. It also has project notebooks which I just started using this year. It has a bunch of planning templates. I use the “remember stuff” section and the divide/conquer template. I don’t really use a ton of the rest of the templates but I try to sometimes. The planner was $15ish

[CURRENT_RECORD]
I was looking at this planner. Can you change the daily start time? My day starts at 4AM."
"/mnt/data/reddit_input_test/reddit-adhdwomen-i_have_seen_so_many_adhd_planners_that_just_dont(1).json","reddit-adhdwomen-i_have_seen_so_many_adhd_planners_that_just_dont(1)","19cluwh","t3_19cluwh","https://www.reddit.com/r/adhdwomen/comments/19cluwh/i_have_seen_so_many_adhd_planners_that_just_dont/","adhdwomen","r/adhdwomen","I have seen so many “ADHD planners” that just DON’T HELP. What are some things/features YOU would love to see incorporated that would actually benefit you?","So tired of seeing these products that claim to be sooo helpful with managing ADHD specific issues that just… aren’t. Have any of you found any that DO? Which aspect(s) of them make the biggest improvement in your life and how?","Cleaning, Organizing, Decluttering","1705893416.0","2024-01-22T03:16:56+00:00","108","108","0.95","153","9dc178c3d77e3d62","","reddit-adhdwomen-i_have_seen_so_many_adhd_planners_that_just_dont(1):comment:lwicj59","comment","lwicj59","t1_lwicj59","https://www.reddit.com/r/adhdwomen/comments/19cluwh/i_have_seen_so_many_adhd_planners_that_just_dont/lwicj59/","/r/adhdwomen/comments/19cluwh/i_have_seen_so_many_adhd_planners_that_just_dont/lwicj59/","t3_19cluwh","post","","lwicj59","0","true","lwicj59","703d91923d0051ab","","","false","false","","2","2","0","0","0","1731288110.0","2024-11-11T01:21:50+00:00","false","False","","false","false","true","false","There are so many digital planners and notebooks for less than $1 on Etsy. I like to purchase different ones occassionally and Frankenstein components together from what has become an unnecessarily vast but much-appreciated collection of purchased organizational/planning digital content. It keeps me from getting bored while expending minimal (enough) effort.","There are so many digital planners and notebooks for less than $1 on Etsy. I like to purchase different ones occassionally and Frankenstein components together from what has become an unnecessarily vast but much-appreciated collection of purchased organizational/planning digital…","360","51","","","","false","false","planner | planners | plan | planning | app | organization","","minimal","mentions_feature_or_solution | mentions_planner_or_system","34","[THREAD_TITLE]
I have seen so many “ADHD planners” that just DON’T HELP. What are some things/features YOU would love to see incorporated that would actually benefit you?

[THREAD_BODY]
So tired of seeing these products that claim to be sooo helpful with managing ADHD specific issues that just… aren’t. Have any of you found any that DO? Which aspect(s) of them make the biggest improvement in your life and how?

[CURRENT_RECORD]
There are so many digital planners and notebooks for less than $1 on Etsy. I like to purchase different ones occassionally and Frankenstein components together from what has become an unnecessarily vast but much-appreciated collection of purchased organizational/planning digital content. It keeps me from getting bored while expending minimal (enough) effort."
"/mnt/data/reddit_input_test/reddit-adhdwomen-i_have_seen_so_many_adhd_planners_that_just_dont(1).json","reddit-adhdwomen-i_have_seen_so_many_adhd_planners_that_just_dont(1)","19cluwh","t3_19cluwh","https://www.reddit.com/r/adhdwomen/comments/19cluwh/i_have_seen_so_many_adhd_planners_that_just_dont/","adhdwomen","r/adhdwomen","I have seen so many “ADHD planners” that just DON’T HELP. What are some things/features YOU would love to see incorporated that would actually benefit you?","So tired of seeing these products that claim to be sooo helpful with managing ADHD specific issues that just… aren’t. Have any of you found any that DO? Which aspect(s) of them make the biggest improvement in your life and how?","Cleaning, Organizing, Decluttering","1705893416.0","2024-01-22T03:16:56+00:00","108","108","0.95","153","9dc178c3d77e3d62","","reddit-adhdwomen-i_have_seen_so_many_adhd_planners_that_just_dont(1):comment:lx9grh7","comment","lx9grh7","t1_lx9grh7","https://www.reddit.com/r/adhdwomen/comments/19cluwh/i_have_seen_so_many_adhd_planners_that_just_dont/lx9grh7/","/r/adhdwomen/comments/19cluwh/i_have_seen_so_many_adhd_planners_that_just_dont/lx9grh7/","t3_19cluwh","post","","lx9grh7","0","true","lx9grh7","85f2d6d51e5b4507","","","false","false","","1","1","0","0","0","1731678389.0","2024-11-15T13:46:29+00:00","false","False","","false","false","true","false","I absolutely love Notion and recommend it to anyone looking for a flexible and deep way to organise their life. You can build as deep as you want—tasks, reminders, assigning people, adding notes, custom styling, and even plugins. The free version is unlimited unless you want to use their AI or visual charts. I struggled for ages to find a planner that worked for my ADHD brain, so I built my own full life management tool within Notion. I use it every day for logging tasks quickly, staying organised, and having a dedicated space to brain dump and sort things later. And added full pages for managing tasks, storing info, staying on top of habits, journaling, and more. Disclaimer: I sell this template! (you can check it out via my username), but Notion is an incredibly powerful tool on its own. With some learning and setup, you can build out your own system for free, or browse the marketplace for free or affordable templates, including more specific ones like mine. Personally, this system has helped me improve my routines and stay organised without feeling overwhelmed, and I’d love to hear your feedback if you give mine a try!","I absolutely love Notion and recommend it to anyone looking for a flexible and deep way to organise their life. You can build as deep as you want—tasks, reminders, assigning people, adding notes, custom styling, and even plugins. The free version is unlimited unless you want to…","1139","198","","","","false","true","planner | plan | journal | notion | template | templates | routine","adhd | overwhelm | overwhelmed | tasks","flexible | visual | reminder | reminders | notes | custom","long_form_comment | mentions_feature_or_solution | mentions_pain_or_friction | mentions_planner_or_system | mentions_working_solution_or_recommendation | overwhelm_or_complexity_signal | printable_modular_system_signal","100","[THREAD_TITLE]
I have seen so many “ADHD planners” that just DON’T HELP. What are some things/features YOU would love to see incorporated that would actually benefit you?

[THREAD_BODY]
So tired of seeing these products that claim to be sooo helpful with managing ADHD specific issues that just… aren’t. Have any of you found any that DO? Which aspect(s) of them make the biggest improvement in your life and how?

[CURRENT_RECORD]
I absolutely love Notion and recommend it to anyone looking for a flexible and deep way to organise their life. You can build as deep as you want—tasks, reminders, assigning people, adding notes, custom styling, and even plugins. The free version is unlimited unless you want to use their AI or visual charts. I struggled for ages to find a planner that worked for my ADHD brain, so I built my own full life management tool within Notion. I use it every day for logging tasks quickly, staying organised, and having a dedicated space to brain dump and sort things later. And added full pages for managing tasks, storing info, staying on top of habits, journaling, and more. Disclaimer: I sell this template! (you can check it out via my username), but Notion is an incredibly powerful tool on its own. With some learning and setup, you can build out your own system for free, or browse the marketplace for free or affordable templates, including more specific ones like mine. Personally, this system has helped me improve my routines and stay organised without feeling overwhelmed, and I’d love to hear your feedback if you give mine a try!"
"/mnt/data/reddit_input_test/reddit-adhdwomen-i_have_seen_so_many_adhd_planners_that_just_dont(1).json","reddit-adhdwomen-i_have_seen_so_many_adhd_planners_that_just_dont(1)","19cluwh","t3_19cluwh","https://www.reddit.com/r/adhdwomen/comments/19cluwh/i_have_seen_so_many_adhd_planners_that_just_dont/","adhdwomen","r/adhdwomen","I have seen so many “ADHD planners” that just DON’T HELP. What are some things/features YOU would love to see incorporated that would actually benefit you?","So tired of seeing these products that claim to be sooo helpful with managing ADHD specific issues that just… aren’t. Have any of you found any that DO? Which aspect(s) of them make the biggest improvement in your life and how?","Cleaning, Organizing, Decluttering","1705893416.0","2024-01-22T03:16:56+00:00","108","108","0.95","153","9dc178c3d77e3d62","","reddit-adhdwomen-i_have_seen_so_many_adhd_planners_that_just_dont(1):comment:mmcyb83","comment","mmcyb83","t1_mmcyb83","https://www.reddit.com/r/adhdwomen/comments/19cluwh/i_have_seen_so_many_adhd_planners_that_just_dont/mmcyb83/","/r/adhdwomen/comments/19cluwh/i_have_seen_so_many_adhd_planners_that_just_dont/mmcyb83/","t3_19cluwh","post","","mmcyb83","0","true","mmcyb83","6f2752a71680a865","","","false","false","","1","1","0","0","0","1744276593.0","2025-04-10T09:16:33+00:00","false","False","","false","false","true","false","Hey, u/ragingsasshole! I’m building an ADHD Task Planner that auto-schedules my day in a calendar based on my to-dos from Google Keep. I’m an ex-Google engineer and Fractional CTO, and I'm packing it with features to boost engagement, track focus peaks, and improve my workflow over time. Would love to hear—what features or apps actually helped you? What’s been useless? Trying to build something that really works.","Hey, u/ragingsasshole! I’m building an ADHD Task Planner that auto-schedules my day in a calendar based on my to-dos from Google Keep. I’m an ex-Google engineer and Fractional CTO, and I'm packing it with features to boost engagement, track focus peaks, and improve my workflow o…","416","67","","","","true","true","planner | plan | calendar | app | to-do | schedule","adhd | time","","contains_question | forgetfulness_or_time_signal | mentions_pain_or_friction | mentions_planner_or_system | mentions_working_solution_or_recommendation","56","[THREAD_TITLE]
I have seen so many “ADHD planners” that just DON’T HELP. What are some things/features YOU would love to see incorporated that would actually benefit you?

[THREAD_BODY]
So tired of seeing these products that claim to be sooo helpful with managing ADHD specific issues that just… aren’t. Have any of you found any that DO? Which aspect(s) of them make the biggest improvement in your life and how?

[CURRENT_RECORD]
Hey, u/ragingsasshole! I’m building an ADHD Task Planner that auto-schedules my day in a calendar based on my to-dos from Google Keep. I’m an ex-Google engineer and Fractional CTO, and I'm packing it with features to boost engagement, track focus peaks, and improve my workflow over time. Would love to hear—what features or apps actually helped you? What’s been useless? Trying to build something that really works."
"/mnt/data/reddit_input_test/reddit-adhdwomen-i_have_seen_so_many_adhd_planners_that_just_dont(1).json","reddit-adhdwomen-i_have_seen_so_many_adhd_planners_that_just_dont(1)","19cluwh","t3_19cluwh","https://www.reddit.com/r/adhdwomen/comments/19cluwh/i_have_seen_so_many_adhd_planners_that_just_dont/","adhdwomen","r/adhdwomen","I have seen so many “ADHD planners” that just DON’T HELP. What are some things/features YOU would love to see incorporated that would actually benefit you?","So tired of seeing these products that claim to be sooo helpful with managing ADHD specific issues that just… aren’t. Have any of you found any that DO? Which aspect(s) of them make the biggest improvement in your life and how?","Cleaning, Organizing, Decluttering","1705893416.0","2024-01-22T03:16:56+00:00","108","108","0.95","153","9dc178c3d77e3d62","","reddit-adhdwomen-i_have_seen_so_many_adhd_planners_that_just_dont(1):comment:kj02lua","comment","kj02lua","t1_kj02lua","https://www.reddit.com/r/adhdwomen/comments/19cluwh/i_have_seen_so_many_adhd_planners_that_just_dont/kj02lua/","/r/adhdwomen/comments/19cluwh/i_have_seen_so_many_adhd_planners_that_just_dont/kj02lua/","t3_19cluwh","post","","kj02lua","0","true","kj02lua","129321009452388a","","","false","false","","1","1","0","0","0","1705900372.0","2024-01-22T05:12:52+00:00","false","False","","false","false","true","false","Has anyone tried the Laurel Denise planners","Has anyone tried the Laurel Denise planners","43","7","","","","false","false","planner | planners | plan","","","mentions_planner_or_system","12","[THREAD_TITLE]
I have seen so many “ADHD planners” that just DON’T HELP. What are some things/features YOU would love to see incorporated that would actually benefit you?

[THREAD_BODY]
So tired of seeing these products that claim to be sooo helpful with managing ADHD specific issues that just… aren’t. Have any of you found any that DO? Which aspect(s) of them make the biggest improvement in your life and how?

[CURRENT_RECORD]
Has anyone tried the Laurel Denise planners"
"/mnt/data/reddit_input_test/reddit-adhdwomen-i_have_seen_so_many_adhd_planners_that_just_dont(1).json","reddit-adhdwomen-i_have_seen_so_many_adhd_planners_that_just_dont(1)","19cluwh","t3_19cluwh","https://www.reddit.com/r/adhdwomen/comments/19cluwh/i_have_seen_so_many_adhd_planners_that_just_dont/","adhdwomen","r/adhdwomen","I have seen so many “ADHD planners” that just DON’T HELP. What are some things/features YOU would love to see incorporated that would actually benefit you?","So tired of seeing these products that claim to be sooo helpful with managing ADHD specific issues that just… aren’t. Have any of you found any that DO? Which aspect(s) of them make the biggest improvement in your life and how?","Cleaning, Organizing, Decluttering","1705893416.0","2024-01-22T03:16:56+00:00","108","108","0.95","153","9dc178c3d77e3d62","","reddit-adhdwomen-i_have_seen_so_many_adhd_planners_that_just_dont(1):comment:kj0rfbi","comment","kj0rfbi","t1_kj0rfbi","https://www.reddit.com/r/adhdwomen/comments/19cluwh/i_have_seen_so_many_adhd_planners_that_just_dont/kj0rfbi/","/r/adhdwomen/comments/19cluwh/i_have_seen_so_many_adhd_planners_that_just_dont/kj0rfbi/","t3_19cluwh","post","","kj0rfbi","0","true","kj0rfbi","2831b4ada3ca11d4","","","false","false","","1","1","0","0","0","1705917063.0","2024-01-22T09:51:03+00:00","false","False","","false","false","true","false","I just gave up on that kinda stuff i have paper sheets i write stuff on and put it on my keyboard or my calendar or alarms judt switching wildly..its chaos","I just gave up on that kinda stuff i have paper sheets i write stuff on and put it on my keyboard or my calendar or alarms judt switching wildly..its chaos","155","31","","","","false","false","calendar","","","mentions_planner_or_system","14","[THREAD_TITLE]
I have seen so many “ADHD planners” that just DON’T HELP. What are some things/features YOU would love to see incorporated that would actually benefit you?

[THREAD_BODY]
So tired of seeing these products that claim to be sooo helpful with managing ADHD specific issues that just… aren’t. Have any of you found any that DO? Which aspect(s) of them make the biggest improvement in your life and how?

[CURRENT_RECORD]
I just gave up on that kinda stuff i have paper sheets i write stuff on and put it on my keyboard or my calendar or alarms judt switching wildly..its chaos"
"/mnt/data/reddit_input_test/reddit-adhdwomen-i_have_seen_so_many_adhd_planners_that_just_dont(1).json","reddit-adhdwomen-i_have_seen_so_many_adhd_planners_that_just_dont(1)","19cluwh","t3_19cluwh","https://www.reddit.com/r/adhdwomen/comments/19cluwh/i_have_seen_so_many_adhd_planners_that_just_dont/","adhdwomen","r/adhdwomen","I have seen so many “ADHD planners” that just DON’T HELP. What are some things/features YOU would love to see incorporated that would actually benefit you?","So tired of seeing these products that claim to be sooo helpful with managing ADHD specific issues that just… aren’t. Have any of you found any that DO? Which aspect(s) of them make the biggest improvement in your life and how?","Cleaning, Organizing, Decluttering","1705893416.0","2024-01-22T03:16:56+00:00","108","108","0.95","153","9dc178c3d77e3d62","","reddit-adhdwomen-i_have_seen_so_many_adhd_planners_that_just_dont(1):comment:kj101v2","comment","kj101v2","t1_kj101v2","https://www.reddit.com/r/adhdwomen/comments/19cluwh/i_have_seen_so_many_adhd_planners_that_just_dont/kj101v2/","/r/adhdwomen/comments/19cluwh/i_have_seen_so_many_adhd_planners_that_just_dont/kj101v2/","t3_19cluwh","post","","kj101v2","0","true","kj101v2","00c8d1126397bf2f","","","false","false","","1","1","0","0","0","1705923317.0","2024-01-22T11:35:17+00:00","false","False","","false","false","true","false","I need it to somehow come to life and remind me it exists and I should start using it again lol. I start them, love them and then promptly forget they exist","I need it to somehow come to life and remind me it exists and I should start using it again lol. I start them, love them and then promptly forget they exist","156","32","","","","false","true","","forget","","forgetfulness_or_time_signal | mentions_pain_or_friction | mentions_working_solution_or_recommendation","31","[THREAD_TITLE]
I have seen so many “ADHD planners” that just DON’T HELP. What are some things/features YOU would love to see incorporated that would actually benefit you?

[THREAD_BODY]
So tired of seeing these products that claim to be sooo helpful with managing ADHD specific issues that just… aren’t. Have any of you found any that DO? Which aspect(s) of them make the biggest improvement in your life and how?

[CURRENT_RECORD]
I need it to somehow come to life and remind me it exists and I should start using it again lol. I start them, love them and then promptly forget they exist"
"/mnt/data/reddit_input_test/reddit-adhdwomen-i_have_seen_so_many_adhd_planners_that_just_dont(1).json","reddit-adhdwomen-i_have_seen_so_many_adhd_planners_that_just_dont(1)","19cluwh","t3_19cluwh","https://www.reddit.com/r/adhdwomen/comments/19cluwh/i_have_seen_so_many_adhd_planners_that_just_dont/","adhdwomen","r/adhdwomen","I have seen so many “ADHD planners” that just DON’T HELP. What are some things/features YOU would love to see incorporated that would actually benefit you?","So tired of seeing these products that claim to be sooo helpful with managing ADHD specific issues that just… aren’t. Have any of you found any that DO? Which aspect(s) of them make the biggest improvement in your life and how?","Cleaning, Organizing, Decluttering","1705893416.0","2024-01-22T03:16:56+00:00","108","108","0.95","153","9dc178c3d77e3d62","","reddit-adhdwomen-i_have_seen_so_many_adhd_planners_that_just_dont(1):comment:kj12mua","comment","kj12mua","t1_kj12mua","https://www.reddit.com/r/adhdwomen/comments/19cluwh/i_have_seen_so_many_adhd_planners_that_just_dont/kj12mua/","/r/adhdwomen/comments/19cluwh/i_have_seen_so_many_adhd_planners_that_just_dont/kj12mua/","t3_19cluwh","post","","kj12mua","0","true","kj12mua","ea93a90e59d719d0","","","false","false","","1","1","0","0","0","1705924940.0","2024-01-22T12:02:20+00:00","false","False","","false","false","true","false","You know my work calendar is how I keep on track with BIG things for work but I have no process for my day to day life.","You know my work calendar is how I keep on track with BIG things for work but I have no process for my day to day life.","119","27","","","","false","false","calendar","","","mentions_planner_or_system","14","[THREAD_TITLE]
I have seen so many “ADHD planners” that just DON’T HELP. What are some things/features YOU would love to see incorporated that would actually benefit you?

[THREAD_BODY]
So tired of seeing these products that claim to be sooo helpful with managing ADHD specific issues that just… aren’t. Have any of you found any that DO? Which aspect(s) of them make the biggest improvement in your life and how?

[CURRENT_RECORD]
You know my work calendar is how I keep on track with BIG things for work but I have no process for my day to day life."
"/mnt/data/reddit_input_test/reddit-adhdwomen-i_have_seen_so_many_adhd_planners_that_just_dont(1).json","reddit-adhdwomen-i_have_seen_so_many_adhd_planners_that_just_dont(1)","19cluwh","t3_19cluwh","https://www.reddit.com/r/adhdwomen/comments/19cluwh/i_have_seen_so_many_adhd_planners_that_just_dont/","adhdwomen","r/adhdwomen","I have seen so many “ADHD planners” that just DON’T HELP. What are some things/features YOU would love to see incorporated that would actually benefit you?","So tired of seeing these products that claim to be sooo helpful with managing ADHD specific issues that just… aren’t. Have any of you found any that DO? Which aspect(s) of them make the biggest improvement in your life and how?","Cleaning, Organizing, Decluttering","1705893416.0","2024-01-22T03:16:56+00:00","108","108","0.95","153","9dc178c3d77e3d62","","reddit-adhdwomen-i_have_seen_so_many_adhd_planners_that_just_dont(1):comment:kj29tdt","comment","kj29tdt","t1_kj29tdt","https://www.reddit.com/r/adhdwomen/comments/19cluwh/i_have_seen_so_many_adhd_planners_that_just_dont/kj29tdt/","/r/adhdwomen/comments/19cluwh/i_have_seen_so_many_adhd_planners_that_just_dont/kj29tdt/","t3_19cluwh","post","","kj29tdt","0","true","kj29tdt","cd6a3c84cf74591e","","","false","false","","1","1","0","0","0","1705942682.0","2024-01-22T16:58:02+00:00","false","False","","false","false","true","false","I like a very basic planner. No frills. No stickers or ornate font. I want basic pages with enough space for each weekday to plan out my events and a spiral spine.","I like a very basic planner. No frills. No stickers or ornate font. I want basic pages with enough space for each weekday to plan out my events and a spiral spine.","163","32","","","","false","false","planner | plan","","","mentions_planner_or_system","18","[THREAD_TITLE]
I have seen so many “ADHD planners” that just DON’T HELP. What are some things/features YOU would love to see incorporated that would actually benefit you?

[THREAD_BODY]
So tired of seeing these products that claim to be sooo helpful with managing ADHD specific issues that just… aren’t. Have any of you found any that DO? Which aspect(s) of them make the biggest improvement in your life and how?

[CURRENT_RECORD]
I like a very basic planner. No frills. No stickers or ornate font. I want basic pages with enough space for each weekday to plan out my events and a spiral spine."
"/mnt/data/reddit_input_test/reddit-adhdwomen-i_have_seen_so_many_adhd_planners_that_just_dont(1).json","reddit-adhdwomen-i_have_seen_so_many_adhd_planners_that_just_dont(1)","19cluwh","t3_19cluwh","https://www.reddit.com/r/adhdwomen/comments/19cluwh/i_have_seen_so_many_adhd_planners_that_just_dont/","adhdwomen","r/adhdwomen","I have seen so many “ADHD planners” that just DON’T HELP. What are some things/features YOU would love to see incorporated that would actually benefit you?","So tired of seeing these products that claim to be sooo helpful with managing ADHD specific issues that just… aren’t. Have any of you found any that DO? Which aspect(s) of them make the biggest improvement in your life and how?","Cleaning, Organizing, Decluttering","1705893416.0","2024-01-22T03:16:56+00:00","108","108","0.95","153","9dc178c3d77e3d62","","reddit-adhdwomen-i_have_seen_so_many_adhd_planners_that_just_dont(1):comment:kj2as6f","comment","kj2as6f","t1_kj2as6f","https://www.reddit.com/r/adhdwomen/comments/19cluwh/i_have_seen_so_many_adhd_planners_that_just_dont/kj2as6f/","/r/adhdwomen/comments/19cluwh/i_have_seen_so_many_adhd_planners_that_just_dont/kj2as6f/","t3_19cluwh","post","","kj2as6f","0","true","kj2as6f","a5e3faa0f818c322","","","false","false","","1","1","0","0","0","1705943006.0","2024-01-22T17:03:26+00:00","false","False","","false","false","true","false","For me the trick that changed the game didn’t require any planner. I have mine always open on the desk and I assign priority to tasks with a pencil. That way I know where to start working.","For me the trick that changed the game didn’t require any planner. I have mine always open on the desk and I assign priority to tasks with a pencil. That way I know where to start working.","188","37","","","","false","false","planner | plan","tasks","change","mentions_feature_or_solution | mentions_pain_or_friction | mentions_planner_or_system","27","[THREAD_TITLE]
I have seen so many “ADHD planners” that just DON’T HELP. What are some things/features YOU would love to see incorporated that would actually benefit you?

[THREAD_BODY]
So tired of seeing these products that claim to be sooo helpful with managing ADHD specific issues that just… aren’t. Have any of you found any that DO? Which aspect(s) of them make the biggest improvement in your life and how?

[CURRENT_RECORD]
For me the trick that changed the game didn’t require any planner. I have mine always open on the desk and I assign priority to tasks with a pencil. That way I know where to start working."
"/mnt/data/reddit_input_test/reddit-adhdwomen-i_have_seen_so_many_adhd_planners_that_just_dont(1).json","reddit-adhdwomen-i_have_seen_so_many_adhd_planners_that_just_dont(1)","19cluwh","t3_19cluwh","https://www.reddit.com/r/adhdwomen/comments/19cluwh/i_have_seen_so_many_adhd_planners_that_just_dont/","adhdwomen","r/adhdwomen","I have seen so many “ADHD planners” that just DON’T HELP. What are some things/features YOU would love to see incorporated that would actually benefit you?","So tired of seeing these products that claim to be sooo helpful with managing ADHD specific issues that just… aren’t. Have any of you found any that DO? Which aspect(s) of them make the biggest improvement in your life and how?","Cleaning, Organizing, Decluttering","1705893416.0","2024-01-22T03:16:56+00:00","108","108","0.95","153","9dc178c3d77e3d62","","reddit-adhdwomen-i_have_seen_so_many_adhd_planners_that_just_dont(1):comment:kj2e7sr","comment","kj2e7sr","t1_kj2e7sr","https://www.reddit.com/r/adhdwomen/comments/19cluwh/i_have_seen_so_many_adhd_planners_that_just_dont/kj2e7sr/","/r/adhdwomen/comments/19cluwh/i_have_seen_so_many_adhd_planners_that_just_dont/kj2e7sr/","t3_19cluwh","post","","kj2e7sr","0","true","kj2e7sr","f1d4bd01763ad7e3","","","false","false","","1","1","0","0","0","1705944143.0","2024-01-22T17:22:23+00:00","false","False","","false","false","true","false","I have always loved paper planners. I was never gonna switch. But I always have my phone on me and I'm not lugging a planner around in my pocket. So digital/app based is my requirement, though maybe something like rocketbook that feels like paper but also loads to an app on my phone, so I can do both simultaneously.","I have always loved paper planners. I was never gonna switch. But I always have my phone on me and I'm not lugging a planner around in my pocket. So digital/app based is my requirement, though maybe something like rocketbook that feels like paper but also loads to an app on my p…","317","59","","","","false","true","planner | planners | plan | app","","","mentions_planner_or_system | mentions_working_solution_or_recommendation","34","[THREAD_TITLE]
I have seen so many “ADHD planners” that just DON’T HELP. What are some things/features YOU would love to see incorporated that would actually benefit you?

[THREAD_BODY]
So tired of seeing these products that claim to be sooo helpful with managing ADHD specific issues that just… aren’t. Have any of you found any that DO? Which aspect(s) of them make the biggest improvement in your life and how?

[CURRENT_RECORD]
I have always loved paper planners. I was never gonna switch. But I always have my phone on me and I'm not lugging a planner around in my pocket. So digital/app based is my requirement, though maybe something like rocketbook that feels like paper but also loads to an app on my phone, so I can do both simultaneously."
"/mnt/data/reddit_input_test/reddit-adhdwomen-i_have_seen_so_many_adhd_planners_that_just_dont(1).json","reddit-adhdwomen-i_have_seen_so_many_adhd_planners_that_just_dont(1)","19cluwh","t3_19cluwh","https://www.reddit.com/r/adhdwomen/comments/19cluwh/i_have_seen_so_many_adhd_planners_that_just_dont/","adhdwomen","r/adhdwomen","I have seen so many “ADHD planners” that just DON’T HELP. What are some things/features YOU would love to see incorporated that would actually benefit you?","So tired of seeing these products that claim to be sooo helpful with managing ADHD specific issues that just… aren’t. Have any of you found any that DO? Which aspect(s) of them make the biggest improvement in your life and how?","Cleaning, Organizing, Decluttering","1705893416.0","2024-01-22T03:16:56+00:00","108","108","0.95","153","9dc178c3d77e3d62","","reddit-adhdwomen-i_have_seen_so_many_adhd_planners_that_just_dont(1):comment:kj2k5gb","comment","kj2k5gb","t1_kj2k5gb","https://www.reddit.com/r/adhdwomen/comments/19cluwh/i_have_seen_so_many_adhd_planners_that_just_dont/kj2k5gb/","/r/adhdwomen/comments/19cluwh/i_have_seen_so_many_adhd_planners_that_just_dont/kj2k5gb/","t3_19cluwh","post","","kj2k5gb","0","true","kj2k5gb","","","","false","false","","1","1","0","0","0","1705946073.0","2024-01-22T17:54:33+00:00","false","False","","false","false","true","false","For me they are most helpful on hard days, but I don't need or want to need a planner daily to function. I found the one I linked below on amazon and love it for specific reasons: 1. YOU ENTER THE DATE! This is huge for me cause I will almost 100% stop using it for weeks, months... Etc. so I like that no matter what, I just use the next blank page. Not haunted by empty pages of weeks passed. Just a fresh start. 2. There's a to do list and a must get done list. This was a mini revolution for me personally - there are only 3 lines for the must get done list. This is helpful for days where I'm struggling with being productive. If I can get those 3 things done it's a win. Things I thought I would like but are a waste of space: the entire bottom section. I thought I would like having a space to track water, food, appts, all that but I just don't. To Do List Notepad Spiral Bound -... https://www.amazon.com/dp/B09SYX3JZ9?ref=ppxpopmobapshare","For me they are most helpful on hard days, but I don't need or want to need a planner daily to function. I found the one I linked below on amazon and love it for specific reasons: 1. YOU ENTER THE DATE! This is huge for me cause I will almost 100% stop using it for weeks, months…","948","182","","","https://www.amazon.com/dp/B09SYX3JZ9?ref=ppxpopmobapshare","true","true","planner | plan | app | to do | daily","","daily","contains_question | long_form_comment | mentions_feature_or_solution | mentions_planner_or_system | mentions_working_solution_or_recommendation","62","[THREAD_TITLE]
I have seen so many “ADHD planners” that just DON’T HELP. What are some things/features YOU would love to see incorporated that would actually benefit you?

[THREAD_BODY]
So tired of seeing these products that claim to be sooo helpful with managing ADHD specific issues that just… aren’t. Have any of you found any that DO? Which aspect(s) of them make the biggest improvement in your life and how?

[CURRENT_RECORD]
For me they are most helpful on hard days, but I don't need or want to need a planner daily to function. I found the one I linked below on amazon and love it for specific reasons: 1. YOU ENTER THE DATE! This is huge for me cause I will almost 100% stop using it for weeks, months... Etc. so I like that no matter what, I just use the next blank page. Not haunted by empty pages of weeks passed. Just a fresh start. 2. There's a to do list and a must get done list. This was a mini revolution for me personally - there are only 3 lines for the must get done list. This is helpful for days where I'm struggling with being productive. If I can get those 3 things done it's a win. Things I thought I would like but are a waste of space: the entire bottom section. I thought I would like having a space to track water, food, appts, all that but I just don't. To Do List Notepad Spiral Bound -... https://www.amazon.com/dp/B09SYX3JZ9?ref=ppxpopmobapshare"
"/mnt/data/reddit_input_test/reddit-adhdwomen-i_have_seen_so_many_adhd_planners_that_just_dont(1).json","reddit-adhdwomen-i_have_seen_so_many_adhd_planners_that_just_dont(1)","19cluwh","t3_19cluwh","https://www.reddit.com/r/adhdwomen/comments/19cluwh/i_have_seen_so_many_adhd_planners_that_just_dont/","adhdwomen","r/adhdwomen","I have seen so many “ADHD planners” that just DON’T HELP. What are some things/features YOU would love to see incorporated that would actually benefit you?","So tired of seeing these products that claim to be sooo helpful with managing ADHD specific issues that just… aren’t. Have any of you found any that DO? Which aspect(s) of them make the biggest improvement in your life and how?","Cleaning, Organizing, Decluttering","1705893416.0","2024-01-22T03:16:56+00:00","108","108","0.95","153","9dc178c3d77e3d62","","reddit-adhdwomen-i_have_seen_so_many_adhd_planners_that_just_dont(1):comment:kj2pe6d","comment","kj2pe6d","t1_kj2pe6d","https://www.reddit.com/r/adhdwomen/comments/19cluwh/i_have_seen_so_many_adhd_planners_that_just_dont/kj2pe6d/","/r/adhdwomen/comments/19cluwh/i_have_seen_so_many_adhd_planners_that_just_dont/kj2pe6d/","t3_19cluwh","post","","kj2pe6d","0","true","kj2pe6d","b3336c62e9d75848","","","false","false","","1","1","0","0","0","1705947795.0","2024-01-22T18:23:15+00:00","false","False","","false","false","true","false","I have used paper notebooks forever. My boss doesn’t understand why I can’t take notes by typing. I told him “I have a much higher retention of things I physically wrote versus type out”. My work decided we would use onenote for all agenda and call recaps I was about to cry. Then the found there are generic pens that work on iPad, onenote for iPad, AND a paper-like screen protector. I wouldn’t call it the same as a notebook, as it doesn’t have that slight squishy texture, but it has saved my bacon because now I don’t have to worry about dragging a notebook everywhere, I don’t have to guess which notebook has the correct customer info, and it’s all saved almost instantly.","I have used paper notebooks forever. My boss doesn’t understand why I can’t take notes by typing. I told him “I have a much higher retention of things I physically wrote versus type out”. My work decided we would use onenote for all agenda and call recaps I was about to cry. The…","679","124","","","","false","false","agenda","","notes | custom","long_form_comment | mentions_feature_or_solution | mentions_planner_or_system","32","[THREAD_TITLE]
I have seen so many “ADHD planners” that just DON’T HELP. What are some things/features YOU would love to see incorporated that would actually benefit you?

[THREAD_BODY]
So tired of seeing these products that claim to be sooo helpful with managing ADHD specific issues that just… aren’t. Have any of you found any that DO? Which aspect(s) of them make the biggest improvement in your life and how?

[CURRENT_RECORD]
I have used paper notebooks forever. My boss doesn’t understand why I can’t take notes by typing. I told him “I have a much higher retention of things I physically wrote versus type out”. My work decided we would use onenote for all agenda and call recaps I was about to cry. Then the found there are generic pens that work on iPad, onenote for iPad, AND a paper-like screen protector. I wouldn’t call it the same as a notebook, as it doesn’t have that slight squishy texture, but it has saved my bacon because now I don’t have to worry about dragging a notebook everywhere, I don’t have to guess which notebook has the correct customer info, and it’s all saved almost instantly."
"/mnt/data/reddit_input_test/reddit-adhdwomen-i_have_seen_so_many_adhd_planners_that_just_dont(1).json","reddit-adhdwomen-i_have_seen_so_many_adhd_planners_that_just_dont(1)","19cluwh","t3_19cluwh","https://www.reddit.com/r/adhdwomen/comments/19cluwh/i_have_seen_so_many_adhd_planners_that_just_dont/","adhdwomen","r/adhdwomen","I have seen so many “ADHD planners” that just DON’T HELP. What are some things/features YOU would love to see incorporated that would actually benefit you?","So tired of seeing these products that claim to be sooo helpful with managing ADHD specific issues that just… aren’t. Have any of you found any that DO? Which aspect(s) of them make the biggest improvement in your life and how?","Cleaning, Organizing, Decluttering","1705893416.0","2024-01-22T03:16:56+00:00","108","108","0.95","153","9dc178c3d77e3d62","","reddit-adhdwomen-i_have_seen_so_many_adhd_planners_that_just_dont(1):comment:kj2q7az","comment","kj2q7az","t1_kj2q7az","https://www.reddit.com/r/adhdwomen/comments/19cluwh/i_have_seen_so_many_adhd_planners_that_just_dont/kj2q7az/","/r/adhdwomen/comments/19cluwh/i_have_seen_so_many_adhd_planners_that_just_dont/kj2q7az/","t3_19cluwh","post","","kj2q7az","0","true","kj2q7az","6968c238ad16bd76","","","false","false","","1","1","0","0","0","1705948070.0","2024-01-22T18:27:50+00:00","false","False","","false","false","true","false","I shout at Google. It gives me notifications when I arrive certain places like a reminder of my to do list when I get home and turns all the lights off at home when I get to work.","I shout at Google. It gives me notifications when I arrive certain places like a reminder of my to do list when I get home and turns all the lights off at home when I get to work.","179","38","","","","false","false","to do","","reminder","mentions_feature_or_solution | mentions_planner_or_system","18","[THREAD_TITLE]
I have seen so many “ADHD planners” that just DON’T HELP. What are some things/features YOU would love to see incorporated that would actually benefit you?

[THREAD_BODY]
So tired of seeing these products that claim to be sooo helpful with managing ADHD specific issues that just… aren’t. Have any of you found any that DO? Which aspect(s) of them make the biggest improvement in your life and how?

[CURRENT_RECORD]
I shout at Google. It gives me notifications when I arrive certain places like a reminder of my to do list when I get home and turns all the lights off at home when I get to work."
"/mnt/data/reddit_input_test/reddit-adhdwomen-i_have_seen_so_many_adhd_planners_that_just_dont(1).json","reddit-adhdwomen-i_have_seen_so_many_adhd_planners_that_just_dont(1)","19cluwh","t3_19cluwh","https://www.reddit.com/r/adhdwomen/comments/19cluwh/i_have_seen_so_many_adhd_planners_that_just_dont/","adhdwomen","r/adhdwomen","I have seen so many “ADHD planners” that just DON’T HELP. What are some things/features YOU would love to see incorporated that would actually benefit you?","So tired of seeing these products that claim to be sooo helpful with managing ADHD specific issues that just… aren’t. Have any of you found any that DO? Which aspect(s) of them make the biggest improvement in your life and how?","Cleaning, Organizing, Decluttering","1705893416.0","2024-01-22T03:16:56+00:00","108","108","0.95","153","9dc178c3d77e3d62","","reddit-adhdwomen-i_have_seen_so_many_adhd_planners_that_just_dont(1):comment:kj31lrb","comment","kj31lrb","t1_kj31lrb","https://www.reddit.com/r/adhdwomen/comments/19cluwh/i_have_seen_so_many_adhd_planners_that_just_dont/kj31lrb/","/r/adhdwomen/comments/19cluwh/i_have_seen_so_many_adhd_planners_that_just_dont/kj31lrb/","t3_19cluwh","post","","kj31lrb","0","true","kj31lrb","a76b9a06f413d9aa","","","false","false","","1","1","0","0","0","1705951850.0","2024-01-22T19:30:50+00:00","false","False","","false","false","true","false","During the first year of Covid, I decided to declutter the house. I was shocked by the number of physical “organizers” and books about organizing I’d accumulated through the years (I got rid of all of them). I’ve found the easiest way to stay organized is to have ONE notebook in which I write any and all reminders (whether it’s a reminder to look something up, call someone, make an appointment, buy a gift… basically everything). Then, each night, I’ll transfer anything that has a specific date assigned (dr appts, b’days, etc) to the calendar on my phone and set alarms as reminders. Having too many organizers or organization “methods” is overwhelming, and ultimately depressing (because trying to keep up with all of them is worse than not having them at all - just my $.02). The other thing that I’ve learned that absolutely works (and is a must for me), is to have a place (that makes sense) for everything, and putting everything back where it goes immediately after using it. My non-ADD hubs used to be terrible about that, but once I explained why it’s so imperative and important (for my ability to function!) he started adhering to the rule.","During the first year of Covid, I decided to declutter the house. I was shocked by the number of physical “organizers” and books about organizing I’d accumulated through the years (I got rid of all of them). I’ve found the easiest way to stay organized is to have ONE notebook in…","1155","202","","","","false","false","calendar | app | organize | organization | organizing","overwhelm","reminder | reminders","long_form_comment | mentions_feature_or_solution | mentions_pain_or_friction | mentions_planner_or_system","63","[THREAD_TITLE]
I have seen so many “ADHD planners” that just DON’T HELP. What are some things/features YOU would love to see incorporated that would actually benefit you?

[THREAD_BODY]
So tired of seeing these products that claim to be sooo helpful with managing ADHD specific issues that just… aren’t. Have any of you found any that DO? Which aspect(s) of them make the biggest improvement in your life and how?

[CURRENT_RECORD]
During the first year of Covid, I decided to declutter the house. I was shocked by the number of physical “organizers” and books about organizing I’d accumulated through the years (I got rid of all of them). I’ve found the easiest way to stay organized is to have ONE notebook in which I write any and all reminders (whether it’s a reminder to look something up, call someone, make an appointment, buy a gift… basically everything). Then, each night, I’ll transfer anything that has a specific date assigned (dr appts, b’days, etc) to the calendar on my phone and set alarms as reminders. Having too many organizers or organization “methods” is overwhelming, and ultimately depressing (because trying to keep up with all of them is worse than not having them at all - just my $.02). The other thing that I’ve learned that absolutely works (and is a must for me), is to have a place (that makes sense) for everything, and putting everything back where it goes immediately after using it. My non-ADD hubs used to be terrible about that, but once I explained why it’s so imperative and important (for my ability to function!) he started adhering to the rule."
"/mnt/data/reddit_input_test/reddit-adhdwomen-i_have_seen_so_many_adhd_planners_that_just_dont(1).json","reddit-adhdwomen-i_have_seen_so_many_adhd_planners_that_just_dont(1)","19cluwh","t3_19cluwh","https://www.reddit.com/r/adhdwomen/comments/19cluwh/i_have_seen_so_many_adhd_planners_that_just_dont/","adhdwomen","r/adhdwomen","I have seen so many “ADHD planners” that just DON’T HELP. What are some things/features YOU would love to see incorporated that would actually benefit you?","So tired of seeing these products that claim to be sooo helpful with managing ADHD specific issues that just… aren’t. Have any of you found any that DO? Which aspect(s) of them make the biggest improvement in your life and how?","Cleaning, Organizing, Decluttering","1705893416.0","2024-01-22T03:16:56+00:00","108","108","0.95","153","9dc178c3d77e3d62","","reddit-adhdwomen-i_have_seen_so_many_adhd_planners_that_just_dont(1):comment:kj39cf3","comment","kj39cf3","t1_kj39cf3","https://www.reddit.com/r/adhdwomen/comments/19cluwh/i_have_seen_so_many_adhd_planners_that_just_dont/kj39cf3/","/r/adhdwomen/comments/19cluwh/i_have_seen_so_many_adhd_planners_that_just_dont/kj39cf3/","t3_19cluwh","post","","kj39cf3","0","true","kj39cf3","dc18e564c952d6a6","","","false","false","","1","1","0","0","0","1705954422.0","2024-01-22T20:13:42+00:00","false","False","","false","false","true","false","I use a hobonichi cousin, it works pretty well for me. I have a week so I can conceptualise where any appointments fall and a day that I can use however I want. The bullet journal rapid log works pretty well but I also do not have the wherewithal to draw out weeks or months ahead of time, so the hobonichi draws those out for me and I can rapid log on the daily pages if I want. Or paint a picture. One thing i hate about most ""adhd planners"" is the ""gratitude"" section. They all seem to be based on the same shitty science so they all have ""gratitude"" like. Catch up. Current studies show gratitude practise only works if your life is great and you're a naturally optimistic person. If your life sucks then all it does is make you feel shit about yourself. If someone designs a planner for adhd that is actually meant for people with adhd, that is my one request. No gratitude. I will buy it if you leave out the gratitude.","I use a hobonichi cousin, it works pretty well for me. I have a week so I can conceptualise where any appointments fall and a day that I can use however I want. The bullet journal rapid log works pretty well but I also do not have the wherewithal to draw out weeks or months ahea…","925","178","","","","false","true","planner | planners | plan | bullet journal | journal | app | daily","adhd | time","appointments | daily","forgetfulness_or_time_signal | long_form_comment | mentions_feature_or_solution | mentions_pain_or_friction | mentions_planner_or_system | mentions_working_solution_or_recommendation","74","[THREAD_TITLE]
I have seen so many “ADHD planners” that just DON’T HELP. What are some things/features YOU would love to see incorporated that would actually benefit you?

[THREAD_BODY]
So tired of seeing these products that claim to be sooo helpful with managing ADHD specific issues that just… aren’t. Have any of you found any that DO? Which aspect(s) of them make the biggest improvement in your life and how?

[CURRENT_RECORD]
I use a hobonichi cousin, it works pretty well for me. I have a week so I can conceptualise where any appointments fall and a day that I can use however I want. The bullet journal rapid log works pretty well but I also do not have the wherewithal to draw out weeks or months ahead of time, so the hobonichi draws those out for me and I can rapid log on the daily pages if I want. Or paint a picture. One thing i hate about most ""adhd planners"" is the ""gratitude"" section. They all seem to be based on the same shitty science so they all have ""gratitude"" like. Catch up. Current studies show gratitude practise only works if your life is great and you're a naturally optimistic person. If your life sucks then all it does is make you feel shit about yourself. If someone designs a planner for adhd that is actually meant for people with adhd, that is my one request. No gratitude. I will buy it if you leave out the gratitude."
"/mnt/data/reddit_input_test/reddit-adhdwomen-i_have_seen_so_many_adhd_planners_that_just_dont(1).json","reddit-adhdwomen-i_have_seen_so_many_adhd_planners_that_just_dont(1)","19cluwh","t3_19cluwh","https://www.reddit.com/r/adhdwomen/comments/19cluwh/i_have_seen_so_many_adhd_planners_that_just_dont/","adhdwomen","r/adhdwomen","I have seen so many “ADHD planners” that just DON’T HELP. What are some things/features YOU would love to see incorporated that would actually benefit you?","So tired of seeing these products that claim to be sooo helpful with managing ADHD specific issues that just… aren’t. Have any of you found any that DO? Which aspect(s) of them make the biggest improvement in your life and how?","Cleaning, Organizing, Decluttering","1705893416.0","2024-01-22T03:16:56+00:00","108","108","0.95","153","9dc178c3d77e3d62","","reddit-adhdwomen-i_have_seen_so_many_adhd_planners_that_just_dont(1):comment:kj3bzx8","comment","kj3bzx8","t1_kj3bzx8","https://www.reddit.com/r/adhdwomen/comments/19cluwh/i_have_seen_so_many_adhd_planners_that_just_dont/kj3bzx8/","/r/adhdwomen/comments/19cluwh/i_have_seen_so_many_adhd_planners_that_just_dont/kj3bzx8/","t3_19cluwh","post","","kj3bzx8","0","true","kj3bzx8","d520b712571c05de","","","false","false","","1","1","0","0","0","1705955292.0","2024-01-22T20:28:12+00:00","false","False","","false","false","true","false","Ones where they have options that aren’t filled in for you. I don’t need a “gratitude” section or a “what I want to do in the future” section. Also, the option to write your own date in since I’ll forget for days.","Ones where they have options that aren’t filled in for you. I don’t need a “gratitude” section or a “what I want to do in the future” section. Also, the option to write your own date in since I’ll forget for days.","213","42","","","","false","false","to do","forget","","forgetfulness_or_time_signal | mentions_pain_or_friction | mentions_planner_or_system","27","[THREAD_TITLE]
I have seen so many “ADHD planners” that just DON’T HELP. What are some things/features YOU would love to see incorporated that would actually benefit you?

[THREAD_BODY]
So tired of seeing these products that claim to be sooo helpful with managing ADHD specific issues that just… aren’t. Have any of you found any that DO? Which aspect(s) of them make the biggest improvement in your life and how?

[CURRENT_RECORD]
Ones where they have options that aren’t filled in for you. I don’t need a “gratitude” section or a “what I want to do in the future” section. Also, the option to write your own date in since I’ll forget for days."
"/mnt/data/reddit_input_test/reddit-adhdwomen-i_have_seen_so_many_adhd_planners_that_just_dont(1).json","reddit-adhdwomen-i_have_seen_so_many_adhd_planners_that_just_dont(1)","19cluwh","t3_19cluwh","https://www.reddit.com/r/adhdwomen/comments/19cluwh/i_have_seen_so_many_adhd_planners_that_just_dont/","adhdwomen","r/adhdwomen","I have seen so many “ADHD planners” that just DON’T HELP. What are some things/features YOU would love to see incorporated that would actually benefit you?","So tired of seeing these products that claim to be sooo helpful with managing ADHD specific issues that just… aren’t. Have any of you found any that DO? Which aspect(s) of them make the biggest improvement in your life and how?","Cleaning, Organizing, Decluttering","1705893416.0","2024-01-22T03:16:56+00:00","108","108","0.95","153","9dc178c3d77e3d62","","reddit-adhdwomen-i_have_seen_so_many_adhd_planners_that_just_dont(1):comment:kj3c43y","comment","kj3c43y","t1_kj3c43y","https://www.reddit.com/r/adhdwomen/comments/19cluwh/i_have_seen_so_many_adhd_planners_that_just_dont/kj3c43y/","/r/adhdwomen/comments/19cluwh/i_have_seen_so_many_adhd_planners_that_just_dont/kj3c43y/","t3_19cluwh","post","","kj3c43y","0","true","kj3c43y","fcf2d468b83439a3","","","false","false","","1","1","0","0","0","1705955331.0","2024-01-22T20:28:51+00:00","false","False","","false","false","true","false","I don't know about a planner, but I have a whiteboard with some long-term projects and a grocery list (empty, bc I keep the list in my phone) and a big blank space I can write things on. I also have 2 empty tear-away notebooks on which I will write anything, tearing away what's already finished. I also use workflow/roadmap templates for long-term projects to visualise my agenda for 1/2-1 year","I don't know about a planner, but I have a whiteboard with some long-term projects and a grocery list (empty, bc I keep the list in my phone) and a big blank space I can write things on. I also have 2 empty tear-away notebooks on which I will write anything, tearing away what's…","395","71","","","","false","false","planner | plan | agenda | template | templates","","visual","mentions_feature_or_solution | mentions_planner_or_system | printable_modular_system_signal","40","[THREAD_TITLE]
I have seen so many “ADHD planners” that just DON’T HELP. What are some things/features YOU would love to see incorporated that would actually benefit you?

[THREAD_BODY]
So tired of seeing these products that claim to be sooo helpful with managing ADHD specific issues that just… aren’t. Have any of you found any that DO? Which aspect(s) of them make the biggest improvement in your life and how?

[CURRENT_RECORD]
I don't know about a planner, but I have a whiteboard with some long-term projects and a grocery list (empty, bc I keep the list in my phone) and a big blank space I can write things on. I also have 2 empty tear-away notebooks on which I will write anything, tearing away what's already finished. I also use workflow/roadmap templates for long-term projects to visualise my agenda for 1/2-1 year"
"/mnt/data/reddit_input_test/reddit-adhdwomen-i_have_seen_so_many_adhd_planners_that_just_dont(1).json","reddit-adhdwomen-i_have_seen_so_many_adhd_planners_that_just_dont(1)","19cluwh","t3_19cluwh","https://www.reddit.com/r/adhdwomen/comments/19cluwh/i_have_seen_so_many_adhd_planners_that_just_dont/","adhdwomen","r/adhdwomen","I have seen so many “ADHD planners” that just DON’T HELP. What are some things/features YOU would love to see incorporated that would actually benefit you?","So tired of seeing these products that claim to be sooo helpful with managing ADHD specific issues that just… aren’t. Have any of you found any that DO? Which aspect(s) of them make the biggest improvement in your life and how?","Cleaning, Organizing, Decluttering","1705893416.0","2024-01-22T03:16:56+00:00","108","108","0.95","153","9dc178c3d77e3d62","","reddit-adhdwomen-i_have_seen_so_many_adhd_planners_that_just_dont(1):comment:kj3n4q0","comment","kj3n4q0","t1_kj3n4q0","https://www.reddit.com/r/adhdwomen/comments/19cluwh/i_have_seen_so_many_adhd_planners_that_just_dont/kj3n4q0/","/r/adhdwomen/comments/19cluwh/i_have_seen_so_many_adhd_planners_that_just_dont/kj3n4q0/","t3_19cluwh","post","","kj3n4q0","0","true","kj3n4q0","7113db6dbaa9771c","","","false","false","","1","1","0","0","0","1705958967.0","2024-01-22T21:29:27+00:00","false","False","","false","false","true","false","Anything I have to physically write in has never and will never work for me. For a couple of months, the notion app was pretty great but then I didn't keep up with it. Other than that, Google calendar for all appointments, the minute I schedule something it goes there. Or if I get an email reminder, then it's even easier to add. I also set up a 1 day earlier reminder, a 4 hour reminder, and them 1 hour again, sometimes half an hour still. For my work (I'm a freelancer), I use Trello.","Anything I have to physically write in has never and will never work for me. For a couple of months, the notion app was pretty great but then I didn't keep up with it. Other than that, Google calendar for all appointments, the minute I schedule something it goes there. Or if I g…","488","95","","","","false","true","calendar | notion | app | schedule","time","reminder | appointments","mentions_feature_or_solution | mentions_pain_or_friction | mentions_planner_or_system | mentions_working_solution_or_recommendation","57","[THREAD_TITLE]
I have seen so many “ADHD planners” that just DON’T HELP. What are some things/features YOU would love to see incorporated that would actually benefit you?

[THREAD_BODY]
So tired of seeing these products that claim to be sooo helpful with managing ADHD specific issues that just… aren’t. Have any of you found any that DO? Which aspect(s) of them make the biggest improvement in your life and how?

[CURRENT_RECORD]
Anything I have to physically write in has never and will never work for me. For a couple of months, the notion app was pretty great but then I didn't keep up with it. Other than that, Google calendar for all appointments, the minute I schedule something it goes there. Or if I get an email reminder, then it's even easier to add. I also set up a 1 day earlier reminder, a 4 hour reminder, and them 1 hour again, sometimes half an hour still. For my work (I'm a freelancer), I use Trello."
"/mnt/data/reddit_input_test/reddit-adhdwomen-i_have_seen_so_many_adhd_planners_that_just_dont(1).json","reddit-adhdwomen-i_have_seen_so_many_adhd_planners_that_just_dont(1)","19cluwh","t3_19cluwh","https://www.reddit.com/r/adhdwomen/comments/19cluwh/i_have_seen_so_many_adhd_planners_that_just_dont/","adhdwomen","r/adhdwomen","I have seen so many “ADHD planners” that just DON’T HELP. What are some things/features YOU would love to see incorporated that would actually benefit you?","So tired of seeing these products that claim to be sooo helpful with managing ADHD specific issues that just… aren’t. Have any of you found any that DO? Which aspect(s) of them make the biggest improvement in your life and how?","Cleaning, Organizing, Decluttering","1705893416.0","2024-01-22T03:16:56+00:00","108","108","0.95","153","9dc178c3d77e3d62","","reddit-adhdwomen-i_have_seen_so_many_adhd_planners_that_just_dont(1):comment:kj3qbgo","comment","kj3qbgo","t1_kj3qbgo","https://www.reddit.com/r/adhdwomen/comments/19cluwh/i_have_seen_so_many_adhd_planners_that_just_dont/kj3qbgo/","/r/adhdwomen/comments/19cluwh/i_have_seen_so_many_adhd_planners_that_just_dont/kj3qbgo/","t3_19cluwh","post","","kj3qbgo","0","true","kj3qbgo","fec68190a0bd718d","","","false","false","","1","1","0","0","0","1705960027.0","2024-01-22T21:47:07+00:00","false","False","","false","false","true","false","Has to be sticky notes I can put in my immediate field of vision that will haunt me until I finally put the appointment or task in outlook (work) or Google calendar (personal)","Has to be sticky notes I can put in my immediate field of vision that will haunt me until I finally put the appointment or task in outlook (work) or Google calendar (personal)","175","33","","","","false","false","calendar | app","","notes","mentions_feature_or_solution | mentions_planner_or_system","22","[THREAD_TITLE]
I have seen so many “ADHD planners” that just DON’T HELP. What are some things/features YOU would love to see incorporated that would actually benefit you?

[THREAD_BODY]
So tired of seeing these products that claim to be sooo helpful with managing ADHD specific issues that just… aren’t. Have any of you found any that DO? Which aspect(s) of them make the biggest improvement in your life and how?

[CURRENT_RECORD]
Has to be sticky notes I can put in my immediate field of vision that will haunt me until I finally put the appointment or task in outlook (work) or Google calendar (personal)"
"/mnt/data/reddit_input_test/reddit-adhdwomen-i_have_seen_so_many_adhd_planners_that_just_dont(1).json","reddit-adhdwomen-i_have_seen_so_many_adhd_planners_that_just_dont(1)","19cluwh","t3_19cluwh","https://www.reddit.com/r/adhdwomen/comments/19cluwh/i_have_seen_so_many_adhd_planners_that_just_dont/","adhdwomen","r/adhdwomen","I have seen so many “ADHD planners” that just DON’T HELP. What are some things/features YOU would love to see incorporated that would actually benefit you?","So tired of seeing these products that claim to be sooo helpful with managing ADHD specific issues that just… aren’t. Have any of you found any that DO? Which aspect(s) of them make the biggest improvement in your life and how?","Cleaning, Organizing, Decluttering","1705893416.0","2024-01-22T03:16:56+00:00","108","108","0.95","153","9dc178c3d77e3d62","","reddit-adhdwomen-i_have_seen_so_many_adhd_planners_that_just_dont(1):comment:kj3tey0","comment","kj3tey0","t1_kj3tey0","https://www.reddit.com/r/adhdwomen/comments/19cluwh/i_have_seen_so_many_adhd_planners_that_just_dont/kj3tey0/","/r/adhdwomen/comments/19cluwh/i_have_seen_so_many_adhd_planners_that_just_dont/kj3tey0/","t3_19cluwh","post","","kj3tey0","0","true","kj3tey0","","","","false","false","","1","1","0","0","1","1705961053.0","2024-01-22T22:04:13+00:00","false","False","","false","false","true","false","[excluído]","[excluído]","10","1","","","","false","false","","","","","3","[THREAD_TITLE]
I have seen so many “ADHD planners” that just DON’T HELP. What are some things/features YOU would love to see incorporated that would actually benefit you?

[THREAD_BODY]
So tired of seeing these products that claim to be sooo helpful with managing ADHD specific issues that just… aren’t. Have any of you found any that DO? Which aspect(s) of them make the biggest improvement in your life and how?

[CURRENT_RECORD]
[excluído]"
"/mnt/data/reddit_input_test/reddit-adhdwomen-i_have_seen_so_many_adhd_planners_that_just_dont(1).json","reddit-adhdwomen-i_have_seen_so_many_adhd_planners_that_just_dont(1)","19cluwh","t3_19cluwh","https://www.reddit.com/r/adhdwomen/comments/19cluwh/i_have_seen_so_many_adhd_planners_that_just_dont/","adhdwomen","r/adhdwomen","I have seen so many “ADHD planners” that just DON’T HELP. What are some things/features YOU would love to see incorporated that would actually benefit you?","So tired of seeing these products that claim to be sooo helpful with managing ADHD specific issues that just… aren’t. Have any of you found any that DO? Which aspect(s) of them make the biggest improvement in your life and how?","Cleaning, Organizing, Decluttering","1705893416.0","2024-01-22T03:16:56+00:00","108","108","0.95","153","9dc178c3d77e3d62","","reddit-adhdwomen-i_have_seen_so_many_adhd_planners_that_just_dont(1):comment:kjaupju","comment","kjaupju","t1_kjaupju","https://www.reddit.com/r/adhdwomen/comments/19cluwh/i_have_seen_so_many_adhd_planners_that_just_dont/kjaupju/","/r/adhdwomen/comments/19cluwh/i_have_seen_so_many_adhd_planners_that_just_dont/kjaupju/","t1_kj3tey0","comment","kj3tey0","kj3tey0","1","false","kj3tey0 > kjaupju","9dc178c3d77e3d62","","","true","false","","1","1","0","0","0","1706067711.0","2024-01-24T03:41:51+00:00","false","False","","false","false","true","false","I just started digging into Notion! Since I’m still novice at best, I still have a ton of moments where my head feels like it’s going to explode though 🥴","I just started digging into Notion! Since I’m still novice at best, I still have a ton of moments where my head feels like it’s going to explode though 🥴","153","30","[excluído]","[excluído]","","false","false","notion","","","mentions_planner_or_system","14","[THREAD_TITLE]
I have seen so many “ADHD planners” that just DON’T HELP. What are some things/features YOU would love to see incorporated that would actually benefit you?

[THREAD_BODY]
So tired of seeing these products that claim to be sooo helpful with managing ADHD specific issues that just… aren’t. Have any of you found any that DO? Which aspect(s) of them make the biggest improvement in your life and how?

[PARENT_COMMENT_CONTEXT]
[excluído]

[CURRENT_RECORD]
I just started digging into Notion! Since I’m still novice at best, I still have a ton of moments where my head feels like it’s going to explode though 🥴"
"/mnt/data/reddit_input_test/reddit-adhdwomen-i_have_seen_so_many_adhd_planners_that_just_dont(1).json","reddit-adhdwomen-i_have_seen_so_many_adhd_planners_that_just_dont(1)","19cluwh","t3_19cluwh","https://www.reddit.com/r/adhdwomen/comments/19cluwh/i_have_seen_so_many_adhd_planners_that_just_dont/","adhdwomen","r/adhdwomen","I have seen so many “ADHD planners” that just DON’T HELP. What are some things/features YOU would love to see incorporated that would actually benefit you?","So tired of seeing these products that claim to be sooo helpful with managing ADHD specific issues that just… aren’t. Have any of you found any that DO? Which aspect(s) of them make the biggest improvement in your life and how?","Cleaning, Organizing, Decluttering","1705893416.0","2024-01-22T03:16:56+00:00","108","108","0.95","153","9dc178c3d77e3d62","","reddit-adhdwomen-i_have_seen_so_many_adhd_planners_that_just_dont(1):comment:kj3xfqo","comment","kj3xfqo","t1_kj3xfqo","https://www.reddit.com/r/adhdwomen/comments/19cluwh/i_have_seen_so_many_adhd_planners_that_just_dont/kj3xfqo/","/r/adhdwomen/comments/19cluwh/i_have_seen_so_many_adhd_planners_that_just_dont/kj3xfqo/","t3_19cluwh","post","","kj3xfqo","0","true","kj3xfqo","8c75c1530bdd3f51","","","false","false","","1","1","0","0","1","1705962432.0","2024-01-22T22:27:12+00:00","false","False","","false","false","true","false","I started making my own digital planner for GoodNotes - the things I was moving to a new page every day I have put in the template. It was a hyperfixation for months, but it's worked for me for the last year. I made some changes to 2024 but it's largely the same things. I have to-do lists for daily maintenance (feed cats breakfast, feed cats dinner, brush teeth AM, brush teeth PM, etc. I’m a designer so I’m able to change everything when I feel like it, and I can add new things whenever I want. It's a luxury but it's been very beneficial. I imagine you could do the same kind of thing in Canva if you wanted.","I started making my own digital planner for GoodNotes - the things I was moving to a new page every day I have put in the template. It was a hyperfixation for months, but it's worked for me for the last year. I made some changes to 2024 but it's largely the same things. I have t…","614","120","","","","false","true","planner | plan | template | to-do | daily","","notes | daily | change","long_form_comment | mentions_feature_or_solution | mentions_planner_or_system | mentions_working_solution_or_recommendation | novelty_or_format_change_signal | printable_modular_system_signal","69","[THREAD_TITLE]
I have seen so many “ADHD planners” that just DON’T HELP. What are some things/features YOU would love to see incorporated that would actually benefit you?

[THREAD_BODY]
So tired of seeing these products that claim to be sooo helpful with managing ADHD specific issues that just… aren’t. Have any of you found any that DO? Which aspect(s) of them make the biggest improvement in your life and how?

[CURRENT_RECORD]
I started making my own digital planner for GoodNotes - the things I was moving to a new page every day I have put in the template. It was a hyperfixation for months, but it's worked for me for the last year. I made some changes to 2024 but it's largely the same things. I have to-do lists for daily maintenance (feed cats breakfast, feed cats dinner, brush teeth AM, brush teeth PM, etc. I’m a designer so I’m able to change everything when I feel like it, and I can add new things whenever I want. It's a luxury but it's been very beneficial. I imagine you could do the same kind of thing in Canva if you wanted."
"/mnt/data/reddit_input_test/reddit-adhdwomen-i_have_seen_so_many_adhd_planners_that_just_dont(1).json","reddit-adhdwomen-i_have_seen_so_many_adhd_planners_that_just_dont(1)","19cluwh","t3_19cluwh","https://www.reddit.com/r/adhdwomen/comments/19cluwh/i_have_seen_so_many_adhd_planners_that_just_dont/","adhdwomen","r/adhdwomen","I have seen so many “ADHD planners” that just DON’T HELP. What are some things/features YOU would love to see incorporated that would actually benefit you?","So tired of seeing these products that claim to be sooo helpful with managing ADHD specific issues that just… aren’t. Have any of you found any that DO? Which aspect(s) of them make the biggest improvement in your life and how?","Cleaning, Organizing, Decluttering","1705893416.0","2024-01-22T03:16:56+00:00","108","108","0.95","153","9dc178c3d77e3d62","","reddit-adhdwomen-i_have_seen_so_many_adhd_planners_that_just_dont(1):comment:lrwb2ft","comment","lrwb2ft","t1_lrwb2ft","https://www.reddit.com/r/adhdwomen/comments/19cluwh/i_have_seen_so_many_adhd_planners_that_just_dont/lrwb2ft/","/r/adhdwomen/comments/19cluwh/i_have_seen_so_many_adhd_planners_that_just_dont/lrwb2ft/","t1_kj3xfqo","comment","kj3xfqo","kj3xfqo","1","false","kj3xfqo > lrwb2ft","b5ddf093d24858a5","","","false","false","","1","1","0","0","1","1728923210.0","2024-10-14T16:26:50+00:00","false","False","","false","false","true","false","did you use someone else's template? I tried this but had a hard time","did you use someone else's template? I tried this but had a hard time","69","14","I started making my own digital planner for GoodNotes - the things I was moving to a new page every day I have put in the template. It was a hyperfixation for months, but it's worked for me for the last year. I made some changes to 2024 but it's largely the same things. I have to-do lists for daily maintenance (feed cats breakfast, feed cats dinner, brush teeth AM, brush teeth PM, etc. I’m a designer so I’m able to change everything when I feel like it, and I can add new things whenever I want. It's a luxury but it's been very beneficial. I imagine you could do the same kind of thing in Canva if you wanted.","I started making my own digital planner for GoodNotes - the things I was moving to a new page every day I have put in the template. It was a hyperfixation for months, but it's worked for me for the last year. I made some changes to 2024 but it's largely the same things. I have to-do lists for daily maintenance (feed cats breakfast, feed cats dinner, brush teeth AM, brush teeth PM, etc. I’m a designer so I’m able to change everything when I feel like it, and I can add new things whenever I want. It's a luxury but it's been very beneficial. I imagine you could do the same kind of thing in Canva if you wanted.","","true","false","template","time","","contains_question | forgetfulness_or_time_signal | mentions_pain_or_friction | mentions_planner_or_system | printable_modular_system_signal","26","[THREAD_TITLE]
I have seen so many “ADHD planners” that just DON’T HELP. What are some things/features YOU would love to see incorporated that would actually benefit you?

[THREAD_BODY]
So tired of seeing these products that claim to be sooo helpful with managing ADHD specific issues that just… aren’t. Have any of you found any that DO? Which aspect(s) of them make the biggest improvement in your life and how?

[PARENT_COMMENT_CONTEXT]
I started making my own digital planner for GoodNotes - the things I was moving to a new page every day I have put in the template. It was a hyperfixation for months, but it's worked for me for the last year. I made some changes to 2024 but it's largely the same things. I have to-do lists for daily maintenance (feed cats breakfast, feed cats dinner, brush teeth AM, brush teeth PM, etc. I’m a designer so I’m able to change everything when I feel like it, and I can add new things whenever I want. It's a luxury but it's been very beneficial. I imagine you could do the same kind of thing in Canva if you wanted.

[CURRENT_RECORD]
did you use someone else's template? I tried this but had a hard time"
"/mnt/data/reddit_input_test/reddit-adhdwomen-i_have_seen_so_many_adhd_planners_that_just_dont(1).json","reddit-adhdwomen-i_have_seen_so_many_adhd_planners_that_just_dont(1)","19cluwh","t3_19cluwh","https://www.reddit.com/r/adhdwomen/comments/19cluwh/i_have_seen_so_many_adhd_planners_that_just_dont/","adhdwomen","r/adhdwomen","I have seen so many “ADHD planners” that just DON’T HELP. What are some things/features YOU would love to see incorporated that would actually benefit you?","So tired of seeing these products that claim to be sooo helpful with managing ADHD specific issues that just… aren’t. Have any of you found any that DO? Which aspect(s) of them make the biggest improvement in your life and how?","Cleaning, Organizing, Decluttering","1705893416.0","2024-01-22T03:16:56+00:00","108","108","0.95","153","9dc178c3d77e3d62","","reddit-adhdwomen-i_have_seen_so_many_adhd_planners_that_just_dont(1):comment:lrwf1up","comment","lrwf1up","t1_lrwf1up","https://www.reddit.com/r/adhdwomen/comments/19cluwh/i_have_seen_so_many_adhd_planners_that_just_dont/lrwf1up/","/r/adhdwomen/comments/19cluwh/i_have_seen_so_many_adhd_planners_that_just_dont/lrwf1up/","t1_lrwb2ft","comment","lrwb2ft","kj3xfqo","2","false","kj3xfqo > lrwb2ft > lrwf1up","8c75c1530bdd3f51","","","false","false","","2","2","0","0","0","1728924470.0","2024-10-14T16:47:50+00:00","false","False","","false","false","true","false","I'm a graphic designer, so making the individual templates for me was super easy. I've been able to open someone else's downloaded templates in Illustrator but it's always a hella messy file, not really meant for that. If you're not good at Illustrator or other vector programs, you can create graphics directly in Keynote (or PPT), or Canva, or any other program. You do have to finish the PDFs in one of these programs to have hyperlinks between pages. In fact a lot of things I’m making now start directly in KeyNote. You could also take screenshots of pages and ""trace"" them in Keynote. The critical missing piece is that you have to create the final version in Keynote or PPT now, this video helped me a great deal to understand how the PDF for GoodNotes works - the PDF is essentially a mini website ""hosted"" in a PDF. https://youtu.be/Cr-86BmQg7Q?si=XEeTD8G9I-ngy1Hz","I'm a graphic designer, so making the individual templates for me was super easy. I've been able to open someone else's downloaded templates in Illustrator but it's always a hella messy file, not really meant for that. If you're not good at Illustrator or other vector programs,…","873","150","did you use someone else's template? I tried this but had a hard time","I started making my own digital planner for GoodNotes - the things I was moving to a new page every day I have put in the template. It was a hyperfixation for months, but it's worked for me for the last year. I made some changes to 2024 but it's largely the same things. I have to-do lists for daily maintenance (feed cats breakfast, feed cats dinner, brush teeth AM, brush teeth PM, etc. I’m a designer so I’m able to change everything when I feel like it, and I can add new things whenever I want. It's a luxury but it's been very beneficial. I imagine you could do the same kind of thing in Canva if you wanted.","https://youtu.be/Cr-86BmQg7Q?si=XEeTD8G9I-ngy1Hz","true","true","template | templates","","notes","contains_question | long_form_comment | mentions_feature_or_solution | mentions_planner_or_system | mentions_working_solution_or_recommendation | printable_modular_system_signal","46","[THREAD_TITLE]
I have seen so many “ADHD planners” that just DON’T HELP. What are some things/features YOU would love to see incorporated that would actually benefit you?

[THREAD_BODY]
So tired of seeing these products that claim to be sooo helpful with managing ADHD specific issues that just… aren’t. Have any of you found any that DO? Which aspect(s) of them make the biggest improvement in your life and how?

[ROOT_COMMENT_CONTEXT]
I started making my own digital planner for GoodNotes - the things I was moving to a new page every day I have put in the template. It was a hyperfixation for months, but it's worked for me for the last year. I made some changes to 2024 but it's largely the same things. I have to-do lists for daily maintenance (feed cats breakfast, feed cats dinner, brush teeth AM, brush teeth PM, etc. I’m a designer so I’m able to change everything when I feel like it, and I can add new things whenever I want. It's a luxury but it's been very beneficial. I imagine you could do the same kind of thing in Canva if you wanted.

[PARENT_COMMENT_CONTEXT]
did you use someone else's template? I tried this but had a hard time

[CURRENT_RECORD]
I'm a graphic designer, so making the individual templates for me was super easy. I've been able to open someone else's downloaded templates in Illustrator but it's always a hella messy file, not really meant for that. If you're not good at Illustrator or other vector programs, you can create graphics directly in Keynote (or PPT), or Canva, or any other program. You do have to finish the PDFs in one of these programs to have hyperlinks between pages. In fact a lot of things I’m making now start directly in KeyNote. You could also take screenshots of pages and ""trace"" them in Keynote. The critical missing piece is that you have to create the final version in Keynote or PPT now, this video helped me a great deal to understand how the PDF for GoodNotes works - the PDF is essentially a mini website ""hosted"" in a PDF. https://youtu.be/Cr-86BmQg7Q?si=XEeTD8G9I-ngy1Hz"
"/mnt/data/reddit_input_test/reddit-adhdwomen-i_have_seen_so_many_adhd_planners_that_just_dont(1).json","reddit-adhdwomen-i_have_seen_so_many_adhd_planners_that_just_dont(1)","19cluwh","t3_19cluwh","https://www.reddit.com/r/adhdwomen/comments/19cluwh/i_have_seen_so_many_adhd_planners_that_just_dont/","adhdwomen","r/adhdwomen","I have seen so many “ADHD planners” that just DON’T HELP. What are some things/features YOU would love to see incorporated that would actually benefit you?","So tired of seeing these products that claim to be sooo helpful with managing ADHD specific issues that just… aren’t. Have any of you found any that DO? Which aspect(s) of them make the biggest improvement in your life and how?","Cleaning, Organizing, Decluttering","1705893416.0","2024-01-22T03:16:56+00:00","108","108","0.95","153","9dc178c3d77e3d62","","reddit-adhdwomen-i_have_seen_so_many_adhd_planners_that_just_dont(1):comment:kj40xwz","comment","kj40xwz","t1_kj40xwz","https://www.reddit.com/r/adhdwomen/comments/19cluwh/i_have_seen_so_many_adhd_planners_that_just_dont/kj40xwz/","/r/adhdwomen/comments/19cluwh/i_have_seen_so_many_adhd_planners_that_just_dont/kj40xwz/","t3_19cluwh","post","","kj40xwz","0","true","kj40xwz","c9a6f0279959f11e","","","false","false","","1","1","0","0","0","1705963668.0","2024-01-22T22:47:48+00:00","false","False","","false","false","true","false","I like stickers and gratitude prompts. But srsly, the planner never does the work for me, so the best I hope for is appropriate size and space to write the things I need to write in it and an eye catching color so it won't get lost.","I like stickers and gratitude prompts. But srsly, the planner never does the work for me, so the best I hope for is appropriate size and space to write the things I need to write in it and an eye catching color so it won't get lost.","232","47","","","","false","false","planner | plan | app","lost","color","forgetfulness_or_time_signal | mentions_feature_or_solution | mentions_pain_or_friction | mentions_planner_or_system","39","[THREAD_TITLE]
I have seen so many “ADHD planners” that just DON’T HELP. What are some things/features YOU would love to see incorporated that would actually benefit you?

[THREAD_BODY]
So tired of seeing these products that claim to be sooo helpful with managing ADHD specific issues that just… aren’t. Have any of you found any that DO? Which aspect(s) of them make the biggest improvement in your life and how?

[CURRENT_RECORD]
I like stickers and gratitude prompts. But srsly, the planner never does the work for me, so the best I hope for is appropriate size and space to write the things I need to write in it and an eye catching color so it won't get lost."
"/mnt/data/reddit_input_test/reddit-adhdwomen-i_have_seen_so_many_adhd_planners_that_just_dont(1).json","reddit-adhdwomen-i_have_seen_so_many_adhd_planners_that_just_dont(1)","19cluwh","t3_19cluwh","https://www.reddit.com/r/adhdwomen/comments/19cluwh/i_have_seen_so_many_adhd_planners_that_just_dont/","adhdwomen","r/adhdwomen","I have seen so many “ADHD planners” that just DON’T HELP. What are some things/features YOU would love to see incorporated that would actually benefit you?","So tired of seeing these products that claim to be sooo helpful with managing ADHD specific issues that just… aren’t. Have any of you found any that DO? Which aspect(s) of them make the biggest improvement in your life and how?","Cleaning, Organizing, Decluttering","1705893416.0","2024-01-22T03:16:56+00:00","108","108","0.95","153","9dc178c3d77e3d62","","reddit-adhdwomen-i_have_seen_so_many_adhd_planners_that_just_dont(1):comment:kj4asq4","comment","kj4asq4","t1_kj4asq4","https://www.reddit.com/r/adhdwomen/comments/19cluwh/i_have_seen_so_many_adhd_planners_that_just_dont/kj4asq4/","/r/adhdwomen/comments/19cluwh/i_have_seen_so_many_adhd_planners_that_just_dont/kj4asq4/","t3_19cluwh","post","","kj4asq4","0","true","kj4asq4","d3487e2441f7eb1a","","","false","false","","1","1","0","0","0","1705967343.0","2024-01-22T23:49:03+00:00","false","False","","false","false","true","false","Lol..so I carry a weekly planner. Currently have a passion planner. And I use post its. Seriously. I tend to use post it's instead of writing things in the planner. I do like to put in events and fill out the monthly calendar. I also like the monthly reviews. But that's really where I stop.usinf the planner traditionally.. Post it's work. I like them. I can move them around. I can rewrite them.. so I've just accepted that's how I use it","Lol..so I carry a weekly planner. Currently have a passion planner. And I use post its. Seriously. I tend to use post it's instead of writing things in the planner. I do like to put in events and fill out the monthly calendar. I also like the monthly reviews. But that's really w…","440","82","","","","false","false","planner | plan | calendar | weekly | monthly","","weekly | monthly | review","mentions_feature_or_solution | mentions_planner_or_system","52","[THREAD_TITLE]
I have seen so many “ADHD planners” that just DON’T HELP. What are some things/features YOU would love to see incorporated that would actually benefit you?

[THREAD_BODY]
So tired of seeing these products that claim to be sooo helpful with managing ADHD specific issues that just… aren’t. Have any of you found any that DO? Which aspect(s) of them make the biggest improvement in your life and how?

[CURRENT_RECORD]
Lol..so I carry a weekly planner. Currently have a passion planner. And I use post its. Seriously. I tend to use post it's instead of writing things in the planner. I do like to put in events and fill out the monthly calendar. I also like the monthly reviews. But that's really where I stop.usinf the planner traditionally.. Post it's work. I like them. I can move them around. I can rewrite them.. so I've just accepted that's how I use it"
"/mnt/data/reddit_input_test/reddit-adhdwomen-i_have_seen_so_many_adhd_planners_that_just_dont(1).json","reddit-adhdwomen-i_have_seen_so_many_adhd_planners_that_just_dont(1)","19cluwh","t3_19cluwh","https://www.reddit.com/r/adhdwomen/comments/19cluwh/i_have_seen_so_many_adhd_planners_that_just_dont/","adhdwomen","r/adhdwomen","I have seen so many “ADHD planners” that just DON’T HELP. What are some things/features YOU would love to see incorporated that would actually benefit you?","So tired of seeing these products that claim to be sooo helpful with managing ADHD specific issues that just… aren’t. Have any of you found any that DO? Which aspect(s) of them make the biggest improvement in your life and how?","Cleaning, Organizing, Decluttering","1705893416.0","2024-01-22T03:16:56+00:00","108","108","0.95","153","9dc178c3d77e3d62","","reddit-adhdwomen-i_have_seen_so_many_adhd_planners_that_just_dont(1):comment:kj4btv0","comment","kj4btv0","t1_kj4btv0","https://www.reddit.com/r/adhdwomen/comments/19cluwh/i_have_seen_so_many_adhd_planners_that_just_dont/kj4btv0/","/r/adhdwomen/comments/19cluwh/i_have_seen_so_many_adhd_planners_that_just_dont/kj4btv0/","t3_19cluwh","post","","kj4btv0","0","true","kj4btv0","55b703654f1534bc","","","false","false","","1","1","0","0","0","1705967733.0","2024-01-22T23:55:33+00:00","false","False","","false","false","true","false","Alarms. I have so many alarms on my phone. They're all on silent/vibrate, but a reminder that interrupts everything else I'm doing is necessary for me.","Alarms. I have so many alarms on my phone. They're all on silent/vibrate, but a reminder that interrupts everything else I'm doing is necessary for me.","151","26","","","","false","false","","","reminder","mentions_feature_or_solution","14","[THREAD_TITLE]
I have seen so many “ADHD planners” that just DON’T HELP. What are some things/features YOU would love to see incorporated that would actually benefit you?

[THREAD_BODY]
So tired of seeing these products that claim to be sooo helpful with managing ADHD specific issues that just… aren’t. Have any of you found any that DO? Which aspect(s) of them make the biggest improvement in your life and how?

[CURRENT_RECORD]
Alarms. I have so many alarms on my phone. They're all on silent/vibrate, but a reminder that interrupts everything else I'm doing is necessary for me."
"/mnt/data/reddit_input_test/reddit-adhdwomen-i_have_seen_so_many_adhd_planners_that_just_dont(1).json","reddit-adhdwomen-i_have_seen_so_many_adhd_planners_that_just_dont(1)","19cluwh","t3_19cluwh","https://www.reddit.com/r/adhdwomen/comments/19cluwh/i_have_seen_so_many_adhd_planners_that_just_dont/","adhdwomen","r/adhdwomen","I have seen so many “ADHD planners” that just DON’T HELP. What are some things/features YOU would love to see incorporated that would actually benefit you?","So tired of seeing these products that claim to be sooo helpful with managing ADHD specific issues that just… aren’t. Have any of you found any that DO? Which aspect(s) of them make the biggest improvement in your life and how?","Cleaning, Organizing, Decluttering","1705893416.0","2024-01-22T03:16:56+00:00","108","108","0.95","153","9dc178c3d77e3d62","","reddit-adhdwomen-i_have_seen_so_many_adhd_planners_that_just_dont(1):comment:kj4meg7","comment","kj4meg7","t1_kj4meg7","https://www.reddit.com/r/adhdwomen/comments/19cluwh/i_have_seen_so_many_adhd_planners_that_just_dont/kj4meg7/","/r/adhdwomen/comments/19cluwh/i_have_seen_so_many_adhd_planners_that_just_dont/kj4meg7/","t3_19cluwh","post","","kj4meg7","0","true","kj4meg7","6d739a380bab51b8","","","false","false","","1","1","0","0","0","1705971773.0","2024-01-23T01:02:53+00:00","false","False","","false","false","true","false","I have so many planners that I forget to plan in after a few days.. none of that ish works for me.","I have so many planners that I forget to plan in after a few days.. none of that ish works for me.","98","22","","","","false","true","planner | planners | plan","forget","","forgetfulness_or_time_signal | mentions_pain_or_friction | mentions_planner_or_system | mentions_working_solution_or_recommendation","43","[THREAD_TITLE]
I have seen so many “ADHD planners” that just DON’T HELP. What are some things/features YOU would love to see incorporated that would actually benefit you?

[THREAD_BODY]
So tired of seeing these products that claim to be sooo helpful with managing ADHD specific issues that just… aren’t. Have any of you found any that DO? Which aspect(s) of them make the biggest improvement in your life and how?

[CURRENT_RECORD]
I have so many planners that I forget to plan in after a few days.. none of that ish works for me."
