"source_file","source_file_stem","thread_id","thread_fullname","thread_url","subreddit","subreddit_prefixed","thread_title","thread_selftext_clean","thread_flair","thread_created_utc","thread_created_iso","thread_score","thread_ups","thread_upvote_ratio","thread_num_comments","thread_author_hash","thread_author_public","record_id","record_type","comment_id","comment_fullname","comment_url","comment_permalink","parent_id_raw","parent_type","parent_comment_id","root_comment_id","depth","is_top_level","path_ids","author_hash","author_public","author_flair_text","is_submitter","stickied","distinguished","score","ups","downs","controversiality","reply_count_direct","created_utc","created_iso","edited","edited_utc","edited_iso","collapsed","locked","archived","score_hidden","body_clean","body_excerpt_280","body_length_chars","body_word_count","parent_body_excerpt","root_body_excerpt","text_urls","contains_question","contains_recommendation_language","planner_terms_found","pain_terms_found","feature_terms_found","signal_tags","relevance_score_0_100","text_for_ai"
"C:\Projects\Web\planner-tdah\research\reddit_data\reddit-adhdwomen-does_anyone_here_successfully_use.json","reddit-adhdwomen-does_anyone_here_successfully_use","1q1fj20","t3_1q1fj20","https://www.reddit.com/r/adhdwomen/comments/1q1fj20/does_anyone_here_successfully_use/","adhdwomen","r/adhdwomen","Does anyone here successfully use Planners/Calendars? If so, what are your recommendations?","Any advice on how to use them continuously is also very appreciated. Thank you sm!","General Question/Discussion","1767302620","2026-01-01T21:23:40+00:00","12","12","1","62","0f8a981e206d60fd","","reddit-adhdwomen-does_anyone_here_successfully_use:post:1q1fj20","thread_post","","","https://www.reddit.com/r/adhdwomen/comments/1q1fj20/does_anyone_here_successfully_use/","/r/adhdwomen/comments/1q1fj20/does_anyone_here_successfully_use/","","","","","","","","0f8a981e206d60fd","","","true","false","","12","12","0","","","1767302620","2026-01-01T21:23:40+00:00","false","False","","","true","false","false","Does anyone here successfully use Planners/Calendars? If so, what are your recommendations? Any advice on how to use them continuously is also very appreciated. Thank you sm!","Does anyone here successfully use Planners/Calendars? If so, what are your recommendations? Any advice on how to use them continuously is also very appreciated. Thank you sm!","174","27","","","","true","true","planner | planners | plan | calendar | calendars | app","","","contains_question | mentions_planner_or_system | mentions_working_solution_or_recommendation","43","[THREAD_TITLE]
Does anyone here successfully use Planners/Calendars? If so, what are your recommendations?

[THREAD_BODY]
Any advice on how to use them continuously is also very appreciated. Thank you sm!"
"C:\Projects\Web\planner-tdah\research\reddit_data\reddit-adhdwomen-does_anyone_here_successfully_use.json","reddit-adhdwomen-does_anyone_here_successfully_use","1q1fj20","t3_1q1fj20","https://www.reddit.com/r/adhdwomen/comments/1q1fj20/does_anyone_here_successfully_use/","adhdwomen","r/adhdwomen","Does anyone here successfully use Planners/Calendars? If so, what are your recommendations?","Any advice on how to use them continuously is also very appreciated. Thank you sm!","General Question/Discussion","1767302620","2026-01-01T21:23:40+00:00","12","12","1","62","0f8a981e206d60fd","","reddit-adhdwomen-does_anyone_here_successfully_use:comment:nx5ibra","comment","nx5ibra","t1_nx5ibra","https://www.reddit.com/r/adhdwomen/comments/1q1fj20/does_anyone_here_successfully_use/nx5ibra/","/r/adhdwomen/comments/1q1fj20/does_anyone_here_successfully_use/nx5ibra/","t3_1q1fj20","post","","nx5ibra","0","true","nx5ibra","53c71688e9cb55c8","","","false","false","","22","22","0","0","3","1767306282","2026-01-01T22:24:42+00:00","false","False","","false","false","false","false","My executive function strength is organization so I love to talk about this stuff!! I’ll give my current stuff below that I’ve figured out works for me over time but do you have specific things you struggle with?? I use my calendar religiously - if it’s not in there, it does not exist to me. I use the one on my phone because I always have it with me. Adding a widget to my Home Screen (ugh can’t get the auto capitalize to go away) has been great so I can see what’s next. I also have a habit of putting it in there for the time it takes to get to the thing but then put the real time in the name. For example, if I have a Dr appt at 3pm and it takes me 30 minutes to get there from sitting at my desk to the door of the building I’ll put it at 2:30pm titled “Dr appt @ 3pm”. I’ve gone through phases of over engineering it but set dates and times works best for me, not things that I make up like time blocking. Anything optional that’s repeated just becomes “noise” that I ignore. I also only do reminders if they’re repeated on a monthly basis, not weekly because I will start to ignore weekly. For example, I have pay credit card each month in there as a task for a few days before I actually want to pay it (I also have auto payments set up but am trying to boost my credit currently). For planners, keep it simple! I did the bullet journal stuff for the art for a while but the principles of the original, very simple logging method has been super helpful for me. Since my brain works with “now” and “not now” I keep a running list of my to do’s on one page, and then a “done list” or daily log on the next available. As often as needed, I’ll refresh the open list onto a new page which helps me remove stuff I have no intention of actually doing. Currently using a plain notebook but if I have a planner that’s dated, I don’t put stuff on future days (calendar is for schedule, planner is for tasks) because it doesn’t actually exist to me until the day of.","My executive function strength is organization so I love to talk about this stuff!! I’ll give my current stuff below that I’ve figured out works for me over time but do you have specific things you struggle with?? I use my calendar religiously - if it’s not in there, it does not…","1966","390","","","","true","true","planner | planners | plan | calendar | bullet journal | journal | app | to do | weekly | monthly | daily | schedule | organization","executive function | time | tasks","simple | reminder | reminders | one page | weekly | monthly | daily","contains_question | forgetfulness_or_time_signal | long_form_comment | mentions_feature_or_solution | mentions_pain_or_friction | mentions_planner_or_system | mentions_working_solution_or_recommendation","100","[THREAD_TITLE]
Does anyone here successfully use Planners/Calendars? If so, what are your recommendations?

[THREAD_BODY]
Any advice on how to use them continuously is also very appreciated. Thank you sm!

[CURRENT_RECORD]
My executive function strength is organization so I love to talk about this stuff!! I’ll give my current stuff below that I’ve figured out works for me over time but do you have specific things you struggle with?? I use my calendar religiously - if it’s not in there, it does not exist to me. I use the one on my phone because I always have it with me. Adding a widget to my Home Screen (ugh can’t get the auto capitalize to go away) has been great so I can see what’s next. I also have a habit of putting it in there for the time it takes to get to the thing but then put the real time in the name. For example, if I have a Dr appt at 3pm and it takes me 30 minutes to get there from sitting at my desk to the door of the building I’ll put it at 2:30pm titled “Dr appt @ 3pm”. I’ve gone through phases of over engineering it but set dates and times works best for me, not things that I make up like time blocking. Anything optional that’s repeated just becomes “noise” that I ignore. I also only do reminders if they’re repeated on a monthly basis, not weekly because I will start to ignore weekly. For example, I have pay credit card each month in there as a task for a few days before I actually want to pay it (I also have auto payments set up but am trying to boost my credit currently). For planners, keep it simple! I did the bullet journal stuff for the art for a while but the principles of the original, very simple logging method has been super helpful for me. Since my brain works with “now” and “not now” I keep a running list of my to do’s on one page, and then a “done list” or daily log on the next available. As often as needed, I’ll refresh the open list onto a new page which helps me remove stuff I have no intention of actually doing. Currently using a plain notebook but if I have a planner that’s dated, I don’t put stuff on future days (calendar is for schedule, planner is for tasks) because it doesn’t actually exist to me until the day of."
"C:\Projects\Web\planner-tdah\research\reddit_data\reddit-adhdwomen-does_anyone_here_successfully_use.json","reddit-adhdwomen-does_anyone_here_successfully_use","1q1fj20","t3_1q1fj20","https://www.reddit.com/r/adhdwomen/comments/1q1fj20/does_anyone_here_successfully_use/","adhdwomen","r/adhdwomen","Does anyone here successfully use Planners/Calendars? If so, what are your recommendations?","Any advice on how to use them continuously is also very appreciated. Thank you sm!","General Question/Discussion","1767302620","2026-01-01T21:23:40+00:00","12","12","1","62","0f8a981e206d60fd","","reddit-adhdwomen-does_anyone_here_successfully_use:comment:nx6am6u","comment","nx6am6u","t1_nx6am6u","https://www.reddit.com/r/adhdwomen/comments/1q1fj20/does_anyone_here_successfully_use/nx6am6u/","/r/adhdwomen/comments/1q1fj20/does_anyone_here_successfully_use/nx6am6u/","t1_nx5ibra","comment","nx5ibra","nx5ibra","1","false","nx5ibra > nx6am6u","4f35a7db26a7c96b","","","false","false","","5","5","0","0","1","1767315753","2026-01-02T01:02:33+00:00","false","False","","false","false","false","false","Yes to all of this except bujo - I need the future to exist without my having to make it, and I need the spatial organization of week/month layouts","Yes to all of this except bujo - I need the future to exist without my having to make it, and I need the spatial organization of week/month layouts","147","29","My executive function strength is organization so I love to talk about this stuff!! I’ll give my current stuff below that I’ve figured out works for me over time but do you have specific things you struggle with?? I use my calendar religiously - if it’s not in there, it does not exist to me. I use the one on my phone because I always have it with me. Adding a widget to my Home Screen (ugh can’t get the auto capitalize to go away) has been great so I can see what’s next. I also have a habit of putting it in there for the time it takes to get to the thing but then put the real time in the name. For example, if I have a Dr appt at 3pm and it takes me 30 minutes to get there from sitting at my…","My executive function strength is organization so I love to talk about this stuff!! I’ll give my current stuff below that I’ve figured out works for me over time but do you have specific things you struggle with?? I use my calendar religiously - if it’s not in there, it does not exist to me. I use the one on my phone because I always have it with me. Adding a widget to my Home Screen (ugh can’t get the auto capitalize to go away) has been great so I can see what’s next. I also have a habit of putting it in there for the time it takes to get to the thing but then put the real time in the name. For example, if I have a Dr appt at 3pm and it takes me 30 minutes to get there from sitting at my…","","false","false","bujo | organization","","layout | layouts","mentions_feature_or_solution | mentions_planner_or_system","34","[THREAD_TITLE]
Does anyone here successfully use Planners/Calendars? If so, what are your recommendations?

[THREAD_BODY]
Any advice on how to use them continuously is also very appreciated. Thank you sm!

[PARENT_COMMENT_CONTEXT]
My executive function strength is organization so I love to talk about this stuff!! I’ll give my current stuff below that I’ve figured out works for me over time but do you have specific things you struggle with?? I use my calendar religiously - if it’s not in there, it does not exist to me. I use the one on my phone because I always have it with me. Adding a widget to my Home Screen (ugh can’t get the auto capitalize to go away) has been great so I can see what’s next. I also have a habit of putting it in there for the time it takes to get to the thing but then put the real time in the name. For example, if I have a Dr appt at 3pm and it takes me 30 minutes to get there from sitting at my…

[CURRENT_RECORD]
Yes to all of this except bujo - I need the future to exist without my having to make it, and I need the spatial organization of week/month layouts"
"C:\Projects\Web\planner-tdah\research\reddit_data\reddit-adhdwomen-does_anyone_here_successfully_use.json","reddit-adhdwomen-does_anyone_here_successfully_use","1q1fj20","t3_1q1fj20","https://www.reddit.com/r/adhdwomen/comments/1q1fj20/does_anyone_here_successfully_use/","adhdwomen","r/adhdwomen","Does anyone here successfully use Planners/Calendars? If so, what are your recommendations?","Any advice on how to use them continuously is also very appreciated. Thank you sm!","General Question/Discussion","1767302620","2026-01-01T21:23:40+00:00","12","12","1","62","0f8a981e206d60fd","","reddit-adhdwomen-does_anyone_here_successfully_use:comment:nx7q6mv","comment","nx7q6mv","t1_nx7q6mv","https://www.reddit.com/r/adhdwomen/comments/1q1fj20/does_anyone_here_successfully_use/nx7q6mv/","/r/adhdwomen/comments/1q1fj20/does_anyone_here_successfully_use/nx7q6mv/","t1_nx6am6u","comment","nx6am6u","nx5ibra","2","false","nx5ibra > nx6am6u > nx7q6mv","53c71688e9cb55c8","","","false","false","","1","1","0","0","0","1767336435","2026-01-02T06:47:15+00:00","false","False","","false","false","false","false","I relate to the future part so hard!!! And the spatial organization is the only way time makes sense to me! Maybe I’ll go back to an actual planner but I can’t decide if I want weekly or just a monthly one ugh","I relate to the future part so hard!!! And the spatial organization is the only way time makes sense to me! Maybe I’ll go back to an actual planner but I can’t decide if I want weekly or just a monthly one ugh","209","43","Yes to all of this except bujo - I need the future to exist without my having to make it, and I need the spatial organization of week/month layouts","My executive function strength is organization so I love to talk about this stuff!! I’ll give my current stuff below that I’ve figured out works for me over time but do you have specific things you struggle with?? I use my calendar religiously - if it’s not in there, it does not exist to me. I use the one on my phone because I always have it with me. Adding a widget to my Home Screen (ugh can’t get the auto capitalize to go away) has been great so I can see what’s next. I also have a habit of putting it in there for the time it takes to get to the thing but then put the real time in the name. For example, if I have a Dr appt at 3pm and it takes me 30 minutes to get there from sitting at my…","","false","false","planner | plan | weekly | monthly | organization","time","weekly | monthly","forgetfulness_or_time_signal | mentions_feature_or_solution | mentions_pain_or_friction | mentions_planner_or_system","51","[THREAD_TITLE]
Does anyone here successfully use Planners/Calendars? If so, what are your recommendations?

[THREAD_BODY]
Any advice on how to use them continuously is also very appreciated. Thank you sm!

[ROOT_COMMENT_CONTEXT]
My executive function strength is organization so I love to talk about this stuff!! I’ll give my current stuff below that I’ve figured out works for me over time but do you have specific things you struggle with?? I use my calendar religiously - if it’s not in there, it does not exist to me. I use the one on my phone because I always have it with me. Adding a widget to my Home Screen (ugh can’t get the auto capitalize to go away) has been great so I can see what’s next. I also have a habit of putting it in there for the time it takes to get to the thing but then put the real time in the name. For example, if I have a Dr appt at 3pm and it takes me 30 minutes to get there from sitting at my…

[PARENT_COMMENT_CONTEXT]
Yes to all of this except bujo - I need the future to exist without my having to make it, and I need the spatial organization of week/month layouts

[CURRENT_RECORD]
I relate to the future part so hard!!! And the spatial organization is the only way time makes sense to me! Maybe I’ll go back to an actual planner but I can’t decide if I want weekly or just a monthly one ugh"
"C:\Projects\Web\planner-tdah\research\reddit_data\reddit-adhdwomen-does_anyone_here_successfully_use.json","reddit-adhdwomen-does_anyone_here_successfully_use","1q1fj20","t3_1q1fj20","https://www.reddit.com/r/adhdwomen/comments/1q1fj20/does_anyone_here_successfully_use/","adhdwomen","r/adhdwomen","Does anyone here successfully use Planners/Calendars? If so, what are your recommendations?","Any advice on how to use them continuously is also very appreciated. Thank you sm!","General Question/Discussion","1767302620","2026-01-01T21:23:40+00:00","12","12","1","62","0f8a981e206d60fd","","reddit-adhdwomen-does_anyone_here_successfully_use:comment:nx5oex9","comment","nx5oex9","t1_nx5oex9","https://www.reddit.com/r/adhdwomen/comments/1q1fj20/does_anyone_here_successfully_use/nx5oex9/","/r/adhdwomen/comments/1q1fj20/does_anyone_here_successfully_use/nx5oex9/","t1_nx5ibra","comment","nx5ibra","nx5ibra","1","false","nx5ibra > nx5oex9","0f8a981e206d60fd","","","true","false","","2","2","0","0","1","1767308262","2026-01-01T22:57:42+00:00","false","False","","false","false","false","false","That’s an amazing strength to have! I struggle mostly with consistency and building habits when it comes to schedules and logistical tasks. I’m pretty bad with my phone, and writing things down has always been a necessity because I struggle with ADP (Auditory processing disorder). I have an iPhone and a Macbook, but the built in calendars have never clicked for me.","That’s an amazing strength to have! I struggle mostly with consistency and building habits when it comes to schedules and logistical tasks. I’m pretty bad with my phone, and writing things down has always been a necessity because I struggle with ADP (Auditory processing disorder…","367","62","My executive function strength is organization so I love to talk about this stuff!! I’ll give my current stuff below that I’ve figured out works for me over time but do you have specific things you struggle with?? I use my calendar religiously - if it’s not in there, it does not exist to me. I use the one on my phone because I always have it with me. Adding a widget to my Home Screen (ugh can’t get the auto capitalize to go away) has been great so I can see what’s next. I also have a habit of putting it in there for the time it takes to get to the thing but then put the real time in the name. For example, if I have a Dr appt at 3pm and it takes me 30 minutes to get there from sitting at my…","My executive function strength is organization so I love to talk about this stuff!! I’ll give my current stuff below that I’ve figured out works for me over time but do you have specific things you struggle with?? I use my calendar religiously - if it’s not in there, it does not exist to me. I use the one on my phone because I always have it with me. Adding a widget to my Home Screen (ugh can’t get the auto capitalize to go away) has been great so I can see what’s next. I also have a habit of putting it in there for the time it takes to get to the thing but then put the real time in the name. For example, if I have a Dr appt at 3pm and it takes me 30 minutes to get there from sitting at my…","","false","false","calendar | calendars | schedule","consistency | tasks","","mentions_pain_or_friction | mentions_planner_or_system","35","[THREAD_TITLE]
Does anyone here successfully use Planners/Calendars? If so, what are your recommendations?

[THREAD_BODY]
Any advice on how to use them continuously is also very appreciated. Thank you sm!

[PARENT_COMMENT_CONTEXT]
My executive function strength is organization so I love to talk about this stuff!! I’ll give my current stuff below that I’ve figured out works for me over time but do you have specific things you struggle with?? I use my calendar religiously - if it’s not in there, it does not exist to me. I use the one on my phone because I always have it with me. Adding a widget to my Home Screen (ugh can’t get the auto capitalize to go away) has been great so I can see what’s next. I also have a habit of putting it in there for the time it takes to get to the thing but then put the real time in the name. For example, if I have a Dr appt at 3pm and it takes me 30 minutes to get there from sitting at my…

[CURRENT_RECORD]
That’s an amazing strength to have! I struggle mostly with consistency and building habits when it comes to schedules and logistical tasks. I’m pretty bad with my phone, and writing things down has always been a necessity because I struggle with ADP (Auditory processing disorder). I have an iPhone and a Macbook, but the built in calendars have never clicked for me."
"C:\Projects\Web\planner-tdah\research\reddit_data\reddit-adhdwomen-does_anyone_here_successfully_use.json","reddit-adhdwomen-does_anyone_here_successfully_use","1q1fj20","t3_1q1fj20","https://www.reddit.com/r/adhdwomen/comments/1q1fj20/does_anyone_here_successfully_use/","adhdwomen","r/adhdwomen","Does anyone here successfully use Planners/Calendars? If so, what are your recommendations?","Any advice on how to use them continuously is also very appreciated. Thank you sm!","General Question/Discussion","1767302620","2026-01-01T21:23:40+00:00","12","12","1","62","0f8a981e206d60fd","","reddit-adhdwomen-does_anyone_here_successfully_use:comment:nx7pzj2","comment","nx7pzj2","t1_nx7pzj2","https://www.reddit.com/r/adhdwomen/comments/1q1fj20/does_anyone_here_successfully_use/nx7pzj2/","/r/adhdwomen/comments/1q1fj20/does_anyone_here_successfully_use/nx7pzj2/","t1_nx5oex9","comment","nx5oex9","nx5ibra","2","false","nx5ibra > nx5oex9 > nx7pzj2","53c71688e9cb55c8","","","false","false","","2","2","0","0","0","1767336332","2026-01-02T06:45:32+00:00","false","False","","false","false","false","false","Oh sorry I use Google Calendar instead of the Apple one bc I like it better visually! Maybe a good place to start is picking one thing to try and then analyzing why it’s not working for you or why it is. What’s bothering you about the Apple calendar? Is it the way it looks? I hate the month view with just the dots rather than actual words on the days. Is it that the app isn’t in an easily accessible location on your phone/Home Screen? Does your brain just like paper better? Just throwing ideas out haha, I definitely do not have it all figured out and I still have to switch it up a lot for the novelty. Something I was talking about with my adhd coach the other day was that actually I am pretty consistent, I just have to zoom out on the time frame. Inconsistently consistent I call it lol. If you look over the years, my use of these tools is very consistent, but if you zoom in to weeks or even months, it doesn’t look consistent at all.","Oh sorry I use Google Calendar instead of the Apple one bc I like it better visually! Maybe a good place to start is picking one thing to try and then analyzing why it’s not working for you or why it is. What’s bothering you about the Apple calendar? Is it the way it looks? I ha…","946","185","That’s an amazing strength to have! I struggle mostly with consistency and building habits when it comes to schedules and logistical tasks. I’m pretty bad with my phone, and writing things down has always been a necessity because I struggle with ADP (Auditory processing disorder). I have an iPhone and a Macbook, but the built in calendars have never clicked for me.","My executive function strength is organization so I love to talk about this stuff!! I’ll give my current stuff below that I’ve figured out works for me over time but do you have specific things you struggle with?? I use my calendar religiously - if it’s not in there, it does not exist to me. I use the one on my phone because I always have it with me. Adding a widget to my Home Screen (ugh can’t get the auto capitalize to go away) has been great so I can see what’s next. I also have a habit of putting it in there for the time it takes to get to the thing but then put the real time in the name. For example, if I have a Dr appt at 3pm and it takes me 30 minutes to get there from sitting at my…","","true","false","calendar | app","adhd | time | not working | inconsistent | novelty","visual","contains_question | forgetfulness_or_time_signal | long_form_comment | mentions_feature_or_solution | mentions_pain_or_friction | mentions_planner_or_system | novelty_or_format_change_signal","75","[THREAD_TITLE]
Does anyone here successfully use Planners/Calendars? If so, what are your recommendations?

[THREAD_BODY]
Any advice on how to use them continuously is also very appreciated. Thank you sm!

[ROOT_COMMENT_CONTEXT]
My executive function strength is organization so I love to talk about this stuff!! I’ll give my current stuff below that I’ve figured out works for me over time but do you have specific things you struggle with?? I use my calendar religiously - if it’s not in there, it does not exist to me. I use the one on my phone because I always have it with me. Adding a widget to my Home Screen (ugh can’t get the auto capitalize to go away) has been great so I can see what’s next. I also have a habit of putting it in there for the time it takes to get to the thing but then put the real time in the name. For example, if I have a Dr appt at 3pm and it takes me 30 minutes to get there from sitting at my…

[PARENT_COMMENT_CONTEXT]
That’s an amazing strength to have! I struggle mostly with consistency and building habits when it comes to schedules and logistical tasks. I’m pretty bad with my phone, and writing things down has always been a necessity because I struggle with ADP (Auditory processing disorder). I have an iPhone and a Macbook, but the built in calendars have never clicked for me.

[CURRENT_RECORD]
Oh sorry I use Google Calendar instead of the Apple one bc I like it better visually! Maybe a good place to start is picking one thing to try and then analyzing why it’s not working for you or why it is. What’s bothering you about the Apple calendar? Is it the way it looks? I hate the month view with just the dots rather than actual words on the days. Is it that the app isn’t in an easily accessible location on your phone/Home Screen? Does your brain just like paper better? Just throwing ideas out haha, I definitely do not have it all figured out and I still have to switch it up a lot for the novelty. Something I was talking about with my adhd coach the other day was that actually I am pretty consistent, I just have to zoom out on the time frame. Inconsistently consistent I call it lol. If you look over the years, my use of these tools is very consistent, but if you zoom in to weeks or even months, it doesn’t look consistent at all."
"C:\Projects\Web\planner-tdah\research\reddit_data\reddit-adhdwomen-does_anyone_here_successfully_use.json","reddit-adhdwomen-does_anyone_here_successfully_use","1q1fj20","t3_1q1fj20","https://www.reddit.com/r/adhdwomen/comments/1q1fj20/does_anyone_here_successfully_use/","adhdwomen","r/adhdwomen","Does anyone here successfully use Planners/Calendars? If so, what are your recommendations?","Any advice on how to use them continuously is also very appreciated. Thank you sm!","General Question/Discussion","1767302620","2026-01-01T21:23:40+00:00","12","12","1","62","0f8a981e206d60fd","","reddit-adhdwomen-does_anyone_here_successfully_use:comment:nye3i7f","comment","nye3i7f","t1_nye3i7f","https://www.reddit.com/r/adhdwomen/comments/1q1fj20/does_anyone_here_successfully_use/nye3i7f/","/r/adhdwomen/comments/1q1fj20/does_anyone_here_successfully_use/nye3i7f/","t1_nx5ibra","comment","nx5ibra","nx5ibra","1","false","nx5ibra > nye3i7f","baf37fe274cf8f12","","","false","false","","0","0","0","0","0","1767877548","2026-01-08T13:05:48+00:00","false","False","","false","false","false","false","👍","👍","1","1","My executive function strength is organization so I love to talk about this stuff!! I’ll give my current stuff below that I’ve figured out works for me over time but do you have specific things you struggle with?? I use my calendar religiously - if it’s not in there, it does not exist to me. I use the one on my phone because I always have it with me. Adding a widget to my Home Screen (ugh can’t get the auto capitalize to go away) has been great so I can see what’s next. I also have a habit of putting it in there for the time it takes to get to the thing but then put the real time in the name. For example, if I have a Dr appt at 3pm and it takes me 30 minutes to get there from sitting at my…","My executive function strength is organization so I love to talk about this stuff!! I’ll give my current stuff below that I’ve figured out works for me over time but do you have specific things you struggle with?? I use my calendar religiously - if it’s not in there, it does not exist to me. I use the one on my phone because I always have it with me. Adding a widget to my Home Screen (ugh can’t get the auto capitalize to go away) has been great so I can see what’s next. I also have a habit of putting it in there for the time it takes to get to the thing but then put the real time in the name. For example, if I have a Dr appt at 3pm and it takes me 30 minutes to get there from sitting at my…","","false","false","","","","","0","[THREAD_TITLE]
Does anyone here successfully use Planners/Calendars? If so, what are your recommendations?

[THREAD_BODY]
Any advice on how to use them continuously is also very appreciated. Thank you sm!

[PARENT_COMMENT_CONTEXT]
My executive function strength is organization so I love to talk about this stuff!! I’ll give my current stuff below that I’ve figured out works for me over time but do you have specific things you struggle with?? I use my calendar religiously - if it’s not in there, it does not exist to me. I use the one on my phone because I always have it with me. Adding a widget to my Home Screen (ugh can’t get the auto capitalize to go away) has been great so I can see what’s next. I also have a habit of putting it in there for the time it takes to get to the thing but then put the real time in the name. For example, if I have a Dr appt at 3pm and it takes me 30 minutes to get there from sitting at my…

[CURRENT_RECORD]
👍"
"C:\Projects\Web\planner-tdah\research\reddit_data\reddit-adhdwomen-does_anyone_here_successfully_use.json","reddit-adhdwomen-does_anyone_here_successfully_use","1q1fj20","t3_1q1fj20","https://www.reddit.com/r/adhdwomen/comments/1q1fj20/does_anyone_here_successfully_use/","adhdwomen","r/adhdwomen","Does anyone here successfully use Planners/Calendars? If so, what are your recommendations?","Any advice on how to use them continuously is also very appreciated. Thank you sm!","General Question/Discussion","1767302620","2026-01-01T21:23:40+00:00","12","12","1","62","0f8a981e206d60fd","","reddit-adhdwomen-does_anyone_here_successfully_use:comment:nx59hq9","comment","nx59hq9","t1_nx59hq9","https://www.reddit.com/r/adhdwomen/comments/1q1fj20/does_anyone_here_successfully_use/nx59hq9/","/r/adhdwomen/comments/1q1fj20/does_anyone_here_successfully_use/nx59hq9/","t3_1q1fj20","post","","nx59hq9","0","true","nx59hq9","","","","false","false","","8","8","0","0","3","1767303538","2026-01-01T21:38:58+00:00","false","False","","false","false","false","false","[excluído]","[excluído]","10","1","","","","false","false","","","","","8","[THREAD_TITLE]
Does anyone here successfully use Planners/Calendars? If so, what are your recommendations?

[THREAD_BODY]
Any advice on how to use them continuously is also very appreciated. Thank you sm!

[CURRENT_RECORD]
[excluído]"
"C:\Projects\Web\planner-tdah\research\reddit_data\reddit-adhdwomen-does_anyone_here_successfully_use.json","reddit-adhdwomen-does_anyone_here_successfully_use","1q1fj20","t3_1q1fj20","https://www.reddit.com/r/adhdwomen/comments/1q1fj20/does_anyone_here_successfully_use/","adhdwomen","r/adhdwomen","Does anyone here successfully use Planners/Calendars? If so, what are your recommendations?","Any advice on how to use them continuously is also very appreciated. Thank you sm!","General Question/Discussion","1767302620","2026-01-01T21:23:40+00:00","12","12","1","62","0f8a981e206d60fd","","reddit-adhdwomen-does_anyone_here_successfully_use:comment:nx5gtbn","comment","nx5gtbn","t1_nx5gtbn","https://www.reddit.com/r/adhdwomen/comments/1q1fj20/does_anyone_here_successfully_use/nx5gtbn/","/r/adhdwomen/comments/1q1fj20/does_anyone_here_successfully_use/nx5gtbn/","t1_nx59hq9","comment","nx59hq9","nx59hq9","1","false","nx59hq9 > nx5gtbn","0f8a981e206d60fd","","","true","false","","2","2","0","0","0","1767305801","2026-01-01T22:16:41+00:00","false","False","","false","false","false","false","Yeah, reminders are a good idea. Do you do both paper and phone?","Yeah, reminders are a good idea. Do you do both paper and phone?","64","13","[excluído]","[excluído]","","true","false","","","reminder | reminders","contains_question | mentions_feature_or_solution","8","[THREAD_TITLE]
Does anyone here successfully use Planners/Calendars? If so, what are your recommendations?

[THREAD_BODY]
Any advice on how to use them continuously is also very appreciated. Thank you sm!

[PARENT_COMMENT_CONTEXT]
[excluído]

[CURRENT_RECORD]
Yeah, reminders are a good idea. Do you do both paper and phone?"
"C:\Projects\Web\planner-tdah\research\reddit_data\reddit-adhdwomen-does_anyone_here_successfully_use.json","reddit-adhdwomen-does_anyone_here_successfully_use","1q1fj20","t3_1q1fj20","https://www.reddit.com/r/adhdwomen/comments/1q1fj20/does_anyone_here_successfully_use/","adhdwomen","r/adhdwomen","Does anyone here successfully use Planners/Calendars? If so, what are your recommendations?","Any advice on how to use them continuously is also very appreciated. Thank you sm!","General Question/Discussion","1767302620","2026-01-01T21:23:40+00:00","12","12","1","62","0f8a981e206d60fd","","reddit-adhdwomen-does_anyone_here_successfully_use:comment:nx5ivhm","comment","nx5ivhm","t1_nx5ivhm","https://www.reddit.com/r/adhdwomen/comments/1q1fj20/does_anyone_here_successfully_use/nx5ivhm/","/r/adhdwomen/comments/1q1fj20/does_anyone_here_successfully_use/nx5ivhm/","t1_nx59hq9","comment","nx59hq9","nx59hq9","1","false","nx59hq9 > nx5ivhm","53c71688e9cb55c8","","","false","false","","2","2","0","0","0","1767306458","2026-01-01T22:27:38+00:00","false","False","","false","false","false","false","I also remind myself to check in with people or wish them luck! I think about my friends and family a lot but since I’m not usually paying attention to the day/date, I’ll forget that the event is actually happening 😅","I also remind myself to check in with people or wish them luck! I think about my friends and family a lot but since I’m not usually paying attention to the day/date, I’ll forget that the event is actually happening 😅","216","41","[excluído]","[excluído]","","false","false","app","forget","","forgetfulness_or_time_signal | mentions_pain_or_friction | mentions_planner_or_system","27","[THREAD_TITLE]
Does anyone here successfully use Planners/Calendars? If so, what are your recommendations?

[THREAD_BODY]
Any advice on how to use them continuously is also very appreciated. Thank you sm!

[PARENT_COMMENT_CONTEXT]
[excluído]

[CURRENT_RECORD]
I also remind myself to check in with people or wish them luck! I think about my friends and family a lot but since I’m not usually paying attention to the day/date, I’ll forget that the event is actually happening 😅"
"C:\Projects\Web\planner-tdah\research\reddit_data\reddit-adhdwomen-does_anyone_here_successfully_use.json","reddit-adhdwomen-does_anyone_here_successfully_use","1q1fj20","t3_1q1fj20","https://www.reddit.com/r/adhdwomen/comments/1q1fj20/does_anyone_here_successfully_use/","adhdwomen","r/adhdwomen","Does anyone here successfully use Planners/Calendars? If so, what are your recommendations?","Any advice on how to use them continuously is also very appreciated. Thank you sm!","General Question/Discussion","1767302620","2026-01-01T21:23:40+00:00","12","12","1","62","0f8a981e206d60fd","","reddit-adhdwomen-does_anyone_here_successfully_use:comment:nyea9jq","comment","nyea9jq","t1_nyea9jq","https://www.reddit.com/r/adhdwomen/comments/1q1fj20/does_anyone_here_successfully_use/nyea9jq/","/r/adhdwomen/comments/1q1fj20/does_anyone_here_successfully_use/nyea9jq/","t1_nx59hq9","comment","nx59hq9","nx59hq9","1","false","nx59hq9 > nyea9jq","baf37fe274cf8f12","","","false","false","","1","1","0","0","0","1767879835","2026-01-08T13:43:55+00:00","false","False","","false","false","false","false","That happens to me too, and if I don't write it down right away, I mentally overload myself by forcing myself to remember it. One trick I use is to check the calendar every Monday (the whole week) and before going to bed, I look at the commitments for the next day.","That happens to me too, and if I don't write it down right away, I mentally overload myself by forcing myself to remember it. One trick I use is to check the calendar every Monday (the whole week) and before going to bed, I look at the commitments for the next day.","265","52","[excluído]","[excluído]","","false","false","calendar | app","","","mentions_planner_or_system","18","[THREAD_TITLE]
Does anyone here successfully use Planners/Calendars? If so, what are your recommendations?

[THREAD_BODY]
Any advice on how to use them continuously is also very appreciated. Thank you sm!

[PARENT_COMMENT_CONTEXT]
[excluído]

[CURRENT_RECORD]
That happens to me too, and if I don't write it down right away, I mentally overload myself by forcing myself to remember it. One trick I use is to check the calendar every Monday (the whole week) and before going to bed, I look at the commitments for the next day."
"C:\Projects\Web\planner-tdah\research\reddit_data\reddit-adhdwomen-does_anyone_here_successfully_use.json","reddit-adhdwomen-does_anyone_here_successfully_use","1q1fj20","t3_1q1fj20","https://www.reddit.com/r/adhdwomen/comments/1q1fj20/does_anyone_here_successfully_use/","adhdwomen","r/adhdwomen","Does anyone here successfully use Planners/Calendars? If so, what are your recommendations?","Any advice on how to use them continuously is also very appreciated. Thank you sm!","General Question/Discussion","1767302620","2026-01-01T21:23:40+00:00","12","12","1","62","0f8a981e206d60fd","","reddit-adhdwomen-does_anyone_here_successfully_use:comment:nx5gvga","comment","nx5gvga","t1_nx5gvga","https://www.reddit.com/r/adhdwomen/comments/1q1fj20/does_anyone_here_successfully_use/nx5gvga/","/r/adhdwomen/comments/1q1fj20/does_anyone_here_successfully_use/nx5gvga/","t3_1q1fj20","post","","nx5gvga","0","true","nx5gvga","0c6b97e11e931e04","","","false","false","","5","5","0","0","1","1767305820","2026-01-01T22:17:00+00:00","false","False","","false","false","false","false","I have to use a planner and carry it with me at all times. It's an A5 monthly. Super simplistic and my brain does best viewing things in the month context","I have to use a planner and carry it with me at all times. It's an A5 monthly. Super simplistic and my brain does best viewing things in the month context","154","31","","","","false","false","planner | plan | monthly","time","monthly","mentions_feature_or_solution | mentions_pain_or_friction | mentions_planner_or_system","39","[THREAD_TITLE]
Does anyone here successfully use Planners/Calendars? If so, what are your recommendations?

[THREAD_BODY]
Any advice on how to use them continuously is also very appreciated. Thank you sm!

[CURRENT_RECORD]
I have to use a planner and carry it with me at all times. It's an A5 monthly. Super simplistic and my brain does best viewing things in the month context"
"C:\Projects\Web\planner-tdah\research\reddit_data\reddit-adhdwomen-does_anyone_here_successfully_use.json","reddit-adhdwomen-does_anyone_here_successfully_use","1q1fj20","t3_1q1fj20","https://www.reddit.com/r/adhdwomen/comments/1q1fj20/does_anyone_here_successfully_use/","adhdwomen","r/adhdwomen","Does anyone here successfully use Planners/Calendars? If so, what are your recommendations?","Any advice on how to use them continuously is also very appreciated. Thank you sm!","General Question/Discussion","1767302620","2026-01-01T21:23:40+00:00","12","12","1","62","0f8a981e206d60fd","","reddit-adhdwomen-does_anyone_here_successfully_use:comment:nx5itvq","comment","nx5itvq","t1_nx5itvq","https://www.reddit.com/r/adhdwomen/comments/1q1fj20/does_anyone_here_successfully_use/nx5itvq/","/r/adhdwomen/comments/1q1fj20/does_anyone_here_successfully_use/nx5itvq/","t1_nx5gvga","comment","nx5gvga","nx5gvga","1","false","nx5gvga > nx5itvq","0f8a981e206d60fd","","","true","false","","1","1","0","0","1","1767306444","2026-01-01T22:27:24+00:00","false","False","","false","false","false","false","Thank you so much. Do you do any color coordinating? Or just keep it really simple?","Thank you so much. Do you do any color coordinating? Or just keep it really simple?","83","16","I have to use a planner and carry it with me at all times. It's an A5 monthly. Super simplistic and my brain does best viewing things in the month context","I have to use a planner and carry it with me at all times. It's an A5 monthly. Super simplistic and my brain does best viewing things in the month context","","true","false","","","simple | color","contains_question | mentions_feature_or_solution","11","[THREAD_TITLE]
Does anyone here successfully use Planners/Calendars? If so, what are your recommendations?

[THREAD_BODY]
Any advice on how to use them continuously is also very appreciated. Thank you sm!

[PARENT_COMMENT_CONTEXT]
I have to use a planner and carry it with me at all times. It's an A5 monthly. Super simplistic and my brain does best viewing things in the month context

[CURRENT_RECORD]
Thank you so much. Do you do any color coordinating? Or just keep it really simple?"
"C:\Projects\Web\planner-tdah\research\reddit_data\reddit-adhdwomen-does_anyone_here_successfully_use.json","reddit-adhdwomen-does_anyone_here_successfully_use","1q1fj20","t3_1q1fj20","https://www.reddit.com/r/adhdwomen/comments/1q1fj20/does_anyone_here_successfully_use/","adhdwomen","r/adhdwomen","Does anyone here successfully use Planners/Calendars? If so, what are your recommendations?","Any advice on how to use them continuously is also very appreciated. Thank you sm!","General Question/Discussion","1767302620","2026-01-01T21:23:40+00:00","12","12","1","62","0f8a981e206d60fd","","reddit-adhdwomen-does_anyone_here_successfully_use:comment:nx5jmac","comment","nx5jmac","t1_nx5jmac","https://www.reddit.com/r/adhdwomen/comments/1q1fj20/does_anyone_here_successfully_use/nx5jmac/","/r/adhdwomen/comments/1q1fj20/does_anyone_here_successfully_use/nx5jmac/","t1_nx5itvq","comment","nx5itvq","nx5gvga","2","false","nx5gvga > nx5itvq > nx5jmac","0c6b97e11e931e04","","","false","false","","3","3","0","0","0","1767306698","2026-01-01T22:31:38+00:00","false","False","","false","false","false","false","I highlight all the days off work (I have literally forgotten before). Other than that I write down everything, no color coding or organization really. But I open and look at it everyday when I get to work to remind myself about what's up coming and make notes for anything I want to plan for. For example, ""potluck"" on a Saturday might mean I write ""go shopping for potluck"" on Friday.","I highlight all the days off work (I have literally forgotten before). Other than that I write down everything, no color coding or organization really. But I open and look at it everyday when I get to work to remind myself about what's up coming and make notes for anything I wan…","386","71","Thank you so much. Do you do any color coordinating? Or just keep it really simple?","I have to use a planner and carry it with me at all times. It's an A5 monthly. Super simplistic and my brain does best viewing things in the month context","","false","false","plan | organization","forgot | forgotten","color | notes","mentions_feature_or_solution | mentions_pain_or_friction | mentions_planner_or_system","36","[THREAD_TITLE]
Does anyone here successfully use Planners/Calendars? If so, what are your recommendations?

[THREAD_BODY]
Any advice on how to use them continuously is also very appreciated. Thank you sm!

[ROOT_COMMENT_CONTEXT]
I have to use a planner and carry it with me at all times. It's an A5 monthly. Super simplistic and my brain does best viewing things in the month context

[PARENT_COMMENT_CONTEXT]
Thank you so much. Do you do any color coordinating? Or just keep it really simple?

[CURRENT_RECORD]
I highlight all the days off work (I have literally forgotten before). Other than that I write down everything, no color coding or organization really. But I open and look at it everyday when I get to work to remind myself about what's up coming and make notes for anything I want to plan for. For example, ""potluck"" on a Saturday might mean I write ""go shopping for potluck"" on Friday."
"C:\Projects\Web\planner-tdah\research\reddit_data\reddit-adhdwomen-does_anyone_here_successfully_use.json","reddit-adhdwomen-does_anyone_here_successfully_use","1q1fj20","t3_1q1fj20","https://www.reddit.com/r/adhdwomen/comments/1q1fj20/does_anyone_here_successfully_use/","adhdwomen","r/adhdwomen","Does anyone here successfully use Planners/Calendars? If so, what are your recommendations?","Any advice on how to use them continuously is also very appreciated. Thank you sm!","General Question/Discussion","1767302620","2026-01-01T21:23:40+00:00","12","12","1","62","0f8a981e206d60fd","","reddit-adhdwomen-does_anyone_here_successfully_use:comment:nx5md56","comment","nx5md56","t1_nx5md56","https://www.reddit.com/r/adhdwomen/comments/1q1fj20/does_anyone_here_successfully_use/nx5md56/","/r/adhdwomen/comments/1q1fj20/does_anyone_here_successfully_use/nx5md56/","t3_1q1fj20","post","","nx5md56","0","true","nx5md56","d0988f5b32b1c7ae","","","false","false","","6","6","0","0","1","1767307579","2026-01-01T22:46:19+00:00","false","False","","false","false","false","false","I’m a bookkeeper with about 25-30 separate clients for which I have to remember monthly quarterly and annual deadlines for payrolls, financial reports, tax filings and year ends. I keep a master list of clients with due dates and the each month I create a checklist for deadlines and ongoing tasks for the clients due in the current month. I’d be dead without this. This is a paper notebook that stays in my work bag. I just discovered I have ADHD within the last couple of months. That prompted me to decide to up my organization by being religious with my calendar and use my phone alarms more frequently. I have at least 4 alarms a day set up. I also learned the IPhone reminders function and I wish I’d done so ages ago. So easy to add items to it with or without dates and times to get notifications and now with the latest iOS update, the iPhone reminder can be set up to create an alarm to go off at a particular date and time in the future (instead of only daily or weekly alarms). And I’m still forgetting and missing stuff. But I’m forgetting and missing far less than I used to.","I’m a bookkeeper with about 25-30 separate clients for which I have to remember monthly quarterly and annual deadlines for payrolls, financial reports, tax filings and year ends. I keep a master list of clients with due dates and the each month I create a checklist for deadlines…","1089","205","","","","false","false","calendar | checklist | weekly | monthly | daily | organization","adhd | forget | time | tasks","reminder | reminders | weekly | monthly | daily | quarterly | checklist","forgetfulness_or_time_signal | long_form_comment | mentions_feature_or_solution | mentions_pain_or_friction | mentions_planner_or_system | novelty_or_format_change_signal","100","[THREAD_TITLE]
Does anyone here successfully use Planners/Calendars? If so, what are your recommendations?

[THREAD_BODY]
Any advice on how to use them continuously is also very appreciated. Thank you sm!

[CURRENT_RECORD]
I’m a bookkeeper with about 25-30 separate clients for which I have to remember monthly quarterly and annual deadlines for payrolls, financial reports, tax filings and year ends. I keep a master list of clients with due dates and the each month I create a checklist for deadlines and ongoing tasks for the clients due in the current month. I’d be dead without this. This is a paper notebook that stays in my work bag. I just discovered I have ADHD within the last couple of months. That prompted me to decide to up my organization by being religious with my calendar and use my phone alarms more frequently. I have at least 4 alarms a day set up. I also learned the IPhone reminders function and I wish I’d done so ages ago. So easy to add items to it with or without dates and times to get notifications and now with the latest iOS update, the iPhone reminder can be set up to create an alarm to go off at a particular date and time in the future (instead of only daily or weekly alarms). And I’m still forgetting and missing stuff. But I’m forgetting and missing far less than I used to."
"C:\Projects\Web\planner-tdah\research\reddit_data\reddit-adhdwomen-does_anyone_here_successfully_use.json","reddit-adhdwomen-does_anyone_here_successfully_use","1q1fj20","t3_1q1fj20","https://www.reddit.com/r/adhdwomen/comments/1q1fj20/does_anyone_here_successfully_use/","adhdwomen","r/adhdwomen","Does anyone here successfully use Planners/Calendars? If so, what are your recommendations?","Any advice on how to use them continuously is also very appreciated. Thank you sm!","General Question/Discussion","1767302620","2026-01-01T21:23:40+00:00","12","12","1","62","0f8a981e206d60fd","","reddit-adhdwomen-does_anyone_here_successfully_use:comment:nxaga2c","comment","nxaga2c","t1_nxaga2c","https://www.reddit.com/r/adhdwomen/comments/1q1fj20/does_anyone_here_successfully_use/nxaga2c/","/r/adhdwomen/comments/1q1fj20/does_anyone_here_successfully_use/nxaga2c/","t1_nx5md56","comment","nx5md56","nx5md56","1","false","nx5md56 > nxaga2c","0f8a981e206d60fd","","","true","false","","1","1","0","0","0","1767376331","2026-01-02T17:52:11+00:00","false","False","","false","false","false","false","Thank you so much for all of the suggestions.","Thank you so much for all of the suggestions.","45","9","I’m a bookkeeper with about 25-30 separate clients for which I have to remember monthly quarterly and annual deadlines for payrolls, financial reports, tax filings and year ends. I keep a master list of clients with due dates and the each month I create a checklist for deadlines and ongoing tasks for the clients due in the current month. I’d be dead without this. This is a paper notebook that stays in my work bag. I just discovered I have ADHD within the last couple of months. That prompted me to decide to up my organization by being religious with my calendar and use my phone alarms more frequently. I have at least 4 alarms a day set up. I also learned the IPhone reminders function and I w…","I’m a bookkeeper with about 25-30 separate clients for which I have to remember monthly quarterly and annual deadlines for payrolls, financial reports, tax filings and year ends. I keep a master list of clients with due dates and the each month I create a checklist for deadlines and ongoing tasks for the clients due in the current month. I’d be dead without this. This is a paper notebook that stays in my work bag. I just discovered I have ADHD within the last couple of months. That prompted me to decide to up my organization by being religious with my calendar and use my phone alarms more frequently. I have at least 4 alarms a day set up. I also learned the IPhone reminders function and I w…","","false","false","","","","","0","[THREAD_TITLE]
Does anyone here successfully use Planners/Calendars? If so, what are your recommendations?

[THREAD_BODY]
Any advice on how to use them continuously is also very appreciated. Thank you sm!

[PARENT_COMMENT_CONTEXT]
I’m a bookkeeper with about 25-30 separate clients for which I have to remember monthly quarterly and annual deadlines for payrolls, financial reports, tax filings and year ends. I keep a master list of clients with due dates and the each month I create a checklist for deadlines and ongoing tasks for the clients due in the current month. I’d be dead without this. This is a paper notebook that stays in my work bag. I just discovered I have ADHD within the last couple of months. That prompted me to decide to up my organization by being religious with my calendar and use my phone alarms more frequently. I have at least 4 alarms a day set up. I also learned the IPhone reminders function and I w…

[CURRENT_RECORD]
Thank you so much for all of the suggestions."
"C:\Projects\Web\planner-tdah\research\reddit_data\reddit-adhdwomen-does_anyone_here_successfully_use.json","reddit-adhdwomen-does_anyone_here_successfully_use","1q1fj20","t3_1q1fj20","https://www.reddit.com/r/adhdwomen/comments/1q1fj20/does_anyone_here_successfully_use/","adhdwomen","r/adhdwomen","Does anyone here successfully use Planners/Calendars? If so, what are your recommendations?","Any advice on how to use them continuously is also very appreciated. Thank you sm!","General Question/Discussion","1767302620","2026-01-01T21:23:40+00:00","12","12","1","62","0f8a981e206d60fd","","reddit-adhdwomen-does_anyone_here_successfully_use:comment:nx5nn8l","comment","nx5nn8l","t1_nx5nn8l","https://www.reddit.com/r/adhdwomen/comments/1q1fj20/does_anyone_here_successfully_use/nx5nn8l/","/r/adhdwomen/comments/1q1fj20/does_anyone_here_successfully_use/nx5nn8l/","t3_1q1fj20","post","","nx5nn8l","0","true","nx5nn8l","329a5e19a611a713","","","false","false","","6","6","0","0","0","1767308004","2026-01-01T22:53:24+00:00","false","False","","false","false","false","false","i have google calendar on my phone, and then a desk calendar with a months view to keep track of taking my medication and anything super inportant that i need mutiple reminders for :)","i have google calendar on my phone, and then a desk calendar with a months view to keep track of taking my medication and anything super inportant that i need mutiple reminders for :)","183","34","","","","false","false","calendar","","reminder | reminders","mentions_feature_or_solution | mentions_planner_or_system","27","[THREAD_TITLE]
Does anyone here successfully use Planners/Calendars? If so, what are your recommendations?

[THREAD_BODY]
Any advice on how to use them continuously is also very appreciated. Thank you sm!

[CURRENT_RECORD]
i have google calendar on my phone, and then a desk calendar with a months view to keep track of taking my medication and anything super inportant that i need mutiple reminders for :)"
"C:\Projects\Web\planner-tdah\research\reddit_data\reddit-adhdwomen-does_anyone_here_successfully_use.json","reddit-adhdwomen-does_anyone_here_successfully_use","1q1fj20","t3_1q1fj20","https://www.reddit.com/r/adhdwomen/comments/1q1fj20/does_anyone_here_successfully_use/","adhdwomen","r/adhdwomen","Does anyone here successfully use Planners/Calendars? If so, what are your recommendations?","Any advice on how to use them continuously is also very appreciated. Thank you sm!","General Question/Discussion","1767302620","2026-01-01T21:23:40+00:00","12","12","1","62","0f8a981e206d60fd","","reddit-adhdwomen-does_anyone_here_successfully_use:comment:nx5pahx","comment","nx5pahx","t1_nx5pahx","https://www.reddit.com/r/adhdwomen/comments/1q1fj20/does_anyone_here_successfully_use/nx5pahx/","/r/adhdwomen/comments/1q1fj20/does_anyone_here_successfully_use/nx5pahx/","t3_1q1fj20","post","","nx5pahx","0","true","nx5pahx","4d80115195540a51","","","false","false","","5","5","0","0","1","1767308557","2026-01-01T23:02:37+00:00","false","False","","false","false","false","false","I find the calendar magnet is best for me, its a big magnet of the month at glance stuck to my fridge so I see it and read it all the time. That way, appointments stick in my head because I see it all the time. Its also a great place to leave your to-do list, or any important reminder. At work I use the big calendar you put on your desktop.","I find the calendar magnet is best for me, its a big magnet of the month at glance stuck to my fridge so I see it and read it all the time. That way, appointments stick in my head because I see it all the time. Its also a great place to leave your to-do list, or any important re…","342","72","","","","false","true","calendar | app | to-do","time","reminder | appointments","forgetfulness_or_time_signal | mentions_feature_or_solution | mentions_pain_or_friction | mentions_planner_or_system | mentions_working_solution_or_recommendation","59","[THREAD_TITLE]
Does anyone here successfully use Planners/Calendars? If so, what are your recommendations?

[THREAD_BODY]
Any advice on how to use them continuously is also very appreciated. Thank you sm!

[CURRENT_RECORD]
I find the calendar magnet is best for me, its a big magnet of the month at glance stuck to my fridge so I see it and read it all the time. That way, appointments stick in my head because I see it all the time. Its also a great place to leave your to-do list, or any important reminder. At work I use the big calendar you put on your desktop."
"C:\Projects\Web\planner-tdah\research\reddit_data\reddit-adhdwomen-does_anyone_here_successfully_use.json","reddit-adhdwomen-does_anyone_here_successfully_use","1q1fj20","t3_1q1fj20","https://www.reddit.com/r/adhdwomen/comments/1q1fj20/does_anyone_here_successfully_use/","adhdwomen","r/adhdwomen","Does anyone here successfully use Planners/Calendars? If so, what are your recommendations?","Any advice on how to use them continuously is also very appreciated. Thank you sm!","General Question/Discussion","1767302620","2026-01-01T21:23:40+00:00","12","12","1","62","0f8a981e206d60fd","","reddit-adhdwomen-does_anyone_here_successfully_use:comment:nxag77o","comment","nxag77o","t1_nxag77o","https://www.reddit.com/r/adhdwomen/comments/1q1fj20/does_anyone_here_successfully_use/nxag77o/","/r/adhdwomen/comments/1q1fj20/does_anyone_here_successfully_use/nxag77o/","t1_nx5pahx","comment","nx5pahx","nx5pahx","1","false","nx5pahx > nxag77o","0f8a981e206d60fd","","","true","false","","1","1","0","0","0","1767376309","2026-01-02T17:51:49+00:00","false","False","","false","false","false","false","Thank you! I’m definitely going to get a desk calendar for work.","Thank you! I’m definitely going to get a desk calendar for work.","64","12","I find the calendar magnet is best for me, its a big magnet of the month at glance stuck to my fridge so I see it and read it all the time. That way, appointments stick in my head because I see it all the time. Its also a great place to leave your to-do list, or any important reminder. At work I use the big calendar you put on your desktop.","I find the calendar magnet is best for me, its a big magnet of the month at glance stuck to my fridge so I see it and read it all the time. That way, appointments stick in my head because I see it all the time. Its also a great place to leave your to-do list, or any important reminder. At work I use the big calendar you put on your desktop.","","false","false","calendar","","","mentions_planner_or_system","4","[THREAD_TITLE]
Does anyone here successfully use Planners/Calendars? If so, what are your recommendations?

[THREAD_BODY]
Any advice on how to use them continuously is also very appreciated. Thank you sm!

[PARENT_COMMENT_CONTEXT]
I find the calendar magnet is best for me, its a big magnet of the month at glance stuck to my fridge so I see it and read it all the time. That way, appointments stick in my head because I see it all the time. Its also a great place to leave your to-do list, or any important reminder. At work I use the big calendar you put on your desktop.

[CURRENT_RECORD]
Thank you! I’m definitely going to get a desk calendar for work."
"C:\Projects\Web\planner-tdah\research\reddit_data\reddit-adhdwomen-does_anyone_here_successfully_use.json","reddit-adhdwomen-does_anyone_here_successfully_use","1q1fj20","t3_1q1fj20","https://www.reddit.com/r/adhdwomen/comments/1q1fj20/does_anyone_here_successfully_use/","adhdwomen","r/adhdwomen","Does anyone here successfully use Planners/Calendars? If so, what are your recommendations?","Any advice on how to use them continuously is also very appreciated. Thank you sm!","General Question/Discussion","1767302620","2026-01-01T21:23:40+00:00","12","12","1","62","0f8a981e206d60fd","","reddit-adhdwomen-does_anyone_here_successfully_use:comment:nx5the2","comment","nx5the2","t1_nx5the2","https://www.reddit.com/r/adhdwomen/comments/1q1fj20/does_anyone_here_successfully_use/nx5the2/","/r/adhdwomen/comments/1q1fj20/does_anyone_here_successfully_use/nx5the2/","t3_1q1fj20","post","","nx5the2","0","true","nx5the2","ec373d8c3da865c4","","","false","false","","3","3","0","0","1","1767309954","2026-01-01T23:25:54+00:00","false","False","","false","false","false","false","I find that having an undated weekly calendar where I organize one week at a time and then a brain dump space for everything else works the best for me","I find that having an undated weekly calendar where I organize one week at a time and then a brain dump space for everything else works the best for me","151","30","","","","false","false","calendar | weekly | organize","time","weekly","forgetfulness_or_time_signal | mentions_feature_or_solution | mentions_pain_or_friction | mentions_planner_or_system","42","[THREAD_TITLE]
Does anyone here successfully use Planners/Calendars? If so, what are your recommendations?

[THREAD_BODY]
Any advice on how to use them continuously is also very appreciated. Thank you sm!

[CURRENT_RECORD]
I find that having an undated weekly calendar where I organize one week at a time and then a brain dump space for everything else works the best for me"
"C:\Projects\Web\planner-tdah\research\reddit_data\reddit-adhdwomen-does_anyone_here_successfully_use.json","reddit-adhdwomen-does_anyone_here_successfully_use","1q1fj20","t3_1q1fj20","https://www.reddit.com/r/adhdwomen/comments/1q1fj20/does_anyone_here_successfully_use/","adhdwomen","r/adhdwomen","Does anyone here successfully use Planners/Calendars? If so, what are your recommendations?","Any advice on how to use them continuously is also very appreciated. Thank you sm!","General Question/Discussion","1767302620","2026-01-01T21:23:40+00:00","12","12","1","62","0f8a981e206d60fd","","reddit-adhdwomen-does_anyone_here_successfully_use:comment:nxag38h","comment","nxag38h","t1_nxag38h","https://www.reddit.com/r/adhdwomen/comments/1q1fj20/does_anyone_here_successfully_use/nxag38h/","/r/adhdwomen/comments/1q1fj20/does_anyone_here_successfully_use/nxag38h/","t1_nx5the2","comment","nx5the2","nx5the2","1","false","nx5the2 > nxag38h","0f8a981e206d60fd","","","true","false","","1","1","0","0","0","1767376278","2026-01-02T17:51:18+00:00","false","False","","false","false","false","false","Ah, yes. Sadly, I’ve tried this and failed many times.","Ah, yes. Sadly, I’ve tried this and failed many times.","54","10","I find that having an undated weekly calendar where I organize one week at a time and then a brain dump space for everything else works the best for me","I find that having an undated weekly calendar where I organize one week at a time and then a brain dump space for everything else works the best for me","","false","false","","time","","mentions_pain_or_friction","5","[THREAD_TITLE]
Does anyone here successfully use Planners/Calendars? If so, what are your recommendations?

[THREAD_BODY]
Any advice on how to use them continuously is also very appreciated. Thank you sm!

[PARENT_COMMENT_CONTEXT]
I find that having an undated weekly calendar where I organize one week at a time and then a brain dump space for everything else works the best for me

[CURRENT_RECORD]
Ah, yes. Sadly, I’ve tried this and failed many times."
"C:\Projects\Web\planner-tdah\research\reddit_data\reddit-adhdwomen-does_anyone_here_successfully_use.json","reddit-adhdwomen-does_anyone_here_successfully_use","1q1fj20","t3_1q1fj20","https://www.reddit.com/r/adhdwomen/comments/1q1fj20/does_anyone_here_successfully_use/","adhdwomen","r/adhdwomen","Does anyone here successfully use Planners/Calendars? If so, what are your recommendations?","Any advice on how to use them continuously is also very appreciated. Thank you sm!","General Question/Discussion","1767302620","2026-01-01T21:23:40+00:00","12","12","1","62","0f8a981e206d60fd","","reddit-adhdwomen-does_anyone_here_successfully_use:comment:nx5z5j7","comment","nx5z5j7","t1_nx5z5j7","https://www.reddit.com/r/adhdwomen/comments/1q1fj20/does_anyone_here_successfully_use/nx5z5j7/","/r/adhdwomen/comments/1q1fj20/does_anyone_here_successfully_use/nx5z5j7/","t3_1q1fj20","post","","nx5z5j7","0","true","nx5z5j7","c0e59b0897353120","","","false","false","","3","3","0","0","1","1767311865","2026-01-01T23:57:45+00:00","1767324286","1767324286","2026-01-02T03:24:46+00:00","false","false","false","false","A literal print out of the month calendar on regular a4 paper. My psychiatrist recommended since I struggle with time but get anxious about big planners and have several failed attempts with them, just keep a casual piece of paper with stuff I have for the month written down as I remember. It’s deeply unsexy but it so innocuous looking it doesn’t trigger my anxiety much about the overwhelming nature of having to keep track of future events. Some months when I’m more organized that piece of paper will have clean lines and events categorized by color and other months it’s a messy scrawl and crumpled to hell from being folded and unfolded and stuffed in my pocket, etc. Whenever I have an event for a future month, I just print out that future months calander and keep them on a corner stack near my desk, besides writing down any additions, I don’t touch the stack of future months until each of the months’ time comes. I also try to print out calendars that have an empty box beside it to write in misc info like to do lists or extra info about a big event. (Ie address for a wedding, contact info for guy who does my taxes). There’s a lot of great free resources online and the one I use offers month printouts up to 2-3 years in advance with different version for each months printout which suits me very much based on need, etc.","A literal print out of the month calendar on regular a4 paper. My psychiatrist recommended since I struggle with time but get anxious about big planners and have several failed attempts with them, just keep a casual piece of paper with stuff I have for the month written down as…","1338","247","","","","false","true","planner | planners | plan | calendar | calendars | to do | organize","overwhelm | anxiety | anxious | time","color | print","forgetfulness_or_time_signal | long_form_comment | mentions_feature_or_solution | mentions_pain_or_friction | mentions_planner_or_system | mentions_working_solution_or_recommendation","97","[THREAD_TITLE]
Does anyone here successfully use Planners/Calendars? If so, what are your recommendations?

[THREAD_BODY]
Any advice on how to use them continuously is also very appreciated. Thank you sm!

[CURRENT_RECORD]
A literal print out of the month calendar on regular a4 paper. My psychiatrist recommended since I struggle with time but get anxious about big planners and have several failed attempts with them, just keep a casual piece of paper with stuff I have for the month written down as I remember. It’s deeply unsexy but it so innocuous looking it doesn’t trigger my anxiety much about the overwhelming nature of having to keep track of future events. Some months when I’m more organized that piece of paper will have clean lines and events categorized by color and other months it’s a messy scrawl and crumpled to hell from being folded and unfolded and stuffed in my pocket, etc. Whenever I have an event for a future month, I just print out that future months calander and keep them on a corner stack near my desk, besides writing down any additions, I don’t touch the stack of future months until each of the months’ time comes. I also try to print out calendars that have an empty box beside it to write in misc info like to do lists or extra info about a big event. (Ie address for a wedding, contact info for guy who does my taxes). There’s a lot of great free resources online and the one I use offers month printouts up to 2-3 years in advance with different version for each months printout which suits me very much based on need, etc."
"C:\Projects\Web\planner-tdah\research\reddit_data\reddit-adhdwomen-does_anyone_here_successfully_use.json","reddit-adhdwomen-does_anyone_here_successfully_use","1q1fj20","t3_1q1fj20","https://www.reddit.com/r/adhdwomen/comments/1q1fj20/does_anyone_here_successfully_use/","adhdwomen","r/adhdwomen","Does anyone here successfully use Planners/Calendars? If so, what are your recommendations?","Any advice on how to use them continuously is also very appreciated. Thank you sm!","General Question/Discussion","1767302620","2026-01-01T21:23:40+00:00","12","12","1","62","0f8a981e206d60fd","","reddit-adhdwomen-does_anyone_here_successfully_use:comment:nx6onc6","comment","nx6onc6","t1_nx6onc6","https://www.reddit.com/r/adhdwomen/comments/1q1fj20/does_anyone_here_successfully_use/nx6onc6/","/r/adhdwomen/comments/1q1fj20/does_anyone_here_successfully_use/nx6onc6/","t1_nx5z5j7","comment","nx5z5j7","nx5z5j7","1","false","nx5z5j7 > nx6onc6","0f8a981e206d60fd","","","true","false","","2","2","0","0","1","1767320894","2026-01-02T02:28:14+00:00","false","False","","false","false","false","false","I’m going to try this, thank you.","I’m going to try this, thank you.","33","7","A literal print out of the month calendar on regular a4 paper. My psychiatrist recommended since I struggle with time but get anxious about big planners and have several failed attempts with them, just keep a casual piece of paper with stuff I have for the month written down as I remember. It’s deeply unsexy but it so innocuous looking it doesn’t trigger my anxiety much about the overwhelming nature of having to keep track of future events. Some months when I’m more organized that piece of paper will have clean lines and events categorized by color and other months it’s a messy scrawl and crumpled to hell from being folded and unfolded and stuffed in my pocket, etc. Whenever I have an event…","A literal print out of the month calendar on regular a4 paper. My psychiatrist recommended since I struggle with time but get anxious about big planners and have several failed attempts with them, just keep a casual piece of paper with stuff I have for the month written down as I remember. It’s deeply unsexy but it so innocuous looking it doesn’t trigger my anxiety much about the overwhelming nature of having to keep track of future events. Some months when I’m more organized that piece of paper will have clean lines and events categorized by color and other months it’s a messy scrawl and crumpled to hell from being folded and unfolded and stuffed in my pocket, etc. Whenever I have an event…","","false","false","","","","","3","[THREAD_TITLE]
Does anyone here successfully use Planners/Calendars? If so, what are your recommendations?

[THREAD_BODY]
Any advice on how to use them continuously is also very appreciated. Thank you sm!

[PARENT_COMMENT_CONTEXT]
A literal print out of the month calendar on regular a4 paper. My psychiatrist recommended since I struggle with time but get anxious about big planners and have several failed attempts with them, just keep a casual piece of paper with stuff I have for the month written down as I remember. It’s deeply unsexy but it so innocuous looking it doesn’t trigger my anxiety much about the overwhelming nature of having to keep track of future events. Some months when I’m more organized that piece of paper will have clean lines and events categorized by color and other months it’s a messy scrawl and crumpled to hell from being folded and unfolded and stuffed in my pocket, etc. Whenever I have an event…

[CURRENT_RECORD]
I’m going to try this, thank you."
"C:\Projects\Web\planner-tdah\research\reddit_data\reddit-adhdwomen-does_anyone_here_successfully_use.json","reddit-adhdwomen-does_anyone_here_successfully_use","1q1fj20","t3_1q1fj20","https://www.reddit.com/r/adhdwomen/comments/1q1fj20/does_anyone_here_successfully_use/","adhdwomen","r/adhdwomen","Does anyone here successfully use Planners/Calendars? If so, what are your recommendations?","Any advice on how to use them continuously is also very appreciated. Thank you sm!","General Question/Discussion","1767302620","2026-01-01T21:23:40+00:00","12","12","1","62","0f8a981e206d60fd","","reddit-adhdwomen-does_anyone_here_successfully_use:comment:nxcla0p","comment","nxcla0p","t1_nxcla0p","https://www.reddit.com/r/adhdwomen/comments/1q1fj20/does_anyone_here_successfully_use/nxcla0p/","/r/adhdwomen/comments/1q1fj20/does_anyone_here_successfully_use/nxcla0p/","t1_nx6onc6","comment","nx6onc6","nx5z5j7","2","false","nx5z5j7 > nx6onc6 > nxcla0p","c0e59b0897353120","","","false","false","","2","2","0","0","1","1767399219","2026-01-03T00:13:39+00:00","false","False","","false","false","false","false","Btw, I use the website Printabulls. They have a variety of free calendar print outs so you can find something you prefer","Btw, I use the website Printabulls. They have a variety of free calendar print outs so you can find something you prefer","120","22","I’m going to try this, thank you.","A literal print out of the month calendar on regular a4 paper. My psychiatrist recommended since I struggle with time but get anxious about big planners and have several failed attempts with them, just keep a casual piece of paper with stuff I have for the month written down as I remember. It’s deeply unsexy but it so innocuous looking it doesn’t trigger my anxiety much about the overwhelming nature of having to keep track of future events. Some months when I’m more organized that piece of paper will have clean lines and events categorized by color and other months it’s a messy scrawl and crumpled to hell from being folded and unfolded and stuffed in my pocket, etc. Whenever I have an event…","","false","false","calendar","","print","mentions_feature_or_solution | mentions_planner_or_system","21","[THREAD_TITLE]
Does anyone here successfully use Planners/Calendars? If so, what are your recommendations?

[THREAD_BODY]
Any advice on how to use them continuously is also very appreciated. Thank you sm!

[ROOT_COMMENT_CONTEXT]
A literal print out of the month calendar on regular a4 paper. My psychiatrist recommended since I struggle with time but get anxious about big planners and have several failed attempts with them, just keep a casual piece of paper with stuff I have for the month written down as I remember. It’s deeply unsexy but it so innocuous looking it doesn’t trigger my anxiety much about the overwhelming nature of having to keep track of future events. Some months when I’m more organized that piece of paper will have clean lines and events categorized by color and other months it’s a messy scrawl and crumpled to hell from being folded and unfolded and stuffed in my pocket, etc. Whenever I have an event…

[PARENT_COMMENT_CONTEXT]
I’m going to try this, thank you.

[CURRENT_RECORD]
Btw, I use the website Printabulls. They have a variety of free calendar print outs so you can find something you prefer"
"C:\Projects\Web\planner-tdah\research\reddit_data\reddit-adhdwomen-does_anyone_here_successfully_use.json","reddit-adhdwomen-does_anyone_here_successfully_use","1q1fj20","t3_1q1fj20","https://www.reddit.com/r/adhdwomen/comments/1q1fj20/does_anyone_here_successfully_use/","adhdwomen","r/adhdwomen","Does anyone here successfully use Planners/Calendars? If so, what are your recommendations?","Any advice on how to use them continuously is also very appreciated. Thank you sm!","General Question/Discussion","1767302620","2026-01-01T21:23:40+00:00","12","12","1","62","0f8a981e206d60fd","","reddit-adhdwomen-does_anyone_here_successfully_use:comment:nxcupdq","comment","nxcupdq","t1_nxcupdq","https://www.reddit.com/r/adhdwomen/comments/1q1fj20/does_anyone_here_successfully_use/nxcupdq/","/r/adhdwomen/comments/1q1fj20/does_anyone_here_successfully_use/nxcupdq/","t1_nxcla0p","comment","nxcla0p","nx5z5j7","3","false","nx5z5j7 > nx6onc6 > nxcla0p > nxcupdq","0f8a981e206d60fd","","","true","false","","1","1","0","0","0","1767402338","2026-01-03T01:05:38+00:00","false","False","","false","false","false","false","Amazing, thank you so much.","Amazing, thank you so much.","27","5","Btw, I use the website Printabulls. They have a variety of free calendar print outs so you can find something you prefer","A literal print out of the month calendar on regular a4 paper. My psychiatrist recommended since I struggle with time but get anxious about big planners and have several failed attempts with them, just keep a casual piece of paper with stuff I have for the month written down as I remember. It’s deeply unsexy but it so innocuous looking it doesn’t trigger my anxiety much about the overwhelming nature of having to keep track of future events. Some months when I’m more organized that piece of paper will have clean lines and events categorized by color and other months it’s a messy scrawl and crumpled to hell from being folded and unfolded and stuffed in my pocket, etc. Whenever I have an event…","","false","false","","","","","0","[THREAD_TITLE]
Does anyone here successfully use Planners/Calendars? If so, what are your recommendations?

[THREAD_BODY]
Any advice on how to use them continuously is also very appreciated. Thank you sm!

[ROOT_COMMENT_CONTEXT]
A literal print out of the month calendar on regular a4 paper. My psychiatrist recommended since I struggle with time but get anxious about big planners and have several failed attempts with them, just keep a casual piece of paper with stuff I have for the month written down as I remember. It’s deeply unsexy but it so innocuous looking it doesn’t trigger my anxiety much about the overwhelming nature of having to keep track of future events. Some months when I’m more organized that piece of paper will have clean lines and events categorized by color and other months it’s a messy scrawl and crumpled to hell from being folded and unfolded and stuffed in my pocket, etc. Whenever I have an event…

[PARENT_COMMENT_CONTEXT]
Btw, I use the website Printabulls. They have a variety of free calendar print outs so you can find something you prefer

[CURRENT_RECORD]
Amazing, thank you so much."
"C:\Projects\Web\planner-tdah\research\reddit_data\reddit-adhdwomen-does_anyone_here_successfully_use.json","reddit-adhdwomen-does_anyone_here_successfully_use","1q1fj20","t3_1q1fj20","https://www.reddit.com/r/adhdwomen/comments/1q1fj20/does_anyone_here_successfully_use/","adhdwomen","r/adhdwomen","Does anyone here successfully use Planners/Calendars? If so, what are your recommendations?","Any advice on how to use them continuously is also very appreciated. Thank you sm!","General Question/Discussion","1767302620","2026-01-01T21:23:40+00:00","12","12","1","62","0f8a981e206d60fd","","reddit-adhdwomen-does_anyone_here_successfully_use:comment:nx63cf7","comment","nx63cf7","t1_nx63cf7","https://www.reddit.com/r/adhdwomen/comments/1q1fj20/does_anyone_here_successfully_use/nx63cf7/","/r/adhdwomen/comments/1q1fj20/does_anyone_here_successfully_use/nx63cf7/","t3_1q1fj20","post","","nx63cf7","0","true","nx63cf7","3079dea183896f35","","","false","false","","3","3","0","0","1","1767313260","2026-01-02T00:21:00+00:00","false","False","","false","false","false","false","I jump around systems like most of us but the two that have truly stuck with me are: Minimalist bullet journaling — like following his method to the letter. It removes my panic about making everything look pretty. The second which I’ve used since 2013, called the uncalendar. Basically it’s a planner structure without the dates and very ADHD friendly. https://www.uncalendar.com/","I jump around systems like most of us but the two that have truly stuck with me are: Minimalist bullet journaling — like following his method to the letter. It removes my panic about making everything look pretty. The second which I’ve used since 2013, called the uncalendar. Bas…","380","61","","","https://www.uncalendar.com/","false","false","planner | plan | calendar | bullet journal | journal","adhd","minimal | minimalist","mentions_feature_or_solution | mentions_pain_or_friction | mentions_planner_or_system","46","[THREAD_TITLE]
Does anyone here successfully use Planners/Calendars? If so, what are your recommendations?

[THREAD_BODY]
Any advice on how to use them continuously is also very appreciated. Thank you sm!

[CURRENT_RECORD]
I jump around systems like most of us but the two that have truly stuck with me are: Minimalist bullet journaling — like following his method to the letter. It removes my panic about making everything look pretty. The second which I’ve used since 2013, called the uncalendar. Basically it’s a planner structure without the dates and very ADHD friendly. https://www.uncalendar.com/"
"C:\Projects\Web\planner-tdah\research\reddit_data\reddit-adhdwomen-does_anyone_here_successfully_use.json","reddit-adhdwomen-does_anyone_here_successfully_use","1q1fj20","t3_1q1fj20","https://www.reddit.com/r/adhdwomen/comments/1q1fj20/does_anyone_here_successfully_use/","adhdwomen","r/adhdwomen","Does anyone here successfully use Planners/Calendars? If so, what are your recommendations?","Any advice on how to use them continuously is also very appreciated. Thank you sm!","General Question/Discussion","1767302620","2026-01-01T21:23:40+00:00","12","12","1","62","0f8a981e206d60fd","","reddit-adhdwomen-does_anyone_here_successfully_use:comment:nx63n7e","comment","nx63n7e","t1_nx63n7e","https://www.reddit.com/r/adhdwomen/comments/1q1fj20/does_anyone_here_successfully_use/nx63n7e/","/r/adhdwomen/comments/1q1fj20/does_anyone_here_successfully_use/nx63n7e/","t1_nx63cf7","comment","nx63cf7","nx63cf7","1","false","nx63cf7 > nx63n7e","3079dea183896f35","","","false","false","","3","3","0","0","2","1767313358","2026-01-02T00:22:38+00:00","false","False","","false","false","false","false","Oh and in terms of using it consistently I task chain, so I connect it to a habit I already do regularly. I also romanticize it (candles, music, relaxing wind down).","Oh and in terms of using it consistently I task chain, so I connect it to a habit I already do regularly. I also romanticize it (candles, music, relaxing wind down).","165","31","I jump around systems like most of us but the two that have truly stuck with me are: Minimalist bullet journaling — like following his method to the letter. It removes my panic about making everything look pretty. The second which I’ve used since 2013, called the uncalendar. Basically it’s a planner structure without the dates and very ADHD friendly. https://www.uncalendar.com/","I jump around systems like most of us but the two that have truly stuck with me are: Minimalist bullet journaling — like following his method to the letter. It removes my panic about making everything look pretty. The second which I’ve used since 2013, called the uncalendar. Basically it’s a planner structure without the dates and very ADHD friendly. https://www.uncalendar.com/","","false","false","","","","","13","[THREAD_TITLE]
Does anyone here successfully use Planners/Calendars? If so, what are your recommendations?

[THREAD_BODY]
Any advice on how to use them continuously is also very appreciated. Thank you sm!

[PARENT_COMMENT_CONTEXT]
I jump around systems like most of us but the two that have truly stuck with me are: Minimalist bullet journaling — like following his method to the letter. It removes my panic about making everything look pretty. The second which I’ve used since 2013, called the uncalendar. Basically it’s a planner structure without the dates and very ADHD friendly. https://www.uncalendar.com/

[CURRENT_RECORD]
Oh and in terms of using it consistently I task chain, so I connect it to a habit I already do regularly. I also romanticize it (candles, music, relaxing wind down)."
"C:\Projects\Web\planner-tdah\research\reddit_data\reddit-adhdwomen-does_anyone_here_successfully_use.json","reddit-adhdwomen-does_anyone_here_successfully_use","1q1fj20","t3_1q1fj20","https://www.reddit.com/r/adhdwomen/comments/1q1fj20/does_anyone_here_successfully_use/","adhdwomen","r/adhdwomen","Does anyone here successfully use Planners/Calendars? If so, what are your recommendations?","Any advice on how to use them continuously is also very appreciated. Thank you sm!","General Question/Discussion","1767302620","2026-01-01T21:23:40+00:00","12","12","1","62","0f8a981e206d60fd","","reddit-adhdwomen-does_anyone_here_successfully_use:comment:nx63t45","comment","nx63t45","t1_nx63t45","https://www.reddit.com/r/adhdwomen/comments/1q1fj20/does_anyone_here_successfully_use/nx63t45/","/r/adhdwomen/comments/1q1fj20/does_anyone_here_successfully_use/nx63t45/","t1_nx63n7e","comment","nx63n7e","nx63cf7","2","false","nx63cf7 > nx63n7e > nx63t45","3079dea183896f35","","","false","false","","2","2","0","0","0","1767313412","2026-01-02T00:23:32+00:00","false","False","","false","false","false","false","Oh and a pocket notebook that I carry everywhere so whenever I need to remember something or write it down I have an analog way to do it. Helps reduce phone time or distractions.","Oh and a pocket notebook that I carry everywhere so whenever I need to remember something or write it down I have an analog way to do it. Helps reduce phone time or distractions.","178","34","Oh and in terms of using it consistently I task chain, so I connect it to a habit I already do regularly. I also romanticize it (candles, music, relaxing wind down).","I jump around systems like most of us but the two that have truly stuck with me are: Minimalist bullet journaling — like following his method to the letter. It removes my panic about making everything look pretty. The second which I’ve used since 2013, called the uncalendar. Basically it’s a planner structure without the dates and very ADHD friendly. https://www.uncalendar.com/","","false","true","to do","time","","forgetfulness_or_time_signal | mentions_pain_or_friction | mentions_planner_or_system | mentions_working_solution_or_recommendation","35","[THREAD_TITLE]
Does anyone here successfully use Planners/Calendars? If so, what are your recommendations?

[THREAD_BODY]
Any advice on how to use them continuously is also very appreciated. Thank you sm!

[ROOT_COMMENT_CONTEXT]
I jump around systems like most of us but the two that have truly stuck with me are: Minimalist bullet journaling — like following his method to the letter. It removes my panic about making everything look pretty. The second which I’ve used since 2013, called the uncalendar. Basically it’s a planner structure without the dates and very ADHD friendly. https://www.uncalendar.com/

[PARENT_COMMENT_CONTEXT]
Oh and in terms of using it consistently I task chain, so I connect it to a habit I already do regularly. I also romanticize it (candles, music, relaxing wind down).

[CURRENT_RECORD]
Oh and a pocket notebook that I carry everywhere so whenever I need to remember something or write it down I have an analog way to do it. Helps reduce phone time or distractions."
"C:\Projects\Web\planner-tdah\research\reddit_data\reddit-adhdwomen-does_anyone_here_successfully_use.json","reddit-adhdwomen-does_anyone_here_successfully_use","1q1fj20","t3_1q1fj20","https://www.reddit.com/r/adhdwomen/comments/1q1fj20/does_anyone_here_successfully_use/","adhdwomen","r/adhdwomen","Does anyone here successfully use Planners/Calendars? If so, what are your recommendations?","Any advice on how to use them continuously is also very appreciated. Thank you sm!","General Question/Discussion","1767302620","2026-01-01T21:23:40+00:00","12","12","1","62","0f8a981e206d60fd","","reddit-adhdwomen-does_anyone_here_successfully_use:comment:nxagl2s","comment","nxagl2s","t1_nxagl2s","https://www.reddit.com/r/adhdwomen/comments/1q1fj20/does_anyone_here_successfully_use/nxagl2s/","/r/adhdwomen/comments/1q1fj20/does_anyone_here_successfully_use/nxagl2s/","t1_nx63n7e","comment","nx63n7e","nx63cf7","2","false","nx63cf7 > nx63n7e > nxagl2s","0f8a981e206d60fd","","","true","false","","2","2","0","0","0","1767376415","2026-01-02T17:53:35+00:00","false","False","","false","false","false","false","Thank you so much!","Thank you so much!","18","4","Oh and in terms of using it consistently I task chain, so I connect it to a habit I already do regularly. I also romanticize it (candles, music, relaxing wind down).","I jump around systems like most of us but the two that have truly stuck with me are: Minimalist bullet journaling — like following his method to the letter. It removes my panic about making everything look pretty. The second which I’ve used since 2013, called the uncalendar. Basically it’s a planner structure without the dates and very ADHD friendly. https://www.uncalendar.com/","","false","false","","","","","0","[THREAD_TITLE]
Does anyone here successfully use Planners/Calendars? If so, what are your recommendations?

[THREAD_BODY]
Any advice on how to use them continuously is also very appreciated. Thank you sm!

[ROOT_COMMENT_CONTEXT]
I jump around systems like most of us but the two that have truly stuck with me are: Minimalist bullet journaling — like following his method to the letter. It removes my panic about making everything look pretty. The second which I’ve used since 2013, called the uncalendar. Basically it’s a planner structure without the dates and very ADHD friendly. https://www.uncalendar.com/

[PARENT_COMMENT_CONTEXT]
Oh and in terms of using it consistently I task chain, so I connect it to a habit I already do regularly. I also romanticize it (candles, music, relaxing wind down).

[CURRENT_RECORD]
Thank you so much!"
"C:\Projects\Web\planner-tdah\research\reddit_data\reddit-adhdwomen-does_anyone_here_successfully_use.json","reddit-adhdwomen-does_anyone_here_successfully_use","1q1fj20","t3_1q1fj20","https://www.reddit.com/r/adhdwomen/comments/1q1fj20/does_anyone_here_successfully_use/","adhdwomen","r/adhdwomen","Does anyone here successfully use Planners/Calendars? If so, what are your recommendations?","Any advice on how to use them continuously is also very appreciated. Thank you sm!","General Question/Discussion","1767302620","2026-01-01T21:23:40+00:00","12","12","1","62","0f8a981e206d60fd","","reddit-adhdwomen-does_anyone_here_successfully_use:comment:nx63mwj","comment","nx63mwj","t1_nx63mwj","https://www.reddit.com/r/adhdwomen/comments/1q1fj20/does_anyone_here_successfully_use/nx63mwj/","/r/adhdwomen/comments/1q1fj20/does_anyone_here_successfully_use/nx63mwj/","t3_1q1fj20","post","","nx63mwj","0","true","nx63mwj","f7596920c39311a6","","","false","false","","3","3","0","0","0","1767313356","2026-01-02T00:22:36+00:00","false","False","","false","false","false","false","I found using a notebook as a brain dump very handy. Anything I need to remember gets written down which is very helpful at work. I also use my phone notes but not as often. For day to day life I use my google calendar. I save things as events like bin day (recycling and normal collection), bills, paydays, appointments, cat vaccinations, holidays, birthdays - everything. A lot of these are set up as reoccuring events with notifications. I have the calendar widget on a separate home screen so I only have to swipe to see my full monthly calendar. I check my calendar all the time especially when budgeting. Removing the barrier of opening an app has been really helpful in making sure I actually check my calendar.","I found using a notebook as a brain dump very handy. Anything I need to remember gets written down which is very helpful at work. I also use my phone notes but not as often. For day to day life I use my google calendar. I save things as events like bin day (recycling and normal…","718","129","","","","false","false","calendar | app | monthly","time","notes | appointments | monthly","forgetfulness_or_time_signal | long_form_comment | mentions_feature_or_solution | mentions_pain_or_friction | mentions_planner_or_system","57","[THREAD_TITLE]
Does anyone here successfully use Planners/Calendars? If so, what are your recommendations?

[THREAD_BODY]
Any advice on how to use them continuously is also very appreciated. Thank you sm!

[CURRENT_RECORD]
I found using a notebook as a brain dump very handy. Anything I need to remember gets written down which is very helpful at work. I also use my phone notes but not as often. For day to day life I use my google calendar. I save things as events like bin day (recycling and normal collection), bills, paydays, appointments, cat vaccinations, holidays, birthdays - everything. A lot of these are set up as reoccuring events with notifications. I have the calendar widget on a separate home screen so I only have to swipe to see my full monthly calendar. I check my calendar all the time especially when budgeting. Removing the barrier of opening an app has been really helpful in making sure I actually check my calendar."
"C:\Projects\Web\planner-tdah\research\reddit_data\reddit-adhdwomen-does_anyone_here_successfully_use.json","reddit-adhdwomen-does_anyone_here_successfully_use","1q1fj20","t3_1q1fj20","https://www.reddit.com/r/adhdwomen/comments/1q1fj20/does_anyone_here_successfully_use/","adhdwomen","r/adhdwomen","Does anyone here successfully use Planners/Calendars? If so, what are your recommendations?","Any advice on how to use them continuously is also very appreciated. Thank you sm!","General Question/Discussion","1767302620","2026-01-01T21:23:40+00:00","12","12","1","62","0f8a981e206d60fd","","reddit-adhdwomen-does_anyone_here_successfully_use:comment:nx68unh","comment","nx68unh","t1_nx68unh","https://www.reddit.com/r/adhdwomen/comments/1q1fj20/does_anyone_here_successfully_use/nx68unh/","/r/adhdwomen/comments/1q1fj20/does_anyone_here_successfully_use/nx68unh/","t3_1q1fj20","post","","nx68unh","0","true","nx68unh","2ce35ef495dc21bb","","","false","false","","3","3","0","0","1","1767315124","2026-01-02T00:52:04+00:00","false","False","","false","false","false","false","So I used to always look for the planner that would “click” and change my life. I put so much pressure on it and choosing the right system (even vertical or horizontal calendar, monthly view, weekly view, what kind of note pages, DATED OR UNDATED, ect). I had so many failed calendars/ planners and was so shameful I spent hours looking. Last year I decided to get a Discbound planner which gives the flexibility of not having to commit for the year for one system or shame if you don’t use it. I can pick out my own inserts and if something doesn’t work I can pivot and find another. I can swap and change covers and aesthetic if I choose.","So I used to always look for the planner that would “click” and change my life. I put so much pressure on it and choosing the right system (even vertical or horizontal calendar, monthly view, weekly view, what kind of note pages, DATED OR UNDATED, ect). I had so many failed cale…","640","121","","","","false","false","planner | planners | plan | calendar | calendars | weekly | monthly","shame","weekly | monthly | change","guilt_or_shame_signal | long_form_comment | mentions_feature_or_solution | mentions_pain_or_friction | mentions_planner_or_system | novelty_or_format_change_signal","68","[THREAD_TITLE]
Does anyone here successfully use Planners/Calendars? If so, what are your recommendations?

[THREAD_BODY]
Any advice on how to use them continuously is also very appreciated. Thank you sm!

[CURRENT_RECORD]
So I used to always look for the planner that would “click” and change my life. I put so much pressure on it and choosing the right system (even vertical or horizontal calendar, monthly view, weekly view, what kind of note pages, DATED OR UNDATED, ect). I had so many failed calendars/ planners and was so shameful I spent hours looking. Last year I decided to get a Discbound planner which gives the flexibility of not having to commit for the year for one system or shame if you don’t use it. I can pick out my own inserts and if something doesn’t work I can pivot and find another. I can swap and change covers and aesthetic if I choose."
"C:\Projects\Web\planner-tdah\research\reddit_data\reddit-adhdwomen-does_anyone_here_successfully_use.json","reddit-adhdwomen-does_anyone_here_successfully_use","1q1fj20","t3_1q1fj20","https://www.reddit.com/r/adhdwomen/comments/1q1fj20/does_anyone_here_successfully_use/","adhdwomen","r/adhdwomen","Does anyone here successfully use Planners/Calendars? If so, what are your recommendations?","Any advice on how to use them continuously is also very appreciated. Thank you sm!","General Question/Discussion","1767302620","2026-01-01T21:23:40+00:00","12","12","1","62","0f8a981e206d60fd","","reddit-adhdwomen-does_anyone_here_successfully_use:comment:nx71pu3","comment","nx71pu3","t1_nx71pu3","https://www.reddit.com/r/adhdwomen/comments/1q1fj20/does_anyone_here_successfully_use/nx71pu3/","/r/adhdwomen/comments/1q1fj20/does_anyone_here_successfully_use/nx71pu3/","t1_nx68unh","comment","nx68unh","nx68unh","1","false","nx68unh > nx71pu3","0f8a981e206d60fd","","","true","false","","1","1","0","0","0","1767325795","2026-01-02T03:49:55+00:00","false","False","","false","false","false","false","THANK YOU! this is such a good idea.","THANK YOU! this is such a good idea.","36","8","So I used to always look for the planner that would “click” and change my life. I put so much pressure on it and choosing the right system (even vertical or horizontal calendar, monthly view, weekly view, what kind of note pages, DATED OR UNDATED, ect). I had so many failed calendars/ planners and was so shameful I spent hours looking. Last year I decided to get a Discbound planner which gives the flexibility of not having to commit for the year for one system or shame if you don’t use it. I can pick out my own inserts and if something doesn’t work I can pivot and find another. I can swap and change covers and aesthetic if I choose.","So I used to always look for the planner that would “click” and change my life. I put so much pressure on it and choosing the right system (even vertical or horizontal calendar, monthly view, weekly view, what kind of note pages, DATED OR UNDATED, ect). I had so many failed calendars/ planners and was so shameful I spent hours looking. Last year I decided to get a Discbound planner which gives the flexibility of not having to commit for the year for one system or shame if you don’t use it. I can pick out my own inserts and if something doesn’t work I can pivot and find another. I can swap and change covers and aesthetic if I choose.","","false","false","","","","","0","[THREAD_TITLE]
Does anyone here successfully use Planners/Calendars? If so, what are your recommendations?

[THREAD_BODY]
Any advice on how to use them continuously is also very appreciated. Thank you sm!

[PARENT_COMMENT_CONTEXT]
So I used to always look for the planner that would “click” and change my life. I put so much pressure on it and choosing the right system (even vertical or horizontal calendar, monthly view, weekly view, what kind of note pages, DATED OR UNDATED, ect). I had so many failed calendars/ planners and was so shameful I spent hours looking. Last year I decided to get a Discbound planner which gives the flexibility of not having to commit for the year for one system or shame if you don’t use it. I can pick out my own inserts and if something doesn’t work I can pivot and find another. I can swap and change covers and aesthetic if I choose.

[CURRENT_RECORD]
THANK YOU! this is such a good idea."
"C:\Projects\Web\planner-tdah\research\reddit_data\reddit-adhdwomen-does_anyone_here_successfully_use.json","reddit-adhdwomen-does_anyone_here_successfully_use","1q1fj20","t3_1q1fj20","https://www.reddit.com/r/adhdwomen/comments/1q1fj20/does_anyone_here_successfully_use/","adhdwomen","r/adhdwomen","Does anyone here successfully use Planners/Calendars? If so, what are your recommendations?","Any advice on how to use them continuously is also very appreciated. Thank you sm!","General Question/Discussion","1767302620","2026-01-01T21:23:40+00:00","12","12","1","62","0f8a981e206d60fd","","reddit-adhdwomen-does_anyone_here_successfully_use:comment:nx6jvd8","comment","nx6jvd8","t1_nx6jvd8","https://www.reddit.com/r/adhdwomen/comments/1q1fj20/does_anyone_here_successfully_use/nx6jvd8/","/r/adhdwomen/comments/1q1fj20/does_anyone_here_successfully_use/nx6jvd8/","t3_1q1fj20","post","","nx6jvd8","0","true","nx6jvd8","34c0c9bee27c3a36","","ADHD-C","false","false","","3","3","0","0","1","1767319153","2026-01-02T01:59:13+00:00","false","False","","false","false","false","false","So far the only things that have been successful for me is using the calendar on my phone with alerts set an hour before the activity/appointment, using alarms on my phone for daily reminders, and using Notion - but I don't create complicated templates for my pages, I just create generic ones mostly for keeping lists and such.","So far the only things that have been successful for me is using the calendar on my phone with alerts set an hour before the activity/appointment, using alarms on my phone for daily reminders, and using Notion - but I don't create complicated templates for my pages, I just creat…","328","58","","","","false","false","calendar | notion | template | templates | app | daily","complicated","reminder | reminders | daily","mentions_feature_or_solution | mentions_pain_or_friction | mentions_planner_or_system | overwhelm_or_complexity_signal | printable_modular_system_signal","64","[THREAD_TITLE]
Does anyone here successfully use Planners/Calendars? If so, what are your recommendations?

[THREAD_BODY]
Any advice on how to use them continuously is also very appreciated. Thank you sm!

[CURRENT_RECORD]
So far the only things that have been successful for me is using the calendar on my phone with alerts set an hour before the activity/appointment, using alarms on my phone for daily reminders, and using Notion - but I don't create complicated templates for my pages, I just create generic ones mostly for keeping lists and such."
"C:\Projects\Web\planner-tdah\research\reddit_data\reddit-adhdwomen-does_anyone_here_successfully_use.json","reddit-adhdwomen-does_anyone_here_successfully_use","1q1fj20","t3_1q1fj20","https://www.reddit.com/r/adhdwomen/comments/1q1fj20/does_anyone_here_successfully_use/","adhdwomen","r/adhdwomen","Does anyone here successfully use Planners/Calendars? If so, what are your recommendations?","Any advice on how to use them continuously is also very appreciated. Thank you sm!","General Question/Discussion","1767302620","2026-01-01T21:23:40+00:00","12","12","1","62","0f8a981e206d60fd","","reddit-adhdwomen-does_anyone_here_successfully_use:comment:nxafkg3","comment","nxafkg3","t1_nxafkg3","https://www.reddit.com/r/adhdwomen/comments/1q1fj20/does_anyone_here_successfully_use/nxafkg3/","/r/adhdwomen/comments/1q1fj20/does_anyone_here_successfully_use/nxafkg3/","t1_nx6jvd8","comment","nx6jvd8","nx6jvd8","1","false","nx6jvd8 > nxafkg3","0f8a981e206d60fd","","","true","false","","1","1","0","0","0","1767376133","2026-01-02T17:48:53+00:00","false","False","","false","false","false","false","Thank you! I’ll give it a try.","Thank you! I’ll give it a try.","30","7","So far the only things that have been successful for me is using the calendar on my phone with alerts set an hour before the activity/appointment, using alarms on my phone for daily reminders, and using Notion - but I don't create complicated templates for my pages, I just create generic ones mostly for keeping lists and such.","So far the only things that have been successful for me is using the calendar on my phone with alerts set an hour before the activity/appointment, using alarms on my phone for daily reminders, and using Notion - but I don't create complicated templates for my pages, I just create generic ones mostly for keeping lists and such.","","false","false","","","","","0","[THREAD_TITLE]
Does anyone here successfully use Planners/Calendars? If so, what are your recommendations?

[THREAD_BODY]
Any advice on how to use them continuously is also very appreciated. Thank you sm!

[PARENT_COMMENT_CONTEXT]
So far the only things that have been successful for me is using the calendar on my phone with alerts set an hour before the activity/appointment, using alarms on my phone for daily reminders, and using Notion - but I don't create complicated templates for my pages, I just create generic ones mostly for keeping lists and such.

[CURRENT_RECORD]
Thank you! I’ll give it a try."
"C:\Projects\Web\planner-tdah\research\reddit_data\reddit-adhdwomen-does_anyone_here_successfully_use.json","reddit-adhdwomen-does_anyone_here_successfully_use","1q1fj20","t3_1q1fj20","https://www.reddit.com/r/adhdwomen/comments/1q1fj20/does_anyone_here_successfully_use/","adhdwomen","r/adhdwomen","Does anyone here successfully use Planners/Calendars? If so, what are your recommendations?","Any advice on how to use them continuously is also very appreciated. Thank you sm!","General Question/Discussion","1767302620","2026-01-01T21:23:40+00:00","12","12","1","62","0f8a981e206d60fd","","reddit-adhdwomen-does_anyone_here_successfully_use:comment:nx5wjm8","comment","nx5wjm8","t1_nx5wjm8","https://www.reddit.com/r/adhdwomen/comments/1q1fj20/does_anyone_here_successfully_use/nx5wjm8/","/r/adhdwomen/comments/1q1fj20/does_anyone_here_successfully_use/nx5wjm8/","t3_1q1fj20","post","","nx5wjm8","0","true","nx5wjm8","083701722c0fe0ff","","laundry (low priority)","false","false","","2","2","0","0","1","1767311001","2026-01-01T23:43:21+00:00","false","False","","false","false","false","false","I’m starting, once again, to try to bullet journal this year. I got one for Christmas that has removable pages. I truly think this will be the game changer for me as I get so stuck on things being perfect and in order that I don’t start or stick with it because I don’t want to mess it up. Being able to move the pages around and change the order of stuff or throw another page in the middle if I need it is great. So one with removable pages if you can find one.","I’m starting, once again, to try to bullet journal this year. I got one for Christmas that has removable pages. I truly think this will be the game changer for me as I get so stuck on things being perfect and in order that I don’t start or stick with it because I don’t want to m…","463","95","","","","false","true","bullet journal | journal","","change","mentions_feature_or_solution | mentions_planner_or_system | mentions_working_solution_or_recommendation | novelty_or_format_change_signal","43","[THREAD_TITLE]
Does anyone here successfully use Planners/Calendars? If so, what are your recommendations?

[THREAD_BODY]
Any advice on how to use them continuously is also very appreciated. Thank you sm!

[CURRENT_RECORD]
I’m starting, once again, to try to bullet journal this year. I got one for Christmas that has removable pages. I truly think this will be the game changer for me as I get so stuck on things being perfect and in order that I don’t start or stick with it because I don’t want to mess it up. Being able to move the pages around and change the order of stuff or throw another page in the middle if I need it is great. So one with removable pages if you can find one."
"C:\Projects\Web\planner-tdah\research\reddit_data\reddit-adhdwomen-does_anyone_here_successfully_use.json","reddit-adhdwomen-does_anyone_here_successfully_use","1q1fj20","t3_1q1fj20","https://www.reddit.com/r/adhdwomen/comments/1q1fj20/does_anyone_here_successfully_use/","adhdwomen","r/adhdwomen","Does anyone here successfully use Planners/Calendars? If so, what are your recommendations?","Any advice on how to use them continuously is also very appreciated. Thank you sm!","General Question/Discussion","1767302620","2026-01-01T21:23:40+00:00","12","12","1","62","0f8a981e206d60fd","","reddit-adhdwomen-does_anyone_here_successfully_use:comment:nxafxwy","comment","nxafxwy","t1_nxafxwy","https://www.reddit.com/r/adhdwomen/comments/1q1fj20/does_anyone_here_successfully_use/nxafxwy/","/r/adhdwomen/comments/1q1fj20/does_anyone_here_successfully_use/nxafxwy/","t1_nx5wjm8","comment","nx5wjm8","nx5wjm8","1","false","nx5wjm8 > nxafxwy","0f8a981e206d60fd","","","true","false","","2","2","0","0","0","1767376237","2026-01-02T17:50:37+00:00","false","False","","false","false","false","false","Yeah, this sounds feasible to me as well. Best of luck to you in the new year!","Yeah, this sounds feasible to me as well. Best of luck to you in the new year!","78","17","I’m starting, once again, to try to bullet journal this year. I got one for Christmas that has removable pages. I truly think this will be the game changer for me as I get so stuck on things being perfect and in order that I don’t start or stick with it because I don’t want to mess it up. Being able to move the pages around and change the order of stuff or throw another page in the middle if I need it is great. So one with removable pages if you can find one.","I’m starting, once again, to try to bullet journal this year. I got one for Christmas that has removable pages. I truly think this will be the game changer for me as I get so stuck on things being perfect and in order that I don’t start or stick with it because I don’t want to mess it up. Being able to move the pages around and change the order of stuff or throw another page in the middle if I need it is great. So one with removable pages if you can find one.","","false","false","","","","","0","[THREAD_TITLE]
Does anyone here successfully use Planners/Calendars? If so, what are your recommendations?

[THREAD_BODY]
Any advice on how to use them continuously is also very appreciated. Thank you sm!

[PARENT_COMMENT_CONTEXT]
I’m starting, once again, to try to bullet journal this year. I got one for Christmas that has removable pages. I truly think this will be the game changer for me as I get so stuck on things being perfect and in order that I don’t start or stick with it because I don’t want to mess it up. Being able to move the pages around and change the order of stuff or throw another page in the middle if I need it is great. So one with removable pages if you can find one.

[CURRENT_RECORD]
Yeah, this sounds feasible to me as well. Best of luck to you in the new year!"
"C:\Projects\Web\planner-tdah\research\reddit_data\reddit-adhdwomen-does_anyone_here_successfully_use.json","reddit-adhdwomen-does_anyone_here_successfully_use","1q1fj20","t3_1q1fj20","https://www.reddit.com/r/adhdwomen/comments/1q1fj20/does_anyone_here_successfully_use/","adhdwomen","r/adhdwomen","Does anyone here successfully use Planners/Calendars? If so, what are your recommendations?","Any advice on how to use them continuously is also very appreciated. Thank you sm!","General Question/Discussion","1767302620","2026-01-01T21:23:40+00:00","12","12","1","62","0f8a981e206d60fd","","reddit-adhdwomen-does_anyone_here_successfully_use:comment:nx68rtn","comment","nx68rtn","t1_nx68rtn","https://www.reddit.com/r/adhdwomen/comments/1q1fj20/does_anyone_here_successfully_use/nx68rtn/","/r/adhdwomen/comments/1q1fj20/does_anyone_here_successfully_use/nx68rtn/","t3_1q1fj20","post","","nx68rtn","0","true","nx68rtn","76a8c431159bfda1","","","false","false","","2","2","0","0","1","1767315097","2026-01-02T00:51:37+00:00","false","False","","false","false","false","false","Define successful… I will use them a couple days every month but I’m never consistent with them unfortunately.","Define successful… I will use them a couple days every month but I’m never consistent with them unfortunately.","110","18","","","","false","false","","","","","3","[THREAD_TITLE]
Does anyone here successfully use Planners/Calendars? If so, what are your recommendations?

[THREAD_BODY]
Any advice on how to use them continuously is also very appreciated. Thank you sm!

[CURRENT_RECORD]
Define successful… I will use them a couple days every month but I’m never consistent with them unfortunately."
"C:\Projects\Web\planner-tdah\research\reddit_data\reddit-adhdwomen-does_anyone_here_successfully_use.json","reddit-adhdwomen-does_anyone_here_successfully_use","1q1fj20","t3_1q1fj20","https://www.reddit.com/r/adhdwomen/comments/1q1fj20/does_anyone_here_successfully_use/","adhdwomen","r/adhdwomen","Does anyone here successfully use Planners/Calendars? If so, what are your recommendations?","Any advice on how to use them continuously is also very appreciated. Thank you sm!","General Question/Discussion","1767302620","2026-01-01T21:23:40+00:00","12","12","1","62","0f8a981e206d60fd","","reddit-adhdwomen-does_anyone_here_successfully_use:comment:nx6ohdu","comment","nx6ohdu","t1_nx6ohdu","https://www.reddit.com/r/adhdwomen/comments/1q1fj20/does_anyone_here_successfully_use/nx6ohdu/","/r/adhdwomen/comments/1q1fj20/does_anyone_here_successfully_use/nx6ohdu/","t1_nx68rtn","comment","nx68rtn","nx68rtn","1","false","nx68rtn > nx6ohdu","0f8a981e206d60fd","","","true","false","","1","1","0","0","0","1767320834","2026-01-02T02:27:14+00:00","false","False","","false","false","false","false","That’s my issue as well. I struggle with consistency.","That’s my issue as well. I struggle with consistency.","53","9","Define successful… I will use them a couple days every month but I’m never consistent with them unfortunately.","Define successful… I will use them a couple days every month but I’m never consistent with them unfortunately.","","false","false","","consistency","","mentions_pain_or_friction","5","[THREAD_TITLE]
Does anyone here successfully use Planners/Calendars? If so, what are your recommendations?

[THREAD_BODY]
Any advice on how to use them continuously is also very appreciated. Thank you sm!

[PARENT_COMMENT_CONTEXT]
Define successful… I will use them a couple days every month but I’m never consistent with them unfortunately.

[CURRENT_RECORD]
That’s my issue as well. I struggle with consistency."
"C:\Projects\Web\planner-tdah\research\reddit_data\reddit-adhdwomen-does_anyone_here_successfully_use.json","reddit-adhdwomen-does_anyone_here_successfully_use","1q1fj20","t3_1q1fj20","https://www.reddit.com/r/adhdwomen/comments/1q1fj20/does_anyone_here_successfully_use/","adhdwomen","r/adhdwomen","Does anyone here successfully use Planners/Calendars? If so, what are your recommendations?","Any advice on how to use them continuously is also very appreciated. Thank you sm!","General Question/Discussion","1767302620","2026-01-01T21:23:40+00:00","12","12","1","62","0f8a981e206d60fd","","reddit-adhdwomen-does_anyone_here_successfully_use:comment:nx6972y","comment","nx6972y","t1_nx6972y","https://www.reddit.com/r/adhdwomen/comments/1q1fj20/does_anyone_here_successfully_use/nx6972y/","/r/adhdwomen/comments/1q1fj20/does_anyone_here_successfully_use/nx6972y/","t3_1q1fj20","post","","nx6972y","0","true","nx6972y","22acc3fae0f2a906","","","false","false","","2","2","0","0","1","1767315246","2026-01-02T00:54:06+00:00","false","False","","false","false","false","false","I love calendars and planners. Right now my current system is a combo of iCal, a weekly paper notepad calendar, a bullet journal, notes app, and reminders app. Events and appnts go into the ical. Every week, I sit down and write out my appnts and events into my weekly calendar pad, and make a to do list for the week. Then I create reminders of the to do list items, and schedule them on whatever days I think I might be able to do them, but the loose goal is to just do them that week. Notes app is mostly for referential stuff— meal planning, longer-term goals, a variety of different lists. Notes app or reminders app are where I’m most likely to dump tasks or ideas that come up on the fly. And my Apple Watch is great bcz I can be like “Siri create a reminder to go to the store for jalapeños at 5pm” and I’ll get a little wrist buzz ding notification at 5pm and go “oh shit I gotta get jalapeños!” Bullet journal is where I track habits, do a little daily journaling or brain dump my task list, or create a time block schedule for the day. Then I have this extra notepad that I use as a more focused rolling to do list. So I’ll write down the next 3 things I need to do, go do them, and check them off. Then write down the next few things. It helps me stay focused on my task flow without getting too lost or overwhelmed by the bigger lists. I know all of that sounds complex and I am medicated but I’ve used planner systems for ages as a coping mechanism for my adhd, and I have kept journals basically since I started being able to write so it’s definitely a coping skill and hobby near n dear to me that I get excited about. I’ve got stickers and cute pens and cute notebooks and it makes it all the more fun and interesting and novel.","I love calendars and planners. Right now my current system is a combo of iCal, a weekly paper notepad calendar, a bullet journal, notes app, and reminders app. Events and appnts go into the ical. Every week, I sit down and write out my appnts and events into my weekly calendar p…","1745","343","","","","false","true","planner | planners | plan | planning | calendar | calendars | bullet journal | journal | app | to do | weekly | daily | schedule","adhd | overwhelm | overwhelmed | lost | time | complex | tasks","reminder | reminders | notes | weekly | daily","forgetfulness_or_time_signal | long_form_comment | mentions_feature_or_solution | mentions_pain_or_friction | mentions_planner_or_system | mentions_working_solution_or_recommendation | overwhelm_or_complexity_signal","100","[THREAD_TITLE]
Does anyone here successfully use Planners/Calendars? If so, what are your recommendations?

[THREAD_BODY]
Any advice on how to use them continuously is also very appreciated. Thank you sm!

[CURRENT_RECORD]
I love calendars and planners. Right now my current system is a combo of iCal, a weekly paper notepad calendar, a bullet journal, notes app, and reminders app. Events and appnts go into the ical. Every week, I sit down and write out my appnts and events into my weekly calendar pad, and make a to do list for the week. Then I create reminders of the to do list items, and schedule them on whatever days I think I might be able to do them, but the loose goal is to just do them that week. Notes app is mostly for referential stuff— meal planning, longer-term goals, a variety of different lists. Notes app or reminders app are where I’m most likely to dump tasks or ideas that come up on the fly. And my Apple Watch is great bcz I can be like “Siri create a reminder to go to the store for jalapeños at 5pm” and I’ll get a little wrist buzz ding notification at 5pm and go “oh shit I gotta get jalapeños!” Bullet journal is where I track habits, do a little daily journaling or brain dump my task list, or create a time block schedule for the day. Then I have this extra notepad that I use as a more focused rolling to do list. So I’ll write down the next 3 things I need to do, go do them, and check them off. Then write down the next few things. It helps me stay focused on my task flow without getting too lost or overwhelmed by the bigger lists. I know all of that sounds complex and I am medicated but I’ve used planner systems for ages as a coping mechanism for my adhd, and I have kept journals basically since I started being able to write so it’s definitely a coping skill and hobby near n dear to me that I get excited about. I’ve got stickers and cute pens and cute notebooks and it makes it all the more fun and interesting and novel."
"C:\Projects\Web\planner-tdah\research\reddit_data\reddit-adhdwomen-does_anyone_here_successfully_use.json","reddit-adhdwomen-does_anyone_here_successfully_use","1q1fj20","t3_1q1fj20","https://www.reddit.com/r/adhdwomen/comments/1q1fj20/does_anyone_here_successfully_use/","adhdwomen","r/adhdwomen","Does anyone here successfully use Planners/Calendars? If so, what are your recommendations?","Any advice on how to use them continuously is also very appreciated. Thank you sm!","General Question/Discussion","1767302620","2026-01-01T21:23:40+00:00","12","12","1","62","0f8a981e206d60fd","","reddit-adhdwomen-does_anyone_here_successfully_use:comment:nx6oc1l","comment","nx6oc1l","t1_nx6oc1l","https://www.reddit.com/r/adhdwomen/comments/1q1fj20/does_anyone_here_successfully_use/nx6oc1l/","/r/adhdwomen/comments/1q1fj20/does_anyone_here_successfully_use/nx6oc1l/","t1_nx6972y","comment","nx6972y","nx6972y","1","false","nx6972y > nx6oc1l","0f8a981e206d60fd","","","true","false","","1","1","0","0","0","1767320779","2026-01-02T02:26:19+00:00","false","False","","false","false","false","false","Thank you so much. I think an Apple Watch might be helpful. I appreciate all of the suggestions.","Thank you so much. I think an Apple Watch might be helpful. I appreciate all of the suggestions.","96","18","I love calendars and planners. Right now my current system is a combo of iCal, a weekly paper notepad calendar, a bullet journal, notes app, and reminders app. Events and appnts go into the ical. Every week, I sit down and write out my appnts and events into my weekly calendar pad, and make a to do list for the week. Then I create reminders of the to do list items, and schedule them on whatever days I think I might be able to do them, but the loose goal is to just do them that week. Notes app is mostly for referential stuff— meal planning, longer-term goals, a variety of different lists. Notes app or reminders app are where I’m most likely to dump tasks or ideas that come up on the fly. And…","I love calendars and planners. Right now my current system is a combo of iCal, a weekly paper notepad calendar, a bullet journal, notes app, and reminders app. Events and appnts go into the ical. Every week, I sit down and write out my appnts and events into my weekly calendar pad, and make a to do list for the week. Then I create reminders of the to do list items, and schedule them on whatever days I think I might be able to do them, but the loose goal is to just do them that week. Notes app is mostly for referential stuff— meal planning, longer-term goals, a variety of different lists. Notes app or reminders app are where I’m most likely to dump tasks or ideas that come up on the fly. And…","","false","false","app","","","mentions_planner_or_system","4","[THREAD_TITLE]
Does anyone here successfully use Planners/Calendars? If so, what are your recommendations?

[THREAD_BODY]
Any advice on how to use them continuously is also very appreciated. Thank you sm!

[PARENT_COMMENT_CONTEXT]
I love calendars and planners. Right now my current system is a combo of iCal, a weekly paper notepad calendar, a bullet journal, notes app, and reminders app. Events and appnts go into the ical. Every week, I sit down and write out my appnts and events into my weekly calendar pad, and make a to do list for the week. Then I create reminders of the to do list items, and schedule them on whatever days I think I might be able to do them, but the loose goal is to just do them that week. Notes app is mostly for referential stuff— meal planning, longer-term goals, a variety of different lists. Notes app or reminders app are where I’m most likely to dump tasks or ideas that come up on the fly. And…

[CURRENT_RECORD]
Thank you so much. I think an Apple Watch might be helpful. I appreciate all of the suggestions."
"C:\Projects\Web\planner-tdah\research\reddit_data\reddit-adhdwomen-does_anyone_here_successfully_use.json","reddit-adhdwomen-does_anyone_here_successfully_use","1q1fj20","t3_1q1fj20","https://www.reddit.com/r/adhdwomen/comments/1q1fj20/does_anyone_here_successfully_use/","adhdwomen","r/adhdwomen","Does anyone here successfully use Planners/Calendars? If so, what are your recommendations?","Any advice on how to use them continuously is also very appreciated. Thank you sm!","General Question/Discussion","1767302620","2026-01-01T21:23:40+00:00","12","12","1","62","0f8a981e206d60fd","","reddit-adhdwomen-does_anyone_here_successfully_use:comment:nx6b07h","comment","nx6b07h","t1_nx6b07h","https://www.reddit.com/r/adhdwomen/comments/1q1fj20/does_anyone_here_successfully_use/nx6b07h/","/r/adhdwomen/comments/1q1fj20/does_anyone_here_successfully_use/nx6b07h/","t3_1q1fj20","post","","nx6b07h","0","true","nx6b07h","5667525f0be9edd0","","","false","false","","2","2","0","0","1","1767315894","2026-01-02T01:04:54+00:00","false","False","","false","false","false","false","Electronic calendar, on the home screen of every device, and the very very important part: Everything goes on the calendar so you must constantly be engaging with the calendar. No memorizing, no other place to capture information (you can put up reminder notes or whatever in your home or your alarm clock but the calendar is the System of Record, it must go there first). I do keep certain kinds of life data in other systems - Evernote is where the paperwork type stuff gets pasted or photographed, I have a big master google sheet with tabs for some projects I'm working on, I have a password manager shared with my husband for all data that needs to be secured - but there is a nightly appointment in my calendar called ""notes"" with links to those things. So I am always just a couple clicks away from them. Google is my personal calendar, Outlook is currently my work's calendaring system, but I use the same system for each - everything goes there so everything has to go there.","Electronic calendar, on the home screen of every device, and the very very important part: Everything goes on the calendar so you must constantly be engaging with the calendar. No memorizing, no other place to capture information (you can put up reminder notes or whatever in you…","984","178","","","","false","false","calendar | app","","reminder | notes","long_form_comment | mentions_feature_or_solution | mentions_planner_or_system","39","[THREAD_TITLE]
Does anyone here successfully use Planners/Calendars? If so, what are your recommendations?

[THREAD_BODY]
Any advice on how to use them continuously is also very appreciated. Thank you sm!

[CURRENT_RECORD]
Electronic calendar, on the home screen of every device, and the very very important part: Everything goes on the calendar so you must constantly be engaging with the calendar. No memorizing, no other place to capture information (you can put up reminder notes or whatever in your home or your alarm clock but the calendar is the System of Record, it must go there first). I do keep certain kinds of life data in other systems - Evernote is where the paperwork type stuff gets pasted or photographed, I have a big master google sheet with tabs for some projects I'm working on, I have a password manager shared with my husband for all data that needs to be secured - but there is a nightly appointment in my calendar called ""notes"" with links to those things. So I am always just a couple clicks away from them. Google is my personal calendar, Outlook is currently my work's calendaring system, but I use the same system for each - everything goes there so everything has to go there."
"C:\Projects\Web\planner-tdah\research\reddit_data\reddit-adhdwomen-does_anyone_here_successfully_use.json","reddit-adhdwomen-does_anyone_here_successfully_use","1q1fj20","t3_1q1fj20","https://www.reddit.com/r/adhdwomen/comments/1q1fj20/does_anyone_here_successfully_use/","adhdwomen","r/adhdwomen","Does anyone here successfully use Planners/Calendars? If so, what are your recommendations?","Any advice on how to use them continuously is also very appreciated. Thank you sm!","General Question/Discussion","1767302620","2026-01-01T21:23:40+00:00","12","12","1","62","0f8a981e206d60fd","","reddit-adhdwomen-does_anyone_here_successfully_use:comment:nxafpu2","comment","nxafpu2","t1_nxafpu2","https://www.reddit.com/r/adhdwomen/comments/1q1fj20/does_anyone_here_successfully_use/nxafpu2/","/r/adhdwomen/comments/1q1fj20/does_anyone_here_successfully_use/nxafpu2/","t1_nx6b07h","comment","nx6b07h","nx6b07h","1","false","nx6b07h > nxafpu2","0f8a981e206d60fd","","","true","false","","1","1","0","0","0","1767376174","2026-01-02T17:49:34+00:00","false","False","","false","false","false","false","Thank you! I’m going to try to implement some of these for sure.","Thank you! I’m going to try to implement some of these for sure.","64","13","Electronic calendar, on the home screen of every device, and the very very important part: Everything goes on the calendar so you must constantly be engaging with the calendar. No memorizing, no other place to capture information (you can put up reminder notes or whatever in your home or your alarm clock but the calendar is the System of Record, it must go there first). I do keep certain kinds of life data in other systems - Evernote is where the paperwork type stuff gets pasted or photographed, I have a big master google sheet with tabs for some projects I'm working on, I have a password manager shared with my husband for all data that needs to be secured - but there is a nightly appointme…","Electronic calendar, on the home screen of every device, and the very very important part: Everything goes on the calendar so you must constantly be engaging with the calendar. No memorizing, no other place to capture information (you can put up reminder notes or whatever in your home or your alarm clock but the calendar is the System of Record, it must go there first). I do keep certain kinds of life data in other systems - Evernote is where the paperwork type stuff gets pasted or photographed, I have a big master google sheet with tabs for some projects I'm working on, I have a password manager shared with my husband for all data that needs to be secured - but there is a nightly appointme…","","false","false","","","","","0","[THREAD_TITLE]
Does anyone here successfully use Planners/Calendars? If so, what are your recommendations?

[THREAD_BODY]
Any advice on how to use them continuously is also very appreciated. Thank you sm!

[PARENT_COMMENT_CONTEXT]
Electronic calendar, on the home screen of every device, and the very very important part: Everything goes on the calendar so you must constantly be engaging with the calendar. No memorizing, no other place to capture information (you can put up reminder notes or whatever in your home or your alarm clock but the calendar is the System of Record, it must go there first). I do keep certain kinds of life data in other systems - Evernote is where the paperwork type stuff gets pasted or photographed, I have a big master google sheet with tabs for some projects I'm working on, I have a password manager shared with my husband for all data that needs to be secured - but there is a nightly appointme…

[CURRENT_RECORD]
Thank you! I’m going to try to implement some of these for sure."
"C:\Projects\Web\planner-tdah\research\reddit_data\reddit-adhdwomen-does_anyone_here_successfully_use.json","reddit-adhdwomen-does_anyone_here_successfully_use","1q1fj20","t3_1q1fj20","https://www.reddit.com/r/adhdwomen/comments/1q1fj20/does_anyone_here_successfully_use/","adhdwomen","r/adhdwomen","Does anyone here successfully use Planners/Calendars? If so, what are your recommendations?","Any advice on how to use them continuously is also very appreciated. Thank you sm!","General Question/Discussion","1767302620","2026-01-01T21:23:40+00:00","12","12","1","62","0f8a981e206d60fd","","reddit-adhdwomen-does_anyone_here_successfully_use:comment:nx6beae","comment","nx6beae","t1_nx6beae","https://www.reddit.com/r/adhdwomen/comments/1q1fj20/does_anyone_here_successfully_use/nx6beae/","/r/adhdwomen/comments/1q1fj20/does_anyone_here_successfully_use/nx6beae/","t3_1q1fj20","post","","nx6beae","0","true","nx6beae","8f76b7d989ea571b","","","false","false","","2","2","0","0","1","1767316036","2026-01-02T01:07:16+00:00","false","False","","false","false","false","false","Yes! My life is organized with some pretty simple systems: 1. Everything personal goes into my iPhone apple calendar. Every appointment, birthday, recurring events, travel, etc. 2. Everything at work goes on my work calendar which is via outlook. It automatically shows on my personal calendar so I can see my work meetings when scheduling appointments and making plans. This is an easy one. 3. Things that I have to do on a daily basis get put into an app called “alarmed”. It creates a notification that I will not let myself clear until I have completed the task. This works very well for me because I can’t stand having notifications on my phone. So I use it for EVERYTHING. Daily meds, monthly reminders to give my dog flea and tick meds, monthly tasks at work that I easily forget, payment reminders, things I need to do once like leave at a certain time to be somewhere, this app has so many uses! 4. The iPhone notes app for literally everything else. All ideas and plans and random thoughts and links to things I don’t want to forget. I pin the important notes and search for everything else. I hope this helps!","Yes! My life is organized with some pretty simple systems: 1. Everything personal goes into my iPhone apple calendar. Every appointment, birthday, recurring events, travel, etc. 2. Everything at work goes on my work calendar which is via outlook. It automatically shows on my per…","1120","202","","","","false","true","plan | calendar | app | to do | monthly | daily | organize","forget | time | tasks","simple | reminder | reminders | notes | appointments | monthly | daily","forgetfulness_or_time_signal | long_form_comment | mentions_feature_or_solution | mentions_pain_or_friction | mentions_planner_or_system | mentions_working_solution_or_recommendation","100","[THREAD_TITLE]
Does anyone here successfully use Planners/Calendars? If so, what are your recommendations?

[THREAD_BODY]
Any advice on how to use them continuously is also very appreciated. Thank you sm!

[CURRENT_RECORD]
Yes! My life is organized with some pretty simple systems: 1. Everything personal goes into my iPhone apple calendar. Every appointment, birthday, recurring events, travel, etc. 2. Everything at work goes on my work calendar which is via outlook. It automatically shows on my personal calendar so I can see my work meetings when scheduling appointments and making plans. This is an easy one. 3. Things that I have to do on a daily basis get put into an app called “alarmed”. It creates a notification that I will not let myself clear until I have completed the task. This works very well for me because I can’t stand having notifications on my phone. So I use it for EVERYTHING. Daily meds, monthly reminders to give my dog flea and tick meds, monthly tasks at work that I easily forget, payment reminders, things I need to do once like leave at a certain time to be somewhere, this app has so many uses! 4. The iPhone notes app for literally everything else. All ideas and plans and random thoughts and links to things I don’t want to forget. I pin the important notes and search for everything else. I hope this helps!"
"C:\Projects\Web\planner-tdah\research\reddit_data\reddit-adhdwomen-does_anyone_here_successfully_use.json","reddit-adhdwomen-does_anyone_here_successfully_use","1q1fj20","t3_1q1fj20","https://www.reddit.com/r/adhdwomen/comments/1q1fj20/does_anyone_here_successfully_use/","adhdwomen","r/adhdwomen","Does anyone here successfully use Planners/Calendars? If so, what are your recommendations?","Any advice on how to use them continuously is also very appreciated. Thank you sm!","General Question/Discussion","1767302620","2026-01-01T21:23:40+00:00","12","12","1","62","0f8a981e206d60fd","","reddit-adhdwomen-does_anyone_here_successfully_use:comment:nx6nup1","comment","nx6nup1","t1_nx6nup1","https://www.reddit.com/r/adhdwomen/comments/1q1fj20/does_anyone_here_successfully_use/nx6nup1/","/r/adhdwomen/comments/1q1fj20/does_anyone_here_successfully_use/nx6nup1/","t1_nx6beae","comment","nx6beae","nx6beae","1","false","nx6beae > nx6nup1","0f8a981e206d60fd","","","true","false","","1","1","0","0","0","1767320604","2026-01-02T02:23:24+00:00","false","False","","false","false","false","false","Thank you so much!","Thank you so much!","18","4","Yes! My life is organized with some pretty simple systems: 1. Everything personal goes into my iPhone apple calendar. Every appointment, birthday, recurring events, travel, etc. 2. Everything at work goes on my work calendar which is via outlook. It automatically shows on my personal calendar so I can see my work meetings when scheduling appointments and making plans. This is an easy one. 3. Things that I have to do on a daily basis get put into an app called “alarmed”. It creates a notification that I will not let myself clear until I have completed the task. This works very well for me because I can’t stand having notifications on my phone. So I use it for EVERYTHING. Daily meds, monthly…","Yes! My life is organized with some pretty simple systems: 1. Everything personal goes into my iPhone apple calendar. Every appointment, birthday, recurring events, travel, etc. 2. Everything at work goes on my work calendar which is via outlook. It automatically shows on my personal calendar so I can see my work meetings when scheduling appointments and making plans. This is an easy one. 3. Things that I have to do on a daily basis get put into an app called “alarmed”. It creates a notification that I will not let myself clear until I have completed the task. This works very well for me because I can’t stand having notifications on my phone. So I use it for EVERYTHING. Daily meds, monthly…","","false","false","","","","","0","[THREAD_TITLE]
Does anyone here successfully use Planners/Calendars? If so, what are your recommendations?

[THREAD_BODY]
Any advice on how to use them continuously is also very appreciated. Thank you sm!

[PARENT_COMMENT_CONTEXT]
Yes! My life is organized with some pretty simple systems: 1. Everything personal goes into my iPhone apple calendar. Every appointment, birthday, recurring events, travel, etc. 2. Everything at work goes on my work calendar which is via outlook. It automatically shows on my personal calendar so I can see my work meetings when scheduling appointments and making plans. This is an easy one. 3. Things that I have to do on a daily basis get put into an app called “alarmed”. It creates a notification that I will not let myself clear until I have completed the task. This works very well for me because I can’t stand having notifications on my phone. So I use it for EVERYTHING. Daily meds, monthly…

[CURRENT_RECORD]
Thank you so much!"
"C:\Projects\Web\planner-tdah\research\reddit_data\reddit-adhdwomen-does_anyone_here_successfully_use.json","reddit-adhdwomen-does_anyone_here_successfully_use","1q1fj20","t3_1q1fj20","https://www.reddit.com/r/adhdwomen/comments/1q1fj20/does_anyone_here_successfully_use/","adhdwomen","r/adhdwomen","Does anyone here successfully use Planners/Calendars? If so, what are your recommendations?","Any advice on how to use them continuously is also very appreciated. Thank you sm!","General Question/Discussion","1767302620","2026-01-01T21:23:40+00:00","12","12","1","62","0f8a981e206d60fd","","reddit-adhdwomen-does_anyone_here_successfully_use:comment:nx6kg0g","comment","nx6kg0g","t1_nx6kg0g","https://www.reddit.com/r/adhdwomen/comments/1q1fj20/does_anyone_here_successfully_use/nx6kg0g/","/r/adhdwomen/comments/1q1fj20/does_anyone_here_successfully_use/nx6kg0g/","t3_1q1fj20","post","","nx6kg0g","0","true","nx6kg0g","99f07ef2ed10387d","","","false","false","","2","2","0","0","0","1767319361","2026-01-02T02:02:41+00:00","false","False","","false","false","false","false","If it's not in my calendar, with advance reminder notice, I will completely forget about it. When I'm really busy/stressed, I have to write everything down into blocks so that I don't waste time on the wrong things (this includes everything like making sure I eat lol), then in the morning I'll write down what I need to do for the day. I have seen people use a hole punch system for everyday tasks or periodic goals which looks fun and creative","If it's not in my calendar, with advance reminder notice, I will completely forget about it. When I'm really busy/stressed, I have to write everything down into blocks so that I don't waste time on the wrong things (this includes everything like making sure I eat lol), then in t…","445","82","","","","false","false","calendar | to do","forget | time | tasks","reminder","forgetfulness_or_time_signal | mentions_feature_or_solution | mentions_pain_or_friction | mentions_planner_or_system","55","[THREAD_TITLE]
Does anyone here successfully use Planners/Calendars? If so, what are your recommendations?

[THREAD_BODY]
Any advice on how to use them continuously is also very appreciated. Thank you sm!

[CURRENT_RECORD]
If it's not in my calendar, with advance reminder notice, I will completely forget about it. When I'm really busy/stressed, I have to write everything down into blocks so that I don't waste time on the wrong things (this includes everything like making sure I eat lol), then in the morning I'll write down what I need to do for the day. I have seen people use a hole punch system for everyday tasks or periodic goals which looks fun and creative"
"C:\Projects\Web\planner-tdah\research\reddit_data\reddit-adhdwomen-does_anyone_here_successfully_use.json","reddit-adhdwomen-does_anyone_here_successfully_use","1q1fj20","t3_1q1fj20","https://www.reddit.com/r/adhdwomen/comments/1q1fj20/does_anyone_here_successfully_use/","adhdwomen","r/adhdwomen","Does anyone here successfully use Planners/Calendars? If so, what are your recommendations?","Any advice on how to use them continuously is also very appreciated. Thank you sm!","General Question/Discussion","1767302620","2026-01-01T21:23:40+00:00","12","12","1","62","0f8a981e206d60fd","","reddit-adhdwomen-does_anyone_here_successfully_use:comment:nx6l3g3","comment","nx6l3g3","t1_nx6l3g3","https://www.reddit.com/r/adhdwomen/comments/1q1fj20/does_anyone_here_successfully_use/nx6l3g3/","/r/adhdwomen/comments/1q1fj20/does_anyone_here_successfully_use/nx6l3g3/","t3_1q1fj20","post","","nx6l3g3","0","true","nx6l3g3","cafc9f4884095b8f","","","false","false","","2","2","0","0","1","1767319597","2026-01-02T02:06:37+00:00","false","False","","false","false","false","false","I use the Amplify Planner and Google Calendar","I use the Amplify Planner and Google Calendar","45","8","","","","false","false","planner | plan | calendar","","","mentions_planner_or_system","15","[THREAD_TITLE]
Does anyone here successfully use Planners/Calendars? If so, what are your recommendations?

[THREAD_BODY]
Any advice on how to use them continuously is also very appreciated. Thank you sm!

[CURRENT_RECORD]
I use the Amplify Planner and Google Calendar"
"C:\Projects\Web\planner-tdah\research\reddit_data\reddit-adhdwomen-does_anyone_here_successfully_use.json","reddit-adhdwomen-does_anyone_here_successfully_use","1q1fj20","t3_1q1fj20","https://www.reddit.com/r/adhdwomen/comments/1q1fj20/does_anyone_here_successfully_use/","adhdwomen","r/adhdwomen","Does anyone here successfully use Planners/Calendars? If so, what are your recommendations?","Any advice on how to use them continuously is also very appreciated. Thank you sm!","General Question/Discussion","1767302620","2026-01-01T21:23:40+00:00","12","12","1","62","0f8a981e206d60fd","","reddit-adhdwomen-does_anyone_here_successfully_use:comment:nx6npnu","comment","nx6npnu","t1_nx6npnu","https://www.reddit.com/r/adhdwomen/comments/1q1fj20/does_anyone_here_successfully_use/nx6npnu/","/r/adhdwomen/comments/1q1fj20/does_anyone_here_successfully_use/nx6npnu/","t1_nx6l3g3","comment","nx6l3g3","nx6l3g3","1","false","nx6l3g3 > nx6npnu","0f8a981e206d60fd","","","true","false","","1","1","0","0","0","1767320554","2026-01-02T02:22:34+00:00","false","False","","false","false","false","false","Thank you, I’ll check them out!","Thank you, I’ll check them out!","31","6","I use the Amplify Planner and Google Calendar","I use the Amplify Planner and Google Calendar","","false","false","","","","","0","[THREAD_TITLE]
Does anyone here successfully use Planners/Calendars? If so, what are your recommendations?

[THREAD_BODY]
Any advice on how to use them continuously is also very appreciated. Thank you sm!

[PARENT_COMMENT_CONTEXT]
I use the Amplify Planner and Google Calendar

[CURRENT_RECORD]
Thank you, I’ll check them out!"
"C:\Projects\Web\planner-tdah\research\reddit_data\reddit-adhdwomen-does_anyone_here_successfully_use.json","reddit-adhdwomen-does_anyone_here_successfully_use","1q1fj20","t3_1q1fj20","https://www.reddit.com/r/adhdwomen/comments/1q1fj20/does_anyone_here_successfully_use/","adhdwomen","r/adhdwomen","Does anyone here successfully use Planners/Calendars? If so, what are your recommendations?","Any advice on how to use them continuously is also very appreciated. Thank you sm!","General Question/Discussion","1767302620","2026-01-01T21:23:40+00:00","12","12","1","62","0f8a981e206d60fd","","reddit-adhdwomen-does_anyone_here_successfully_use:comment:nx6tgvu","comment","nx6tgvu","t1_nx6tgvu","https://www.reddit.com/r/adhdwomen/comments/1q1fj20/does_anyone_here_successfully_use/nx6tgvu/","/r/adhdwomen/comments/1q1fj20/does_anyone_here_successfully_use/nx6tgvu/","t3_1q1fj20","post","","nx6tgvu","0","true","nx6tgvu","b32c82f45e17cd2d","","","false","false","","2","2","0","0","0","1767322636","2026-01-02T02:57:16+00:00","false","False","","false","false","false","false","I got a supernote and I love it. It feeds into my chaos and I can pick whatever template I want with multiple choices.","I got a supernote and I love it. It feeds into my chaos and I can pick whatever template I want with multiple choices.","118","24","","","","false","true","template","","","mentions_planner_or_system | mentions_working_solution_or_recommendation | printable_modular_system_signal","28","[THREAD_TITLE]
Does anyone here successfully use Planners/Calendars? If so, what are your recommendations?

[THREAD_BODY]
Any advice on how to use them continuously is also very appreciated. Thank you sm!

[CURRENT_RECORD]
I got a supernote and I love it. It feeds into my chaos and I can pick whatever template I want with multiple choices."
"C:\Projects\Web\planner-tdah\research\reddit_data\reddit-adhdwomen-does_anyone_here_successfully_use.json","reddit-adhdwomen-does_anyone_here_successfully_use","1q1fj20","t3_1q1fj20","https://www.reddit.com/r/adhdwomen/comments/1q1fj20/does_anyone_here_successfully_use/","adhdwomen","r/adhdwomen","Does anyone here successfully use Planners/Calendars? If so, what are your recommendations?","Any advice on how to use them continuously is also very appreciated. Thank you sm!","General Question/Discussion","1767302620","2026-01-01T21:23:40+00:00","12","12","1","62","0f8a981e206d60fd","","reddit-adhdwomen-does_anyone_here_successfully_use:comment:nx6uxkw","comment","nx6uxkw","t1_nx6uxkw","https://www.reddit.com/r/adhdwomen/comments/1q1fj20/does_anyone_here_successfully_use/nx6uxkw/","/r/adhdwomen/comments/1q1fj20/does_anyone_here_successfully_use/nx6uxkw/","t3_1q1fj20","post","","nx6uxkw","0","true","nx6uxkw","d4760b2e689053fd","","","false","false","","2","2","0","0","1","1767323188","2026-01-02T03:06:28+00:00","false","False","","false","false","false","false","I always rely on a planner of some kind. At home, I like paper ones I can write in. At work, I swear by task managers. I have tried to implement task managers into my personal life, but it gets a little too overwhelming. I usually opt for undated planners, so on weeks I don’t use it, it doesn’t feel wasted…I have tried many different planners. I liked the legend planner for a bit (on Amazon). Now I’m just using a cheapish one from home goods. I do often fall into the trap of the new shiny new planners are going to solve everything 🤪","I always rely on a planner of some kind. At home, I like paper ones I can write in. At work, I swear by task managers. I have tried to implement task managers into my personal life, but it gets a little too overwhelming. I usually opt for undated planners, so on weeks I don’t us…","538","105","","","","false","false","planner | planners | plan","overwhelm","","long_form_comment | mentions_pain_or_friction | mentions_planner_or_system","40","[THREAD_TITLE]
Does anyone here successfully use Planners/Calendars? If so, what are your recommendations?

[THREAD_BODY]
Any advice on how to use them continuously is also very appreciated. Thank you sm!

[CURRENT_RECORD]
I always rely on a planner of some kind. At home, I like paper ones I can write in. At work, I swear by task managers. I have tried to implement task managers into my personal life, but it gets a little too overwhelming. I usually opt for undated planners, so on weeks I don’t use it, it doesn’t feel wasted…I have tried many different planners. I liked the legend planner for a bit (on Amazon). Now I’m just using a cheapish one from home goods. I do often fall into the trap of the new shiny new planners are going to solve everything 🤪"
"C:\Projects\Web\planner-tdah\research\reddit_data\reddit-adhdwomen-does_anyone_here_successfully_use.json","reddit-adhdwomen-does_anyone_here_successfully_use","1q1fj20","t3_1q1fj20","https://www.reddit.com/r/adhdwomen/comments/1q1fj20/does_anyone_here_successfully_use/","adhdwomen","r/adhdwomen","Does anyone here successfully use Planners/Calendars? If so, what are your recommendations?","Any advice on how to use them continuously is also very appreciated. Thank you sm!","General Question/Discussion","1767302620","2026-01-01T21:23:40+00:00","12","12","1","62","0f8a981e206d60fd","","reddit-adhdwomen-does_anyone_here_successfully_use:comment:nxaf2im","comment","nxaf2im","t1_nxaf2im","https://www.reddit.com/r/adhdwomen/comments/1q1fj20/does_anyone_here_successfully_use/nxaf2im/","/r/adhdwomen/comments/1q1fj20/does_anyone_here_successfully_use/nxaf2im/","t1_nx6uxkw","comment","nx6uxkw","nx6uxkw","1","false","nx6uxkw > nxaf2im","0f8a981e206d60fd","","","true","false","","2","2","0","0","0","1767375995","2026-01-02T17:46:35+00:00","false","False","","false","false","false","false","Thank you!","Thank you!","10","2","I always rely on a planner of some kind. At home, I like paper ones I can write in. At work, I swear by task managers. I have tried to implement task managers into my personal life, but it gets a little too overwhelming. I usually opt for undated planners, so on weeks I don’t use it, it doesn’t feel wasted…I have tried many different planners. I liked the legend planner for a bit (on Amazon). Now I’m just using a cheapish one from home goods. I do often fall into the trap of the new shiny new planners are going to solve everything 🤪","I always rely on a planner of some kind. At home, I like paper ones I can write in. At work, I swear by task managers. I have tried to implement task managers into my personal life, but it gets a little too overwhelming. I usually opt for undated planners, so on weeks I don’t use it, it doesn’t feel wasted…I have tried many different planners. I liked the legend planner for a bit (on Amazon). Now I’m just using a cheapish one from home goods. I do often fall into the trap of the new shiny new planners are going to solve everything 🤪","","false","false","","","","","0","[THREAD_TITLE]
Does anyone here successfully use Planners/Calendars? If so, what are your recommendations?

[THREAD_BODY]
Any advice on how to use them continuously is also very appreciated. Thank you sm!

[PARENT_COMMENT_CONTEXT]
I always rely on a planner of some kind. At home, I like paper ones I can write in. At work, I swear by task managers. I have tried to implement task managers into my personal life, but it gets a little too overwhelming. I usually opt for undated planners, so on weeks I don’t use it, it doesn’t feel wasted…I have tried many different planners. I liked the legend planner for a bit (on Amazon). Now I’m just using a cheapish one from home goods. I do often fall into the trap of the new shiny new planners are going to solve everything 🤪

[CURRENT_RECORD]
Thank you!"
"C:\Projects\Web\planner-tdah\research\reddit_data\reddit-adhdwomen-does_anyone_here_successfully_use.json","reddit-adhdwomen-does_anyone_here_successfully_use","1q1fj20","t3_1q1fj20","https://www.reddit.com/r/adhdwomen/comments/1q1fj20/does_anyone_here_successfully_use/","adhdwomen","r/adhdwomen","Does anyone here successfully use Planners/Calendars? If so, what are your recommendations?","Any advice on how to use them continuously is also very appreciated. Thank you sm!","General Question/Discussion","1767302620","2026-01-01T21:23:40+00:00","12","12","1","62","0f8a981e206d60fd","","reddit-adhdwomen-does_anyone_here_successfully_use:comment:nx6vboe","comment","nx6vboe","t1_nx6vboe","https://www.reddit.com/r/adhdwomen/comments/1q1fj20/does_anyone_here_successfully_use/nx6vboe/","/r/adhdwomen/comments/1q1fj20/does_anyone_here_successfully_use/nx6vboe/","t3_1q1fj20","post","","nx6vboe","0","true","nx6vboe","bdc06fa6fddd4757","","ADHD-C","false","false","","2","2","0","0","1","1767323335","2026-01-02T03:08:55+00:00","false","False","","false","false","false","false","I use a daily/monthly planner for work and I find it to be really helpful with staying organized. The specific planner that I use has separate pages for each day of the week. Each page has 3 columns, 1 for each 30 minutes of the day, 1 for tasks/to-dos, and 1 for notes. I work as a care coordinator for a behavioral health center and I have to make a lot of outreach calls to patients and insurance companies, along with several meetings each day and additional admin duties. I find that starting my day by adding all meetings, tasks, and reminds for myself into my planner really helps me be productive and stay on top of the important stuff. I also use the notes column in the planner to notate details of calls I make or meetings I attend. It’s been nice to use as a back up for times that I forget to document discussions in patient charts. I’m able to go back a few pages in the planner to remember exactly which day I reached out at what was important about it. I’ve also been able to use it to find phone/fax numbers for insurance carriers that I’d used for something in the past. (Insurance companies make it VERY difficult to find the correct phone/fax numbers to use, I hate them all). Here’s a link to the planner I use in case anyone’s interested. I used up the 2025 one and just orders one for 2026 on Amazon. I believe they are also available at Target. Planner (https://www.bluesky.com/collections/planners/products/daily-planner-navy-stripe-8-x-10-by-day-designer) edited to add in that the best part of using a planner to map out my work day it crossing the shit off when it’s complete!","I use a daily/monthly planner for work and I find it to be really helpful with staying organized. The specific planner that I use has separate pages for each day of the week. Each page has 3 columns, 1 for each 30 minutes of the day, 1 for tasks/to-dos, and 1 for notes. I work a…","1604","287","","","https://www.bluesky.com/collections/planners/products/daily-planner-navy-stripe-8-x-10-by-day-designer","false","true","planner | planners | plan | to do | to-do | monthly | daily | organize","forget | time | tasks","columns | notes | monthly | daily","forgetfulness_or_time_signal | long_form_comment | mentions_feature_or_solution | mentions_pain_or_friction | mentions_planner_or_system | mentions_working_solution_or_recommendation","100","[THREAD_TITLE]
Does anyone here successfully use Planners/Calendars? If so, what are your recommendations?

[THREAD_BODY]
Any advice on how to use them continuously is also very appreciated. Thank you sm!

[CURRENT_RECORD]
I use a daily/monthly planner for work and I find it to be really helpful with staying organized. The specific planner that I use has separate pages for each day of the week. Each page has 3 columns, 1 for each 30 minutes of the day, 1 for tasks/to-dos, and 1 for notes. I work as a care coordinator for a behavioral health center and I have to make a lot of outreach calls to patients and insurance companies, along with several meetings each day and additional admin duties. I find that starting my day by adding all meetings, tasks, and reminds for myself into my planner really helps me be productive and stay on top of the important stuff. I also use the notes column in the planner to notate details of calls I make or meetings I attend. It’s been nice to use as a back up for times that I forget to document discussions in patient charts. I’m able to go back a few pages in the planner to remember exactly which day I reached out at what was important about it. I’ve also been able to use it to find phone/fax numbers for insurance carriers that I’d used for something in the past. (Insurance companies make it VERY difficult to find the correct phone/fax numbers to use, I hate them all). Here’s a link to the planner I use in case anyone’s interested. I used up the 2025 one and just orders one for 2026 on Amazon. I believe they are also available at Target. Planner (https://www.bluesky.com/collections/planners/products/daily-planner-navy-stripe-8-x-10-by-day-designer) edited to add in that the best part of using a planner to map out my work day it crossing the shit off when it’s complete!"
"C:\Projects\Web\planner-tdah\research\reddit_data\reddit-adhdwomen-does_anyone_here_successfully_use.json","reddit-adhdwomen-does_anyone_here_successfully_use","1q1fj20","t3_1q1fj20","https://www.reddit.com/r/adhdwomen/comments/1q1fj20/does_anyone_here_successfully_use/","adhdwomen","r/adhdwomen","Does anyone here successfully use Planners/Calendars? If so, what are your recommendations?","Any advice on how to use them continuously is also very appreciated. Thank you sm!","General Question/Discussion","1767302620","2026-01-01T21:23:40+00:00","12","12","1","62","0f8a981e206d60fd","","reddit-adhdwomen-does_anyone_here_successfully_use:comment:nxaezxc","comment","nxaezxc","t1_nxaezxc","https://www.reddit.com/r/adhdwomen/comments/1q1fj20/does_anyone_here_successfully_use/nxaezxc/","/r/adhdwomen/comments/1q1fj20/does_anyone_here_successfully_use/nxaezxc/","t1_nx6vboe","comment","nx6vboe","nx6vboe","1","false","nx6vboe > nxaezxc","0f8a981e206d60fd","","","true","false","","1","1","0","0","0","1767375975","2026-01-02T17:46:15+00:00","false","False","","false","false","false","false","Thank you so much!","Thank you so much!","18","4","I use a daily/monthly planner for work and I find it to be really helpful with staying organized. The specific planner that I use has separate pages for each day of the week. Each page has 3 columns, 1 for each 30 minutes of the day, 1 for tasks/to-dos, and 1 for notes. I work as a care coordinator for a behavioral health center and I have to make a lot of outreach calls to patients and insurance companies, along with several meetings each day and additional admin duties. I find that starting my day by adding all meetings, tasks, and reminds for myself into my planner really helps me be productive and stay on top of the important stuff. I also use the notes column in the planner to notate d…","I use a daily/monthly planner for work and I find it to be really helpful with staying organized. The specific planner that I use has separate pages for each day of the week. Each page has 3 columns, 1 for each 30 minutes of the day, 1 for tasks/to-dos, and 1 for notes. I work as a care coordinator for a behavioral health center and I have to make a lot of outreach calls to patients and insurance companies, along with several meetings each day and additional admin duties. I find that starting my day by adding all meetings, tasks, and reminds for myself into my planner really helps me be productive and stay on top of the important stuff. I also use the notes column in the planner to notate d…","","false","false","","","","","0","[THREAD_TITLE]
Does anyone here successfully use Planners/Calendars? If so, what are your recommendations?

[THREAD_BODY]
Any advice on how to use them continuously is also very appreciated. Thank you sm!

[PARENT_COMMENT_CONTEXT]
I use a daily/monthly planner for work and I find it to be really helpful with staying organized. The specific planner that I use has separate pages for each day of the week. Each page has 3 columns, 1 for each 30 minutes of the day, 1 for tasks/to-dos, and 1 for notes. I work as a care coordinator for a behavioral health center and I have to make a lot of outreach calls to patients and insurance companies, along with several meetings each day and additional admin duties. I find that starting my day by adding all meetings, tasks, and reminds for myself into my planner really helps me be productive and stay on top of the important stuff. I also use the notes column in the planner to notate d…

[CURRENT_RECORD]
Thank you so much!"
"C:\Projects\Web\planner-tdah\research\reddit_data\reddit-adhdwomen-does_anyone_here_successfully_use.json","reddit-adhdwomen-does_anyone_here_successfully_use","1q1fj20","t3_1q1fj20","https://www.reddit.com/r/adhdwomen/comments/1q1fj20/does_anyone_here_successfully_use/","adhdwomen","r/adhdwomen","Does anyone here successfully use Planners/Calendars? If so, what are your recommendations?","Any advice on how to use them continuously is also very appreciated. Thank you sm!","General Question/Discussion","1767302620","2026-01-01T21:23:40+00:00","12","12","1","62","0f8a981e206d60fd","","reddit-adhdwomen-does_anyone_here_successfully_use:comment:nx71p3k","comment","nx71p3k","t1_nx71p3k","https://www.reddit.com/r/adhdwomen/comments/1q1fj20/does_anyone_here_successfully_use/nx71p3k/","/r/adhdwomen/comments/1q1fj20/does_anyone_here_successfully_use/nx71p3k/","t3_1q1fj20","post","","nx71p3k","0","true","nx71p3k","f95807d7b01a3a35","","","false","false","","2","2","0","0","0","1767325788","2026-01-02T03:49:48+00:00","false","False","","false","false","false","false","Extremely scatterbrained but sticky notes are helpful. Didn’t get that task done? Just move the note to another day.","Extremely scatterbrained but sticky notes are helpful. Didn’t get that task done? Just move the note to another day.","116","19","","","","true","false","","","notes","contains_question | mentions_feature_or_solution","4","[THREAD_TITLE]
Does anyone here successfully use Planners/Calendars? If so, what are your recommendations?

[THREAD_BODY]
Any advice on how to use them continuously is also very appreciated. Thank you sm!

[CURRENT_RECORD]
Extremely scatterbrained but sticky notes are helpful. Didn’t get that task done? Just move the note to another day."
"C:\Projects\Web\planner-tdah\research\reddit_data\reddit-adhdwomen-does_anyone_here_successfully_use.json","reddit-adhdwomen-does_anyone_here_successfully_use","1q1fj20","t3_1q1fj20","https://www.reddit.com/r/adhdwomen/comments/1q1fj20/does_anyone_here_successfully_use/","adhdwomen","r/adhdwomen","Does anyone here successfully use Planners/Calendars? If so, what are your recommendations?","Any advice on how to use them continuously is also very appreciated. Thank you sm!","General Question/Discussion","1767302620","2026-01-01T21:23:40+00:00","12","12","1","62","0f8a981e206d60fd","","reddit-adhdwomen-does_anyone_here_successfully_use:comment:nx77yaw","comment","nx77yaw","t1_nx77yaw","https://www.reddit.com/r/adhdwomen/comments/1q1fj20/does_anyone_here_successfully_use/nx77yaw/","/r/adhdwomen/comments/1q1fj20/does_anyone_here_successfully_use/nx77yaw/","t3_1q1fj20","post","","nx77yaw","0","true","nx77yaw","e35e5ddfed5a67c3","","","false","false","","2","2","0","0","0","1767328230","2026-01-02T04:30:30+00:00","false","False","","false","false","false","false","I use a good old fashioned wall calendar. I hang it up by my vanity and look at it when I brush my teeth. I write everything down in the squares. I like looking at the week day and month together.","I use a good old fashioned wall calendar. I hang it up by my vanity and look at it when I brush my teeth. I write everything down in the squares. I like looking at the week day and month together.","196","41","","","","false","false","calendar","","","mentions_planner_or_system","14","[THREAD_TITLE]
Does anyone here successfully use Planners/Calendars? If so, what are your recommendations?

[THREAD_BODY]
Any advice on how to use them continuously is also very appreciated. Thank you sm!

[CURRENT_RECORD]
I use a good old fashioned wall calendar. I hang it up by my vanity and look at it when I brush my teeth. I write everything down in the squares. I like looking at the week day and month together."
"C:\Projects\Web\planner-tdah\research\reddit_data\reddit-adhdwomen-does_anyone_here_successfully_use.json","reddit-adhdwomen-does_anyone_here_successfully_use","1q1fj20","t3_1q1fj20","https://www.reddit.com/r/adhdwomen/comments/1q1fj20/does_anyone_here_successfully_use/","adhdwomen","r/adhdwomen","Does anyone here successfully use Planners/Calendars? If so, what are your recommendations?","Any advice on how to use them continuously is also very appreciated. Thank you sm!","General Question/Discussion","1767302620","2026-01-01T21:23:40+00:00","12","12","1","62","0f8a981e206d60fd","","reddit-adhdwomen-does_anyone_here_successfully_use:comment:nx7akad","comment","nx7akad","t1_nx7akad","https://www.reddit.com/r/adhdwomen/comments/1q1fj20/does_anyone_here_successfully_use/nx7akad/","/r/adhdwomen/comments/1q1fj20/does_anyone_here_successfully_use/nx7akad/","t3_1q1fj20","post","","nx7akad","0","true","nx7akad","7799c352abf7dba9","","","false","false","","2","2","0","0","1","1767329258","2026-01-02T04:47:38+00:00","false","False","","false","false","false","false","I’ve been using the Hobonichi Cousin for two years now and I’ll never use anything else. It has monthly, weekly, and daily breakdowns for the year. Love this because I feel like I need something different every day, and this ensures it all stays together. Some weeks are busy and the weekly spread with half-hour increments is perfect for block planning. Some days I just need a place to catch my brain dump. The monthly view is fun because I put a sticker on every day I have something going on. It keeps me interested in checking so I can decorate a little without getting distracted. I put all my appointments into my phone because that reminder card is gone before I leave the office. I also have a wall calendar in my kitchen for shared household appts and plans. Sometimes it doesn’t get updated until my husband and I are discussing the next few days and realize we haven’t communicated something.","I’ve been using the Hobonichi Cousin for two years now and I’ll never use anything else. It has monthly, weekly, and daily breakdowns for the year. Love this because I feel like I need something different every day, and this ensures it all stays together. Some weeks are busy and…","904","162","","","","false","true","plan | planning | calendar | app | weekly | monthly | daily","time","reminder | appointments | weekly | monthly | daily","long_form_comment | mentions_feature_or_solution | mentions_pain_or_friction | mentions_planner_or_system | mentions_working_solution_or_recommendation","76","[THREAD_TITLE]
Does anyone here successfully use Planners/Calendars? If so, what are your recommendations?

[THREAD_BODY]
Any advice on how to use them continuously is also very appreciated. Thank you sm!

[CURRENT_RECORD]
I’ve been using the Hobonichi Cousin for two years now and I’ll never use anything else. It has monthly, weekly, and daily breakdowns for the year. Love this because I feel like I need something different every day, and this ensures it all stays together. Some weeks are busy and the weekly spread with half-hour increments is perfect for block planning. Some days I just need a place to catch my brain dump. The monthly view is fun because I put a sticker on every day I have something going on. It keeps me interested in checking so I can decorate a little without getting distracted. I put all my appointments into my phone because that reminder card is gone before I leave the office. I also have a wall calendar in my kitchen for shared household appts and plans. Sometimes it doesn’t get updated until my husband and I are discussing the next few days and realize we haven’t communicated something."
"C:\Projects\Web\planner-tdah\research\reddit_data\reddit-adhdwomen-does_anyone_here_successfully_use.json","reddit-adhdwomen-does_anyone_here_successfully_use","1q1fj20","t3_1q1fj20","https://www.reddit.com/r/adhdwomen/comments/1q1fj20/does_anyone_here_successfully_use/","adhdwomen","r/adhdwomen","Does anyone here successfully use Planners/Calendars? If so, what are your recommendations?","Any advice on how to use them continuously is also very appreciated. Thank you sm!","General Question/Discussion","1767302620","2026-01-01T21:23:40+00:00","12","12","1","62","0f8a981e206d60fd","","reddit-adhdwomen-does_anyone_here_successfully_use:comment:nxaeus5","comment","nxaeus5","t1_nxaeus5","https://www.reddit.com/r/adhdwomen/comments/1q1fj20/does_anyone_here_successfully_use/nxaeus5/","/r/adhdwomen/comments/1q1fj20/does_anyone_here_successfully_use/nxaeus5/","t1_nx7akad","comment","nx7akad","nx7akad","1","false","nx7akad > nxaeus5","0f8a981e206d60fd","","","true","false","","1","1","0","0","0","1767375935","2026-01-02T17:45:35+00:00","false","False","","false","false","false","false","Thank you so much!","Thank you so much!","18","4","I’ve been using the Hobonichi Cousin for two years now and I’ll never use anything else. It has monthly, weekly, and daily breakdowns for the year. Love this because I feel like I need something different every day, and this ensures it all stays together. Some weeks are busy and the weekly spread with half-hour increments is perfect for block planning. Some days I just need a place to catch my brain dump. The monthly view is fun because I put a sticker on every day I have something going on. It keeps me interested in checking so I can decorate a little without getting distracted. I put all my appointments into my phone because that reminder card is gone before I leave the office. I also hav…","I’ve been using the Hobonichi Cousin for two years now and I’ll never use anything else. It has monthly, weekly, and daily breakdowns for the year. Love this because I feel like I need something different every day, and this ensures it all stays together. Some weeks are busy and the weekly spread with half-hour increments is perfect for block planning. Some days I just need a place to catch my brain dump. The monthly view is fun because I put a sticker on every day I have something going on. It keeps me interested in checking so I can decorate a little without getting distracted. I put all my appointments into my phone because that reminder card is gone before I leave the office. I also hav…","","false","false","","","","","0","[THREAD_TITLE]
Does anyone here successfully use Planners/Calendars? If so, what are your recommendations?

[THREAD_BODY]
Any advice on how to use them continuously is also very appreciated. Thank you sm!

[PARENT_COMMENT_CONTEXT]
I’ve been using the Hobonichi Cousin for two years now and I’ll never use anything else. It has monthly, weekly, and daily breakdowns for the year. Love this because I feel like I need something different every day, and this ensures it all stays together. Some weeks are busy and the weekly spread with half-hour increments is perfect for block planning. Some days I just need a place to catch my brain dump. The monthly view is fun because I put a sticker on every day I have something going on. It keeps me interested in checking so I can decorate a little without getting distracted. I put all my appointments into my phone because that reminder card is gone before I leave the office. I also hav…

[CURRENT_RECORD]
Thank you so much!"
"C:\Projects\Web\planner-tdah\research\reddit_data\reddit-adhdwomen-does_anyone_here_successfully_use.json","reddit-adhdwomen-does_anyone_here_successfully_use","1q1fj20","t3_1q1fj20","https://www.reddit.com/r/adhdwomen/comments/1q1fj20/does_anyone_here_successfully_use/","adhdwomen","r/adhdwomen","Does anyone here successfully use Planners/Calendars? If so, what are your recommendations?","Any advice on how to use them continuously is also very appreciated. Thank you sm!","General Question/Discussion","1767302620","2026-01-01T21:23:40+00:00","12","12","1","62","0f8a981e206d60fd","","reddit-adhdwomen-does_anyone_here_successfully_use:comment:nx88a7r","comment","nx88a7r","t1_nx88a7r","https://www.reddit.com/r/adhdwomen/comments/1q1fj20/does_anyone_here_successfully_use/nx88a7r/","/r/adhdwomen/comments/1q1fj20/does_anyone_here_successfully_use/nx88a7r/","t3_1q1fj20","post","","nx88a7r","0","true","nx88a7r","7f5c2a9fa456a746","","","false","false","","2","2","0","0","1","1767346590","2026-01-02T09:36:30+00:00","false","False","","false","false","false","false","It works for me ! I use the ""bujo"" method (doesn't look like real bujo) because the customisation and flexibility is what I need. I will use the same type of ""weekly layout"" for a while until my brain need a change and I can adapt for the next week. It's a bit artsy and make it beautiful makes it interesting and make me want to use it. For calendar, I use my phone but it's separate between personal (Google) and work (outlook). Most of the personal stuff are also on my bujo, half as a reminder when I set the month, half as memory keeping (when I look back at it months or years after, it reminds me of all the cool things I did","It works for me ! I use the ""bujo"" method (doesn't look like real bujo) because the customisation and flexibility is what I need. I will use the same type of ""weekly layout"" for a while until my brain need a change and I can adapt for the next week. It's a bit artsy and make it…","632","126","","","","false","true","calendar | bujo | weekly","","reminder | layout | weekly | change | custom","long_form_comment | mentions_feature_or_solution | mentions_planner_or_system | mentions_working_solution_or_recommendation | novelty_or_format_change_signal","63","[THREAD_TITLE]
Does anyone here successfully use Planners/Calendars? If so, what are your recommendations?

[THREAD_BODY]
Any advice on how to use them continuously is also very appreciated. Thank you sm!

[CURRENT_RECORD]
It works for me ! I use the ""bujo"" method (doesn't look like real bujo) because the customisation and flexibility is what I need. I will use the same type of ""weekly layout"" for a while until my brain need a change and I can adapt for the next week. It's a bit artsy and make it beautiful makes it interesting and make me want to use it. For calendar, I use my phone but it's separate between personal (Google) and work (outlook). Most of the personal stuff are also on my bujo, half as a reminder when I set the month, half as memory keeping (when I look back at it months or years after, it reminds me of all the cool things I did"
"C:\Projects\Web\planner-tdah\research\reddit_data\reddit-adhdwomen-does_anyone_here_successfully_use.json","reddit-adhdwomen-does_anyone_here_successfully_use","1q1fj20","t3_1q1fj20","https://www.reddit.com/r/adhdwomen/comments/1q1fj20/does_anyone_here_successfully_use/","adhdwomen","r/adhdwomen","Does anyone here successfully use Planners/Calendars? If so, what are your recommendations?","Any advice on how to use them continuously is also very appreciated. Thank you sm!","General Question/Discussion","1767302620","2026-01-01T21:23:40+00:00","12","12","1","62","0f8a981e206d60fd","","reddit-adhdwomen-does_anyone_here_successfully_use:comment:nxaeo0o","comment","nxaeo0o","t1_nxaeo0o","https://www.reddit.com/r/adhdwomen/comments/1q1fj20/does_anyone_here_successfully_use/nxaeo0o/","/r/adhdwomen/comments/1q1fj20/does_anyone_here_successfully_use/nxaeo0o/","t1_nx88a7r","comment","nx88a7r","nx88a7r","1","false","nx88a7r > nxaeo0o","0f8a981e206d60fd","","","true","false","","1","1","0","0","0","1767375883","2026-01-02T17:44:43+00:00","false","False","","false","false","false","false","Thank you!","Thank you!","10","2","It works for me ! I use the ""bujo"" method (doesn't look like real bujo) because the customisation and flexibility is what I need. I will use the same type of ""weekly layout"" for a while until my brain need a change and I can adapt for the next week. It's a bit artsy and make it beautiful makes it interesting and make me want to use it. For calendar, I use my phone but it's separate between personal (Google) and work (outlook). Most of the personal stuff are also on my bujo, half as a reminder when I set the month, half as memory keeping (when I look back at it months or years after, it reminds me of all the cool things I did","It works for me ! I use the ""bujo"" method (doesn't look like real bujo) because the customisation and flexibility is what I need. I will use the same type of ""weekly layout"" for a while until my brain need a change and I can adapt for the next week. It's a bit artsy and make it beautiful makes it interesting and make me want to use it. For calendar, I use my phone but it's separate between personal (Google) and work (outlook). Most of the personal stuff are also on my bujo, half as a reminder when I set the month, half as memory keeping (when I look back at it months or years after, it reminds me of all the cool things I did","","false","false","","","","","0","[THREAD_TITLE]
Does anyone here successfully use Planners/Calendars? If so, what are your recommendations?

[THREAD_BODY]
Any advice on how to use them continuously is also very appreciated. Thank you sm!

[PARENT_COMMENT_CONTEXT]
It works for me ! I use the ""bujo"" method (doesn't look like real bujo) because the customisation and flexibility is what I need. I will use the same type of ""weekly layout"" for a while until my brain need a change and I can adapt for the next week. It's a bit artsy and make it beautiful makes it interesting and make me want to use it. For calendar, I use my phone but it's separate between personal (Google) and work (outlook). Most of the personal stuff are also on my bujo, half as a reminder when I set the month, half as memory keeping (when I look back at it months or years after, it reminds me of all the cool things I did

[CURRENT_RECORD]
Thank you!"
