"source_file","source_file_stem","thread_id","thread_fullname","thread_url","subreddit","subreddit_prefixed","thread_title","thread_selftext_clean","thread_flair","thread_created_utc","thread_created_iso","thread_score","thread_ups","thread_upvote_ratio","thread_num_comments","thread_author_hash","thread_author_public","record_id","record_type","comment_id","comment_fullname","comment_url","comment_permalink","parent_id_raw","parent_type","parent_comment_id","root_comment_id","depth","is_top_level","path_ids","author_hash","author_public","author_flair_text","is_submitter","stickied","distinguished","score","ups","downs","controversiality","reply_count_direct","created_utc","created_iso","edited","edited_utc","edited_iso","collapsed","locked","archived","score_hidden","body_clean","body_excerpt_280","body_length_chars","body_word_count","parent_body_excerpt","root_body_excerpt","text_urls","contains_question","contains_recommendation_language","planner_terms_found","pain_terms_found","feature_terms_found","signal_tags","relevance_score_0_100","text_for_ai"
"C:\Projects\Web\planner-tdah\research\reddit_data\reddit-adhdwomen-hyperfixated_on_hobinichi_and_planner_content.json","reddit-adhdwomen-hyperfixated_on_hobinichi_and_planner_content","1tfancf","t3_1tfancf","https://www.reddit.com/r/adhdwomen/comments/1tfancf/hyperfixated_on_hobinichi_and_planner_content/","adhdwomen","r/adhdwomen","Hyperfixated on Hobinichi and planner content","Hi there, I'm looking for advice — I'm currently hyper fixated on planner content, watching hobinichi set up Youtube videos, spending ages looking different undated planners etc. BUT I'm 95% sure I won't use a physical planner if I buy one, but I'm not sure how to get past the hyperfixation without buying something new. I've tried just using note books and setting them up as bullet journals. I've tried getting excited about digital planning and looking at content for that... but there's something about the nicely designed planners (and the content that people create walking through their set up) that I keep coming back to. Any advice?!","General Question/Discussion","1778978928","2026-05-17T00:48:48+00:00","26","26","0.96","34","2df3e6816197db68","","reddit-adhdwomen-hyperfixated_on_hobinichi_and_planner_content:post:1tfancf","thread_post","","","https://www.reddit.com/r/adhdwomen/comments/1tfancf/hyperfixated_on_hobinichi_and_planner_content/","/r/adhdwomen/comments/1tfancf/hyperfixated_on_hobinichi_and_planner_content/","","","","","","","","2df3e6816197db68","","","true","false","","26","26","0","","","1778978928","2026-05-17T00:48:48+00:00","false","False","","","false","false","false","Hyperfixated on Hobinichi and planner content Hi there, I'm looking for advice — I'm currently hyper fixated on planner content, watching hobinichi set up Youtube videos, spending ages looking different undated planners etc. BUT I'm 95% sure I won't use a physical planner if I buy one, but I'm not sure how to get past the hyperfixation without buying something new. I've tried just using note books and setting them up as bullet journals. I've tried getting excited about digital planning and looking at content for that... but there's something about the nicely designed planners (and the content that people create walking through their set up) that I keep coming back to. Any advice?!","Hyperfixated on Hobinichi and planner content Hi there, I'm looking for advice — I'm currently hyper fixated on planner content, watching hobinichi set up Youtube videos, spending ages looking different undated planners etc. BUT I'm 95% sure I won't use a physical planner if I b…","689","114","","","","true","false","planner | planners | plan | planning | bullet journal | journal","","","contains_question | long_form_comment | mentions_planner_or_system","50","[THREAD_TITLE]
Hyperfixated on Hobinichi and planner content

[THREAD_BODY]
Hi there, I'm looking for advice — I'm currently hyper fixated on planner content, watching hobinichi set up Youtube videos, spending ages looking different undated planners etc. BUT I'm 95% sure I won't use a physical planner if I buy one, but I'm not sure how to get past the hyperfixation without buying something new. I've tried just using note books and setting them up as bullet journals. I've tried getting excited about digital planning and looking at content for that... but there's something about the nicely designed planners (and the content that people create walking through their set up) that I keep coming back to. Any advice?!"
"C:\Projects\Web\planner-tdah\research\reddit_data\reddit-adhdwomen-hyperfixated_on_hobinichi_and_planner_content.json","reddit-adhdwomen-hyperfixated_on_hobinichi_and_planner_content","1tfancf","t3_1tfancf","https://www.reddit.com/r/adhdwomen/comments/1tfancf/hyperfixated_on_hobinichi_and_planner_content/","adhdwomen","r/adhdwomen","Hyperfixated on Hobinichi and planner content","Hi there, I'm looking for advice — I'm currently hyper fixated on planner content, watching hobinichi set up Youtube videos, spending ages looking different undated planners etc. BUT I'm 95% sure I won't use a physical planner if I buy one, but I'm not sure how to get past the hyperfixation without buying something new. I've tried just using note books and setting them up as bullet journals. I've tried getting excited about digital planning and looking at content for that... but there's something about the nicely designed planners (and the content that people create walking through their set up) that I keep coming back to. Any advice?!","General Question/Discussion","1778978928","2026-05-17T00:48:48+00:00","26","26","0.96","34","2df3e6816197db68","","reddit-adhdwomen-hyperfixated_on_hobinichi_and_planner_content:comment:om895pu","comment","om895pu","t1_om895pu","https://www.reddit.com/r/adhdwomen/comments/1tfancf/hyperfixated_on_hobinichi_and_planner_content/om895pu/","/r/adhdwomen/comments/1tfancf/hyperfixated_on_hobinichi_and_planner_content/om895pu/","t3_1tfancf","post","","om895pu","0","true","om895pu","2f819aeeedbc12e4","","ADHD-C","false","false","","24","24","0","0","1","1778980326","2026-05-17T01:12:06+00:00","false","False","","false","false","false","false","I am a “maybe THIS planner will be the one to fix my life” type of person, and I got hooked on Hobonichi content in 2024. I bought my first Weeks that year and barely used it. I got sucked in again at the end of that year and bought a 2025 version, then bought some washi tape and stickers to decorate it with, and found myself looking forward to decorating it more than actually using the planner, but I did use the planner. Now, I'm on my second consecutive year of using a Hobonichi Weeks planner and have a ton of art supplies to go along with it, but I think this is something I can do year over year. All that being said, if you plan to use it as a planner and don't enjoy the decorating part, or if you don’t have another type of “dopamine hook” for using it, it's not gonna change your life, and you probably won't use it.","I am a “maybe THIS planner will be the one to fix my life” type of person, and I got hooked on Hobonichi content in 2024. I bought my first Weeks that year and barely used it. I got sucked in again at the end of that year and bought a 2025 version, then bought some washi tape an…","830","165","","","","false","false","planner | plan","","change","long_form_comment | mentions_feature_or_solution | mentions_planner_or_system | novelty_or_format_change_signal","45","[THREAD_TITLE]
Hyperfixated on Hobinichi and planner content

[THREAD_BODY]
Hi there, I'm looking for advice — I'm currently hyper fixated on planner content, watching hobinichi set up Youtube videos, spending ages looking different undated planners etc. BUT I'm 95% sure I won't use a physical planner if I buy one, but I'm not sure how to get past the hyperfixation without buying something new. I've tried just using note books and setting them up as bullet journals. I've tried getting excited about digital planning and looking at content for that... but there's something about the nicely designed planners (and the content that people create walking through their set up) that I keep coming back to. Any advice?!

[CURRENT_RECORD]
I am a “maybe THIS planner will be the one to fix my life” type of person, and I got hooked on Hobonichi content in 2024. I bought my first Weeks that year and barely used it. I got sucked in again at the end of that year and bought a 2025 version, then bought some washi tape and stickers to decorate it with, and found myself looking forward to decorating it more than actually using the planner, but I did use the planner. Now, I'm on my second consecutive year of using a Hobonichi Weeks planner and have a ton of art supplies to go along with it, but I think this is something I can do year over year. All that being said, if you plan to use it as a planner and don't enjoy the decorating part, or if you don’t have another type of “dopamine hook” for using it, it's not gonna change your life, and you probably won't use it."
"C:\Projects\Web\planner-tdah\research\reddit_data\reddit-adhdwomen-hyperfixated_on_hobinichi_and_planner_content.json","reddit-adhdwomen-hyperfixated_on_hobinichi_and_planner_content","1tfancf","t3_1tfancf","https://www.reddit.com/r/adhdwomen/comments/1tfancf/hyperfixated_on_hobinichi_and_planner_content/","adhdwomen","r/adhdwomen","Hyperfixated on Hobinichi and planner content","Hi there, I'm looking for advice — I'm currently hyper fixated on planner content, watching hobinichi set up Youtube videos, spending ages looking different undated planners etc. BUT I'm 95% sure I won't use a physical planner if I buy one, but I'm not sure how to get past the hyperfixation without buying something new. I've tried just using note books and setting them up as bullet journals. I've tried getting excited about digital planning and looking at content for that... but there's something about the nicely designed planners (and the content that people create walking through their set up) that I keep coming back to. Any advice?!","General Question/Discussion","1778978928","2026-05-17T00:48:48+00:00","26","26","0.96","34","2df3e6816197db68","","reddit-adhdwomen-hyperfixated_on_hobinichi_and_planner_content:comment:om89y42","comment","om89y42","t1_om89y42","https://www.reddit.com/r/adhdwomen/comments/1tfancf/hyperfixated_on_hobinichi_and_planner_content/om89y42/","/r/adhdwomen/comments/1tfancf/hyperfixated_on_hobinichi_and_planner_content/om89y42/","t1_om895pu","comment","om895pu","om895pu","1","false","om895pu > om89y42","2df3e6816197db68","","","true","false","","6","6","0","0","1","1778980632","2026-05-17T01:17:12+00:00","false","False","","false","false","false","false","I'm 100% looking for a planner to fix my life, lol! I got really into bullet journal (no decorating, simple planning set up) in 2024 and then fell off that... and I keep wondering if having structure like the hobonichi or other Techo style planners will help me stay regular. My current desk set up isn't great for writing or having it open — I have to move my keyboard to the sit. I think I know I won't use it...and it won't change my life... but I keep looking!","I'm 100% looking for a planner to fix my life, lol! I got really into bullet journal (no decorating, simple planning set up) in 2024 and then fell off that... and I keep wondering if having structure like the hobonichi or other Techo style planners will help me stay regular. My…","464","90","I am a “maybe THIS planner will be the one to fix my life” type of person, and I got hooked on Hobonichi content in 2024. I bought my first Weeks that year and barely used it. I got sucked in again at the end of that year and bought a 2025 version, then bought some washi tape and stickers to decorate it with, and found myself looking forward to decorating it more than actually using the planner, but I did use the planner. Now, I'm on my second consecutive year of using a Hobonichi Weeks planner and have a ton of art supplies to go along with it, but I think this is something I can do year over year. All that being said, if you plan to use it as a planner and don't enjoy the decorating part,…","I am a “maybe THIS planner will be the one to fix my life” type of person, and I got hooked on Hobonichi content in 2024. I bought my first Weeks that year and barely used it. I got sucked in again at the end of that year and bought a 2025 version, then bought some washi tape and stickers to decorate it with, and found myself looking forward to decorating it more than actually using the planner, but I did use the planner. Now, I'm on my second consecutive year of using a Hobonichi Weeks planner and have a ton of art supplies to go along with it, but I think this is something I can do year over year. All that being said, if you plan to use it as a planner and don't enjoy the decorating part,…","","false","true","planner | planners | plan | planning | bullet journal | journal","","simple | change","mentions_feature_or_solution | mentions_planner_or_system | mentions_working_solution_or_recommendation | novelty_or_format_change_signal","64","[THREAD_TITLE]
Hyperfixated on Hobinichi and planner content

[THREAD_BODY]
Hi there, I'm looking for advice — I'm currently hyper fixated on planner content, watching hobinichi set up Youtube videos, spending ages looking different undated planners etc. BUT I'm 95% sure I won't use a physical planner if I buy one, but I'm not sure how to get past the hyperfixation without buying something new. I've tried just using note books and setting them up as bullet journals. I've tried getting excited about digital planning and looking at content for that... but there's something about the nicely designed planners (and the content that people create walking through their set up) that I keep coming back to. Any advice?!

[PARENT_COMMENT_CONTEXT]
I am a “maybe THIS planner will be the one to fix my life” type of person, and I got hooked on Hobonichi content in 2024. I bought my first Weeks that year and barely used it. I got sucked in again at the end of that year and bought a 2025 version, then bought some washi tape and stickers to decorate it with, and found myself looking forward to decorating it more than actually using the planner, but I did use the planner. Now, I'm on my second consecutive year of using a Hobonichi Weeks planner and have a ton of art supplies to go along with it, but I think this is something I can do year over year. All that being said, if you plan to use it as a planner and don't enjoy the decorating part,…

[CURRENT_RECORD]
I'm 100% looking for a planner to fix my life, lol! I got really into bullet journal (no decorating, simple planning set up) in 2024 and then fell off that... and I keep wondering if having structure like the hobonichi or other Techo style planners will help me stay regular. My current desk set up isn't great for writing or having it open — I have to move my keyboard to the sit. I think I know I won't use it...and it won't change my life... but I keep looking!"
"C:\Projects\Web\planner-tdah\research\reddit_data\reddit-adhdwomen-hyperfixated_on_hobinichi_and_planner_content.json","reddit-adhdwomen-hyperfixated_on_hobinichi_and_planner_content","1tfancf","t3_1tfancf","https://www.reddit.com/r/adhdwomen/comments/1tfancf/hyperfixated_on_hobinichi_and_planner_content/","adhdwomen","r/adhdwomen","Hyperfixated on Hobinichi and planner content","Hi there, I'm looking for advice — I'm currently hyper fixated on planner content, watching hobinichi set up Youtube videos, spending ages looking different undated planners etc. BUT I'm 95% sure I won't use a physical planner if I buy one, but I'm not sure how to get past the hyperfixation without buying something new. I've tried just using note books and setting them up as bullet journals. I've tried getting excited about digital planning and looking at content for that... but there's something about the nicely designed planners (and the content that people create walking through their set up) that I keep coming back to. Any advice?!","General Question/Discussion","1778978928","2026-05-17T00:48:48+00:00","26","26","0.96","34","2df3e6816197db68","","reddit-adhdwomen-hyperfixated_on_hobinichi_and_planner_content:comment:om8zq92","comment","om8zq92","t1_om8zq92","https://www.reddit.com/r/adhdwomen/comments/1tfancf/hyperfixated_on_hobinichi_and_planner_content/om8zq92/","/r/adhdwomen/comments/1tfancf/hyperfixated_on_hobinichi_and_planner_content/om8zq92/","t1_om89y42","comment","om89y42","om895pu","2","false","om895pu > om89y42 > om8zq92","1f52952ce729a20d","","","false","false","","1","1","0","0","0","1778991063","2026-05-17T04:11:03+00:00","false","False","","false","false","false","false","You can check out JessicasJournal.com (http://JessicasJournal.com) - bullet journals set up for you, but in a binder style / individual pages so you can pick and choose what works for you! Although they do have starter kits, and they just released a ""mental reset kit"".","You can check out JessicasJournal.com (http://JessicasJournal.com) - bullet journals set up for you, but in a binder style / individual pages so you can pick and choose what works for you! Although they do have starter kits, and they just released a ""mental reset kit"".","269","45","I'm 100% looking for a planner to fix my life, lol! I got really into bullet journal (no decorating, simple planning set up) in 2024 and then fell off that... and I keep wondering if having structure like the hobonichi or other Techo style planners will help me stay regular. My current desk set up isn't great for writing or having it open — I have to move my keyboard to the sit. I think I know I won't use it...and it won't change my life... but I keep looking!","I am a “maybe THIS planner will be the one to fix my life” type of person, and I got hooked on Hobonichi content in 2024. I bought my first Weeks that year and barely used it. I got sucked in again at the end of that year and bought a 2025 version, then bought some washi tape and stickers to decorate it with, and found myself looking forward to decorating it more than actually using the planner, but I did use the planner. Now, I'm on my second consecutive year of using a Hobonichi Weeks planner and have a ton of art supplies to go along with it, but I think this is something I can do year over year. All that being said, if you plan to use it as a planner and don't enjoy the decorating part,…","http://JessicasJournal.com","false","false","bullet journal | journal | binder","","binder | reset","mentions_feature_or_solution | mentions_planner_or_system | printable_modular_system_signal","36","[THREAD_TITLE]
Hyperfixated on Hobinichi and planner content

[THREAD_BODY]
Hi there, I'm looking for advice — I'm currently hyper fixated on planner content, watching hobinichi set up Youtube videos, spending ages looking different undated planners etc. BUT I'm 95% sure I won't use a physical planner if I buy one, but I'm not sure how to get past the hyperfixation without buying something new. I've tried just using note books and setting them up as bullet journals. I've tried getting excited about digital planning and looking at content for that... but there's something about the nicely designed planners (and the content that people create walking through their set up) that I keep coming back to. Any advice?!

[ROOT_COMMENT_CONTEXT]
I am a “maybe THIS planner will be the one to fix my life” type of person, and I got hooked on Hobonichi content in 2024. I bought my first Weeks that year and barely used it. I got sucked in again at the end of that year and bought a 2025 version, then bought some washi tape and stickers to decorate it with, and found myself looking forward to decorating it more than actually using the planner, but I did use the planner. Now, I'm on my second consecutive year of using a Hobonichi Weeks planner and have a ton of art supplies to go along with it, but I think this is something I can do year over year. All that being said, if you plan to use it as a planner and don't enjoy the decorating part,…

[PARENT_COMMENT_CONTEXT]
I'm 100% looking for a planner to fix my life, lol! I got really into bullet journal (no decorating, simple planning set up) in 2024 and then fell off that... and I keep wondering if having structure like the hobonichi or other Techo style planners will help me stay regular. My current desk set up isn't great for writing or having it open — I have to move my keyboard to the sit. I think I know I won't use it...and it won't change my life... but I keep looking!

[CURRENT_RECORD]
You can check out JessicasJournal.com (http://JessicasJournal.com) - bullet journals set up for you, but in a binder style / individual pages so you can pick and choose what works for you! Although they do have starter kits, and they just released a ""mental reset kit""."
"C:\Projects\Web\planner-tdah\research\reddit_data\reddit-adhdwomen-hyperfixated_on_hobinichi_and_planner_content.json","reddit-adhdwomen-hyperfixated_on_hobinichi_and_planner_content","1tfancf","t3_1tfancf","https://www.reddit.com/r/adhdwomen/comments/1tfancf/hyperfixated_on_hobinichi_and_planner_content/","adhdwomen","r/adhdwomen","Hyperfixated on Hobinichi and planner content","Hi there, I'm looking for advice — I'm currently hyper fixated on planner content, watching hobinichi set up Youtube videos, spending ages looking different undated planners etc. BUT I'm 95% sure I won't use a physical planner if I buy one, but I'm not sure how to get past the hyperfixation without buying something new. I've tried just using note books and setting them up as bullet journals. I've tried getting excited about digital planning and looking at content for that... but there's something about the nicely designed planners (and the content that people create walking through their set up) that I keep coming back to. Any advice?!","General Question/Discussion","1778978928","2026-05-17T00:48:48+00:00","26","26","0.96","34","2df3e6816197db68","","reddit-adhdwomen-hyperfixated_on_hobinichi_and_planner_content:comment:om8e37j","comment","om8e37j","t1_om8e37j","https://www.reddit.com/r/adhdwomen/comments/1tfancf/hyperfixated_on_hobinichi_and_planner_content/om8e37j/","/r/adhdwomen/comments/1tfancf/hyperfixated_on_hobinichi_and_planner_content/om8e37j/","t3_1tfancf","post","","om8e37j","0","true","om8e37j","76b7b198cf4a2c86","","","false","false","","9","9","0","0","2","1778982227","2026-05-17T01:43:47+00:00","false","False","","false","false","false","false","Sameeeee honestly, I found out about Hobonichi literally dec 30. Too late to try one. I settled and got a dupe Weeks online and bought some stickers- still going strong and actually do love it. I will def get a real one next year. Maybe can you find a notepad Hobonichi to try it out and see if you like the paper, it’s very thin and they are expensive. That might appease the urgency you feel to get one and give you time to figure out if you do really “need” the proper journal without committing financially.","Sameeeee honestly, I found out about Hobonichi literally dec 30. Too late to try one. I settled and got a dupe Weeks online and bought some stickers- still going strong and actually do love it. I will def get a real one next year. Maybe can you find a notepad Hobonichi to try it…","511","97","","","","false","true","journal | app","time","","forgetfulness_or_time_signal | long_form_comment | mentions_pain_or_friction | mentions_planner_or_system | mentions_working_solution_or_recommendation","57","[THREAD_TITLE]
Hyperfixated on Hobinichi and planner content

[THREAD_BODY]
Hi there, I'm looking for advice — I'm currently hyper fixated on planner content, watching hobinichi set up Youtube videos, spending ages looking different undated planners etc. BUT I'm 95% sure I won't use a physical planner if I buy one, but I'm not sure how to get past the hyperfixation without buying something new. I've tried just using note books and setting them up as bullet journals. I've tried getting excited about digital planning and looking at content for that... but there's something about the nicely designed planners (and the content that people create walking through their set up) that I keep coming back to. Any advice?!

[CURRENT_RECORD]
Sameeeee honestly, I found out about Hobonichi literally dec 30. Too late to try one. I settled and got a dupe Weeks online and bought some stickers- still going strong and actually do love it. I will def get a real one next year. Maybe can you find a notepad Hobonichi to try it out and see if you like the paper, it’s very thin and they are expensive. That might appease the urgency you feel to get one and give you time to figure out if you do really “need” the proper journal without committing financially."
"C:\Projects\Web\planner-tdah\research\reddit_data\reddit-adhdwomen-hyperfixated_on_hobinichi_and_planner_content.json","reddit-adhdwomen-hyperfixated_on_hobinichi_and_planner_content","1tfancf","t3_1tfancf","https://www.reddit.com/r/adhdwomen/comments/1tfancf/hyperfixated_on_hobinichi_and_planner_content/","adhdwomen","r/adhdwomen","Hyperfixated on Hobinichi and planner content","Hi there, I'm looking for advice — I'm currently hyper fixated on planner content, watching hobinichi set up Youtube videos, spending ages looking different undated planners etc. BUT I'm 95% sure I won't use a physical planner if I buy one, but I'm not sure how to get past the hyperfixation without buying something new. I've tried just using note books and setting them up as bullet journals. I've tried getting excited about digital planning and looking at content for that... but there's something about the nicely designed planners (and the content that people create walking through their set up) that I keep coming back to. Any advice?!","General Question/Discussion","1778978928","2026-05-17T00:48:48+00:00","26","26","0.96","34","2df3e6816197db68","","reddit-adhdwomen-hyperfixated_on_hobinichi_and_planner_content:comment:om8g2wv","comment","om8g2wv","t1_om8g2wv","https://www.reddit.com/r/adhdwomen/comments/1tfancf/hyperfixated_on_hobinichi_and_planner_content/om8g2wv/","/r/adhdwomen/comments/1tfancf/hyperfixated_on_hobinichi_and_planner_content/om8g2wv/","t1_om8e37j","comment","om8e37j","om8e37j","1","false","om8e37j > om8g2wv","2df3e6816197db68","","","true","false","","1","1","0","0","1","1778982983","2026-05-17T01:56:23+00:00","false","False","","false","false","false","false","What was the due you got?","What was the due you got?","25","6","Sameeeee honestly, I found out about Hobonichi literally dec 30. Too late to try one. I settled and got a dupe Weeks online and bought some stickers- still going strong and actually do love it. I will def get a real one next year. Maybe can you find a notepad Hobonichi to try it out and see if you like the paper, it’s very thin and they are expensive. That might appease the urgency you feel to get one and give you time to figure out if you do really “need” the proper journal without committing financially.","Sameeeee honestly, I found out about Hobonichi literally dec 30. Too late to try one. I settled and got a dupe Weeks online and bought some stickers- still going strong and actually do love it. I will def get a real one next year. Maybe can you find a notepad Hobonichi to try it out and see if you like the paper, it’s very thin and they are expensive. That might appease the urgency you feel to get one and give you time to figure out if you do really “need” the proper journal without committing financially.","","true","false","","","","contains_question","3","[THREAD_TITLE]
Hyperfixated on Hobinichi and planner content

[THREAD_BODY]
Hi there, I'm looking for advice — I'm currently hyper fixated on planner content, watching hobinichi set up Youtube videos, spending ages looking different undated planners etc. BUT I'm 95% sure I won't use a physical planner if I buy one, but I'm not sure how to get past the hyperfixation without buying something new. I've tried just using note books and setting them up as bullet journals. I've tried getting excited about digital planning and looking at content for that... but there's something about the nicely designed planners (and the content that people create walking through their set up) that I keep coming back to. Any advice?!

[PARENT_COMMENT_CONTEXT]
Sameeeee honestly, I found out about Hobonichi literally dec 30. Too late to try one. I settled and got a dupe Weeks online and bought some stickers- still going strong and actually do love it. I will def get a real one next year. Maybe can you find a notepad Hobonichi to try it out and see if you like the paper, it’s very thin and they are expensive. That might appease the urgency you feel to get one and give you time to figure out if you do really “need” the proper journal without committing financially.

[CURRENT_RECORD]
What was the due you got?"
"C:\Projects\Web\planner-tdah\research\reddit_data\reddit-adhdwomen-hyperfixated_on_hobinichi_and_planner_content.json","reddit-adhdwomen-hyperfixated_on_hobinichi_and_planner_content","1tfancf","t3_1tfancf","https://www.reddit.com/r/adhdwomen/comments/1tfancf/hyperfixated_on_hobinichi_and_planner_content/","adhdwomen","r/adhdwomen","Hyperfixated on Hobinichi and planner content","Hi there, I'm looking for advice — I'm currently hyper fixated on planner content, watching hobinichi set up Youtube videos, spending ages looking different undated planners etc. BUT I'm 95% sure I won't use a physical planner if I buy one, but I'm not sure how to get past the hyperfixation without buying something new. I've tried just using note books and setting them up as bullet journals. I've tried getting excited about digital planning and looking at content for that... but there's something about the nicely designed planners (and the content that people create walking through their set up) that I keep coming back to. Any advice?!","General Question/Discussion","1778978928","2026-05-17T00:48:48+00:00","26","26","0.96","34","2df3e6816197db68","","reddit-adhdwomen-hyperfixated_on_hobinichi_and_planner_content:comment:om8lahm","comment","om8lahm","t1_om8lahm","https://www.reddit.com/r/adhdwomen/comments/1tfancf/hyperfixated_on_hobinichi_and_planner_content/om8lahm/","/r/adhdwomen/comments/1tfancf/hyperfixated_on_hobinichi_and_planner_content/om8lahm/","t1_om8g2wv","comment","om8g2wv","om8e37j","2","false","om8e37j > om8g2wv > om8lahm","76b7b198cf4a2c86","","","false","false","","1","1","0","0","1","1778985021","2026-05-17T02:30:21+00:00","false","False","","false","false","false","false","I got it from Amazon, il link below but it’s Amazon Canada. I have seen the exact same one on other sites too. https://a.co/d/0iR0RWkm","I got it from Amazon, il link below but it’s Amazon Canada. I have seen the exact same one on other sites too. https://a.co/d/0iR0RWkm","134","24","What was the due you got?","Sameeeee honestly, I found out about Hobonichi literally dec 30. Too late to try one. I settled and got a dupe Weeks online and bought some stickers- still going strong and actually do love it. I will def get a real one next year. Maybe can you find a notepad Hobonichi to try it out and see if you like the paper, it’s very thin and they are expensive. That might appease the urgency you feel to get one and give you time to figure out if you do really “need” the proper journal without committing financially.","https://a.co/d/0iR0RWkm","false","false","","","","","13","[THREAD_TITLE]
Hyperfixated on Hobinichi and planner content

[THREAD_BODY]
Hi there, I'm looking for advice — I'm currently hyper fixated on planner content, watching hobinichi set up Youtube videos, spending ages looking different undated planners etc. BUT I'm 95% sure I won't use a physical planner if I buy one, but I'm not sure how to get past the hyperfixation without buying something new. I've tried just using note books and setting them up as bullet journals. I've tried getting excited about digital planning and looking at content for that... but there's something about the nicely designed planners (and the content that people create walking through their set up) that I keep coming back to. Any advice?!

[ROOT_COMMENT_CONTEXT]
Sameeeee honestly, I found out about Hobonichi literally dec 30. Too late to try one. I settled and got a dupe Weeks online and bought some stickers- still going strong and actually do love it. I will def get a real one next year. Maybe can you find a notepad Hobonichi to try it out and see if you like the paper, it’s very thin and they are expensive. That might appease the urgency you feel to get one and give you time to figure out if you do really “need” the proper journal without committing financially.

[PARENT_COMMENT_CONTEXT]
What was the due you got?

[CURRENT_RECORD]
I got it from Amazon, il link below but it’s Amazon Canada. I have seen the exact same one on other sites too. https://a.co/d/0iR0RWkm"
"C:\Projects\Web\planner-tdah\research\reddit_data\reddit-adhdwomen-hyperfixated_on_hobinichi_and_planner_content.json","reddit-adhdwomen-hyperfixated_on_hobinichi_and_planner_content","1tfancf","t3_1tfancf","https://www.reddit.com/r/adhdwomen/comments/1tfancf/hyperfixated_on_hobinichi_and_planner_content/","adhdwomen","r/adhdwomen","Hyperfixated on Hobinichi and planner content","Hi there, I'm looking for advice — I'm currently hyper fixated on planner content, watching hobinichi set up Youtube videos, spending ages looking different undated planners etc. BUT I'm 95% sure I won't use a physical planner if I buy one, but I'm not sure how to get past the hyperfixation without buying something new. I've tried just using note books and setting them up as bullet journals. I've tried getting excited about digital planning and looking at content for that... but there's something about the nicely designed planners (and the content that people create walking through their set up) that I keep coming back to. Any advice?!","General Question/Discussion","1778978928","2026-05-17T00:48:48+00:00","26","26","0.96","34","2df3e6816197db68","","reddit-adhdwomen-hyperfixated_on_hobinichi_and_planner_content:comment:om8lizn","comment","om8lizn","t1_om8lizn","https://www.reddit.com/r/adhdwomen/comments/1tfancf/hyperfixated_on_hobinichi_and_planner_content/om8lizn/","/r/adhdwomen/comments/1tfancf/hyperfixated_on_hobinichi_and_planner_content/om8lizn/","t1_om8lahm","comment","om8lahm","om8e37j","3","false","om8e37j > om8g2wv > om8lahm > om8lizn","76b7b198cf4a2c86","","","false","false","","1","1","0","0","0","1778985112","2026-05-17T02:31:52+00:00","false","False","","false","false","false","false","Also will say because I do not own an official Hobonichi I can’t vouch for how sturdy the binding is- my dupe one is currently looking pretty chunky and I’m concerned about the integrity of the binding since it’s a cheaper made product. If it bursts at the seams I will truly cry, I’m obsessed with her 😭","Also will say because I do not own an official Hobonichi I can’t vouch for how sturdy the binding is- my dupe one is currently looking pretty chunky and I’m concerned about the integrity of the binding since it’s a cheaper made product. If it bursts at the seams I will truly cry…","304","58","I got it from Amazon, il link below but it’s Amazon Canada. I have seen the exact same one on other sites too. https://a.co/d/0iR0RWkm","Sameeeee honestly, I found out about Hobonichi literally dec 30. Too late to try one. I settled and got a dupe Weeks online and bought some stickers- still going strong and actually do love it. I will def get a real one next year. Maybe can you find a notepad Hobonichi to try it out and see if you like the paper, it’s very thin and they are expensive. That might appease the urgency you feel to get one and give you time to figure out if you do really “need” the proper journal without committing financially.","","false","false","","","","","10","[THREAD_TITLE]
Hyperfixated on Hobinichi and planner content

[THREAD_BODY]
Hi there, I'm looking for advice — I'm currently hyper fixated on planner content, watching hobinichi set up Youtube videos, spending ages looking different undated planners etc. BUT I'm 95% sure I won't use a physical planner if I buy one, but I'm not sure how to get past the hyperfixation without buying something new. I've tried just using note books and setting them up as bullet journals. I've tried getting excited about digital planning and looking at content for that... but there's something about the nicely designed planners (and the content that people create walking through their set up) that I keep coming back to. Any advice?!

[ROOT_COMMENT_CONTEXT]
Sameeeee honestly, I found out about Hobonichi literally dec 30. Too late to try one. I settled and got a dupe Weeks online and bought some stickers- still going strong and actually do love it. I will def get a real one next year. Maybe can you find a notepad Hobonichi to try it out and see if you like the paper, it’s very thin and they are expensive. That might appease the urgency you feel to get one and give you time to figure out if you do really “need” the proper journal without committing financially.

[PARENT_COMMENT_CONTEXT]
I got it from Amazon, il link below but it’s Amazon Canada. I have seen the exact same one on other sites too. https://a.co/d/0iR0RWkm

[CURRENT_RECORD]
Also will say because I do not own an official Hobonichi I can’t vouch for how sturdy the binding is- my dupe one is currently looking pretty chunky and I’m concerned about the integrity of the binding since it’s a cheaper made product. If it bursts at the seams I will truly cry, I’m obsessed with her 😭"
"C:\Projects\Web\planner-tdah\research\reddit_data\reddit-adhdwomen-hyperfixated_on_hobinichi_and_planner_content.json","reddit-adhdwomen-hyperfixated_on_hobinichi_and_planner_content","1tfancf","t3_1tfancf","https://www.reddit.com/r/adhdwomen/comments/1tfancf/hyperfixated_on_hobinichi_and_planner_content/","adhdwomen","r/adhdwomen","Hyperfixated on Hobinichi and planner content","Hi there, I'm looking for advice — I'm currently hyper fixated on planner content, watching hobinichi set up Youtube videos, spending ages looking different undated planners etc. BUT I'm 95% sure I won't use a physical planner if I buy one, but I'm not sure how to get past the hyperfixation without buying something new. I've tried just using note books and setting them up as bullet journals. I've tried getting excited about digital planning and looking at content for that... but there's something about the nicely designed planners (and the content that people create walking through their set up) that I keep coming back to. Any advice?!","General Question/Discussion","1778978928","2026-05-17T00:48:48+00:00","26","26","0.96","34","2df3e6816197db68","","reddit-adhdwomen-hyperfixated_on_hobinichi_and_planner_content:comment:om8h876","comment","om8h876","t1_om8h876","https://www.reddit.com/r/adhdwomen/comments/1tfancf/hyperfixated_on_hobinichi_and_planner_content/om8h876/","/r/adhdwomen/comments/1tfancf/hyperfixated_on_hobinichi_and_planner_content/om8h876/","t1_om8e37j","comment","om8e37j","om8e37j","1","false","om8e37j > om8h876","b62604e18ad10a1d","","","false","false","","1","1","0","0","0","1778983426","2026-05-17T02:03:46+00:00","false","False","","false","false","false","false","I was going to suggest the same thing. They sell a6 and a5 notebooks. I have a cousin Avec but I think I might switch to the weeks next year because I like the idea of a planner I just throw in my handbag. I love the paper because I feel like it can cope with a lot given how lightweight it is (I’ve used watercolours and fountain pens in mine). And I prefer lightweight paper so a planner can have more pages without getting bulky. But the paper and the smallness of the dot grid isn’t for everyone so a note book lets you try it out before spending a lot of money.","I was going to suggest the same thing. They sell a6 and a5 notebooks. I have a cousin Avec but I think I might switch to the weeks next year because I like the idea of a planner I just throw in my handbag. I love the paper because I feel like it can cope with a lot given how lig…","566","114","Sameeeee honestly, I found out about Hobonichi literally dec 30. Too late to try one. I settled and got a dupe Weeks online and bought some stickers- still going strong and actually do love it. I will def get a real one next year. Maybe can you find a notepad Hobonichi to try it out and see if you like the paper, it’s very thin and they are expensive. That might appease the urgency you feel to get one and give you time to figure out if you do really “need” the proper journal without committing financially.","Sameeeee honestly, I found out about Hobonichi literally dec 30. Too late to try one. I settled and got a dupe Weeks online and bought some stickers- still going strong and actually do love it. I will def get a real one next year. Maybe can you find a notepad Hobonichi to try it out and see if you like the paper, it’s very thin and they are expensive. That might appease the urgency you feel to get one and give you time to figure out if you do really “need” the proper journal without committing financially.","","false","true","planner | plan","","colour","long_form_comment | mentions_feature_or_solution | mentions_planner_or_system | mentions_working_solution_or_recommendation","40","[THREAD_TITLE]
Hyperfixated on Hobinichi and planner content

[THREAD_BODY]
Hi there, I'm looking for advice — I'm currently hyper fixated on planner content, watching hobinichi set up Youtube videos, spending ages looking different undated planners etc. BUT I'm 95% sure I won't use a physical planner if I buy one, but I'm not sure how to get past the hyperfixation without buying something new. I've tried just using note books and setting them up as bullet journals. I've tried getting excited about digital planning and looking at content for that... but there's something about the nicely designed planners (and the content that people create walking through their set up) that I keep coming back to. Any advice?!

[PARENT_COMMENT_CONTEXT]
Sameeeee honestly, I found out about Hobonichi literally dec 30. Too late to try one. I settled and got a dupe Weeks online and bought some stickers- still going strong and actually do love it. I will def get a real one next year. Maybe can you find a notepad Hobonichi to try it out and see if you like the paper, it’s very thin and they are expensive. That might appease the urgency you feel to get one and give you time to figure out if you do really “need” the proper journal without committing financially.

[CURRENT_RECORD]
I was going to suggest the same thing. They sell a6 and a5 notebooks. I have a cousin Avec but I think I might switch to the weeks next year because I like the idea of a planner I just throw in my handbag. I love the paper because I feel like it can cope with a lot given how lightweight it is (I’ve used watercolours and fountain pens in mine). And I prefer lightweight paper so a planner can have more pages without getting bulky. But the paper and the smallness of the dot grid isn’t for everyone so a note book lets you try it out before spending a lot of money."
"C:\Projects\Web\planner-tdah\research\reddit_data\reddit-adhdwomen-hyperfixated_on_hobinichi_and_planner_content.json","reddit-adhdwomen-hyperfixated_on_hobinichi_and_planner_content","1tfancf","t3_1tfancf","https://www.reddit.com/r/adhdwomen/comments/1tfancf/hyperfixated_on_hobinichi_and_planner_content/","adhdwomen","r/adhdwomen","Hyperfixated on Hobinichi and planner content","Hi there, I'm looking for advice — I'm currently hyper fixated on planner content, watching hobinichi set up Youtube videos, spending ages looking different undated planners etc. BUT I'm 95% sure I won't use a physical planner if I buy one, but I'm not sure how to get past the hyperfixation without buying something new. I've tried just using note books and setting them up as bullet journals. I've tried getting excited about digital planning and looking at content for that... but there's something about the nicely designed planners (and the content that people create walking through their set up) that I keep coming back to. Any advice?!","General Question/Discussion","1778978928","2026-05-17T00:48:48+00:00","26","26","0.96","34","2df3e6816197db68","","reddit-adhdwomen-hyperfixated_on_hobinichi_and_planner_content:comment:om8a31v","comment","om8a31v","t1_om8a31v","https://www.reddit.com/r/adhdwomen/comments/1tfancf/hyperfixated_on_hobinichi_and_planner_content/om8a31v/","/r/adhdwomen/comments/1tfancf/hyperfixated_on_hobinichi_and_planner_content/om8a31v/","t3_1tfancf","post","","om8a31v","0","true","om8a31v","f00785f5cbcf4dfc","","","false","false","","6","6","0","0","1","1778980685","2026-05-17T01:18:05+00:00","false","False","","false","false","false","false","No advice because I've definitely been there! I did end up buying a cheap planner from Walmart and just… didn't use it, except for like one time. 😂 I do junk journal now, but that's not really the same except that I get to play with stickers and stuff so that part is fun! I think I was mostly into the idea of a planner for the decorating.","No advice because I've definitely been there! I did end up buying a cheap planner from Walmart and just… didn't use it, except for like one time. 😂 I do junk journal now, but that's not really the same except that I get to play with stickers and stuff so that part is fun! I thin…","340","68","","","","false","false","planner | plan | journal","time","","forgetfulness_or_time_signal | mentions_pain_or_friction | mentions_planner_or_system","43","[THREAD_TITLE]
Hyperfixated on Hobinichi and planner content

[THREAD_BODY]
Hi there, I'm looking for advice — I'm currently hyper fixated on planner content, watching hobinichi set up Youtube videos, spending ages looking different undated planners etc. BUT I'm 95% sure I won't use a physical planner if I buy one, but I'm not sure how to get past the hyperfixation without buying something new. I've tried just using note books and setting them up as bullet journals. I've tried getting excited about digital planning and looking at content for that... but there's something about the nicely designed planners (and the content that people create walking through their set up) that I keep coming back to. Any advice?!

[CURRENT_RECORD]
No advice because I've definitely been there! I did end up buying a cheap planner from Walmart and just… didn't use it, except for like one time. 😂 I do junk journal now, but that's not really the same except that I get to play with stickers and stuff so that part is fun! I think I was mostly into the idea of a planner for the decorating."
"C:\Projects\Web\planner-tdah\research\reddit_data\reddit-adhdwomen-hyperfixated_on_hobinichi_and_planner_content.json","reddit-adhdwomen-hyperfixated_on_hobinichi_and_planner_content","1tfancf","t3_1tfancf","https://www.reddit.com/r/adhdwomen/comments/1tfancf/hyperfixated_on_hobinichi_and_planner_content/","adhdwomen","r/adhdwomen","Hyperfixated on Hobinichi and planner content","Hi there, I'm looking for advice — I'm currently hyper fixated on planner content, watching hobinichi set up Youtube videos, spending ages looking different undated planners etc. BUT I'm 95% sure I won't use a physical planner if I buy one, but I'm not sure how to get past the hyperfixation without buying something new. I've tried just using note books and setting them up as bullet journals. I've tried getting excited about digital planning and looking at content for that... but there's something about the nicely designed planners (and the content that people create walking through their set up) that I keep coming back to. Any advice?!","General Question/Discussion","1778978928","2026-05-17T00:48:48+00:00","26","26","0.96","34","2df3e6816197db68","","reddit-adhdwomen-hyperfixated_on_hobinichi_and_planner_content:comment:om8a6jy","comment","om8a6jy","t1_om8a6jy","https://www.reddit.com/r/adhdwomen/comments/1tfancf/hyperfixated_on_hobinichi_and_planner_content/om8a6jy/","/r/adhdwomen/comments/1tfancf/hyperfixated_on_hobinichi_and_planner_content/om8a6jy/","t1_om8a31v","comment","om8a31v","om8a31v","1","false","om8a31v > om8a6jy","2df3e6816197db68","","","true","false","","3","3","0","0","0","1778980723","2026-05-17T01:18:43+00:00","false","False","","false","false","false","false","Lol, maybe I'll just do that!","Lol, maybe I'll just do that!","29","6","No advice because I've definitely been there! I did end up buying a cheap planner from Walmart and just… didn't use it, except for like one time. 😂 I do junk journal now, but that's not really the same except that I get to play with stickers and stuff so that part is fun! I think I was mostly into the idea of a planner for the decorating.","No advice because I've definitely been there! I did end up buying a cheap planner from Walmart and just… didn't use it, except for like one time. 😂 I do junk journal now, but that's not really the same except that I get to play with stickers and stuff so that part is fun! I think I was mostly into the idea of a planner for the decorating.","","false","false","","","","","0","[THREAD_TITLE]
Hyperfixated on Hobinichi and planner content

[THREAD_BODY]
Hi there, I'm looking for advice — I'm currently hyper fixated on planner content, watching hobinichi set up Youtube videos, spending ages looking different undated planners etc. BUT I'm 95% sure I won't use a physical planner if I buy one, but I'm not sure how to get past the hyperfixation without buying something new. I've tried just using note books and setting them up as bullet journals. I've tried getting excited about digital planning and looking at content for that... but there's something about the nicely designed planners (and the content that people create walking through their set up) that I keep coming back to. Any advice?!

[PARENT_COMMENT_CONTEXT]
No advice because I've definitely been there! I did end up buying a cheap planner from Walmart and just… didn't use it, except for like one time. 😂 I do junk journal now, but that's not really the same except that I get to play with stickers and stuff so that part is fun! I think I was mostly into the idea of a planner for the decorating.

[CURRENT_RECORD]
Lol, maybe I'll just do that!"
"C:\Projects\Web\planner-tdah\research\reddit_data\reddit-adhdwomen-hyperfixated_on_hobinichi_and_planner_content.json","reddit-adhdwomen-hyperfixated_on_hobinichi_and_planner_content","1tfancf","t3_1tfancf","https://www.reddit.com/r/adhdwomen/comments/1tfancf/hyperfixated_on_hobinichi_and_planner_content/","adhdwomen","r/adhdwomen","Hyperfixated on Hobinichi and planner content","Hi there, I'm looking for advice — I'm currently hyper fixated on planner content, watching hobinichi set up Youtube videos, spending ages looking different undated planners etc. BUT I'm 95% sure I won't use a physical planner if I buy one, but I'm not sure how to get past the hyperfixation without buying something new. I've tried just using note books and setting them up as bullet journals. I've tried getting excited about digital planning and looking at content for that... but there's something about the nicely designed planners (and the content that people create walking through their set up) that I keep coming back to. Any advice?!","General Question/Discussion","1778978928","2026-05-17T00:48:48+00:00","26","26","0.96","34","2df3e6816197db68","","reddit-adhdwomen-hyperfixated_on_hobinichi_and_planner_content:comment:om8aq0z","comment","om8aq0z","t1_om8aq0z","https://www.reddit.com/r/adhdwomen/comments/1tfancf/hyperfixated_on_hobinichi_and_planner_content/om8aq0z/","/r/adhdwomen/comments/1tfancf/hyperfixated_on_hobinichi_and_planner_content/om8aq0z/","t3_1tfancf","post","","om8aq0z","0","true","om8aq0z","504e338a86064839","","","false","false","","6","6","0","0","0","1778980932","2026-05-17T01:22:12+00:00","1778981173","1778981173","2026-05-17T01:26:13+00:00","false","false","false","false","If you want to try the format without hurting the pocket get the muji planner. Though unsure if they’re in stock at all at this point of the year. Kinbor is another that has same format. Nice paper and affordable. It how I first started as I needed a work planner since I like to keep work and personal separate. Enjoyed the format so got hobonichi. Though probably will get hibino for next year since it’s the same size but with 2 pages per day. You don’t need any of these. I already bullet journal so it wasn’t hard to translate what I did there onto the planner. Getting the hobonichi was a treat to myself from coming out a rough year. And wanted to be more mindful of my planner use. And hobonichi since it’s cute and I love the format. Made it easy for me to use. But all can be accomplished just the same with muji or kinbor.","If you want to try the format without hurting the pocket get the muji planner. Though unsure if they’re in stock at all at this point of the year. Kinbor is another that has same format. Nice paper and affordable. It how I first started as I needed a work planner since I like to…","833","161","","","","false","true","planner | plan | bullet journal | journal","","","long_form_comment | mentions_planner_or_system | mentions_working_solution_or_recommendation","49","[THREAD_TITLE]
Hyperfixated on Hobinichi and planner content

[THREAD_BODY]
Hi there, I'm looking for advice — I'm currently hyper fixated on planner content, watching hobinichi set up Youtube videos, spending ages looking different undated planners etc. BUT I'm 95% sure I won't use a physical planner if I buy one, but I'm not sure how to get past the hyperfixation without buying something new. I've tried just using note books and setting them up as bullet journals. I've tried getting excited about digital planning and looking at content for that... but there's something about the nicely designed planners (and the content that people create walking through their set up) that I keep coming back to. Any advice?!

[CURRENT_RECORD]
If you want to try the format without hurting the pocket get the muji planner. Though unsure if they’re in stock at all at this point of the year. Kinbor is another that has same format. Nice paper and affordable. It how I first started as I needed a work planner since I like to keep work and personal separate. Enjoyed the format so got hobonichi. Though probably will get hibino for next year since it’s the same size but with 2 pages per day. You don’t need any of these. I already bullet journal so it wasn’t hard to translate what I did there onto the planner. Getting the hobonichi was a treat to myself from coming out a rough year. And wanted to be more mindful of my planner use. And hobonichi since it’s cute and I love the format. Made it easy for me to use. But all can be accomplished just the same with muji or kinbor."
"C:\Projects\Web\planner-tdah\research\reddit_data\reddit-adhdwomen-hyperfixated_on_hobinichi_and_planner_content.json","reddit-adhdwomen-hyperfixated_on_hobinichi_and_planner_content","1tfancf","t3_1tfancf","https://www.reddit.com/r/adhdwomen/comments/1tfancf/hyperfixated_on_hobinichi_and_planner_content/","adhdwomen","r/adhdwomen","Hyperfixated on Hobinichi and planner content","Hi there, I'm looking for advice — I'm currently hyper fixated on planner content, watching hobinichi set up Youtube videos, spending ages looking different undated planners etc. BUT I'm 95% sure I won't use a physical planner if I buy one, but I'm not sure how to get past the hyperfixation without buying something new. I've tried just using note books and setting them up as bullet journals. I've tried getting excited about digital planning and looking at content for that... but there's something about the nicely designed planners (and the content that people create walking through their set up) that I keep coming back to. Any advice?!","General Question/Discussion","1778978928","2026-05-17T00:48:48+00:00","26","26","0.96","34","2df3e6816197db68","","reddit-adhdwomen-hyperfixated_on_hobinichi_and_planner_content:comment:om8bevr","comment","om8bevr","t1_om8bevr","https://www.reddit.com/r/adhdwomen/comments/1tfancf/hyperfixated_on_hobinichi_and_planner_content/om8bevr/","/r/adhdwomen/comments/1tfancf/hyperfixated_on_hobinichi_and_planner_content/om8bevr/","t3_1tfancf","post","","om8bevr","0","true","om8bevr","88e69dcfda949651","","ADHD-PI","false","false","","5","5","0","0","0","1778981201","2026-05-17T01:26:41+00:00","false","False","","false","false","false","false","I use a hobonichi weeks and last year I used a original, the small version. (The original was cool for daily journaling; not so much planning out the day.) The big, maximalist layouts is time consuming and, frankly, unhelpful. People just take pictures of their best spread. Most everyone jokes that every other week is like half filled in ballpoint-pen, chicken-scratch because it is, at the end of the day, a planner. And truly my most useful 'spread' is like the most basic here's what I'm doing today on the left side... and here's a bigass todo-list on the right side. Very not aesthetic. I think the most useful feature of a hobonichi is that it's expensive and that makes you want to use it (because otherwise you wasted money). But it is money. Also, I still find I have to use google calendar and most of the time, I'm making my actual daily to-do lists elsewhere anyway. The only reason I make my weekly spread is mostly to remind myself of upcoming appointments and bigger tasks by making myself jot it down by hand. If you want to try out a hobonichi style of planner, there's a cheaper Chinese knock-off version that is out there on ali express. I see people using that for a few months just to see if they like the setup. And hey, maybe you like it and you are willing to spend the money on a hobonichi. If you do, welcome to the club.","I use a hobonichi weeks and last year I used a original, the small version. (The original was cool for daily journaling; not so much planning out the day.) The big, maximalist layouts is time consuming and, frankly, unhelpful. People just take pictures of their best spread. Most…","1349","250","","","","false","true","planner | plan | planning | calendar | journal | app | to-do | todo | weekly | daily","time | tasks","layout | layouts | appointments | weekly | daily","forgetfulness_or_time_signal | long_form_comment | mentions_feature_or_solution | mentions_pain_or_friction | mentions_planner_or_system | mentions_working_solution_or_recommendation | overwhelm_or_complexity_signal","100","[THREAD_TITLE]
Hyperfixated on Hobinichi and planner content

[THREAD_BODY]
Hi there, I'm looking for advice — I'm currently hyper fixated on planner content, watching hobinichi set up Youtube videos, spending ages looking different undated planners etc. BUT I'm 95% sure I won't use a physical planner if I buy one, but I'm not sure how to get past the hyperfixation without buying something new. I've tried just using note books and setting them up as bullet journals. I've tried getting excited about digital planning and looking at content for that... but there's something about the nicely designed planners (and the content that people create walking through their set up) that I keep coming back to. Any advice?!

[CURRENT_RECORD]
I use a hobonichi weeks and last year I used a original, the small version. (The original was cool for daily journaling; not so much planning out the day.) The big, maximalist layouts is time consuming and, frankly, unhelpful. People just take pictures of their best spread. Most everyone jokes that every other week is like half filled in ballpoint-pen, chicken-scratch because it is, at the end of the day, a planner. And truly my most useful 'spread' is like the most basic here's what I'm doing today on the left side... and here's a bigass todo-list on the right side. Very not aesthetic. I think the most useful feature of a hobonichi is that it's expensive and that makes you want to use it (because otherwise you wasted money). But it is money. Also, I still find I have to use google calendar and most of the time, I'm making my actual daily to-do lists elsewhere anyway. The only reason I make my weekly spread is mostly to remind myself of upcoming appointments and bigger tasks by making myself jot it down by hand. If you want to try out a hobonichi style of planner, there's a cheaper Chinese knock-off version that is out there on ali express. I see people using that for a few months just to see if they like the setup. And hey, maybe you like it and you are willing to spend the money on a hobonichi. If you do, welcome to the club."
"C:\Projects\Web\planner-tdah\research\reddit_data\reddit-adhdwomen-hyperfixated_on_hobinichi_and_planner_content.json","reddit-adhdwomen-hyperfixated_on_hobinichi_and_planner_content","1tfancf","t3_1tfancf","https://www.reddit.com/r/adhdwomen/comments/1tfancf/hyperfixated_on_hobinichi_and_planner_content/","adhdwomen","r/adhdwomen","Hyperfixated on Hobinichi and planner content","Hi there, I'm looking for advice — I'm currently hyper fixated on planner content, watching hobinichi set up Youtube videos, spending ages looking different undated planners etc. BUT I'm 95% sure I won't use a physical planner if I buy one, but I'm not sure how to get past the hyperfixation without buying something new. I've tried just using note books and setting them up as bullet journals. I've tried getting excited about digital planning and looking at content for that... but there's something about the nicely designed planners (and the content that people create walking through their set up) that I keep coming back to. Any advice?!","General Question/Discussion","1778978928","2026-05-17T00:48:48+00:00","26","26","0.96","34","2df3e6816197db68","","reddit-adhdwomen-hyperfixated_on_hobinichi_and_planner_content:comment:om8a4q0","comment","om8a4q0","t1_om8a4q0","https://www.reddit.com/r/adhdwomen/comments/1tfancf/hyperfixated_on_hobinichi_and_planner_content/om8a4q0/","/r/adhdwomen/comments/1tfancf/hyperfixated_on_hobinichi_and_planner_content/om8a4q0/","t3_1tfancf","post","","om8a4q0","0","true","om8a4q0","324a4327beead9cd","","","false","false","","3","3","0","0","1","1778980703","2026-05-17T01:18:23+00:00","false","False","","false","false","false","false","i totally get it—every time a new type of planner trends i insist that this is going to be the one that changes my entire life (and it never is ofc). what digital alternatives have you looked into?? the only digital tool that i’ve tried that’s scratched the same itch for me is Notion, the building blocks and being able to start over from scratch any time i get the urge to mix it up has been really helpful in curbing the “new planner purchase” impulsivity (and there’s a ton of creators making really aesthetic content that’s really fun to watch!!).","i totally get it—every time a new type of planner trends i insist that this is going to be the one that changes my entire life (and it never is ofc). what digital alternatives have you looked into?? the only digital tool that i’ve tried that’s scratched the same itch for me is N…","552","101","","","","true","false","planner | plan | notion","time","change","contains_question | forgetfulness_or_time_signal | long_form_comment | mentions_feature_or_solution | mentions_pain_or_friction | mentions_planner_or_system","52","[THREAD_TITLE]
Hyperfixated on Hobinichi and planner content

[THREAD_BODY]
Hi there, I'm looking for advice — I'm currently hyper fixated on planner content, watching hobinichi set up Youtube videos, spending ages looking different undated planners etc. BUT I'm 95% sure I won't use a physical planner if I buy one, but I'm not sure how to get past the hyperfixation without buying something new. I've tried just using note books and setting them up as bullet journals. I've tried getting excited about digital planning and looking at content for that... but there's something about the nicely designed planners (and the content that people create walking through their set up) that I keep coming back to. Any advice?!

[CURRENT_RECORD]
i totally get it—every time a new type of planner trends i insist that this is going to be the one that changes my entire life (and it never is ofc). what digital alternatives have you looked into?? the only digital tool that i’ve tried that’s scratched the same itch for me is Notion, the building blocks and being able to start over from scratch any time i get the urge to mix it up has been really helpful in curbing the “new planner purchase” impulsivity (and there’s a ton of creators making really aesthetic content that’s really fun to watch!!)."
"C:\Projects\Web\planner-tdah\research\reddit_data\reddit-adhdwomen-hyperfixated_on_hobinichi_and_planner_content.json","reddit-adhdwomen-hyperfixated_on_hobinichi_and_planner_content","1tfancf","t3_1tfancf","https://www.reddit.com/r/adhdwomen/comments/1tfancf/hyperfixated_on_hobinichi_and_planner_content/","adhdwomen","r/adhdwomen","Hyperfixated on Hobinichi and planner content","Hi there, I'm looking for advice — I'm currently hyper fixated on planner content, watching hobinichi set up Youtube videos, spending ages looking different undated planners etc. BUT I'm 95% sure I won't use a physical planner if I buy one, but I'm not sure how to get past the hyperfixation without buying something new. I've tried just using note books and setting them up as bullet journals. I've tried getting excited about digital planning and looking at content for that... but there's something about the nicely designed planners (and the content that people create walking through their set up) that I keep coming back to. Any advice?!","General Question/Discussion","1778978928","2026-05-17T00:48:48+00:00","26","26","0.96","34","2df3e6816197db68","","reddit-adhdwomen-hyperfixated_on_hobinichi_and_planner_content:comment:om8ftug","comment","om8ftug","t1_om8ftug","https://www.reddit.com/r/adhdwomen/comments/1tfancf/hyperfixated_on_hobinichi_and_planner_content/om8ftug/","/r/adhdwomen/comments/1tfancf/hyperfixated_on_hobinichi_and_planner_content/om8ftug/","t1_om8a4q0","comment","om8a4q0","om8a4q0","1","false","om8a4q0 > om8ftug","2df3e6816197db68","","","true","false","","2","2","0","0","1","1778982886","2026-05-17T01:54:46+00:00","false","False","","false","false","false","false","Notion was one I looked into. And we use Clickup for work and I have a pretty good hang of that and how it integrates into my calendar, so was looking at how people are using that for their personal lives as well.","Notion was one I looked into. And we use Clickup for work and I have a pretty good hang of that and how it integrates into my calendar, so was looking at how people are using that for their personal lives as well.","213","43","i totally get it—every time a new type of planner trends i insist that this is going to be the one that changes my entire life (and it never is ofc). what digital alternatives have you looked into?? the only digital tool that i’ve tried that’s scratched the same itch for me is Notion, the building blocks and being able to start over from scratch any time i get the urge to mix it up has been really helpful in curbing the “new planner purchase” impulsivity (and there’s a ton of creators making really aesthetic content that’s really fun to watch!!).","i totally get it—every time a new type of planner trends i insist that this is going to be the one that changes my entire life (and it never is ofc). what digital alternatives have you looked into?? the only digital tool that i’ve tried that’s scratched the same itch for me is Notion, the building blocks and being able to start over from scratch any time i get the urge to mix it up has been really helpful in curbing the “new planner purchase” impulsivity (and there’s a ton of creators making really aesthetic content that’s really fun to watch!!).","","false","false","calendar | notion","","","mentions_planner_or_system","21","[THREAD_TITLE]
Hyperfixated on Hobinichi and planner content

[THREAD_BODY]
Hi there, I'm looking for advice — I'm currently hyper fixated on planner content, watching hobinichi set up Youtube videos, spending ages looking different undated planners etc. BUT I'm 95% sure I won't use a physical planner if I buy one, but I'm not sure how to get past the hyperfixation without buying something new. I've tried just using note books and setting them up as bullet journals. I've tried getting excited about digital planning and looking at content for that... but there's something about the nicely designed planners (and the content that people create walking through their set up) that I keep coming back to. Any advice?!

[PARENT_COMMENT_CONTEXT]
i totally get it—every time a new type of planner trends i insist that this is going to be the one that changes my entire life (and it never is ofc). what digital alternatives have you looked into?? the only digital tool that i’ve tried that’s scratched the same itch for me is Notion, the building blocks and being able to start over from scratch any time i get the urge to mix it up has been really helpful in curbing the “new planner purchase” impulsivity (and there’s a ton of creators making really aesthetic content that’s really fun to watch!!).

[CURRENT_RECORD]
Notion was one I looked into. And we use Clickup for work and I have a pretty good hang of that and how it integrates into my calendar, so was looking at how people are using that for their personal lives as well."
"C:\Projects\Web\planner-tdah\research\reddit_data\reddit-adhdwomen-hyperfixated_on_hobinichi_and_planner_content.json","reddit-adhdwomen-hyperfixated_on_hobinichi_and_planner_content","1tfancf","t3_1tfancf","https://www.reddit.com/r/adhdwomen/comments/1tfancf/hyperfixated_on_hobinichi_and_planner_content/","adhdwomen","r/adhdwomen","Hyperfixated on Hobinichi and planner content","Hi there, I'm looking for advice — I'm currently hyper fixated on planner content, watching hobinichi set up Youtube videos, spending ages looking different undated planners etc. BUT I'm 95% sure I won't use a physical planner if I buy one, but I'm not sure how to get past the hyperfixation without buying something new. I've tried just using note books and setting them up as bullet journals. I've tried getting excited about digital planning and looking at content for that... but there's something about the nicely designed planners (and the content that people create walking through their set up) that I keep coming back to. Any advice?!","General Question/Discussion","1778978928","2026-05-17T00:48:48+00:00","26","26","0.96","34","2df3e6816197db68","","reddit-adhdwomen-hyperfixated_on_hobinichi_and_planner_content:comment:om8rdvl","comment","om8rdvl","t1_om8rdvl","https://www.reddit.com/r/adhdwomen/comments/1tfancf/hyperfixated_on_hobinichi_and_planner_content/om8rdvl/","/r/adhdwomen/comments/1tfancf/hyperfixated_on_hobinichi_and_planner_content/om8rdvl/","t1_om8ftug","comment","om8ftug","om8a4q0","2","false","om8a4q0 > om8ftug > om8rdvl","e00e4f07c0820149","","","false","false","","1","1","0","0","0","1778987486","2026-05-17T03:11:26+00:00","false","False","","false","false","false","false","What’s clickup??","What’s clickup??","16","2","Notion was one I looked into. And we use Clickup for work and I have a pretty good hang of that and how it integrates into my calendar, so was looking at how people are using that for their personal lives as well.","i totally get it—every time a new type of planner trends i insist that this is going to be the one that changes my entire life (and it never is ofc). what digital alternatives have you looked into?? the only digital tool that i’ve tried that’s scratched the same itch for me is Notion, the building blocks and being able to start over from scratch any time i get the urge to mix it up has been really helpful in curbing the “new planner purchase” impulsivity (and there’s a ton of creators making really aesthetic content that’s really fun to watch!!).","","true","false","","","","contains_question","0","[THREAD_TITLE]
Hyperfixated on Hobinichi and planner content

[THREAD_BODY]
Hi there, I'm looking for advice — I'm currently hyper fixated on planner content, watching hobinichi set up Youtube videos, spending ages looking different undated planners etc. BUT I'm 95% sure I won't use a physical planner if I buy one, but I'm not sure how to get past the hyperfixation without buying something new. I've tried just using note books and setting them up as bullet journals. I've tried getting excited about digital planning and looking at content for that... but there's something about the nicely designed planners (and the content that people create walking through their set up) that I keep coming back to. Any advice?!

[ROOT_COMMENT_CONTEXT]
i totally get it—every time a new type of planner trends i insist that this is going to be the one that changes my entire life (and it never is ofc). what digital alternatives have you looked into?? the only digital tool that i’ve tried that’s scratched the same itch for me is Notion, the building blocks and being able to start over from scratch any time i get the urge to mix it up has been really helpful in curbing the “new planner purchase” impulsivity (and there’s a ton of creators making really aesthetic content that’s really fun to watch!!).

[PARENT_COMMENT_CONTEXT]
Notion was one I looked into. And we use Clickup for work and I have a pretty good hang of that and how it integrates into my calendar, so was looking at how people are using that for their personal lives as well.

[CURRENT_RECORD]
What’s clickup??"
"C:\Projects\Web\planner-tdah\research\reddit_data\reddit-adhdwomen-hyperfixated_on_hobinichi_and_planner_content.json","reddit-adhdwomen-hyperfixated_on_hobinichi_and_planner_content","1tfancf","t3_1tfancf","https://www.reddit.com/r/adhdwomen/comments/1tfancf/hyperfixated_on_hobinichi_and_planner_content/","adhdwomen","r/adhdwomen","Hyperfixated on Hobinichi and planner content","Hi there, I'm looking for advice — I'm currently hyper fixated on planner content, watching hobinichi set up Youtube videos, spending ages looking different undated planners etc. BUT I'm 95% sure I won't use a physical planner if I buy one, but I'm not sure how to get past the hyperfixation without buying something new. I've tried just using note books and setting them up as bullet journals. I've tried getting excited about digital planning and looking at content for that... but there's something about the nicely designed planners (and the content that people create walking through their set up) that I keep coming back to. Any advice?!","General Question/Discussion","1778978928","2026-05-17T00:48:48+00:00","26","26","0.96","34","2df3e6816197db68","","reddit-adhdwomen-hyperfixated_on_hobinichi_and_planner_content:comment:om95t5m","comment","om95t5m","t1_om95t5m","https://www.reddit.com/r/adhdwomen/comments/1tfancf/hyperfixated_on_hobinichi_and_planner_content/om95t5m/","/r/adhdwomen/comments/1tfancf/hyperfixated_on_hobinichi_and_planner_content/om95t5m/","t3_1tfancf","post","","om95t5m","0","true","om95t5m","fcddff08eaba4399","","","false","false","","3","3","0","0","0","1778993867","2026-05-17T04:57:47+00:00","false","False","","false","false","false","false","Lol I was like this. Then I got one. Then never used it. sigh","Lol I was like this. Then I got one. Then never used it. sigh","61","14","","","","false","false","","","","","0","[THREAD_TITLE]
Hyperfixated on Hobinichi and planner content

[THREAD_BODY]
Hi there, I'm looking for advice — I'm currently hyper fixated on planner content, watching hobinichi set up Youtube videos, spending ages looking different undated planners etc. BUT I'm 95% sure I won't use a physical planner if I buy one, but I'm not sure how to get past the hyperfixation without buying something new. I've tried just using note books and setting them up as bullet journals. I've tried getting excited about digital planning and looking at content for that... but there's something about the nicely designed planners (and the content that people create walking through their set up) that I keep coming back to. Any advice?!

[CURRENT_RECORD]
Lol I was like this. Then I got one. Then never used it. sigh"
"C:\Projects\Web\planner-tdah\research\reddit_data\reddit-adhdwomen-hyperfixated_on_hobinichi_and_planner_content.json","reddit-adhdwomen-hyperfixated_on_hobinichi_and_planner_content","1tfancf","t3_1tfancf","https://www.reddit.com/r/adhdwomen/comments/1tfancf/hyperfixated_on_hobinichi_and_planner_content/","adhdwomen","r/adhdwomen","Hyperfixated on Hobinichi and planner content","Hi there, I'm looking for advice — I'm currently hyper fixated on planner content, watching hobinichi set up Youtube videos, spending ages looking different undated planners etc. BUT I'm 95% sure I won't use a physical planner if I buy one, but I'm not sure how to get past the hyperfixation without buying something new. I've tried just using note books and setting them up as bullet journals. I've tried getting excited about digital planning and looking at content for that... but there's something about the nicely designed planners (and the content that people create walking through their set up) that I keep coming back to. Any advice?!","General Question/Discussion","1778978928","2026-05-17T00:48:48+00:00","26","26","0.96","34","2df3e6816197db68","","reddit-adhdwomen-hyperfixated_on_hobinichi_and_planner_content:comment:om8h41d","comment","om8h41d","t1_om8h41d","https://www.reddit.com/r/adhdwomen/comments/1tfancf/hyperfixated_on_hobinichi_and_planner_content/om8h41d/","/r/adhdwomen/comments/1tfancf/hyperfixated_on_hobinichi_and_planner_content/om8h41d/","t3_1tfancf","post","","om8h41d","0","true","om8h41d","2f5078f8938b394f","","","false","false","","2","2","0","0","0","1778983382","2026-05-17T02:03:02+00:00","false","False","","false","false","false","false","Haha welcome to the club! I've been using Hobonichis for a few years now and definitely went down the rabbit hole. I've used them to varying degrees of success each year, but I'm always glad I have one. I really think the secret is to keep trying to make peace with the fact that sometimes you just won't use it, but that doesn't mean you can't ever use it. This year I have 2 Cousins and a Weeks. I haven't touched them in months, haven't meaningfully used them for a good part of this year. Am I upset about that? For sure! I still get the guilt and the frustration when I think about the fact that I haven't been using them, because I know that when I do use them regularly, it genuinely helps me be more organized and feel on top of things in my life. However, when I push past that feeling a little and think about the why, I know there's some different contributing factors. The main one is this year I started making Youtube videos and one of the things I wanted to try was making planning videos, but that's now meant I don't feel like I can use my planners if I don't have my camera and mic all set up properly to film it, so I just end up not doing anything at all. I may try and do more videos or I may end up dropping that particular avenue of filming, but I try not to allow too much shame and stress creep in because I tell myself I know I will pick it back up, because I always do. And whatever use I end up getting out of it is still valuable and still worth it to me. Sorry for the long winded rant lol but I hope it helps!","Haha welcome to the club! I've been using Hobonichis for a few years now and definitely went down the rabbit hole. I've used them to varying degrees of success each year, but I'm always glad I have one. I really think the secret is to keep trying to make peace with the fact that…","1540","309","","","","true","true","planner | planners | plan | planning | organize","guilt | shame | time | too much","","contains_question | guilt_or_shame_signal | long_form_comment | mentions_pain_or_friction | mentions_planner_or_system | mentions_working_solution_or_recommendation | overwhelm_or_complexity_signal","94","[THREAD_TITLE]
Hyperfixated on Hobinichi and planner content

[THREAD_BODY]
Hi there, I'm looking for advice — I'm currently hyper fixated on planner content, watching hobinichi set up Youtube videos, spending ages looking different undated planners etc. BUT I'm 95% sure I won't use a physical planner if I buy one, but I'm not sure how to get past the hyperfixation without buying something new. I've tried just using note books and setting them up as bullet journals. I've tried getting excited about digital planning and looking at content for that... but there's something about the nicely designed planners (and the content that people create walking through their set up) that I keep coming back to. Any advice?!

[CURRENT_RECORD]
Haha welcome to the club! I've been using Hobonichis for a few years now and definitely went down the rabbit hole. I've used them to varying degrees of success each year, but I'm always glad I have one. I really think the secret is to keep trying to make peace with the fact that sometimes you just won't use it, but that doesn't mean you can't ever use it. This year I have 2 Cousins and a Weeks. I haven't touched them in months, haven't meaningfully used them for a good part of this year. Am I upset about that? For sure! I still get the guilt and the frustration when I think about the fact that I haven't been using them, because I know that when I do use them regularly, it genuinely helps me be more organized and feel on top of things in my life. However, when I push past that feeling a little and think about the why, I know there's some different contributing factors. The main one is this year I started making Youtube videos and one of the things I wanted to try was making planning videos, but that's now meant I don't feel like I can use my planners if I don't have my camera and mic all set up properly to film it, so I just end up not doing anything at all. I may try and do more videos or I may end up dropping that particular avenue of filming, but I try not to allow too much shame and stress creep in because I tell myself I know I will pick it back up, because I always do. And whatever use I end up getting out of it is still valuable and still worth it to me. Sorry for the long winded rant lol but I hope it helps!"
"C:\Projects\Web\planner-tdah\research\reddit_data\reddit-adhdwomen-hyperfixated_on_hobinichi_and_planner_content.json","reddit-adhdwomen-hyperfixated_on_hobinichi_and_planner_content","1tfancf","t3_1tfancf","https://www.reddit.com/r/adhdwomen/comments/1tfancf/hyperfixated_on_hobinichi_and_planner_content/","adhdwomen","r/adhdwomen","Hyperfixated on Hobinichi and planner content","Hi there, I'm looking for advice — I'm currently hyper fixated on planner content, watching hobinichi set up Youtube videos, spending ages looking different undated planners etc. BUT I'm 95% sure I won't use a physical planner if I buy one, but I'm not sure how to get past the hyperfixation without buying something new. I've tried just using note books and setting them up as bullet journals. I've tried getting excited about digital planning and looking at content for that... but there's something about the nicely designed planners (and the content that people create walking through their set up) that I keep coming back to. Any advice?!","General Question/Discussion","1778978928","2026-05-17T00:48:48+00:00","26","26","0.96","34","2df3e6816197db68","","reddit-adhdwomen-hyperfixated_on_hobinichi_and_planner_content:comment:om8kz87","comment","om8kz87","t1_om8kz87","https://www.reddit.com/r/adhdwomen/comments/1tfancf/hyperfixated_on_hobinichi_and_planner_content/om8kz87/","/r/adhdwomen/comments/1tfancf/hyperfixated_on_hobinichi_and_planner_content/om8kz87/","t3_1tfancf","post","","om8kz87","0","true","om8kz87","0055ffec0230137e","","","false","false","","2","2","0","0","0","1778984894","2026-05-17T02:28:14+00:00","false","False","","false","false","false","false","I’m not super well versed in the planner set up and whatnot. I just use a dotted note book and I just write the date for the day I use it. That feels less intimidating for me and I don’t feel as much shame because I don’t make spreads I don’t use or leave blank days as I would in a traditional planner. I saw in the comments that you were wanting to use something for health reasons. Would a whiteboard fulfill that need for you? I have a massive calendar whiteboard and an additional plain whiteboard to record things that I need to remember. It makes it a lot harder for me to forget about it. I can close a planner and put it on my desk to be forgotten for days, but the whiteboard is extremely visual and difficult to escape","I’m not super well versed in the planner set up and whatnot. I just use a dotted note book and I just write the date for the day I use it. That feels less intimidating for me and I don’t feel as much shame because I don’t make spreads I don’t use or leave blank days as I would i…","729","143","","","","true","false","planner | plan | calendar","shame | forget | forgot | forgotten","visual","contains_question | forgetfulness_or_time_signal | guilt_or_shame_signal | long_form_comment | mentions_feature_or_solution | mentions_pain_or_friction | mentions_planner_or_system","72","[THREAD_TITLE]
Hyperfixated on Hobinichi and planner content

[THREAD_BODY]
Hi there, I'm looking for advice — I'm currently hyper fixated on planner content, watching hobinichi set up Youtube videos, spending ages looking different undated planners etc. BUT I'm 95% sure I won't use a physical planner if I buy one, but I'm not sure how to get past the hyperfixation without buying something new. I've tried just using note books and setting them up as bullet journals. I've tried getting excited about digital planning and looking at content for that... but there's something about the nicely designed planners (and the content that people create walking through their set up) that I keep coming back to. Any advice?!

[CURRENT_RECORD]
I’m not super well versed in the planner set up and whatnot. I just use a dotted note book and I just write the date for the day I use it. That feels less intimidating for me and I don’t feel as much shame because I don’t make spreads I don’t use or leave blank days as I would in a traditional planner. I saw in the comments that you were wanting to use something for health reasons. Would a whiteboard fulfill that need for you? I have a massive calendar whiteboard and an additional plain whiteboard to record things that I need to remember. It makes it a lot harder for me to forget about it. I can close a planner and put it on my desk to be forgotten for days, but the whiteboard is extremely visual and difficult to escape"
"C:\Projects\Web\planner-tdah\research\reddit_data\reddit-adhdwomen-hyperfixated_on_hobinichi_and_planner_content.json","reddit-adhdwomen-hyperfixated_on_hobinichi_and_planner_content","1tfancf","t3_1tfancf","https://www.reddit.com/r/adhdwomen/comments/1tfancf/hyperfixated_on_hobinichi_and_planner_content/","adhdwomen","r/adhdwomen","Hyperfixated on Hobinichi and planner content","Hi there, I'm looking for advice — I'm currently hyper fixated on planner content, watching hobinichi set up Youtube videos, spending ages looking different undated planners etc. BUT I'm 95% sure I won't use a physical planner if I buy one, but I'm not sure how to get past the hyperfixation without buying something new. I've tried just using note books and setting them up as bullet journals. I've tried getting excited about digital planning and looking at content for that... but there's something about the nicely designed planners (and the content that people create walking through their set up) that I keep coming back to. Any advice?!","General Question/Discussion","1778978928","2026-05-17T00:48:48+00:00","26","26","0.96","34","2df3e6816197db68","","reddit-adhdwomen-hyperfixated_on_hobinichi_and_planner_content:comment:omb3da5","comment","omb3da5","t1_omb3da5","https://www.reddit.com/r/adhdwomen/comments/1tfancf/hyperfixated_on_hobinichi_and_planner_content/omb3da5/","/r/adhdwomen/comments/1tfancf/hyperfixated_on_hobinichi_and_planner_content/omb3da5/","t3_1tfancf","post","","omb3da5","0","true","omb3da5","d5ff24fe20cedaff","","","false","false","","2","2","0","0","0","1779026219","2026-05-17T13:56:59+00:00","false","False","","false","false","false","false","I have no advise I bought 3 planners my 1st obsession year. Now im down to 1 cousin and a 1 weeks. A6 was a good size but 3 planners was too much to keep track of","I have no advise I bought 3 planners my 1st obsession year. Now im down to 1 cousin and a 1 weeks. A6 was a good size but 3 planners was too much to keep track of","162","37","","","","false","false","planner | planners | plan","too much","","mentions_pain_or_friction | mentions_planner_or_system | overwhelm_or_complexity_signal","35","[THREAD_TITLE]
Hyperfixated on Hobinichi and planner content

[THREAD_BODY]
Hi there, I'm looking for advice — I'm currently hyper fixated on planner content, watching hobinichi set up Youtube videos, spending ages looking different undated planners etc. BUT I'm 95% sure I won't use a physical planner if I buy one, but I'm not sure how to get past the hyperfixation without buying something new. I've tried just using note books and setting them up as bullet journals. I've tried getting excited about digital planning and looking at content for that... but there's something about the nicely designed planners (and the content that people create walking through their set up) that I keep coming back to. Any advice?!

[CURRENT_RECORD]
I have no advise I bought 3 planners my 1st obsession year. Now im down to 1 cousin and a 1 weeks. A6 was a good size but 3 planners was too much to keep track of"
"C:\Projects\Web\planner-tdah\research\reddit_data\reddit-adhdwomen-hyperfixated_on_hobinichi_and_planner_content.json","reddit-adhdwomen-hyperfixated_on_hobinichi_and_planner_content","1tfancf","t3_1tfancf","https://www.reddit.com/r/adhdwomen/comments/1tfancf/hyperfixated_on_hobinichi_and_planner_content/","adhdwomen","r/adhdwomen","Hyperfixated on Hobinichi and planner content","Hi there, I'm looking for advice — I'm currently hyper fixated on planner content, watching hobinichi set up Youtube videos, spending ages looking different undated planners etc. BUT I'm 95% sure I won't use a physical planner if I buy one, but I'm not sure how to get past the hyperfixation without buying something new. I've tried just using note books and setting them up as bullet journals. I've tried getting excited about digital planning and looking at content for that... but there's something about the nicely designed planners (and the content that people create walking through their set up) that I keep coming back to. Any advice?!","General Question/Discussion","1778978928","2026-05-17T00:48:48+00:00","26","26","0.96","34","2df3e6816197db68","","reddit-adhdwomen-hyperfixated_on_hobinichi_and_planner_content:comment:omeomi9","comment","omeomi9","t1_omeomi9","https://www.reddit.com/r/adhdwomen/comments/1tfancf/hyperfixated_on_hobinichi_and_planner_content/omeomi9/","/r/adhdwomen/comments/1tfancf/hyperfixated_on_hobinichi_and_planner_content/omeomi9/","t3_1tfancf","post","","omeomi9","0","true","omeomi9","26763a3ba1e86753","","ADHD-C","false","false","","2","2","0","0","0","1779068324","2026-05-18T01:38:44+00:00","false","False","","false","false","false","false","I fell into Hobonichi, used it for a month or so (mostly meal planning) and lost momentum after diving into pens, washi, stickers… and fountain pens… 2 years later I’m consistently using 3 ring planners but I’m no longer doing anything “daily”… instead I have an A5 for homeschool records (with Cloth and Paper monthly inserts, keeping track of experiments, weekly curriculum, field trips etc)… I use an A6 for a repeating chore/housework system (I call it my brain… repeating meal plans and grocery lists, too, so I stop forgetting what to shop for!) And an A7 that has my random to-dos like schedule my daughter’s birthday party, safe meals at restaurants for my food allergies or my husbands favorite coffee order if I grab something without asking him. That one is filled with cheap 3x5 index cards, ugly doodles and has an AirTag in the pocket :) I don’t use the Hobonichi anymore but I looove Eric Small Things and all the stickers, washi, stamps and earth tone markers I got for it. I don’t do well with dates though, and I like decorating my 3 planners to make me want to look at them. I actuallly sold my cover for the hobo weeks to put it all to rest. I’m good at ring planning because there’s more variety to it!","I fell into Hobonichi, used it for a month or so (mostly meal planning) and lost momentum after diving into pens, washi, stickers… and fountain pens… 2 years later I’m consistently using 3 ring planners but I’m no longer doing anything “daily”… instead I have an A5 for homeschoo…","1223","222","","","","false","false","planner | planners | plan | planning | to-do | weekly | monthly | daily | schedule","forget | lost","weekly | monthly | daily","forgetfulness_or_time_signal | long_form_comment | mentions_feature_or_solution | mentions_pain_or_friction | mentions_planner_or_system","80","[THREAD_TITLE]
Hyperfixated on Hobinichi and planner content

[THREAD_BODY]
Hi there, I'm looking for advice — I'm currently hyper fixated on planner content, watching hobinichi set up Youtube videos, spending ages looking different undated planners etc. BUT I'm 95% sure I won't use a physical planner if I buy one, but I'm not sure how to get past the hyperfixation without buying something new. I've tried just using note books and setting them up as bullet journals. I've tried getting excited about digital planning and looking at content for that... but there's something about the nicely designed planners (and the content that people create walking through their set up) that I keep coming back to. Any advice?!

[CURRENT_RECORD]
I fell into Hobonichi, used it for a month or so (mostly meal planning) and lost momentum after diving into pens, washi, stickers… and fountain pens… 2 years later I’m consistently using 3 ring planners but I’m no longer doing anything “daily”… instead I have an A5 for homeschool records (with Cloth and Paper monthly inserts, keeping track of experiments, weekly curriculum, field trips etc)… I use an A6 for a repeating chore/housework system (I call it my brain… repeating meal plans and grocery lists, too, so I stop forgetting what to shop for!) And an A7 that has my random to-dos like schedule my daughter’s birthday party, safe meals at restaurants for my food allergies or my husbands favorite coffee order if I grab something without asking him. That one is filled with cheap 3x5 index cards, ugly doodles and has an AirTag in the pocket :) I don’t use the Hobonichi anymore but I looove Eric Small Things and all the stickers, washi, stamps and earth tone markers I got for it. I don’t do well with dates though, and I like decorating my 3 planners to make me want to look at them. I actuallly sold my cover for the hobo weeks to put it all to rest. I’m good at ring planning because there’s more variety to it!"
"C:\Projects\Web\planner-tdah\research\reddit_data\reddit-adhdwomen-hyperfixated_on_hobinichi_and_planner_content.json","reddit-adhdwomen-hyperfixated_on_hobinichi_and_planner_content","1tfancf","t3_1tfancf","https://www.reddit.com/r/adhdwomen/comments/1tfancf/hyperfixated_on_hobinichi_and_planner_content/","adhdwomen","r/adhdwomen","Hyperfixated on Hobinichi and planner content","Hi there, I'm looking for advice — I'm currently hyper fixated on planner content, watching hobinichi set up Youtube videos, spending ages looking different undated planners etc. BUT I'm 95% sure I won't use a physical planner if I buy one, but I'm not sure how to get past the hyperfixation without buying something new. I've tried just using note books and setting them up as bullet journals. I've tried getting excited about digital planning and looking at content for that... but there's something about the nicely designed planners (and the content that people create walking through their set up) that I keep coming back to. Any advice?!","General Question/Discussion","1778978928","2026-05-17T00:48:48+00:00","26","26","0.96","34","2df3e6816197db68","","reddit-adhdwomen-hyperfixated_on_hobinichi_and_planner_content:comment:om8aspe","comment","om8aspe","t1_om8aspe","https://www.reddit.com/r/adhdwomen/comments/1tfancf/hyperfixated_on_hobinichi_and_planner_content/om8aspe/","/r/adhdwomen/comments/1tfancf/hyperfixated_on_hobinichi_and_planner_content/om8aspe/","t3_1tfancf","post","","om8aspe","0","true","om8aspe","7c3165abada8fa0f","","","false","false","","1","1","0","0","0","1778980962","2026-05-17T01:22:42+00:00","false","False","","false","false","false","false","Oof I’ve been there too. The whole digital planner journey too and bought annual ones for two years but literally there are always only like 5 pages filled out of the entire year. I’ve gotten into stamps and card making and now it’s really hard to not be tempted by planner/agenda stamps by high quality stamp designers. I’ve already spent a ton on the stamp collection and have only made a handful of cards too 🫣 I think we enjoy the collecting of the material more than doing the actual hobby lol at least that is always the case for me 🫠","Oof I’ve been there too. The whole digital planner journey too and bought annual ones for two years but literally there are always only like 5 pages filled out of the entire year. I’ve gotten into stamps and card making and now it’s really hard to not be tempted by planner/agend…","540","102","","","","false","false","planner | plan | agenda","","","long_form_comment | mentions_planner_or_system","32","[THREAD_TITLE]
Hyperfixated on Hobinichi and planner content

[THREAD_BODY]
Hi there, I'm looking for advice — I'm currently hyper fixated on planner content, watching hobinichi set up Youtube videos, spending ages looking different undated planners etc. BUT I'm 95% sure I won't use a physical planner if I buy one, but I'm not sure how to get past the hyperfixation without buying something new. I've tried just using note books and setting them up as bullet journals. I've tried getting excited about digital planning and looking at content for that... but there's something about the nicely designed planners (and the content that people create walking through their set up) that I keep coming back to. Any advice?!

[CURRENT_RECORD]
Oof I’ve been there too. The whole digital planner journey too and bought annual ones for two years but literally there are always only like 5 pages filled out of the entire year. I’ve gotten into stamps and card making and now it’s really hard to not be tempted by planner/agenda stamps by high quality stamp designers. I’ve already spent a ton on the stamp collection and have only made a handful of cards too 🫣 I think we enjoy the collecting of the material more than doing the actual hobby lol at least that is always the case for me 🫠"
"C:\Projects\Web\planner-tdah\research\reddit_data\reddit-adhdwomen-hyperfixated_on_hobinichi_and_planner_content.json","reddit-adhdwomen-hyperfixated_on_hobinichi_and_planner_content","1tfancf","t3_1tfancf","https://www.reddit.com/r/adhdwomen/comments/1tfancf/hyperfixated_on_hobinichi_and_planner_content/","adhdwomen","r/adhdwomen","Hyperfixated on Hobinichi and planner content","Hi there, I'm looking for advice — I'm currently hyper fixated on planner content, watching hobinichi set up Youtube videos, spending ages looking different undated planners etc. BUT I'm 95% sure I won't use a physical planner if I buy one, but I'm not sure how to get past the hyperfixation without buying something new. I've tried just using note books and setting them up as bullet journals. I've tried getting excited about digital planning and looking at content for that... but there's something about the nicely designed planners (and the content that people create walking through their set up) that I keep coming back to. Any advice?!","General Question/Discussion","1778978928","2026-05-17T00:48:48+00:00","26","26","0.96","34","2df3e6816197db68","","reddit-adhdwomen-hyperfixated_on_hobinichi_and_planner_content:comment:om8cri8","comment","om8cri8","t1_om8cri8","https://www.reddit.com/r/adhdwomen/comments/1tfancf/hyperfixated_on_hobinichi_and_planner_content/om8cri8/","/r/adhdwomen/comments/1tfancf/hyperfixated_on_hobinichi_and_planner_content/om8cri8/","t3_1tfancf","post","","om8cri8","0","true","om8cri8","12c5bca6f8a38297","","","false","false","","1","1","0","0","1","1778981722","2026-05-17T01:35:22+00:00","false","False","","false","false","false","false","How much is it? I love a planner and a notebook. I go through phases where I’ll stick with it for months, then drop it, then come back. I’ve learned to accept that. I’m not gonna be like the girls on Insta who make it look perfect and log everything perfectly but it’s fun for what I use it for (tracking habits, occupational therapy exercises, I use the monthly calendar to put stickers, business cards, from everywhere I eat out or go visit in a month). I’m not doing any of it “right” but it’s fun for me. If you can afford it and it’s reasonable for you, I say go for it. It’s fun to try things out and with adhd stuff works for awhile but then we fall off. I find that some stuff I come back to in waves. Planners is one of those things. Some of my planner stuff I’ve gotten used and from my buy nothing group so that helps with the money. Maybe try buying like one notebook and one sheet of stickers and see how it goes. Give yourself a budget and stick to it. Just curious what is it you like about this specific notebook style?","How much is it? I love a planner and a notebook. I go through phases where I’ll stick with it for months, then drop it, then come back. I’ve learned to accept that. I’m not gonna be like the girls on Insta who make it look perfect and log everything perfectly but it’s fun for wh…","1035","204","","","","true","true","planner | planners | plan | calendar | monthly","adhd","monthly","contains_question | long_form_comment | mentions_feature_or_solution | mentions_pain_or_friction | mentions_planner_or_system | mentions_working_solution_or_recommendation","70","[THREAD_TITLE]
Hyperfixated on Hobinichi and planner content

[THREAD_BODY]
Hi there, I'm looking for advice — I'm currently hyper fixated on planner content, watching hobinichi set up Youtube videos, spending ages looking different undated planners etc. BUT I'm 95% sure I won't use a physical planner if I buy one, but I'm not sure how to get past the hyperfixation without buying something new. I've tried just using note books and setting them up as bullet journals. I've tried getting excited about digital planning and looking at content for that... but there's something about the nicely designed planners (and the content that people create walking through their set up) that I keep coming back to. Any advice?!

[CURRENT_RECORD]
How much is it? I love a planner and a notebook. I go through phases where I’ll stick with it for months, then drop it, then come back. I’ve learned to accept that. I’m not gonna be like the girls on Insta who make it look perfect and log everything perfectly but it’s fun for what I use it for (tracking habits, occupational therapy exercises, I use the monthly calendar to put stickers, business cards, from everywhere I eat out or go visit in a month). I’m not doing any of it “right” but it’s fun for me. If you can afford it and it’s reasonable for you, I say go for it. It’s fun to try things out and with adhd stuff works for awhile but then we fall off. I find that some stuff I come back to in waves. Planners is one of those things. Some of my planner stuff I’ve gotten used and from my buy nothing group so that helps with the money. Maybe try buying like one notebook and one sheet of stickers and see how it goes. Give yourself a budget and stick to it. Just curious what is it you like about this specific notebook style?"
"C:\Projects\Web\planner-tdah\research\reddit_data\reddit-adhdwomen-hyperfixated_on_hobinichi_and_planner_content.json","reddit-adhdwomen-hyperfixated_on_hobinichi_and_planner_content","1tfancf","t3_1tfancf","https://www.reddit.com/r/adhdwomen/comments/1tfancf/hyperfixated_on_hobinichi_and_planner_content/","adhdwomen","r/adhdwomen","Hyperfixated on Hobinichi and planner content","Hi there, I'm looking for advice — I'm currently hyper fixated on planner content, watching hobinichi set up Youtube videos, spending ages looking different undated planners etc. BUT I'm 95% sure I won't use a physical planner if I buy one, but I'm not sure how to get past the hyperfixation without buying something new. I've tried just using note books and setting them up as bullet journals. I've tried getting excited about digital planning and looking at content for that... but there's something about the nicely designed planners (and the content that people create walking through their set up) that I keep coming back to. Any advice?!","General Question/Discussion","1778978928","2026-05-17T00:48:48+00:00","26","26","0.96","34","2df3e6816197db68","","reddit-adhdwomen-hyperfixated_on_hobinichi_and_planner_content:comment:om8gnwj","comment","om8gnwj","t1_om8gnwj","https://www.reddit.com/r/adhdwomen/comments/1tfancf/hyperfixated_on_hobinichi_and_planner_content/om8gnwj/","/r/adhdwomen/comments/1tfancf/hyperfixated_on_hobinichi_and_planner_content/om8gnwj/","t1_om8cri8","comment","om8cri8","om8cri8","1","false","om8cri8 > om8gnwj","2df3e6816197db68","","","true","false","","1","1","0","0","0","1778983208","2026-05-17T02:00:08+00:00","false","False","","false","false","false","false","I got really into bullet journalling in 2024, but having to write up each day (even though I kept my spreads really minimal) slowed me down. I'm also about to start on a GLP-1 for some health issues, so I want to get better at tracking my food and water intake, and generally how I'm feeling. I've been looking at the sterling ink undated, but that's even more $$$ and I'm not sure I'd use it too.","I got really into bullet journalling in 2024, but having to write up each day (even though I kept my spreads really minimal) slowed me down. I'm also about to start on a GLP-1 for some health issues, so I want to get better at tracking my food and water intake, and generally how…","397","77","How much is it? I love a planner and a notebook. I go through phases where I’ll stick with it for months, then drop it, then come back. I’ve learned to accept that. I’m not gonna be like the girls on Insta who make it look perfect and log everything perfectly but it’s fun for what I use it for (tracking habits, occupational therapy exercises, I use the monthly calendar to put stickers, business cards, from everywhere I eat out or go visit in a month). I’m not doing any of it “right” but it’s fun for me. If you can afford it and it’s reasonable for you, I say go for it. It’s fun to try things out and with adhd stuff works for awhile but then we fall off. I find that some stuff I come back to…","How much is it? I love a planner and a notebook. I go through phases where I’ll stick with it for months, then drop it, then come back. I’ve learned to accept that. I’m not gonna be like the girls on Insta who make it look perfect and log everything perfectly but it’s fun for what I use it for (tracking habits, occupational therapy exercises, I use the monthly calendar to put stickers, business cards, from everywhere I eat out or go visit in a month). I’m not doing any of it “right” but it’s fun for me. If you can afford it and it’s reasonable for you, I say go for it. It’s fun to try things out and with adhd stuff works for awhile but then we fall off. I find that some stuff I come back to…","","false","false","bullet journal | journal","","minimal","mentions_feature_or_solution | mentions_planner_or_system","22","[THREAD_TITLE]
Hyperfixated on Hobinichi and planner content

[THREAD_BODY]
Hi there, I'm looking for advice — I'm currently hyper fixated on planner content, watching hobinichi set up Youtube videos, spending ages looking different undated planners etc. BUT I'm 95% sure I won't use a physical planner if I buy one, but I'm not sure how to get past the hyperfixation without buying something new. I've tried just using note books and setting them up as bullet journals. I've tried getting excited about digital planning and looking at content for that... but there's something about the nicely designed planners (and the content that people create walking through their set up) that I keep coming back to. Any advice?!

[PARENT_COMMENT_CONTEXT]
How much is it? I love a planner and a notebook. I go through phases where I’ll stick with it for months, then drop it, then come back. I’ve learned to accept that. I’m not gonna be like the girls on Insta who make it look perfect and log everything perfectly but it’s fun for what I use it for (tracking habits, occupational therapy exercises, I use the monthly calendar to put stickers, business cards, from everywhere I eat out or go visit in a month). I’m not doing any of it “right” but it’s fun for me. If you can afford it and it’s reasonable for you, I say go for it. It’s fun to try things out and with adhd stuff works for awhile but then we fall off. I find that some stuff I come back to…

[CURRENT_RECORD]
I got really into bullet journalling in 2024, but having to write up each day (even though I kept my spreads really minimal) slowed me down. I'm also about to start on a GLP-1 for some health issues, so I want to get better at tracking my food and water intake, and generally how I'm feeling. I've been looking at the sterling ink undated, but that's even more $$$ and I'm not sure I'd use it too."
"C:\Projects\Web\planner-tdah\research\reddit_data\reddit-adhdwomen-hyperfixated_on_hobinichi_and_planner_content.json","reddit-adhdwomen-hyperfixated_on_hobinichi_and_planner_content","1tfancf","t3_1tfancf","https://www.reddit.com/r/adhdwomen/comments/1tfancf/hyperfixated_on_hobinichi_and_planner_content/","adhdwomen","r/adhdwomen","Hyperfixated on Hobinichi and planner content","Hi there, I'm looking for advice — I'm currently hyper fixated on planner content, watching hobinichi set up Youtube videos, spending ages looking different undated planners etc. BUT I'm 95% sure I won't use a physical planner if I buy one, but I'm not sure how to get past the hyperfixation without buying something new. I've tried just using note books and setting them up as bullet journals. I've tried getting excited about digital planning and looking at content for that... but there's something about the nicely designed planners (and the content that people create walking through their set up) that I keep coming back to. Any advice?!","General Question/Discussion","1778978928","2026-05-17T00:48:48+00:00","26","26","0.96","34","2df3e6816197db68","","reddit-adhdwomen-hyperfixated_on_hobinichi_and_planner_content:comment:om8eatb","comment","om8eatb","t1_om8eatb","https://www.reddit.com/r/adhdwomen/comments/1tfancf/hyperfixated_on_hobinichi_and_planner_content/om8eatb/","/r/adhdwomen/comments/1tfancf/hyperfixated_on_hobinichi_and_planner_content/om8eatb/","t3_1tfancf","post","","om8eatb","0","true","om8eatb","cecc02c927d17079","","ADHD-C","false","false","","1","1","0","0","0","1778982306","2026-05-17T01:45:06+00:00","false","False","","false","false","false","false","I went DEEP down the stationery and hobonichi rabbit hole. I bought a weeks and a cousin, used the weeks for work and the cousin for daily journaling. Got stickers and washi tape and stamps and fancy pens. Now, 6 months later, I still use my weeks daily for work but I only use my cousin occasionally. I do use my stationery a lot tho, especially for junk journaling/scrapbooking! So, I think it doesn’t hurt to try a hobonichi if you have the need, desire, and disposable income for one! The weeks is small and pretty low stakes if you wanna start with that :)","I went DEEP down the stationery and hobonichi rabbit hole. I bought a weeks and a cousin, used the weeks for work and the cousin for daily journaling. Got stickers and washi tape and stamps and fancy pens. Now, 6 months later, I still use my weeks daily for work but I only use m…","561","105","","","","false","false","journal | daily","","daily","long_form_comment | mentions_feature_or_solution | mentions_planner_or_system","32","[THREAD_TITLE]
Hyperfixated on Hobinichi and planner content

[THREAD_BODY]
Hi there, I'm looking for advice — I'm currently hyper fixated on planner content, watching hobinichi set up Youtube videos, spending ages looking different undated planners etc. BUT I'm 95% sure I won't use a physical planner if I buy one, but I'm not sure how to get past the hyperfixation without buying something new. I've tried just using note books and setting them up as bullet journals. I've tried getting excited about digital planning and looking at content for that... but there's something about the nicely designed planners (and the content that people create walking through their set up) that I keep coming back to. Any advice?!

[CURRENT_RECORD]
I went DEEP down the stationery and hobonichi rabbit hole. I bought a weeks and a cousin, used the weeks for work and the cousin for daily journaling. Got stickers and washi tape and stamps and fancy pens. Now, 6 months later, I still use my weeks daily for work but I only use my cousin occasionally. I do use my stationery a lot tho, especially for junk journaling/scrapbooking! So, I think it doesn’t hurt to try a hobonichi if you have the need, desire, and disposable income for one! The weeks is small and pretty low stakes if you wanna start with that :)"
"C:\Projects\Web\planner-tdah\research\reddit_data\reddit-adhdwomen-hyperfixated_on_hobinichi_and_planner_content.json","reddit-adhdwomen-hyperfixated_on_hobinichi_and_planner_content","1tfancf","t3_1tfancf","https://www.reddit.com/r/adhdwomen/comments/1tfancf/hyperfixated_on_hobinichi_and_planner_content/","adhdwomen","r/adhdwomen","Hyperfixated on Hobinichi and planner content","Hi there, I'm looking for advice — I'm currently hyper fixated on planner content, watching hobinichi set up Youtube videos, spending ages looking different undated planners etc. BUT I'm 95% sure I won't use a physical planner if I buy one, but I'm not sure how to get past the hyperfixation without buying something new. I've tried just using note books and setting them up as bullet journals. I've tried getting excited about digital planning and looking at content for that... but there's something about the nicely designed planners (and the content that people create walking through their set up) that I keep coming back to. Any advice?!","General Question/Discussion","1778978928","2026-05-17T00:48:48+00:00","26","26","0.96","34","2df3e6816197db68","","reddit-adhdwomen-hyperfixated_on_hobinichi_and_planner_content:comment:om8fwcr","comment","om8fwcr","t1_om8fwcr","https://www.reddit.com/r/adhdwomen/comments/1tfancf/hyperfixated_on_hobinichi_and_planner_content/om8fwcr/","/r/adhdwomen/comments/1tfancf/hyperfixated_on_hobinichi_and_planner_content/om8fwcr/","t3_1tfancf","post","","om8fwcr","0","true","om8fwcr","b5173b39b5df1e8c","","","false","false","","1","1","0","0","0","1778982912","2026-05-17T01:55:12+00:00","false","False","","false","false","false","false","No advice, I fell for the hobinichi hype this past December and bought… multiple 🥲 I’m embarrassed to say they’re mainly sitting unused, such an expense mistake :( BUT I got the 5 year journal and surprisingly I think I’ve done a pretty good job keeping up with it so far. My daughter was born recently and I just write a sentence or two in it about what she did each day. It’s wayyyy easier to keep up with","No advice, I fell for the hobinichi hype this past December and bought… multiple 🥲 I’m embarrassed to say they’re mainly sitting unused, such an expense mistake :( BUT I got the 5 year journal and surprisingly I think I’ve done a pretty good job keeping up with it so far. My dau…","407","79","","","","false","false","journal","","","mentions_planner_or_system","14","[THREAD_TITLE]
Hyperfixated on Hobinichi and planner content

[THREAD_BODY]
Hi there, I'm looking for advice — I'm currently hyper fixated on planner content, watching hobinichi set up Youtube videos, spending ages looking different undated planners etc. BUT I'm 95% sure I won't use a physical planner if I buy one, but I'm not sure how to get past the hyperfixation without buying something new. I've tried just using note books and setting them up as bullet journals. I've tried getting excited about digital planning and looking at content for that... but there's something about the nicely designed planners (and the content that people create walking through their set up) that I keep coming back to. Any advice?!

[CURRENT_RECORD]
No advice, I fell for the hobinichi hype this past December and bought… multiple 🥲 I’m embarrassed to say they’re mainly sitting unused, such an expense mistake :( BUT I got the 5 year journal and surprisingly I think I’ve done a pretty good job keeping up with it so far. My daughter was born recently and I just write a sentence or two in it about what she did each day. It’s wayyyy easier to keep up with"
"C:\Projects\Web\planner-tdah\research\reddit_data\reddit-adhdwomen-hyperfixated_on_hobinichi_and_planner_content.json","reddit-adhdwomen-hyperfixated_on_hobinichi_and_planner_content","1tfancf","t3_1tfancf","https://www.reddit.com/r/adhdwomen/comments/1tfancf/hyperfixated_on_hobinichi_and_planner_content/","adhdwomen","r/adhdwomen","Hyperfixated on Hobinichi and planner content","Hi there, I'm looking for advice — I'm currently hyper fixated on planner content, watching hobinichi set up Youtube videos, spending ages looking different undated planners etc. BUT I'm 95% sure I won't use a physical planner if I buy one, but I'm not sure how to get past the hyperfixation without buying something new. I've tried just using note books and setting them up as bullet journals. I've tried getting excited about digital planning and looking at content for that... but there's something about the nicely designed planners (and the content that people create walking through their set up) that I keep coming back to. Any advice?!","General Question/Discussion","1778978928","2026-05-17T00:48:48+00:00","26","26","0.96","34","2df3e6816197db68","","reddit-adhdwomen-hyperfixated_on_hobinichi_and_planner_content:comment:om8gvl9","comment","om8gvl9","t1_om8gvl9","https://www.reddit.com/r/adhdwomen/comments/1tfancf/hyperfixated_on_hobinichi_and_planner_content/om8gvl9/","/r/adhdwomen/comments/1tfancf/hyperfixated_on_hobinichi_and_planner_content/om8gvl9/","t3_1tfancf","post","","om8gvl9","0","true","om8gvl9","3e82838f49c2af57","","AuDHD?","false","false","","1","1","0","0","0","1778983290","2026-05-17T02:01:30+00:00","false","False","","false","false","false","false","i've changed my planner's spreads soooooooooo many times. a predated planner was sth i thought would work for me. i bought one. then when it came time to use it, i… did not 😂 so i guess just dip a toe in and see if you like it or not? just don't get impulsive and buy everything","i've changed my planner's spreads soooooooooo many times. a predated planner was sth i thought would work for me. i bought one. then when it came time to use it, i… did not 😂 so i guess just dip a toe in and see if you like it or not? just don't get impulsive and buy everything","278","57","","","","true","false","planner | plan","time","change","contains_question | forgetfulness_or_time_signal | mentions_feature_or_solution | mentions_pain_or_friction | mentions_planner_or_system","35","[THREAD_TITLE]
Hyperfixated on Hobinichi and planner content

[THREAD_BODY]
Hi there, I'm looking for advice — I'm currently hyper fixated on planner content, watching hobinichi set up Youtube videos, spending ages looking different undated planners etc. BUT I'm 95% sure I won't use a physical planner if I buy one, but I'm not sure how to get past the hyperfixation without buying something new. I've tried just using note books and setting them up as bullet journals. I've tried getting excited about digital planning and looking at content for that... but there's something about the nicely designed planners (and the content that people create walking through their set up) that I keep coming back to. Any advice?!

[CURRENT_RECORD]
i've changed my planner's spreads soooooooooo many times. a predated planner was sth i thought would work for me. i bought one. then when it came time to use it, i… did not 😂 so i guess just dip a toe in and see if you like it or not? just don't get impulsive and buy everything"
"C:\Projects\Web\planner-tdah\research\reddit_data\reddit-adhdwomen-hyperfixated_on_hobinichi_and_planner_content.json","reddit-adhdwomen-hyperfixated_on_hobinichi_and_planner_content","1tfancf","t3_1tfancf","https://www.reddit.com/r/adhdwomen/comments/1tfancf/hyperfixated_on_hobinichi_and_planner_content/","adhdwomen","r/adhdwomen","Hyperfixated on Hobinichi and planner content","Hi there, I'm looking for advice — I'm currently hyper fixated on planner content, watching hobinichi set up Youtube videos, spending ages looking different undated planners etc. BUT I'm 95% sure I won't use a physical planner if I buy one, but I'm not sure how to get past the hyperfixation without buying something new. I've tried just using note books and setting them up as bullet journals. I've tried getting excited about digital planning and looking at content for that... but there's something about the nicely designed planners (and the content that people create walking through their set up) that I keep coming back to. Any advice?!","General Question/Discussion","1778978928","2026-05-17T00:48:48+00:00","26","26","0.96","34","2df3e6816197db68","","reddit-adhdwomen-hyperfixated_on_hobinichi_and_planner_content:comment:om8lwgr","comment","om8lwgr","t1_om8lwgr","https://www.reddit.com/r/adhdwomen/comments/1tfancf/hyperfixated_on_hobinichi_and_planner_content/om8lwgr/","/r/adhdwomen/comments/1tfancf/hyperfixated_on_hobinichi_and_planner_content/om8lwgr/","t3_1tfancf","post","","om8lwgr","0","true","om8lwgr","cb38ae53a96a83b0","","","false","false","","1","1","0","0","0","1778985256","2026-05-17T02:34:16+00:00","false","False","","false","false","false","false","I lost count of how many planners I’ve bought and never used and then decluttered. Yet I’m still drawn to them Maybe look into junk journaling or something like that","I lost count of how many planners I’ve bought and never used and then decluttered. Yet I’m still drawn to them Maybe look into junk journaling or something like that","165","30","","","","false","false","planner | planners | plan | journal","lost","","forgetfulness_or_time_signal | mentions_pain_or_friction | mentions_planner_or_system","39","[THREAD_TITLE]
Hyperfixated on Hobinichi and planner content

[THREAD_BODY]
Hi there, I'm looking for advice — I'm currently hyper fixated on planner content, watching hobinichi set up Youtube videos, spending ages looking different undated planners etc. BUT I'm 95% sure I won't use a physical planner if I buy one, but I'm not sure how to get past the hyperfixation without buying something new. I've tried just using note books and setting them up as bullet journals. I've tried getting excited about digital planning and looking at content for that... but there's something about the nicely designed planners (and the content that people create walking through their set up) that I keep coming back to. Any advice?!

[CURRENT_RECORD]
I lost count of how many planners I’ve bought and never used and then decluttered. Yet I’m still drawn to them Maybe look into junk journaling or something like that"
"C:\Projects\Web\planner-tdah\research\reddit_data\reddit-adhdwomen-hyperfixated_on_hobinichi_and_planner_content.json","reddit-adhdwomen-hyperfixated_on_hobinichi_and_planner_content","1tfancf","t3_1tfancf","https://www.reddit.com/r/adhdwomen/comments/1tfancf/hyperfixated_on_hobinichi_and_planner_content/","adhdwomen","r/adhdwomen","Hyperfixated on Hobinichi and planner content","Hi there, I'm looking for advice — I'm currently hyper fixated on planner content, watching hobinichi set up Youtube videos, spending ages looking different undated planners etc. BUT I'm 95% sure I won't use a physical planner if I buy one, but I'm not sure how to get past the hyperfixation without buying something new. I've tried just using note books and setting them up as bullet journals. I've tried getting excited about digital planning and looking at content for that... but there's something about the nicely designed planners (and the content that people create walking through their set up) that I keep coming back to. Any advice?!","General Question/Discussion","1778978928","2026-05-17T00:48:48+00:00","26","26","0.96","34","2df3e6816197db68","","reddit-adhdwomen-hyperfixated_on_hobinichi_and_planner_content:comment:om8r445","comment","om8r445","t1_om8r445","https://www.reddit.com/r/adhdwomen/comments/1tfancf/hyperfixated_on_hobinichi_and_planner_content/om8r445/","/r/adhdwomen/comments/1tfancf/hyperfixated_on_hobinichi_and_planner_content/om8r445/","t3_1tfancf","post","","om8r445","0","true","om8r445","e00e4f07c0820149","","","false","false","","1","1","0","0","0","1778987373","2026-05-17T03:09:33+00:00","false","False","","false","false","false","false","I go through this cycle often. I don’t have any advice, because I thought I made my perfect set up for this year and hardly use it. I do thrift for planner materials and often find great notebooks, washi tape etc. I do find that I care a lot about paper feel. I love the thin bible paper planners more than anything else.","I go through this cycle often. I don’t have any advice, because I thought I made my perfect set up for this year and hardly use it. I do thrift for planner materials and often find great notebooks, washi tape etc. I do find that I care a lot about paper feel. I love the thin bib…","321","63","","","","false","true","planner | planners | plan","","","mentions_planner_or_system | mentions_working_solution_or_recommendation","30","[THREAD_TITLE]
Hyperfixated on Hobinichi and planner content

[THREAD_BODY]
Hi there, I'm looking for advice — I'm currently hyper fixated on planner content, watching hobinichi set up Youtube videos, spending ages looking different undated planners etc. BUT I'm 95% sure I won't use a physical planner if I buy one, but I'm not sure how to get past the hyperfixation without buying something new. I've tried just using note books and setting them up as bullet journals. I've tried getting excited about digital planning and looking at content for that... but there's something about the nicely designed planners (and the content that people create walking through their set up) that I keep coming back to. Any advice?!

[CURRENT_RECORD]
I go through this cycle often. I don’t have any advice, because I thought I made my perfect set up for this year and hardly use it. I do thrift for planner materials and often find great notebooks, washi tape etc. I do find that I care a lot about paper feel. I love the thin bible paper planners more than anything else."
"C:\Projects\Web\planner-tdah\research\reddit_data\reddit-adhdwomen-hyperfixated_on_hobinichi_and_planner_content.json","reddit-adhdwomen-hyperfixated_on_hobinichi_and_planner_content","1tfancf","t3_1tfancf","https://www.reddit.com/r/adhdwomen/comments/1tfancf/hyperfixated_on_hobinichi_and_planner_content/","adhdwomen","r/adhdwomen","Hyperfixated on Hobinichi and planner content","Hi there, I'm looking for advice — I'm currently hyper fixated on planner content, watching hobinichi set up Youtube videos, spending ages looking different undated planners etc. BUT I'm 95% sure I won't use a physical planner if I buy one, but I'm not sure how to get past the hyperfixation without buying something new. I've tried just using note books and setting them up as bullet journals. I've tried getting excited about digital planning and looking at content for that... but there's something about the nicely designed planners (and the content that people create walking through their set up) that I keep coming back to. Any advice?!","General Question/Discussion","1778978928","2026-05-17T00:48:48+00:00","26","26","0.96","34","2df3e6816197db68","","reddit-adhdwomen-hyperfixated_on_hobinichi_and_planner_content:comment:om8w4ie","comment","om8w4ie","t1_om8w4ie","https://www.reddit.com/r/adhdwomen/comments/1tfancf/hyperfixated_on_hobinichi_and_planner_content/om8w4ie/","/r/adhdwomen/comments/1tfancf/hyperfixated_on_hobinichi_and_planner_content/om8w4ie/","t3_1tfancf","post","","om8w4ie","0","true","om8w4ie","e3a882805a30a776","","","false","false","","1","1","0","0","0","1778989515","2026-05-17T03:45:15+00:00","false","False","","false","false","false","false","I've used one for years and don't bother with special accessories - if I make it a whole complicated thing it will definitely make me less likely to use it. I also use it as a simple journal of what's already happened since planning with it is of course inconsistent.","I've used one for years and don't bother with special accessories - if I make it a whole complicated thing it will definitely make me less likely to use it. I also use it as a simple journal of what's already happened since planning with it is of course inconsistent.","267","50","","","","false","false","plan | planning | journal | app","complicated | inconsistent","simple","mentions_feature_or_solution | mentions_pain_or_friction | mentions_planner_or_system | overwhelm_or_complexity_signal","48","[THREAD_TITLE]
Hyperfixated on Hobinichi and planner content

[THREAD_BODY]
Hi there, I'm looking for advice — I'm currently hyper fixated on planner content, watching hobinichi set up Youtube videos, spending ages looking different undated planners etc. BUT I'm 95% sure I won't use a physical planner if I buy one, but I'm not sure how to get past the hyperfixation without buying something new. I've tried just using note books and setting them up as bullet journals. I've tried getting excited about digital planning and looking at content for that... but there's something about the nicely designed planners (and the content that people create walking through their set up) that I keep coming back to. Any advice?!

[CURRENT_RECORD]
I've used one for years and don't bother with special accessories - if I make it a whole complicated thing it will definitely make me less likely to use it. I also use it as a simple journal of what's already happened since planning with it is of course inconsistent."
"C:\Projects\Web\planner-tdah\research\reddit_data\reddit-adhdwomen-hyperfixated_on_hobinichi_and_planner_content.json","reddit-adhdwomen-hyperfixated_on_hobinichi_and_planner_content","1tfancf","t3_1tfancf","https://www.reddit.com/r/adhdwomen/comments/1tfancf/hyperfixated_on_hobinichi_and_planner_content/","adhdwomen","r/adhdwomen","Hyperfixated on Hobinichi and planner content","Hi there, I'm looking for advice — I'm currently hyper fixated on planner content, watching hobinichi set up Youtube videos, spending ages looking different undated planners etc. BUT I'm 95% sure I won't use a physical planner if I buy one, but I'm not sure how to get past the hyperfixation without buying something new. I've tried just using note books and setting them up as bullet journals. I've tried getting excited about digital planning and looking at content for that... but there's something about the nicely designed planners (and the content that people create walking through their set up) that I keep coming back to. Any advice?!","General Question/Discussion","1778978928","2026-05-17T00:48:48+00:00","26","26","0.96","34","2df3e6816197db68","","reddit-adhdwomen-hyperfixated_on_hobinichi_and_planner_content:comment:om8ybkz","comment","om8ybkz","t1_om8ybkz","https://www.reddit.com/r/adhdwomen/comments/1tfancf/hyperfixated_on_hobinichi_and_planner_content/om8ybkz/","/r/adhdwomen/comments/1tfancf/hyperfixated_on_hobinichi_and_planner_content/om8ybkz/","t3_1tfancf","post","","om8ybkz","0","true","om8ybkz","c7405be0b94ee22f","","","false","false","","1","1","0","0","0","1778990463","2026-05-17T04:01:03+00:00","false","False","","false","false","false","false","I like Sterling Ink because it has undated pages, still with year/months/weeks at the front. I’m a big paper person, digital just doesn’t do it for me, other than for work. And my notebook is a mix of planner, journal, and creative outlet. You can definitely make hobonichi or other brands work for you, if you want. Cover the dates with stickers or markers and do what you like with the pages. Adapt to your energy and accept some days or weeks will have a lot of planner usage and some won’t. Ride the wave. It’s yours to use in the way that works for you I recommend the Instagram account @notafraidofpaper","I like Sterling Ink because it has undated pages, still with year/months/weeks at the front. I’m a big paper person, digital just doesn’t do it for me, other than for work. And my notebook is a mix of planner, journal, and creative outlet. You can definitely make hobonichi or ot…","609","112","","","","false","true","planner | plan | journal","","","long_form_comment | mentions_planner_or_system | mentions_working_solution_or_recommendation","40","[THREAD_TITLE]
Hyperfixated on Hobinichi and planner content

[THREAD_BODY]
Hi there, I'm looking for advice — I'm currently hyper fixated on planner content, watching hobinichi set up Youtube videos, spending ages looking different undated planners etc. BUT I'm 95% sure I won't use a physical planner if I buy one, but I'm not sure how to get past the hyperfixation without buying something new. I've tried just using note books and setting them up as bullet journals. I've tried getting excited about digital planning and looking at content for that... but there's something about the nicely designed planners (and the content that people create walking through their set up) that I keep coming back to. Any advice?!

[CURRENT_RECORD]
I like Sterling Ink because it has undated pages, still with year/months/weeks at the front. I’m a big paper person, digital just doesn’t do it for me, other than for work. And my notebook is a mix of planner, journal, and creative outlet. You can definitely make hobonichi or other brands work for you, if you want. Cover the dates with stickers or markers and do what you like with the pages. Adapt to your energy and accept some days or weeks will have a lot of planner usage and some won’t. Ride the wave. It’s yours to use in the way that works for you I recommend the Instagram account @notafraidofpaper"
"C:\Projects\Web\planner-tdah\research\reddit_data\reddit-adhdwomen-hyperfixated_on_hobinichi_and_planner_content.json","reddit-adhdwomen-hyperfixated_on_hobinichi_and_planner_content","1tfancf","t3_1tfancf","https://www.reddit.com/r/adhdwomen/comments/1tfancf/hyperfixated_on_hobinichi_and_planner_content/","adhdwomen","r/adhdwomen","Hyperfixated on Hobinichi and planner content","Hi there, I'm looking for advice — I'm currently hyper fixated on planner content, watching hobinichi set up Youtube videos, spending ages looking different undated planners etc. BUT I'm 95% sure I won't use a physical planner if I buy one, but I'm not sure how to get past the hyperfixation without buying something new. I've tried just using note books and setting them up as bullet journals. I've tried getting excited about digital planning and looking at content for that... but there's something about the nicely designed planners (and the content that people create walking through their set up) that I keep coming back to. Any advice?!","General Question/Discussion","1778978928","2026-05-17T00:48:48+00:00","26","26","0.96","34","2df3e6816197db68","","reddit-adhdwomen-hyperfixated_on_hobinichi_and_planner_content:comment:om92rwf","comment","om92rwf","t1_om92rwf","https://www.reddit.com/r/adhdwomen/comments/1tfancf/hyperfixated_on_hobinichi_and_planner_content/om92rwf/","/r/adhdwomen/comments/1tfancf/hyperfixated_on_hobinichi_and_planner_content/om92rwf/","t3_1tfancf","post","","om92rwf","0","true","om92rwf","4ce0a58ef7c4d28c","","","false","false","","2","2","0","0","0","1778992441","2026-05-17T04:34:01+00:00","false","False","","false","false","false","false","I found a bit more peace when I stopped looking for the ultimate solution. And just think “this will help for now”, if I don’t put pressure on something working long term, it seems to help.","I found a bit more peace when I stopped looking for the ultimate solution. And just think “this will help for now”, if I don’t put pressure on something working long term, it seems to help.","189","36","","","","false","false","","","","","10","[THREAD_TITLE]
Hyperfixated on Hobinichi and planner content

[THREAD_BODY]
Hi there, I'm looking for advice — I'm currently hyper fixated on planner content, watching hobinichi set up Youtube videos, spending ages looking different undated planners etc. BUT I'm 95% sure I won't use a physical planner if I buy one, but I'm not sure how to get past the hyperfixation without buying something new. I've tried just using note books and setting them up as bullet journals. I've tried getting excited about digital planning and looking at content for that... but there's something about the nicely designed planners (and the content that people create walking through their set up) that I keep coming back to. Any advice?!

[CURRENT_RECORD]
I found a bit more peace when I stopped looking for the ultimate solution. And just think “this will help for now”, if I don’t put pressure on something working long term, it seems to help."
"C:\Projects\Web\planner-tdah\research\reddit_data\reddit-adhdwomen-hyperfixated_on_hobinichi_and_planner_content.json","reddit-adhdwomen-hyperfixated_on_hobinichi_and_planner_content","1tfancf","t3_1tfancf","https://www.reddit.com/r/adhdwomen/comments/1tfancf/hyperfixated_on_hobinichi_and_planner_content/","adhdwomen","r/adhdwomen","Hyperfixated on Hobinichi and planner content","Hi there, I'm looking for advice — I'm currently hyper fixated on planner content, watching hobinichi set up Youtube videos, spending ages looking different undated planners etc. BUT I'm 95% sure I won't use a physical planner if I buy one, but I'm not sure how to get past the hyperfixation without buying something new. I've tried just using note books and setting them up as bullet journals. I've tried getting excited about digital planning and looking at content for that... but there's something about the nicely designed planners (and the content that people create walking through their set up) that I keep coming back to. Any advice?!","General Question/Discussion","1778978928","2026-05-17T00:48:48+00:00","26","26","0.96","34","2df3e6816197db68","","reddit-adhdwomen-hyperfixated_on_hobinichi_and_planner_content:comment:om95clp","comment","om95clp","t1_om95clp","https://www.reddit.com/r/adhdwomen/comments/1tfancf/hyperfixated_on_hobinichi_and_planner_content/om95clp/","/r/adhdwomen/comments/1tfancf/hyperfixated_on_hobinichi_and_planner_content/om95clp/","t3_1tfancf","post","","om95clp","0","true","om95clp","e207bcb667972fe3","","","false","false","","1","1","0","0","0","1778993648","2026-05-17T04:54:08+00:00","false","False","","false","false","false","false","Haha I've been there, my sister loves journaling and I got hooked in 2024 - I enjoyed it for a month or and used it as a diary/art journal but I always felt too intimidated/perfectionist keeping up with it. I've never been a diary person so I should have known but I was drawn to the Paddington journals and accessories haha. I've used the weeks journal with more success though, one I used to track my pregnancy/postpartum and another to write letters to my son in his first year but as a chronic accumulator of incomplete art journals I should have known this I wouldn't finish haha. But if you've had success in the past then worth a try with this or a cheaper Midori type planner - my sister does amazing stuff with hers This is a good reminder for me to do some more drawings in the journal though even though it's 2 years old now, the paper was lovely (not quite as strong as it used to be though!)","Haha I've been there, my sister loves journaling and I got hooked in 2024 - I enjoyed it for a month or and used it as a diary/art journal but I always felt too intimidated/perfectionist keeping up with it. I've never been a diary person so I should have known but I was drawn to…","904","172","","","","false","true","planner | plan | journal | to do","","reminder","long_form_comment | mentions_feature_or_solution | mentions_planner_or_system | mentions_working_solution_or_recommendation","48","[THREAD_TITLE]
Hyperfixated on Hobinichi and planner content

[THREAD_BODY]
Hi there, I'm looking for advice — I'm currently hyper fixated on planner content, watching hobinichi set up Youtube videos, spending ages looking different undated planners etc. BUT I'm 95% sure I won't use a physical planner if I buy one, but I'm not sure how to get past the hyperfixation without buying something new. I've tried just using note books and setting them up as bullet journals. I've tried getting excited about digital planning and looking at content for that... but there's something about the nicely designed planners (and the content that people create walking through their set up) that I keep coming back to. Any advice?!

[CURRENT_RECORD]
Haha I've been there, my sister loves journaling and I got hooked in 2024 - I enjoyed it for a month or and used it as a diary/art journal but I always felt too intimidated/perfectionist keeping up with it. I've never been a diary person so I should have known but I was drawn to the Paddington journals and accessories haha. I've used the weeks journal with more success though, one I used to track my pregnancy/postpartum and another to write letters to my son in his first year but as a chronic accumulator of incomplete art journals I should have known this I wouldn't finish haha. But if you've had success in the past then worth a try with this or a cheaper Midori type planner - my sister does amazing stuff with hers This is a good reminder for me to do some more drawings in the journal though even though it's 2 years old now, the paper was lovely (not quite as strong as it used to be though!)"
"C:\Projects\Web\planner-tdah\research\reddit_data\reddit-adhdwomen-hyperfixated_on_hobinichi_and_planner_content.json","reddit-adhdwomen-hyperfixated_on_hobinichi_and_planner_content","1tfancf","t3_1tfancf","https://www.reddit.com/r/adhdwomen/comments/1tfancf/hyperfixated_on_hobinichi_and_planner_content/","adhdwomen","r/adhdwomen","Hyperfixated on Hobinichi and planner content","Hi there, I'm looking for advice — I'm currently hyper fixated on planner content, watching hobinichi set up Youtube videos, spending ages looking different undated planners etc. BUT I'm 95% sure I won't use a physical planner if I buy one, but I'm not sure how to get past the hyperfixation without buying something new. I've tried just using note books and setting them up as bullet journals. I've tried getting excited about digital planning and looking at content for that... but there's something about the nicely designed planners (and the content that people create walking through their set up) that I keep coming back to. Any advice?!","General Question/Discussion","1778978928","2026-05-17T00:48:48+00:00","26","26","0.96","34","2df3e6816197db68","","reddit-adhdwomen-hyperfixated_on_hobinichi_and_planner_content:comment:omaq3c1","comment","omaq3c1","t1_omaq3c1","https://www.reddit.com/r/adhdwomen/comments/1tfancf/hyperfixated_on_hobinichi_and_planner_content/omaq3c1/","/r/adhdwomen/comments/1tfancf/hyperfixated_on_hobinichi_and_planner_content/omaq3c1/","t3_1tfancf","post","","omaq3c1","0","true","omaq3c1","108b3353b7b6f219","","","false","false","","1","1","0","0","0","1779021792","2026-05-17T12:43:12+00:00","false","False","","false","false","false","false","I am right there with you I firmly believe the right notebook will change my life and unfortunately the Hobonichi is the closest I’ve come to that happening lol. I’ve bought one for the last three years and each year I’ll start off with a bang then just fully abandon it without ever meaning to. I’m a bad influence though because I’m probably going to keep buying one every year trying to make it work…. I use it as more of a journal and memory keeper, and when I’m using it I end up remembering more and actually. I love the layout because it’s flexible, I haven a dopamine menu and all sorts of lists….actually thank you for making me remember how much I love using it, going to spend my morning getting back into it lol.","I am right there with you I firmly believe the right notebook will change my life and unfortunately the Hobonichi is the closest I’ve come to that happening lol. I’ve bought one for the last three years and each year I’ll start off with a bang then just fully abandon it without…","724","137","","","","false","true","journal | app","abandon","flexible | layout | change","long_form_comment | mentions_feature_or_solution | mentions_pain_or_friction | mentions_planner_or_system | mentions_working_solution_or_recommendation | novelty_or_format_change_signal","53","[THREAD_TITLE]
Hyperfixated on Hobinichi and planner content

[THREAD_BODY]
Hi there, I'm looking for advice — I'm currently hyper fixated on planner content, watching hobinichi set up Youtube videos, spending ages looking different undated planners etc. BUT I'm 95% sure I won't use a physical planner if I buy one, but I'm not sure how to get past the hyperfixation without buying something new. I've tried just using note books and setting them up as bullet journals. I've tried getting excited about digital planning and looking at content for that... but there's something about the nicely designed planners (and the content that people create walking through their set up) that I keep coming back to. Any advice?!

[CURRENT_RECORD]
I am right there with you I firmly believe the right notebook will change my life and unfortunately the Hobonichi is the closest I’ve come to that happening lol. I’ve bought one for the last three years and each year I’ll start off with a bang then just fully abandon it without ever meaning to. I’m a bad influence though because I’m probably going to keep buying one every year trying to make it work…. I use it as more of a journal and memory keeper, and when I’m using it I end up remembering more and actually. I love the layout because it’s flexible, I haven a dopamine menu and all sorts of lists….actually thank you for making me remember how much I love using it, going to spend my morning getting back into it lol."
"C:\Projects\Web\planner-tdah\research\reddit_data\reddit-adhdwomen-hyperfixated_on_hobinichi_and_planner_content.json","reddit-adhdwomen-hyperfixated_on_hobinichi_and_planner_content","1tfancf","t3_1tfancf","https://www.reddit.com/r/adhdwomen/comments/1tfancf/hyperfixated_on_hobinichi_and_planner_content/","adhdwomen","r/adhdwomen","Hyperfixated on Hobinichi and planner content","Hi there, I'm looking for advice — I'm currently hyper fixated on planner content, watching hobinichi set up Youtube videos, spending ages looking different undated planners etc. BUT I'm 95% sure I won't use a physical planner if I buy one, but I'm not sure how to get past the hyperfixation without buying something new. I've tried just using note books and setting them up as bullet journals. I've tried getting excited about digital planning and looking at content for that... but there's something about the nicely designed planners (and the content that people create walking through their set up) that I keep coming back to. Any advice?!","General Question/Discussion","1778978928","2026-05-17T00:48:48+00:00","26","26","0.96","34","2df3e6816197db68","","reddit-adhdwomen-hyperfixated_on_hobinichi_and_planner_content:comment:omasove","comment","omasove","t1_omasove","https://www.reddit.com/r/adhdwomen/comments/1tfancf/hyperfixated_on_hobinichi_and_planner_content/omasove/","/r/adhdwomen/comments/1tfancf/hyperfixated_on_hobinichi_and_planner_content/omasove/","t3_1tfancf","post","","omasove","0","true","omasove","99b999f1d0e1f7a6","","","false","false","","1","1","0","0","0","1779022699","2026-05-17T12:58:19+00:00","false","False","","false","false","false","false","I think it’s totally fine to try out a new planner such as Hobonichi if you think you’ll like it and you can afford it. Planner use and decorating can be a hobby in itself. If you use it up/run out of space, you’ll need a new planner afterwards anyway. And if you end up not using it or liking it, that’s valuable information to consider next time you want to buy a new planner. Old planners can always be repurposed for other things - I draw in mine and rip the paper out for notes and grocery lists. I found out that I didn’t like Happy Planners but I had two of them for some reason. So i use one with my husband for updating each other on appointments/errands and the other one is for doodling in at work lol. However, if you already have a bunch of unused or half-used planners I would suggest trying to use some of those first (perhaps cut or modify the pages so they look like the Hobonichi you want?) The company that makes my favorite planner suddenly shut down so I recreated the layout in a blank notebook since I have too many notebooks. I used that planner for 3 years and before that I used a bullet journal. Also, don’t beat yourself up about not using planners you bought (easier said than done). ADHD can make it hard to be consistent with anything regardless of your intentions or motivation. My life revolves around my planner but I definitely have weeks where I don’t want to open it or write anything down. Since I usually plan on Sundays, I try to treat it as a non-judgmental reset day where I can decide how I want to use my planner and whether I want to decorate it. You can also use planners to record memories instead of making plans! Kinda like a very structured scrapbook or something. I forgot my planner last time I went on vacation so when I got home I wrote a couple of things we did each day with matching stickers, and it’s nice to flip back to that section when I’m overwhelmed. She doesn’t post anymore but I enjoy Cindy Guentert-Baldo’s videos for mindful planner content. Rachelle in theory and Jashii Corrin also have a lot of content about using planners functionally which helps get me unstuck when I don’t know how to start.","I think it’s totally fine to try out a new planner such as Hobonichi if you think you’ll like it and you can afford it. Planner use and decorating can be a hobby in itself. If you use it up/run out of space, you’ll need a new planner afterwards anyway. And if you end up not usin…","2167","406","","","","true","true","planner | planners | plan | bullet journal | journal | app","adhd | overwhelm | overwhelmed | forgot | time","layout | notes | appointments | reset","contains_question | forgetfulness_or_time_signal | long_form_comment | mentions_feature_or_solution | mentions_pain_or_friction | mentions_planner_or_system | mentions_working_solution_or_recommendation | overwhelm_or_complexity_signal","100","[THREAD_TITLE]
Hyperfixated on Hobinichi and planner content

[THREAD_BODY]
Hi there, I'm looking for advice — I'm currently hyper fixated on planner content, watching hobinichi set up Youtube videos, spending ages looking different undated planners etc. BUT I'm 95% sure I won't use a physical planner if I buy one, but I'm not sure how to get past the hyperfixation without buying something new. I've tried just using note books and setting them up as bullet journals. I've tried getting excited about digital planning and looking at content for that... but there's something about the nicely designed planners (and the content that people create walking through their set up) that I keep coming back to. Any advice?!

[CURRENT_RECORD]
I think it’s totally fine to try out a new planner such as Hobonichi if you think you’ll like it and you can afford it. Planner use and decorating can be a hobby in itself. If you use it up/run out of space, you’ll need a new planner afterwards anyway. And if you end up not using it or liking it, that’s valuable information to consider next time you want to buy a new planner. Old planners can always be repurposed for other things - I draw in mine and rip the paper out for notes and grocery lists. I found out that I didn’t like Happy Planners but I had two of them for some reason. So i use one with my husband for updating each other on appointments/errands and the other one is for doodling in at work lol. However, if you already have a bunch of unused or half-used planners I would suggest trying to use some of those first (perhaps cut or modify the pages so they look like the Hobonichi you want?) The company that makes my favorite planner suddenly shut down so I recreated the layout in a blank notebook since I have too many notebooks. I used that planner for 3 years and before that I used a bullet journal. Also, don’t beat yourself up about not using planners you bought (easier said than done). ADHD can make it hard to be consistent with anything regardless of your intentions or motivation. My life revolves around my planner but I definitely have weeks where I don’t want to open it or write anything down. Since I usually plan on Sundays, I try to treat it as a non-judgmental reset day where I can decide how I want to use my planner and whether I want to decorate it. You can also use planners to record memories instead of making plans! Kinda like a very structured scrapbook or something. I forgot my planner last time I went on vacation so when I got home I wrote a couple of things we did each day with matching stickers, and it’s nice to flip back to that section when I’m overwhelmed. She doesn’t post anymore but I enjoy Cindy Guentert-Baldo’s videos for mindful planner content. Rachelle in theory and Jashii Corrin also have a lot of content about using planners functionally which helps get me unstuck when I don’t know how to start."
