"source_file","source_file_stem","thread_id","thread_fullname","thread_url","subreddit","subreddit_prefixed","thread_title","thread_selftext_clean","thread_flair","thread_created_utc","thread_created_iso","thread_score","thread_ups","thread_upvote_ratio","thread_num_comments","thread_author_hash","thread_author_public","record_id","record_type","comment_id","comment_fullname","comment_url","comment_permalink","parent_id_raw","parent_type","parent_comment_id","root_comment_id","depth","is_top_level","path_ids","author_hash","author_public","author_flair_text","is_submitter","stickied","distinguished","score","ups","downs","controversiality","reply_count_direct","created_utc","created_iso","edited","edited_utc","edited_iso","collapsed","locked","archived","score_hidden","body_clean","body_excerpt_280","body_length_chars","body_word_count","parent_body_excerpt","root_body_excerpt","text_urls","contains_question","contains_recommendation_language","planner_terms_found","pain_terms_found","feature_terms_found","signal_tags","relevance_score_0_100","text_for_ai"
"C:\Projects\Web\planner-tdah\research\reddit_data\reddit-adhdwomen-seriously_the_only_planner_that_helps_me.json","reddit-adhdwomen-seriously_the_only_planner_that_helps_me","1d56whx","t3_1d56whx","https://www.reddit.com/gallery/1d56whx","adhdwomen","r/adhdwomen","seriously the only planner that helps me","i found this planner last september at the start of my freshman year of college and holy crap is it amazing!!! it has a monthly spread, weekly spread and the days within it have a TWENTY. FOUR. HOUR. spread!!!! all the planners i’ve used have been like 8am-6pm but like i have a life and things to do outside of it!! there’s room for color coding and blank pages in back and room for checklists it is seriously amazing. i wasn’t consistent with it every day but i stuck with it way more than other planners. it starts in june so im moving onto my second one 🥲 this seriously is not sponsored i just really freakin love this planner. the planners come with a 10% discount code and my mom already has a different planner she likes so if any of you seriously want to try it out pls lmk and i can DM you the code!","Cleaning, Organizing, Decluttering","1717191411","2024-05-31T21:36:51+00:00","58","58","0.98","39","d1ea3904895b6ce0","","reddit-adhdwomen-seriously_the_only_planner_that_helps_me:post:1d56whx","thread_post","","","https://www.reddit.com/gallery/1d56whx","/r/adhdwomen/comments/1d56whx/seriously_the_only_planner_that_helps_me/","","","","","","","","d1ea3904895b6ce0","","","true","false","","58","58","0","","","1717191411","2024-05-31T21:36:51+00:00","false","False","","","false","true","false","seriously the only planner that helps me i found this planner last september at the start of my freshman year of college and holy crap is it amazing!!! it has a monthly spread, weekly spread and the days within it have a TWENTY. FOUR. HOUR. spread!!!! all the planners i’ve used have been like 8am-6pm but like i have a life and things to do outside of it!! there’s room for color coding and blank pages in back and room for checklists it is seriously amazing. i wasn’t consistent with it every day but i stuck with it way more than other planners. it starts in june so im moving onto my second one 🥲 this seriously is not sponsored i just really freakin love this planner. the planners come with a 10% discount code and my mom already has a different planner she likes so if any of you seriously want to try it out pls lmk and i can DM you the code!","seriously the only planner that helps me i found this planner last september at the start of my freshman year of college and holy crap is it amazing!!! it has a monthly spread, weekly spread and the days within it have a TWENTY. FOUR. HOUR. spread!!!! all the planners i’ve used…","850","165","","","","false","true","planner | planners | plan | to do | checklist | weekly | monthly","blank pages","color | weekly | monthly | checklist","guilt_or_shame_signal | long_form_comment | mentions_feature_or_solution | mentions_pain_or_friction | mentions_planner_or_system | mentions_working_solution_or_recommendation","92","[THREAD_TITLE]
seriously the only planner that helps me

[THREAD_BODY]
i found this planner last september at the start of my freshman year of college and holy crap is it amazing!!! it has a monthly spread, weekly spread and the days within it have a TWENTY. FOUR. HOUR. spread!!!! all the planners i’ve used have been like 8am-6pm but like i have a life and things to do outside of it!! there’s room for color coding and blank pages in back and room for checklists it is seriously amazing. i wasn’t consistent with it every day but i stuck with it way more than other planners. it starts in june so im moving onto my second one 🥲 this seriously is not sponsored i just really freakin love this planner. the planners come with a 10% discount code and my mom already has a different planner she likes so if any of you seriously want to try it out pls lmk and i can DM you the code!"
"C:\Projects\Web\planner-tdah\research\reddit_data\reddit-adhdwomen-seriously_the_only_planner_that_helps_me.json","reddit-adhdwomen-seriously_the_only_planner_that_helps_me","1d56whx","t3_1d56whx","https://www.reddit.com/gallery/1d56whx","adhdwomen","r/adhdwomen","seriously the only planner that helps me","i found this planner last september at the start of my freshman year of college and holy crap is it amazing!!! it has a monthly spread, weekly spread and the days within it have a TWENTY. FOUR. HOUR. spread!!!! all the planners i’ve used have been like 8am-6pm but like i have a life and things to do outside of it!! there’s room for color coding and blank pages in back and room for checklists it is seriously amazing. i wasn’t consistent with it every day but i stuck with it way more than other planners. it starts in june so im moving onto my second one 🥲 this seriously is not sponsored i just really freakin love this planner. the planners come with a 10% discount code and my mom already has a different planner she likes so if any of you seriously want to try it out pls lmk and i can DM you the code!","Cleaning, Organizing, Decluttering","1717191411","2024-05-31T21:36:51+00:00","58","58","0.98","39","d1ea3904895b6ce0","","reddit-adhdwomen-seriously_the_only_planner_that_helps_me:comment:l6jwl21","comment","l6jwl21","t1_l6jwl21","https://www.reddit.com/r/adhdwomen/comments/1d56whx/seriously_the_only_planner_that_helps_me/l6jwl21/","/r/adhdwomen/comments/1d56whx/seriously_the_only_planner_that_helps_me/l6jwl21/","t3_1d56whx","post","","l6jwl21","0","true","l6jwl21","342417955cf2fc30","","","false","false","","40","40","0","0","2","1717199475","2024-05-31T23:51:15+00:00","false","False","","false","false","true","false","(👀Gives side eye to stacks and bags of discarded, incomplete planners 📚)…( 🥹looks longingly at the organization featured above)…(😒frowns at self-designed planner used once)…(🧐quizzical glance at the hyper organization in the pics) … ( 🤷🏼‍♀️shrugs shoulders thinking she’s probably NT 🧠)….. ( 🐌slouches off to drink more 🍷wine and not do 💩). Will buy your planner to add to stack of failed planners. Always optimistic!🌞","(👀Gives side eye to stacks and bags of discarded, incomplete planners 📚)…( 🥹looks longingly at the organization featured above)…(😒frowns at self-designed planner used once)…(🧐quizzical glance at the hyper organization in the pics) … ( 🤷🏼‍♀️shrugs shoulders thinking she’s probabl…","418","65","","","","false","false","planner | planners | plan | organization","","","mentions_planner_or_system","39","[THREAD_TITLE]
seriously the only planner that helps me

[THREAD_BODY]
i found this planner last september at the start of my freshman year of college and holy crap is it amazing!!! it has a monthly spread, weekly spread and the days within it have a TWENTY. FOUR. HOUR. spread!!!! all the planners i’ve used have been like 8am-6pm but like i have a life and things to do outside of it!! there’s room for color coding and blank pages in back and room for checklists it is seriously amazing. i wasn’t consistent with it every day but i stuck with it way more than other planners. it starts in june so im moving onto my second one 🥲 this seriously is not sponsored i just really freakin love this planner. the planners come with a 10% discount code and my mom already has a different planner she likes so if any of you seriously want to try it out pls lmk and i can DM you the code!

[CURRENT_RECORD]
(👀Gives side eye to stacks and bags of discarded, incomplete planners 📚)…( 🥹looks longingly at the organization featured above)…(😒frowns at self-designed planner used once)…(🧐quizzical glance at the hyper organization in the pics) … ( 🤷🏼‍♀️shrugs shoulders thinking she’s probably NT 🧠)….. ( 🐌slouches off to drink more 🍷wine and not do 💩). Will buy your planner to add to stack of failed planners. Always optimistic!🌞"
"C:\Projects\Web\planner-tdah\research\reddit_data\reddit-adhdwomen-seriously_the_only_planner_that_helps_me.json","reddit-adhdwomen-seriously_the_only_planner_that_helps_me","1d56whx","t3_1d56whx","https://www.reddit.com/gallery/1d56whx","adhdwomen","r/adhdwomen","seriously the only planner that helps me","i found this planner last september at the start of my freshman year of college and holy crap is it amazing!!! it has a monthly spread, weekly spread and the days within it have a TWENTY. FOUR. HOUR. spread!!!! all the planners i’ve used have been like 8am-6pm but like i have a life and things to do outside of it!! there’s room for color coding and blank pages in back and room for checklists it is seriously amazing. i wasn’t consistent with it every day but i stuck with it way more than other planners. it starts in june so im moving onto my second one 🥲 this seriously is not sponsored i just really freakin love this planner. the planners come with a 10% discount code and my mom already has a different planner she likes so if any of you seriously want to try it out pls lmk and i can DM you the code!","Cleaning, Organizing, Decluttering","1717191411","2024-05-31T21:36:51+00:00","58","58","0.98","39","d1ea3904895b6ce0","","reddit-adhdwomen-seriously_the_only_planner_that_helps_me:comment:l6jyfop","comment","l6jyfop","t1_l6jyfop","https://www.reddit.com/r/adhdwomen/comments/1d56whx/seriously_the_only_planner_that_helps_me/l6jyfop/","/r/adhdwomen/comments/1d56whx/seriously_the_only_planner_that_helps_me/l6jyfop/","t1_l6jwl21","comment","l6jwl21","l6jwl21","1","false","l6jwl21 > l6jyfop","c4c4ea5618904b21","","","false","false","","24","24","0","0","1","1717200251","2024-06-01T00:04:11+00:00","false","False","","false","false","true","false","If we stop buying new planners, how will we ever find the planner that will finally fix everything forever?! 😂","If we stop buying new planners, how will we ever find the planner that will finally fix everything forever?! 😂","110","20","(👀Gives side eye to stacks and bags of discarded, incomplete planners 📚)…( 🥹looks longingly at the organization featured above)…(😒frowns at self-designed planner used once)…(🧐quizzical glance at the hyper organization in the pics) … ( 🤷🏼‍♀️shrugs shoulders thinking she’s probably NT 🧠)….. ( 🐌slouches off to drink more 🍷wine and not do 💩). Will buy your planner to add to stack of failed planners. Always optimistic!🌞","(👀Gives side eye to stacks and bags of discarded, incomplete planners 📚)…( 🥹looks longingly at the organization featured above)…(😒frowns at self-designed planner used once)…(🧐quizzical glance at the hyper organization in the pics) … ( 🤷🏼‍♀️shrugs shoulders thinking she’s probably NT 🧠)….. ( 🐌slouches off to drink more 🍷wine and not do 💩). Will buy your planner to add to stack of failed planners. Always optimistic!🌞","","true","false","planner | planners | plan","","","contains_question | mentions_planner_or_system","35","[THREAD_TITLE]
seriously the only planner that helps me

[THREAD_BODY]
i found this planner last september at the start of my freshman year of college and holy crap is it amazing!!! it has a monthly spread, weekly spread and the days within it have a TWENTY. FOUR. HOUR. spread!!!! all the planners i’ve used have been like 8am-6pm but like i have a life and things to do outside of it!! there’s room for color coding and blank pages in back and room for checklists it is seriously amazing. i wasn’t consistent with it every day but i stuck with it way more than other planners. it starts in june so im moving onto my second one 🥲 this seriously is not sponsored i just really freakin love this planner. the planners come with a 10% discount code and my mom already has a different planner she likes so if any of you seriously want to try it out pls lmk and i can DM you the code!

[PARENT_COMMENT_CONTEXT]
(👀Gives side eye to stacks and bags of discarded, incomplete planners 📚)…( 🥹looks longingly at the organization featured above)…(😒frowns at self-designed planner used once)…(🧐quizzical glance at the hyper organization in the pics) … ( 🤷🏼‍♀️shrugs shoulders thinking she’s probably NT 🧠)….. ( 🐌slouches off to drink more 🍷wine and not do 💩). Will buy your planner to add to stack of failed planners. Always optimistic!🌞

[CURRENT_RECORD]
If we stop buying new planners, how will we ever find the planner that will finally fix everything forever?! 😂"
"C:\Projects\Web\planner-tdah\research\reddit_data\reddit-adhdwomen-seriously_the_only_planner_that_helps_me.json","reddit-adhdwomen-seriously_the_only_planner_that_helps_me","1d56whx","t3_1d56whx","https://www.reddit.com/gallery/1d56whx","adhdwomen","r/adhdwomen","seriously the only planner that helps me","i found this planner last september at the start of my freshman year of college and holy crap is it amazing!!! it has a monthly spread, weekly spread and the days within it have a TWENTY. FOUR. HOUR. spread!!!! all the planners i’ve used have been like 8am-6pm but like i have a life and things to do outside of it!! there’s room for color coding and blank pages in back and room for checklists it is seriously amazing. i wasn’t consistent with it every day but i stuck with it way more than other planners. it starts in june so im moving onto my second one 🥲 this seriously is not sponsored i just really freakin love this planner. the planners come with a 10% discount code and my mom already has a different planner she likes so if any of you seriously want to try it out pls lmk and i can DM you the code!","Cleaning, Organizing, Decluttering","1717191411","2024-05-31T21:36:51+00:00","58","58","0.98","39","d1ea3904895b6ce0","","reddit-adhdwomen-seriously_the_only_planner_that_helps_me:comment:l6mnnte","comment","l6mnnte","t1_l6mnnte","https://www.reddit.com/r/adhdwomen/comments/1d56whx/seriously_the_only_planner_that_helps_me/l6mnnte/","/r/adhdwomen/comments/1d56whx/seriously_the_only_planner_that_helps_me/l6mnnte/","t1_l6jyfop","comment","l6jyfop","l6jwl21","2","false","l6jwl21 > l6jyfop > l6mnnte","d1ea3904895b6ce0","","","true","false","","4","4","0","0","2","1717251950","2024-06-01T14:25:50+00:00","false","False","","false","false","true","false","that’s how i ended with this one!!","that’s how i ended with this one!!","34","7","If we stop buying new planners, how will we ever find the planner that will finally fix everything forever?! 😂","(👀Gives side eye to stacks and bags of discarded, incomplete planners 📚)…( 🥹looks longingly at the organization featured above)…(😒frowns at self-designed planner used once)…(🧐quizzical glance at the hyper organization in the pics) … ( 🤷🏼‍♀️shrugs shoulders thinking she’s probably NT 🧠)….. ( 🐌slouches off to drink more 🍷wine and not do 💩). Will buy your planner to add to stack of failed planners. Always optimistic!🌞","","false","false","","","","","3","[THREAD_TITLE]
seriously the only planner that helps me

[THREAD_BODY]
i found this planner last september at the start of my freshman year of college and holy crap is it amazing!!! it has a monthly spread, weekly spread and the days within it have a TWENTY. FOUR. HOUR. spread!!!! all the planners i’ve used have been like 8am-6pm but like i have a life and things to do outside of it!! there’s room for color coding and blank pages in back and room for checklists it is seriously amazing. i wasn’t consistent with it every day but i stuck with it way more than other planners. it starts in june so im moving onto my second one 🥲 this seriously is not sponsored i just really freakin love this planner. the planners come with a 10% discount code and my mom already has a different planner she likes so if any of you seriously want to try it out pls lmk and i can DM you the code!

[ROOT_COMMENT_CONTEXT]
(👀Gives side eye to stacks and bags of discarded, incomplete planners 📚)…( 🥹looks longingly at the organization featured above)…(😒frowns at self-designed planner used once)…(🧐quizzical glance at the hyper organization in the pics) … ( 🤷🏼‍♀️shrugs shoulders thinking she’s probably NT 🧠)….. ( 🐌slouches off to drink more 🍷wine and not do 💩). Will buy your planner to add to stack of failed planners. Always optimistic!🌞

[PARENT_COMMENT_CONTEXT]
If we stop buying new planners, how will we ever find the planner that will finally fix everything forever?! 😂

[CURRENT_RECORD]
that’s how i ended with this one!!"
"C:\Projects\Web\planner-tdah\research\reddit_data\reddit-adhdwomen-seriously_the_only_planner_that_helps_me.json","reddit-adhdwomen-seriously_the_only_planner_that_helps_me","1d56whx","t3_1d56whx","https://www.reddit.com/gallery/1d56whx","adhdwomen","r/adhdwomen","seriously the only planner that helps me","i found this planner last september at the start of my freshman year of college and holy crap is it amazing!!! it has a monthly spread, weekly spread and the days within it have a TWENTY. FOUR. HOUR. spread!!!! all the planners i’ve used have been like 8am-6pm but like i have a life and things to do outside of it!! there’s room for color coding and blank pages in back and room for checklists it is seriously amazing. i wasn’t consistent with it every day but i stuck with it way more than other planners. it starts in june so im moving onto my second one 🥲 this seriously is not sponsored i just really freakin love this planner. the planners come with a 10% discount code and my mom already has a different planner she likes so if any of you seriously want to try it out pls lmk and i can DM you the code!","Cleaning, Organizing, Decluttering","1717191411","2024-05-31T21:36:51+00:00","58","58","0.98","39","d1ea3904895b6ce0","","reddit-adhdwomen-seriously_the_only_planner_that_helps_me:comment:l6myj9y","comment","l6myj9y","t1_l6myj9y","https://www.reddit.com/r/adhdwomen/comments/1d56whx/seriously_the_only_planner_that_helps_me/l6myj9y/","/r/adhdwomen/comments/1d56whx/seriously_the_only_planner_that_helps_me/l6myj9y/","t1_l6mnnte","comment","l6mnnte","l6jwl21","3","false","l6jwl21 > l6jyfop > l6mnnte > l6myj9y","c4c4ea5618904b21","","","false","false","","4","4","0","0","0","1717256155","2024-06-01T15:35:55+00:00","false","False","","false","false","true","false","Mine arrived this morning!","Mine arrived this morning!","26","4","that’s how i ended with this one!!","(👀Gives side eye to stacks and bags of discarded, incomplete planners 📚)…( 🥹looks longingly at the organization featured above)…(😒frowns at self-designed planner used once)…(🧐quizzical glance at the hyper organization in the pics) … ( 🤷🏼‍♀️shrugs shoulders thinking she’s probably NT 🧠)….. ( 🐌slouches off to drink more 🍷wine and not do 💩). Will buy your planner to add to stack of failed planners. Always optimistic!🌞","","false","false","","","","","0","[THREAD_TITLE]
seriously the only planner that helps me

[THREAD_BODY]
i found this planner last september at the start of my freshman year of college and holy crap is it amazing!!! it has a monthly spread, weekly spread and the days within it have a TWENTY. FOUR. HOUR. spread!!!! all the planners i’ve used have been like 8am-6pm but like i have a life and things to do outside of it!! there’s room for color coding and blank pages in back and room for checklists it is seriously amazing. i wasn’t consistent with it every day but i stuck with it way more than other planners. it starts in june so im moving onto my second one 🥲 this seriously is not sponsored i just really freakin love this planner. the planners come with a 10% discount code and my mom already has a different planner she likes so if any of you seriously want to try it out pls lmk and i can DM you the code!

[ROOT_COMMENT_CONTEXT]
(👀Gives side eye to stacks and bags of discarded, incomplete planners 📚)…( 🥹looks longingly at the organization featured above)…(😒frowns at self-designed planner used once)…(🧐quizzical glance at the hyper organization in the pics) … ( 🤷🏼‍♀️shrugs shoulders thinking she’s probably NT 🧠)….. ( 🐌slouches off to drink more 🍷wine and not do 💩). Will buy your planner to add to stack of failed planners. Always optimistic!🌞

[PARENT_COMMENT_CONTEXT]
that’s how i ended with this one!!

[CURRENT_RECORD]
Mine arrived this morning!"
"C:\Projects\Web\planner-tdah\research\reddit_data\reddit-adhdwomen-seriously_the_only_planner_that_helps_me.json","reddit-adhdwomen-seriously_the_only_planner_that_helps_me","1d56whx","t3_1d56whx","https://www.reddit.com/gallery/1d56whx","adhdwomen","r/adhdwomen","seriously the only planner that helps me","i found this planner last september at the start of my freshman year of college and holy crap is it amazing!!! it has a monthly spread, weekly spread and the days within it have a TWENTY. FOUR. HOUR. spread!!!! all the planners i’ve used have been like 8am-6pm but like i have a life and things to do outside of it!! there’s room for color coding and blank pages in back and room for checklists it is seriously amazing. i wasn’t consistent with it every day but i stuck with it way more than other planners. it starts in june so im moving onto my second one 🥲 this seriously is not sponsored i just really freakin love this planner. the planners come with a 10% discount code and my mom already has a different planner she likes so if any of you seriously want to try it out pls lmk and i can DM you the code!","Cleaning, Organizing, Decluttering","1717191411","2024-05-31T21:36:51+00:00","58","58","0.98","39","d1ea3904895b6ce0","","reddit-adhdwomen-seriously_the_only_planner_that_helps_me:comment:m8588el","comment","m8588el","t1_m8588el","https://www.reddit.com/r/adhdwomen/comments/1d56whx/seriously_the_only_planner_that_helps_me/m8588el/","/r/adhdwomen/comments/1d56whx/seriously_the_only_planner_that_helps_me/m8588el/","t1_l6mnnte","comment","l6mnnte","l6jwl21","3","false","l6jwl21 > l6jyfop > l6mnnte > m8588el","35c6eb7edbfcaf9a","","","false","false","","1","1","0","0","0","1737372395","2025-01-20T11:26:35+00:00","false","False","","false","false","true","false","I’m interested in the planner AND code","I’m interested in the planner AND code","38","7","that’s how i ended with this one!!","(👀Gives side eye to stacks and bags of discarded, incomplete planners 📚)…( 🥹looks longingly at the organization featured above)…(😒frowns at self-designed planner used once)…(🧐quizzical glance at the hyper organization in the pics) … ( 🤷🏼‍♀️shrugs shoulders thinking she’s probably NT 🧠)….. ( 🐌slouches off to drink more 🍷wine and not do 💩). Will buy your planner to add to stack of failed planners. Always optimistic!🌞","","false","false","planner | plan","","","mentions_planner_or_system","8","[THREAD_TITLE]
seriously the only planner that helps me

[THREAD_BODY]
i found this planner last september at the start of my freshman year of college and holy crap is it amazing!!! it has a monthly spread, weekly spread and the days within it have a TWENTY. FOUR. HOUR. spread!!!! all the planners i’ve used have been like 8am-6pm but like i have a life and things to do outside of it!! there’s room for color coding and blank pages in back and room for checklists it is seriously amazing. i wasn’t consistent with it every day but i stuck with it way more than other planners. it starts in june so im moving onto my second one 🥲 this seriously is not sponsored i just really freakin love this planner. the planners come with a 10% discount code and my mom already has a different planner she likes so if any of you seriously want to try it out pls lmk and i can DM you the code!

[ROOT_COMMENT_CONTEXT]
(👀Gives side eye to stacks and bags of discarded, incomplete planners 📚)…( 🥹looks longingly at the organization featured above)…(😒frowns at self-designed planner used once)…(🧐quizzical glance at the hyper organization in the pics) … ( 🤷🏼‍♀️shrugs shoulders thinking she’s probably NT 🧠)….. ( 🐌slouches off to drink more 🍷wine and not do 💩). Will buy your planner to add to stack of failed planners. Always optimistic!🌞

[PARENT_COMMENT_CONTEXT]
that’s how i ended with this one!!

[CURRENT_RECORD]
I’m interested in the planner AND code"
"C:\Projects\Web\planner-tdah\research\reddit_data\reddit-adhdwomen-seriously_the_only_planner_that_helps_me.json","reddit-adhdwomen-seriously_the_only_planner_that_helps_me","1d56whx","t3_1d56whx","https://www.reddit.com/gallery/1d56whx","adhdwomen","r/adhdwomen","seriously the only planner that helps me","i found this planner last september at the start of my freshman year of college and holy crap is it amazing!!! it has a monthly spread, weekly spread and the days within it have a TWENTY. FOUR. HOUR. spread!!!! all the planners i’ve used have been like 8am-6pm but like i have a life and things to do outside of it!! there’s room for color coding and blank pages in back and room for checklists it is seriously amazing. i wasn’t consistent with it every day but i stuck with it way more than other planners. it starts in june so im moving onto my second one 🥲 this seriously is not sponsored i just really freakin love this planner. the planners come with a 10% discount code and my mom already has a different planner she likes so if any of you seriously want to try it out pls lmk and i can DM you the code!","Cleaning, Organizing, Decluttering","1717191411","2024-05-31T21:36:51+00:00","58","58","0.98","39","d1ea3904895b6ce0","","reddit-adhdwomen-seriously_the_only_planner_that_helps_me:comment:l6kci3o","comment","l6kci3o","t1_l6kci3o","https://www.reddit.com/r/adhdwomen/comments/1d56whx/seriously_the_only_planner_that_helps_me/l6kci3o/","/r/adhdwomen/comments/1d56whx/seriously_the_only_planner_that_helps_me/l6kci3o/","t1_l6jwl21","comment","l6jwl21","l6jwl21","1","false","l6jwl21 > l6kci3o","","","","false","false","","7","7","0","0","1","1717206380","2024-06-01T01:46:20+00:00","false","False","","false","false","true","false","Do you ever keep the planner even when it’s the next year because you feel guilty that you didn’t use the planner","Do you ever keep the planner even when it’s the next year because you feel guilty that you didn’t use the planner","113","22","(👀Gives side eye to stacks and bags of discarded, incomplete planners 📚)…( 🥹looks longingly at the organization featured above)…(😒frowns at self-designed planner used once)…(🧐quizzical glance at the hyper organization in the pics) … ( 🤷🏼‍♀️shrugs shoulders thinking she’s probably NT 🧠)….. ( 🐌slouches off to drink more 🍷wine and not do 💩). Will buy your planner to add to stack of failed planners. Always optimistic!🌞","(👀Gives side eye to stacks and bags of discarded, incomplete planners 📚)…( 🥹looks longingly at the organization featured above)…(😒frowns at self-designed planner used once)…(🧐quizzical glance at the hyper organization in the pics) … ( 🤷🏼‍♀️shrugs shoulders thinking she’s probably NT 🧠)….. ( 🐌slouches off to drink more 🍷wine and not do 💩). Will buy your planner to add to stack of failed planners. Always optimistic!🌞","","false","false","planner | plan","guilt | guilty","","guilt_or_shame_signal | mentions_pain_or_friction | mentions_planner_or_system","44","[THREAD_TITLE]
seriously the only planner that helps me

[THREAD_BODY]
i found this planner last september at the start of my freshman year of college and holy crap is it amazing!!! it has a monthly spread, weekly spread and the days within it have a TWENTY. FOUR. HOUR. spread!!!! all the planners i’ve used have been like 8am-6pm but like i have a life and things to do outside of it!! there’s room for color coding and blank pages in back and room for checklists it is seriously amazing. i wasn’t consistent with it every day but i stuck with it way more than other planners. it starts in june so im moving onto my second one 🥲 this seriously is not sponsored i just really freakin love this planner. the planners come with a 10% discount code and my mom already has a different planner she likes so if any of you seriously want to try it out pls lmk and i can DM you the code!

[PARENT_COMMENT_CONTEXT]
(👀Gives side eye to stacks and bags of discarded, incomplete planners 📚)…( 🥹looks longingly at the organization featured above)…(😒frowns at self-designed planner used once)…(🧐quizzical glance at the hyper organization in the pics) … ( 🤷🏼‍♀️shrugs shoulders thinking she’s probably NT 🧠)….. ( 🐌slouches off to drink more 🍷wine and not do 💩). Will buy your planner to add to stack of failed planners. Always optimistic!🌞

[CURRENT_RECORD]
Do you ever keep the planner even when it’s the next year because you feel guilty that you didn’t use the planner"
"C:\Projects\Web\planner-tdah\research\reddit_data\reddit-adhdwomen-seriously_the_only_planner_that_helps_me.json","reddit-adhdwomen-seriously_the_only_planner_that_helps_me","1d56whx","t3_1d56whx","https://www.reddit.com/gallery/1d56whx","adhdwomen","r/adhdwomen","seriously the only planner that helps me","i found this planner last september at the start of my freshman year of college and holy crap is it amazing!!! it has a monthly spread, weekly spread and the days within it have a TWENTY. FOUR. HOUR. spread!!!! all the planners i’ve used have been like 8am-6pm but like i have a life and things to do outside of it!! there’s room for color coding and blank pages in back and room for checklists it is seriously amazing. i wasn’t consistent with it every day but i stuck with it way more than other planners. it starts in june so im moving onto my second one 🥲 this seriously is not sponsored i just really freakin love this planner. the planners come with a 10% discount code and my mom already has a different planner she likes so if any of you seriously want to try it out pls lmk and i can DM you the code!","Cleaning, Organizing, Decluttering","1717191411","2024-05-31T21:36:51+00:00","58","58","0.98","39","d1ea3904895b6ce0","","reddit-adhdwomen-seriously_the_only_planner_that_helps_me:comment:l6mnpgn","comment","l6mnpgn","t1_l6mnpgn","https://www.reddit.com/r/adhdwomen/comments/1d56whx/seriously_the_only_planner_that_helps_me/l6mnpgn/","/r/adhdwomen/comments/1d56whx/seriously_the_only_planner_that_helps_me/l6mnpgn/","t1_l6kci3o","comment","l6kci3o","l6jwl21","2","false","l6jwl21 > l6kci3o > l6mnpgn","d1ea3904895b6ce0","","","true","false","","1","1","0","0","1","1717251968","2024-06-01T14:26:08+00:00","false","False","","false","false","true","false","i always want to but then the days of the weeks are off","i always want to but then the days of the weeks are off","55","13","Do you ever keep the planner even when it’s the next year because you feel guilty that you didn’t use the planner","(👀Gives side eye to stacks and bags of discarded, incomplete planners 📚)…( 🥹looks longingly at the organization featured above)…(😒frowns at self-designed planner used once)…(🧐quizzical glance at the hyper organization in the pics) … ( 🤷🏼‍♀️shrugs shoulders thinking she’s probably NT 🧠)….. ( 🐌slouches off to drink more 🍷wine and not do 💩). Will buy your planner to add to stack of failed planners. Always optimistic!🌞","","false","false","","","","","3","[THREAD_TITLE]
seriously the only planner that helps me

[THREAD_BODY]
i found this planner last september at the start of my freshman year of college and holy crap is it amazing!!! it has a monthly spread, weekly spread and the days within it have a TWENTY. FOUR. HOUR. spread!!!! all the planners i’ve used have been like 8am-6pm but like i have a life and things to do outside of it!! there’s room for color coding and blank pages in back and room for checklists it is seriously amazing. i wasn’t consistent with it every day but i stuck with it way more than other planners. it starts in june so im moving onto my second one 🥲 this seriously is not sponsored i just really freakin love this planner. the planners come with a 10% discount code and my mom already has a different planner she likes so if any of you seriously want to try it out pls lmk and i can DM you the code!

[ROOT_COMMENT_CONTEXT]
(👀Gives side eye to stacks and bags of discarded, incomplete planners 📚)…( 🥹looks longingly at the organization featured above)…(😒frowns at self-designed planner used once)…(🧐quizzical glance at the hyper organization in the pics) … ( 🤷🏼‍♀️shrugs shoulders thinking she’s probably NT 🧠)….. ( 🐌slouches off to drink more 🍷wine and not do 💩). Will buy your planner to add to stack of failed planners. Always optimistic!🌞

[PARENT_COMMENT_CONTEXT]
Do you ever keep the planner even when it’s the next year because you feel guilty that you didn’t use the planner

[CURRENT_RECORD]
i always want to but then the days of the weeks are off"
"C:\Projects\Web\planner-tdah\research\reddit_data\reddit-adhdwomen-seriously_the_only_planner_that_helps_me.json","reddit-adhdwomen-seriously_the_only_planner_that_helps_me","1d56whx","t3_1d56whx","https://www.reddit.com/gallery/1d56whx","adhdwomen","r/adhdwomen","seriously the only planner that helps me","i found this planner last september at the start of my freshman year of college and holy crap is it amazing!!! it has a monthly spread, weekly spread and the days within it have a TWENTY. FOUR. HOUR. spread!!!! all the planners i’ve used have been like 8am-6pm but like i have a life and things to do outside of it!! there’s room for color coding and blank pages in back and room for checklists it is seriously amazing. i wasn’t consistent with it every day but i stuck with it way more than other planners. it starts in june so im moving onto my second one 🥲 this seriously is not sponsored i just really freakin love this planner. the planners come with a 10% discount code and my mom already has a different planner she likes so if any of you seriously want to try it out pls lmk and i can DM you the code!","Cleaning, Organizing, Decluttering","1717191411","2024-05-31T21:36:51+00:00","58","58","0.98","39","d1ea3904895b6ce0","","reddit-adhdwomen-seriously_the_only_planner_that_helps_me:comment:l6mu8i0","comment","l6mu8i0","t1_l6mu8i0","https://www.reddit.com/r/adhdwomen/comments/1d56whx/seriously_the_only_planner_that_helps_me/l6mu8i0/","/r/adhdwomen/comments/1d56whx/seriously_the_only_planner_that_helps_me/l6mu8i0/","t1_l6mnpgn","comment","l6mnpgn","l6jwl21","3","false","l6jwl21 > l6kci3o > l6mnpgn > l6mu8i0","","","","false","false","","2","2","0","0","0","1717254569","2024-06-01T15:09:29+00:00","false","False","","false","false","true","false","I don’t use the planners after they expire, I just keep them because I feel guilty throwing out a mostly blank planner! I’ll throw them out like 2 years later","I don’t use the planners after they expire, I just keep them because I feel guilty throwing out a mostly blank planner! I’ll throw them out like 2 years later","158","30","i always want to but then the days of the weeks are off","(👀Gives side eye to stacks and bags of discarded, incomplete planners 📚)…( 🥹looks longingly at the organization featured above)…(😒frowns at self-designed planner used once)…(🧐quizzical glance at the hyper organization in the pics) … ( 🤷🏼‍♀️shrugs shoulders thinking she’s probably NT 🧠)….. ( 🐌slouches off to drink more 🍷wine and not do 💩). Will buy your planner to add to stack of failed planners. Always optimistic!🌞","","false","false","planner | planners | plan","guilt | guilty","","guilt_or_shame_signal | mentions_pain_or_friction | mentions_planner_or_system","40","[THREAD_TITLE]
seriously the only planner that helps me

[THREAD_BODY]
i found this planner last september at the start of my freshman year of college and holy crap is it amazing!!! it has a monthly spread, weekly spread and the days within it have a TWENTY. FOUR. HOUR. spread!!!! all the planners i’ve used have been like 8am-6pm but like i have a life and things to do outside of it!! there’s room for color coding and blank pages in back and room for checklists it is seriously amazing. i wasn’t consistent with it every day but i stuck with it way more than other planners. it starts in june so im moving onto my second one 🥲 this seriously is not sponsored i just really freakin love this planner. the planners come with a 10% discount code and my mom already has a different planner she likes so if any of you seriously want to try it out pls lmk and i can DM you the code!

[ROOT_COMMENT_CONTEXT]
(👀Gives side eye to stacks and bags of discarded, incomplete planners 📚)…( 🥹looks longingly at the organization featured above)…(😒frowns at self-designed planner used once)…(🧐quizzical glance at the hyper organization in the pics) … ( 🤷🏼‍♀️shrugs shoulders thinking she’s probably NT 🧠)….. ( 🐌slouches off to drink more 🍷wine and not do 💩). Will buy your planner to add to stack of failed planners. Always optimistic!🌞

[PARENT_COMMENT_CONTEXT]
i always want to but then the days of the weeks are off

[CURRENT_RECORD]
I don’t use the planners after they expire, I just keep them because I feel guilty throwing out a mostly blank planner! I’ll throw them out like 2 years later"
"C:\Projects\Web\planner-tdah\research\reddit_data\reddit-adhdwomen-seriously_the_only_planner_that_helps_me.json","reddit-adhdwomen-seriously_the_only_planner_that_helps_me","1d56whx","t3_1d56whx","https://www.reddit.com/gallery/1d56whx","adhdwomen","r/adhdwomen","seriously the only planner that helps me","i found this planner last september at the start of my freshman year of college and holy crap is it amazing!!! it has a monthly spread, weekly spread and the days within it have a TWENTY. FOUR. HOUR. spread!!!! all the planners i’ve used have been like 8am-6pm but like i have a life and things to do outside of it!! there’s room for color coding and blank pages in back and room for checklists it is seriously amazing. i wasn’t consistent with it every day but i stuck with it way more than other planners. it starts in june so im moving onto my second one 🥲 this seriously is not sponsored i just really freakin love this planner. the planners come with a 10% discount code and my mom already has a different planner she likes so if any of you seriously want to try it out pls lmk and i can DM you the code!","Cleaning, Organizing, Decluttering","1717191411","2024-05-31T21:36:51+00:00","58","58","0.98","39","d1ea3904895b6ce0","","reddit-adhdwomen-seriously_the_only_planner_that_helps_me:comment:l6khlmh","comment","l6khlmh","t1_l6khlmh","https://www.reddit.com/r/adhdwomen/comments/1d56whx/seriously_the_only_planner_that_helps_me/l6khlmh/","/r/adhdwomen/comments/1d56whx/seriously_the_only_planner_that_helps_me/l6khlmh/","t3_1d56whx","post","","l6khlmh","0","true","l6khlmh","69bfadcde26fc301","","","false","false","","11","11","0","0","2","1717208692","2024-06-01T02:24:52+00:00","false","False","","false","false","true","false","I laughed at you calling yourself a dumbass because I definitely have a monthly reminder in my phone that says “PAY RENT YOU IDIOT” Also this planner looks amazing!","I laughed at you calling yourself a dumbass because I definitely have a monthly reminder in my phone that says “PAY RENT YOU IDIOT” Also this planner looks amazing!","164","29","","","","false","false","planner | plan | monthly","","reminder | monthly","mentions_feature_or_solution | mentions_planner_or_system","38","[THREAD_TITLE]
seriously the only planner that helps me

[THREAD_BODY]
i found this planner last september at the start of my freshman year of college and holy crap is it amazing!!! it has a monthly spread, weekly spread and the days within it have a TWENTY. FOUR. HOUR. spread!!!! all the planners i’ve used have been like 8am-6pm but like i have a life and things to do outside of it!! there’s room for color coding and blank pages in back and room for checklists it is seriously amazing. i wasn’t consistent with it every day but i stuck with it way more than other planners. it starts in june so im moving onto my second one 🥲 this seriously is not sponsored i just really freakin love this planner. the planners come with a 10% discount code and my mom already has a different planner she likes so if any of you seriously want to try it out pls lmk and i can DM you the code!

[CURRENT_RECORD]
I laughed at you calling yourself a dumbass because I definitely have a monthly reminder in my phone that says “PAY RENT YOU IDIOT” Also this planner looks amazing!"
"C:\Projects\Web\planner-tdah\research\reddit_data\reddit-adhdwomen-seriously_the_only_planner_that_helps_me.json","reddit-adhdwomen-seriously_the_only_planner_that_helps_me","1d56whx","t3_1d56whx","https://www.reddit.com/gallery/1d56whx","adhdwomen","r/adhdwomen","seriously the only planner that helps me","i found this planner last september at the start of my freshman year of college and holy crap is it amazing!!! it has a monthly spread, weekly spread and the days within it have a TWENTY. FOUR. HOUR. spread!!!! all the planners i’ve used have been like 8am-6pm but like i have a life and things to do outside of it!! there’s room for color coding and blank pages in back and room for checklists it is seriously amazing. i wasn’t consistent with it every day but i stuck with it way more than other planners. it starts in june so im moving onto my second one 🥲 this seriously is not sponsored i just really freakin love this planner. the planners come with a 10% discount code and my mom already has a different planner she likes so if any of you seriously want to try it out pls lmk and i can DM you the code!","Cleaning, Organizing, Decluttering","1717191411","2024-05-31T21:36:51+00:00","58","58","0.98","39","d1ea3904895b6ce0","","reddit-adhdwomen-seriously_the_only_planner_that_helps_me:comment:l6l7ett","comment","l6l7ett","t1_l6l7ett","https://www.reddit.com/r/adhdwomen/comments/1d56whx/seriously_the_only_planner_that_helps_me/l6l7ett/","/r/adhdwomen/comments/1d56whx/seriously_the_only_planner_that_helps_me/l6l7ett/","t1_l6khlmh","comment","l6khlmh","l6khlmh","1","false","l6khlmh > l6l7ett","46fdaaf34cee2c65","","","false","false","","6","6","0","0","0","1717222691","2024-06-01T06:18:11+00:00","false","False","","false","false","true","false","Thanks for reminding me to pay my rent 🙃","Thanks for reminding me to pay my rent 🙃","40","9","I laughed at you calling yourself a dumbass because I definitely have a monthly reminder in my phone that says “PAY RENT YOU IDIOT” Also this planner looks amazing!","I laughed at you calling yourself a dumbass because I definitely have a monthly reminder in my phone that says “PAY RENT YOU IDIOT” Also this planner looks amazing!","","false","false","","","","","5","[THREAD_TITLE]
seriously the only planner that helps me

[THREAD_BODY]
i found this planner last september at the start of my freshman year of college and holy crap is it amazing!!! it has a monthly spread, weekly spread and the days within it have a TWENTY. FOUR. HOUR. spread!!!! all the planners i’ve used have been like 8am-6pm but like i have a life and things to do outside of it!! there’s room for color coding and blank pages in back and room for checklists it is seriously amazing. i wasn’t consistent with it every day but i stuck with it way more than other planners. it starts in june so im moving onto my second one 🥲 this seriously is not sponsored i just really freakin love this planner. the planners come with a 10% discount code and my mom already has a different planner she likes so if any of you seriously want to try it out pls lmk and i can DM you the code!

[PARENT_COMMENT_CONTEXT]
I laughed at you calling yourself a dumbass because I definitely have a monthly reminder in my phone that says “PAY RENT YOU IDIOT” Also this planner looks amazing!

[CURRENT_RECORD]
Thanks for reminding me to pay my rent 🙃"
"C:\Projects\Web\planner-tdah\research\reddit_data\reddit-adhdwomen-seriously_the_only_planner_that_helps_me.json","reddit-adhdwomen-seriously_the_only_planner_that_helps_me","1d56whx","t3_1d56whx","https://www.reddit.com/gallery/1d56whx","adhdwomen","r/adhdwomen","seriously the only planner that helps me","i found this planner last september at the start of my freshman year of college and holy crap is it amazing!!! it has a monthly spread, weekly spread and the days within it have a TWENTY. FOUR. HOUR. spread!!!! all the planners i’ve used have been like 8am-6pm but like i have a life and things to do outside of it!! there’s room for color coding and blank pages in back and room for checklists it is seriously amazing. i wasn’t consistent with it every day but i stuck with it way more than other planners. it starts in june so im moving onto my second one 🥲 this seriously is not sponsored i just really freakin love this planner. the planners come with a 10% discount code and my mom already has a different planner she likes so if any of you seriously want to try it out pls lmk and i can DM you the code!","Cleaning, Organizing, Decluttering","1717191411","2024-05-31T21:36:51+00:00","58","58","0.98","39","d1ea3904895b6ce0","","reddit-adhdwomen-seriously_the_only_planner_that_helps_me:comment:l6mnvtn","comment","l6mnvtn","t1_l6mnvtn","https://www.reddit.com/r/adhdwomen/comments/1d56whx/seriously_the_only_planner_that_helps_me/l6mnvtn/","/r/adhdwomen/comments/1d56whx/seriously_the_only_planner_that_helps_me/l6mnvtn/","t1_l6khlmh","comment","l6khlmh","l6khlmh","1","false","l6khlmh > l6mnvtn","d1ea3904895b6ce0","","","true","false","","2","2","0","0","0","1717252037","2024-06-01T14:27:17+00:00","false","False","","false","false","true","false","sometimes yelling at yourself is the only thing that works!","sometimes yelling at yourself is the only thing that works!","59","10","I laughed at you calling yourself a dumbass because I definitely have a monthly reminder in my phone that says “PAY RENT YOU IDIOT” Also this planner looks amazing!","I laughed at you calling yourself a dumbass because I definitely have a monthly reminder in my phone that says “PAY RENT YOU IDIOT” Also this planner looks amazing!","","false","false","","time","","mentions_pain_or_friction","5","[THREAD_TITLE]
seriously the only planner that helps me

[THREAD_BODY]
i found this planner last september at the start of my freshman year of college and holy crap is it amazing!!! it has a monthly spread, weekly spread and the days within it have a TWENTY. FOUR. HOUR. spread!!!! all the planners i’ve used have been like 8am-6pm but like i have a life and things to do outside of it!! there’s room for color coding and blank pages in back and room for checklists it is seriously amazing. i wasn’t consistent with it every day but i stuck with it way more than other planners. it starts in june so im moving onto my second one 🥲 this seriously is not sponsored i just really freakin love this planner. the planners come with a 10% discount code and my mom already has a different planner she likes so if any of you seriously want to try it out pls lmk and i can DM you the code!

[PARENT_COMMENT_CONTEXT]
I laughed at you calling yourself a dumbass because I definitely have a monthly reminder in my phone that says “PAY RENT YOU IDIOT” Also this planner looks amazing!

[CURRENT_RECORD]
sometimes yelling at yourself is the only thing that works!"
"C:\Projects\Web\planner-tdah\research\reddit_data\reddit-adhdwomen-seriously_the_only_planner_that_helps_me.json","reddit-adhdwomen-seriously_the_only_planner_that_helps_me","1d56whx","t3_1d56whx","https://www.reddit.com/gallery/1d56whx","adhdwomen","r/adhdwomen","seriously the only planner that helps me","i found this planner last september at the start of my freshman year of college and holy crap is it amazing!!! it has a monthly spread, weekly spread and the days within it have a TWENTY. FOUR. HOUR. spread!!!! all the planners i’ve used have been like 8am-6pm but like i have a life and things to do outside of it!! there’s room for color coding and blank pages in back and room for checklists it is seriously amazing. i wasn’t consistent with it every day but i stuck with it way more than other planners. it starts in june so im moving onto my second one 🥲 this seriously is not sponsored i just really freakin love this planner. the planners come with a 10% discount code and my mom already has a different planner she likes so if any of you seriously want to try it out pls lmk and i can DM you the code!","Cleaning, Organizing, Decluttering","1717191411","2024-05-31T21:36:51+00:00","58","58","0.98","39","d1ea3904895b6ce0","","reddit-adhdwomen-seriously_the_only_planner_that_helps_me:comment:l6jeffk","comment","l6jeffk","t1_l6jeffk","https://www.reddit.com/r/adhdwomen/comments/1d56whx/seriously_the_only_planner_that_helps_me/l6jeffk/","/r/adhdwomen/comments/1d56whx/seriously_the_only_planner_that_helps_me/l6jeffk/","t3_1d56whx","post","","l6jeffk","0","true","l6jeffk","96f86f606dbfc763","","","false","false","","7","7","0","0","1","1717192129","2024-05-31T21:48:49+00:00","false","False","","false","false","true","false","These planners are so good, especially for the price. I used one all last year, but prefer undated so now I use a very simple planner from Wonderland. But if Inamio made undated, I would switch back in a heartbeat.","These planners are so good, especially for the price. I used one all last year, but prefer undated so now I use a very simple planner from Wonderland. But if Inamio made undated, I would switch back in a heartbeat.","214","40","","","","false","false","planner | planners | plan","","simple","mentions_feature_or_solution | mentions_planner_or_system","34","[THREAD_TITLE]
seriously the only planner that helps me

[THREAD_BODY]
i found this planner last september at the start of my freshman year of college and holy crap is it amazing!!! it has a monthly spread, weekly spread and the days within it have a TWENTY. FOUR. HOUR. spread!!!! all the planners i’ve used have been like 8am-6pm but like i have a life and things to do outside of it!! there’s room for color coding and blank pages in back and room for checklists it is seriously amazing. i wasn’t consistent with it every day but i stuck with it way more than other planners. it starts in june so im moving onto my second one 🥲 this seriously is not sponsored i just really freakin love this planner. the planners come with a 10% discount code and my mom already has a different planner she likes so if any of you seriously want to try it out pls lmk and i can DM you the code!

[CURRENT_RECORD]
These planners are so good, especially for the price. I used one all last year, but prefer undated so now I use a very simple planner from Wonderland. But if Inamio made undated, I would switch back in a heartbeat."
"C:\Projects\Web\planner-tdah\research\reddit_data\reddit-adhdwomen-seriously_the_only_planner_that_helps_me.json","reddit-adhdwomen-seriously_the_only_planner_that_helps_me","1d56whx","t3_1d56whx","https://www.reddit.com/gallery/1d56whx","adhdwomen","r/adhdwomen","seriously the only planner that helps me","i found this planner last september at the start of my freshman year of college and holy crap is it amazing!!! it has a monthly spread, weekly spread and the days within it have a TWENTY. FOUR. HOUR. spread!!!! all the planners i’ve used have been like 8am-6pm but like i have a life and things to do outside of it!! there’s room for color coding and blank pages in back and room for checklists it is seriously amazing. i wasn’t consistent with it every day but i stuck with it way more than other planners. it starts in june so im moving onto my second one 🥲 this seriously is not sponsored i just really freakin love this planner. the planners come with a 10% discount code and my mom already has a different planner she likes so if any of you seriously want to try it out pls lmk and i can DM you the code!","Cleaning, Organizing, Decluttering","1717191411","2024-05-31T21:36:51+00:00","58","58","0.98","39","d1ea3904895b6ce0","","reddit-adhdwomen-seriously_the_only_planner_that_helps_me:comment:l6jh26t","comment","l6jh26t","t1_l6jh26t","https://www.reddit.com/r/adhdwomen/comments/1d56whx/seriously_the_only_planner_that_helps_me/l6jh26t/","/r/adhdwomen/comments/1d56whx/seriously_the_only_planner_that_helps_me/l6jh26t/","t1_l6jeffk","comment","l6jeffk","l6jeffk","1","false","l6jeffk > l6jh26t","d1ea3904895b6ce0","","","true","false","","4","4","0","0","2","1717193161","2024-05-31T22:06:01+00:00","false","False","","false","false","true","false","right?? they are so cheap too!! i always thought that it would have to be pricey to have everything i needed. also if you don’t mind me asking, why do you prefer undated?","right?? they are so cheap too!! i always thought that it would have to be pricey to have everything i needed. also if you don’t mind me asking, why do you prefer undated?","170","33","These planners are so good, especially for the price. I used one all last year, but prefer undated so now I use a very simple planner from Wonderland. But if Inamio made undated, I would switch back in a heartbeat.","These planners are so good, especially for the price. I used one all last year, but prefer undated so now I use a very simple planner from Wonderland. But if Inamio made undated, I would switch back in a heartbeat.","","true","false","","","","contains_question","13","[THREAD_TITLE]
seriously the only planner that helps me

[THREAD_BODY]
i found this planner last september at the start of my freshman year of college and holy crap is it amazing!!! it has a monthly spread, weekly spread and the days within it have a TWENTY. FOUR. HOUR. spread!!!! all the planners i’ve used have been like 8am-6pm but like i have a life and things to do outside of it!! there’s room for color coding and blank pages in back and room for checklists it is seriously amazing. i wasn’t consistent with it every day but i stuck with it way more than other planners. it starts in june so im moving onto my second one 🥲 this seriously is not sponsored i just really freakin love this planner. the planners come with a 10% discount code and my mom already has a different planner she likes so if any of you seriously want to try it out pls lmk and i can DM you the code!

[PARENT_COMMENT_CONTEXT]
These planners are so good, especially for the price. I used one all last year, but prefer undated so now I use a very simple planner from Wonderland. But if Inamio made undated, I would switch back in a heartbeat.

[CURRENT_RECORD]
right?? they are so cheap too!! i always thought that it would have to be pricey to have everything i needed. also if you don’t mind me asking, why do you prefer undated?"
"C:\Projects\Web\planner-tdah\research\reddit_data\reddit-adhdwomen-seriously_the_only_planner_that_helps_me.json","reddit-adhdwomen-seriously_the_only_planner_that_helps_me","1d56whx","t3_1d56whx","https://www.reddit.com/gallery/1d56whx","adhdwomen","r/adhdwomen","seriously the only planner that helps me","i found this planner last september at the start of my freshman year of college and holy crap is it amazing!!! it has a monthly spread, weekly spread and the days within it have a TWENTY. FOUR. HOUR. spread!!!! all the planners i’ve used have been like 8am-6pm but like i have a life and things to do outside of it!! there’s room for color coding and blank pages in back and room for checklists it is seriously amazing. i wasn’t consistent with it every day but i stuck with it way more than other planners. it starts in june so im moving onto my second one 🥲 this seriously is not sponsored i just really freakin love this planner. the planners come with a 10% discount code and my mom already has a different planner she likes so if any of you seriously want to try it out pls lmk and i can DM you the code!","Cleaning, Organizing, Decluttering","1717191411","2024-05-31T21:36:51+00:00","58","58","0.98","39","d1ea3904895b6ce0","","reddit-adhdwomen-seriously_the_only_planner_that_helps_me:comment:l6jvpqd","comment","l6jvpqd","t1_l6jvpqd","https://www.reddit.com/r/adhdwomen/comments/1d56whx/seriously_the_only_planner_that_helps_me/l6jvpqd/","/r/adhdwomen/comments/1d56whx/seriously_the_only_planner_that_helps_me/l6jvpqd/","t1_l6jh26t","comment","l6jh26t","l6jeffk","2","false","l6jeffk > l6jh26t > l6jvpqd","4fd9a7e7f229855b","","","false","false","","7","7","0","0","1","1717199114","2024-05-31T23:45:14+00:00","false","False","","false","false","true","false","Assuming they are like me, so you don't waste paper when you fall off the routine for a bit. Absolutely inspired by your organization!","Assuming they are like me, so you don't waste paper when you fall off the routine for a bit. Absolutely inspired by your organization!","134","24","right?? they are so cheap too!! i always thought that it would have to be pricey to have everything i needed. also if you don’t mind me asking, why do you prefer undated?","These planners are so good, especially for the price. I used one all last year, but prefer undated so now I use a very simple planner from Wonderland. But if Inamio made undated, I would switch back in a heartbeat.","","false","false","routine | organization","","","mentions_planner_or_system","26","[THREAD_TITLE]
seriously the only planner that helps me

[THREAD_BODY]
i found this planner last september at the start of my freshman year of college and holy crap is it amazing!!! it has a monthly spread, weekly spread and the days within it have a TWENTY. FOUR. HOUR. spread!!!! all the planners i’ve used have been like 8am-6pm but like i have a life and things to do outside of it!! there’s room for color coding and blank pages in back and room for checklists it is seriously amazing. i wasn’t consistent with it every day but i stuck with it way more than other planners. it starts in june so im moving onto my second one 🥲 this seriously is not sponsored i just really freakin love this planner. the planners come with a 10% discount code and my mom already has a different planner she likes so if any of you seriously want to try it out pls lmk and i can DM you the code!

[ROOT_COMMENT_CONTEXT]
These planners are so good, especially for the price. I used one all last year, but prefer undated so now I use a very simple planner from Wonderland. But if Inamio made undated, I would switch back in a heartbeat.

[PARENT_COMMENT_CONTEXT]
right?? they are so cheap too!! i always thought that it would have to be pricey to have everything i needed. also if you don’t mind me asking, why do you prefer undated?

[CURRENT_RECORD]
Assuming they are like me, so you don't waste paper when you fall off the routine for a bit. Absolutely inspired by your organization!"
"C:\Projects\Web\planner-tdah\research\reddit_data\reddit-adhdwomen-seriously_the_only_planner_that_helps_me.json","reddit-adhdwomen-seriously_the_only_planner_that_helps_me","1d56whx","t3_1d56whx","https://www.reddit.com/gallery/1d56whx","adhdwomen","r/adhdwomen","seriously the only planner that helps me","i found this planner last september at the start of my freshman year of college and holy crap is it amazing!!! it has a monthly spread, weekly spread and the days within it have a TWENTY. FOUR. HOUR. spread!!!! all the planners i’ve used have been like 8am-6pm but like i have a life and things to do outside of it!! there’s room for color coding and blank pages in back and room for checklists it is seriously amazing. i wasn’t consistent with it every day but i stuck with it way more than other planners. it starts in june so im moving onto my second one 🥲 this seriously is not sponsored i just really freakin love this planner. the planners come with a 10% discount code and my mom already has a different planner she likes so if any of you seriously want to try it out pls lmk and i can DM you the code!","Cleaning, Organizing, Decluttering","1717191411","2024-05-31T21:36:51+00:00","58","58","0.98","39","d1ea3904895b6ce0","","reddit-adhdwomen-seriously_the_only_planner_that_helps_me:comment:l6kfiac","comment","l6kfiac","t1_l6kfiac","https://www.reddit.com/r/adhdwomen/comments/1d56whx/seriously_the_only_planner_that_helps_me/l6kfiac/","/r/adhdwomen/comments/1d56whx/seriously_the_only_planner_that_helps_me/l6kfiac/","t1_l6jvpqd","comment","l6jvpqd","l6jeffk","3","false","l6jeffk > l6jh26t > l6jvpqd > l6kfiac","96f86f606dbfc763","","","false","false","","4","4","0","0","0","1717207736","2024-06-01T02:08:56+00:00","false","False","","false","false","true","false","Yes! Dated is too much pressure. 😂 I also use it mainly for work, and I’m tied to an academic cycle, so I don’t open it much over winter break/summer.","Yes! Dated is too much pressure. 😂 I also use it mainly for work, and I’m tied to an academic cycle, so I don’t open it much over winter break/summer.","150","30","Assuming they are like me, so you don't waste paper when you fall off the routine for a bit. Absolutely inspired by your organization!","These planners are so good, especially for the price. I used one all last year, but prefer undated so now I use a very simple planner from Wonderland. But if Inamio made undated, I would switch back in a heartbeat.","","false","false","","too much","","mentions_pain_or_friction | overwhelm_or_complexity_signal","23","[THREAD_TITLE]
seriously the only planner that helps me

[THREAD_BODY]
i found this planner last september at the start of my freshman year of college and holy crap is it amazing!!! it has a monthly spread, weekly spread and the days within it have a TWENTY. FOUR. HOUR. spread!!!! all the planners i’ve used have been like 8am-6pm but like i have a life and things to do outside of it!! there’s room for color coding and blank pages in back and room for checklists it is seriously amazing. i wasn’t consistent with it every day but i stuck with it way more than other planners. it starts in june so im moving onto my second one 🥲 this seriously is not sponsored i just really freakin love this planner. the planners come with a 10% discount code and my mom already has a different planner she likes so if any of you seriously want to try it out pls lmk and i can DM you the code!

[ROOT_COMMENT_CONTEXT]
These planners are so good, especially for the price. I used one all last year, but prefer undated so now I use a very simple planner from Wonderland. But if Inamio made undated, I would switch back in a heartbeat.

[PARENT_COMMENT_CONTEXT]
Assuming they are like me, so you don't waste paper when you fall off the routine for a bit. Absolutely inspired by your organization!

[CURRENT_RECORD]
Yes! Dated is too much pressure. 😂 I also use it mainly for work, and I’m tied to an academic cycle, so I don’t open it much over winter break/summer."
"C:\Projects\Web\planner-tdah\research\reddit_data\reddit-adhdwomen-seriously_the_only_planner_that_helps_me.json","reddit-adhdwomen-seriously_the_only_planner_that_helps_me","1d56whx","t3_1d56whx","https://www.reddit.com/gallery/1d56whx","adhdwomen","r/adhdwomen","seriously the only planner that helps me","i found this planner last september at the start of my freshman year of college and holy crap is it amazing!!! it has a monthly spread, weekly spread and the days within it have a TWENTY. FOUR. HOUR. spread!!!! all the planners i’ve used have been like 8am-6pm but like i have a life and things to do outside of it!! there’s room for color coding and blank pages in back and room for checklists it is seriously amazing. i wasn’t consistent with it every day but i stuck with it way more than other planners. it starts in june so im moving onto my second one 🥲 this seriously is not sponsored i just really freakin love this planner. the planners come with a 10% discount code and my mom already has a different planner she likes so if any of you seriously want to try it out pls lmk and i can DM you the code!","Cleaning, Organizing, Decluttering","1717191411","2024-05-31T21:36:51+00:00","58","58","0.98","39","d1ea3904895b6ce0","","reddit-adhdwomen-seriously_the_only_planner_that_helps_me:comment:l6lziug","comment","l6lziug","t1_l6lziug","https://www.reddit.com/r/adhdwomen/comments/1d56whx/seriously_the_only_planner_that_helps_me/l6lziug/","/r/adhdwomen/comments/1d56whx/seriously_the_only_planner_that_helps_me/l6lziug/","t1_l6jh26t","comment","l6jh26t","l6jeffk","2","false","l6jeffk > l6jh26t > l6lziug","31f150ad3361edea","","","false","false","","3","3","0","0","1","1717241128","2024-06-01T11:25:28+00:00","false","False","","false","false","true","false","No no no why did I look it up? I don't need another planner! I was like oh well if it's cheap and searched Amazon and the first one is a rose gold edition because Amazon freaking knows my weaknesses. Ugh. It's so pretty.","No no no why did I look it up? I don't need another planner! I was like oh well if it's cheap and searched Amazon and the first one is a rose gold edition because Amazon freaking knows my weaknesses. Ugh. It's so pretty.","220","44","right?? they are so cheap too!! i always thought that it would have to be pricey to have everything i needed. also if you don’t mind me asking, why do you prefer undated?","These planners are so good, especially for the price. I used one all last year, but prefer undated so now I use a very simple planner from Wonderland. But if Inamio made undated, I would switch back in a heartbeat.","","true","false","planner | plan","","","contains_question | mentions_planner_or_system","21","[THREAD_TITLE]
seriously the only planner that helps me

[THREAD_BODY]
i found this planner last september at the start of my freshman year of college and holy crap is it amazing!!! it has a monthly spread, weekly spread and the days within it have a TWENTY. FOUR. HOUR. spread!!!! all the planners i’ve used have been like 8am-6pm but like i have a life and things to do outside of it!! there’s room for color coding and blank pages in back and room for checklists it is seriously amazing. i wasn’t consistent with it every day but i stuck with it way more than other planners. it starts in june so im moving onto my second one 🥲 this seriously is not sponsored i just really freakin love this planner. the planners come with a 10% discount code and my mom already has a different planner she likes so if any of you seriously want to try it out pls lmk and i can DM you the code!

[ROOT_COMMENT_CONTEXT]
These planners are so good, especially for the price. I used one all last year, but prefer undated so now I use a very simple planner from Wonderland. But if Inamio made undated, I would switch back in a heartbeat.

[PARENT_COMMENT_CONTEXT]
right?? they are so cheap too!! i always thought that it would have to be pricey to have everything i needed. also if you don’t mind me asking, why do you prefer undated?

[CURRENT_RECORD]
No no no why did I look it up? I don't need another planner! I was like oh well if it's cheap and searched Amazon and the first one is a rose gold edition because Amazon freaking knows my weaknesses. Ugh. It's so pretty."
"C:\Projects\Web\planner-tdah\research\reddit_data\reddit-adhdwomen-seriously_the_only_planner_that_helps_me.json","reddit-adhdwomen-seriously_the_only_planner_that_helps_me","1d56whx","t3_1d56whx","https://www.reddit.com/gallery/1d56whx","adhdwomen","r/adhdwomen","seriously the only planner that helps me","i found this planner last september at the start of my freshman year of college and holy crap is it amazing!!! it has a monthly spread, weekly spread and the days within it have a TWENTY. FOUR. HOUR. spread!!!! all the planners i’ve used have been like 8am-6pm but like i have a life and things to do outside of it!! there’s room for color coding and blank pages in back and room for checklists it is seriously amazing. i wasn’t consistent with it every day but i stuck with it way more than other planners. it starts in june so im moving onto my second one 🥲 this seriously is not sponsored i just really freakin love this planner. the planners come with a 10% discount code and my mom already has a different planner she likes so if any of you seriously want to try it out pls lmk and i can DM you the code!","Cleaning, Organizing, Decluttering","1717191411","2024-05-31T21:36:51+00:00","58","58","0.98","39","d1ea3904895b6ce0","","reddit-adhdwomen-seriously_the_only_planner_that_helps_me:comment:l6mnldg","comment","l6mnldg","t1_l6mnldg","https://www.reddit.com/r/adhdwomen/comments/1d56whx/seriously_the_only_planner_that_helps_me/l6mnldg/","/r/adhdwomen/comments/1d56whx/seriously_the_only_planner_that_helps_me/l6mnldg/","t1_l6lziug","comment","l6lziug","l6jeffk","3","false","l6jeffk > l6jh26t > l6lziug > l6mnldg","d1ea3904895b6ce0","","","true","false","","2","2","0","0","0","1717251923","2024-06-01T14:25:23+00:00","false","False","","false","false","true","false","the rose gold is pretty but it’s not the 24 hour one unfortunately ):","the rose gold is pretty but it’s not the 24 hour one unfortunately ):","69","14","No no no why did I look it up? I don't need another planner! I was like oh well if it's cheap and searched Amazon and the first one is a rose gold edition because Amazon freaking knows my weaknesses. Ugh. It's so pretty.","These planners are so good, especially for the price. I used one all last year, but prefer undated so now I use a very simple planner from Wonderland. But if Inamio made undated, I would switch back in a heartbeat.","","false","false","","","","","0","[THREAD_TITLE]
seriously the only planner that helps me

[THREAD_BODY]
i found this planner last september at the start of my freshman year of college and holy crap is it amazing!!! it has a monthly spread, weekly spread and the days within it have a TWENTY. FOUR. HOUR. spread!!!! all the planners i’ve used have been like 8am-6pm but like i have a life and things to do outside of it!! there’s room for color coding and blank pages in back and room for checklists it is seriously amazing. i wasn’t consistent with it every day but i stuck with it way more than other planners. it starts in june so im moving onto my second one 🥲 this seriously is not sponsored i just really freakin love this planner. the planners come with a 10% discount code and my mom already has a different planner she likes so if any of you seriously want to try it out pls lmk and i can DM you the code!

[ROOT_COMMENT_CONTEXT]
These planners are so good, especially for the price. I used one all last year, but prefer undated so now I use a very simple planner from Wonderland. But if Inamio made undated, I would switch back in a heartbeat.

[PARENT_COMMENT_CONTEXT]
No no no why did I look it up? I don't need another planner! I was like oh well if it's cheap and searched Amazon and the first one is a rose gold edition because Amazon freaking knows my weaknesses. Ugh. It's so pretty.

[CURRENT_RECORD]
the rose gold is pretty but it’s not the 24 hour one unfortunately ):"
"C:\Projects\Web\planner-tdah\research\reddit_data\reddit-adhdwomen-seriously_the_only_planner_that_helps_me.json","reddit-adhdwomen-seriously_the_only_planner_that_helps_me","1d56whx","t3_1d56whx","https://www.reddit.com/gallery/1d56whx","adhdwomen","r/adhdwomen","seriously the only planner that helps me","i found this planner last september at the start of my freshman year of college and holy crap is it amazing!!! it has a monthly spread, weekly spread and the days within it have a TWENTY. FOUR. HOUR. spread!!!! all the planners i’ve used have been like 8am-6pm but like i have a life and things to do outside of it!! there’s room for color coding and blank pages in back and room for checklists it is seriously amazing. i wasn’t consistent with it every day but i stuck with it way more than other planners. it starts in june so im moving onto my second one 🥲 this seriously is not sponsored i just really freakin love this planner. the planners come with a 10% discount code and my mom already has a different planner she likes so if any of you seriously want to try it out pls lmk and i can DM you the code!","Cleaning, Organizing, Decluttering","1717191411","2024-05-31T21:36:51+00:00","58","58","0.98","39","d1ea3904895b6ce0","","reddit-adhdwomen-seriously_the_only_planner_that_helps_me:comment:l6k1mme","comment","l6k1mme","t1_l6k1mme","https://www.reddit.com/r/adhdwomen/comments/1d56whx/seriously_the_only_planner_that_helps_me/l6k1mme/","/r/adhdwomen/comments/1d56whx/seriously_the_only_planner_that_helps_me/l6k1mme/","t3_1d56whx","post","","l6k1mme","0","true","l6k1mme","e7432b1a00b43d17","","","false","false","","5","5","0","0","0","1717201620","2024-06-01T00:27:00+00:00","false","False","","false","false","true","false","I love this one when I'm on my bullshit","I love this one when I'm on my bullshit","39","9","","","","false","true","","","","mentions_working_solution_or_recommendation","13","[THREAD_TITLE]
seriously the only planner that helps me

[THREAD_BODY]
i found this planner last september at the start of my freshman year of college and holy crap is it amazing!!! it has a monthly spread, weekly spread and the days within it have a TWENTY. FOUR. HOUR. spread!!!! all the planners i’ve used have been like 8am-6pm but like i have a life and things to do outside of it!! there’s room for color coding and blank pages in back and room for checklists it is seriously amazing. i wasn’t consistent with it every day but i stuck with it way more than other planners. it starts in june so im moving onto my second one 🥲 this seriously is not sponsored i just really freakin love this planner. the planners come with a 10% discount code and my mom already has a different planner she likes so if any of you seriously want to try it out pls lmk and i can DM you the code!

[CURRENT_RECORD]
I love this one when I'm on my bullshit"
"C:\Projects\Web\planner-tdah\research\reddit_data\reddit-adhdwomen-seriously_the_only_planner_that_helps_me.json","reddit-adhdwomen-seriously_the_only_planner_that_helps_me","1d56whx","t3_1d56whx","https://www.reddit.com/gallery/1d56whx","adhdwomen","r/adhdwomen","seriously the only planner that helps me","i found this planner last september at the start of my freshman year of college and holy crap is it amazing!!! it has a monthly spread, weekly spread and the days within it have a TWENTY. FOUR. HOUR. spread!!!! all the planners i’ve used have been like 8am-6pm but like i have a life and things to do outside of it!! there’s room for color coding and blank pages in back and room for checklists it is seriously amazing. i wasn’t consistent with it every day but i stuck with it way more than other planners. it starts in june so im moving onto my second one 🥲 this seriously is not sponsored i just really freakin love this planner. the planners come with a 10% discount code and my mom already has a different planner she likes so if any of you seriously want to try it out pls lmk and i can DM you the code!","Cleaning, Organizing, Decluttering","1717191411","2024-05-31T21:36:51+00:00","58","58","0.98","39","d1ea3904895b6ce0","","reddit-adhdwomen-seriously_the_only_planner_that_helps_me:comment:l6k85ao","comment","l6k85ao","t1_l6k85ao","https://www.reddit.com/r/adhdwomen/comments/1d56whx/seriously_the_only_planner_that_helps_me/l6k85ao/","/r/adhdwomen/comments/1d56whx/seriously_the_only_planner_that_helps_me/l6k85ao/","t3_1d56whx","post","","l6k85ao","0","true","l6k85ao","25fd2ef3e71faa1e","","","false","false","","4","4","0","0","1","1717204445","2024-06-01T01:14:05+00:00","false","False","","false","false","true","false","Future ADHD also has a really good iPad planner for those looking for an ePlanner:)","Future ADHD also has a really good iPad planner for those looking for an ePlanner:)","83","15","","","","false","false","planner | plan","adhd","","mentions_pain_or_friction | mentions_planner_or_system","16","[THREAD_TITLE]
seriously the only planner that helps me

[THREAD_BODY]
i found this planner last september at the start of my freshman year of college and holy crap is it amazing!!! it has a monthly spread, weekly spread and the days within it have a TWENTY. FOUR. HOUR. spread!!!! all the planners i’ve used have been like 8am-6pm but like i have a life and things to do outside of it!! there’s room for color coding and blank pages in back and room for checklists it is seriously amazing. i wasn’t consistent with it every day but i stuck with it way more than other planners. it starts in june so im moving onto my second one 🥲 this seriously is not sponsored i just really freakin love this planner. the planners come with a 10% discount code and my mom already has a different planner she likes so if any of you seriously want to try it out pls lmk and i can DM you the code!

[CURRENT_RECORD]
Future ADHD also has a really good iPad planner for those looking for an ePlanner:)"
"C:\Projects\Web\planner-tdah\research\reddit_data\reddit-adhdwomen-seriously_the_only_planner_that_helps_me.json","reddit-adhdwomen-seriously_the_only_planner_that_helps_me","1d56whx","t3_1d56whx","https://www.reddit.com/gallery/1d56whx","adhdwomen","r/adhdwomen","seriously the only planner that helps me","i found this planner last september at the start of my freshman year of college and holy crap is it amazing!!! it has a monthly spread, weekly spread and the days within it have a TWENTY. FOUR. HOUR. spread!!!! all the planners i’ve used have been like 8am-6pm but like i have a life and things to do outside of it!! there’s room for color coding and blank pages in back and room for checklists it is seriously amazing. i wasn’t consistent with it every day but i stuck with it way more than other planners. it starts in june so im moving onto my second one 🥲 this seriously is not sponsored i just really freakin love this planner. the planners come with a 10% discount code and my mom already has a different planner she likes so if any of you seriously want to try it out pls lmk and i can DM you the code!","Cleaning, Organizing, Decluttering","1717191411","2024-05-31T21:36:51+00:00","58","58","0.98","39","d1ea3904895b6ce0","","reddit-adhdwomen-seriously_the_only_planner_that_helps_me:comment:l6kh1qz","comment","l6kh1qz","t1_l6kh1qz","https://www.reddit.com/r/adhdwomen/comments/1d56whx/seriously_the_only_planner_that_helps_me/l6kh1qz/","/r/adhdwomen/comments/1d56whx/seriously_the_only_planner_that_helps_me/l6kh1qz/","t1_l6k85ao","comment","l6k85ao","l6k85ao","1","false","l6k85ao > l6kh1qz","","","","false","false","","2","2","0","0","1","1717208437","2024-06-01T02:20:37+00:00","false","False","","false","false","true","false","[excluído]","[excluído]","10","1","Future ADHD also has a really good iPad planner for those looking for an ePlanner:)","Future ADHD also has a really good iPad planner for those looking for an ePlanner:)","","false","false","","","","","3","[THREAD_TITLE]
seriously the only planner that helps me

[THREAD_BODY]
i found this planner last september at the start of my freshman year of college and holy crap is it amazing!!! it has a monthly spread, weekly spread and the days within it have a TWENTY. FOUR. HOUR. spread!!!! all the planners i’ve used have been like 8am-6pm but like i have a life and things to do outside of it!! there’s room for color coding and blank pages in back and room for checklists it is seriously amazing. i wasn’t consistent with it every day but i stuck with it way more than other planners. it starts in june so im moving onto my second one 🥲 this seriously is not sponsored i just really freakin love this planner. the planners come with a 10% discount code and my mom already has a different planner she likes so if any of you seriously want to try it out pls lmk and i can DM you the code!

[PARENT_COMMENT_CONTEXT]
Future ADHD also has a really good iPad planner for those looking for an ePlanner:)

[CURRENT_RECORD]
[excluído]"
"C:\Projects\Web\planner-tdah\research\reddit_data\reddit-adhdwomen-seriously_the_only_planner_that_helps_me.json","reddit-adhdwomen-seriously_the_only_planner_that_helps_me","1d56whx","t3_1d56whx","https://www.reddit.com/gallery/1d56whx","adhdwomen","r/adhdwomen","seriously the only planner that helps me","i found this planner last september at the start of my freshman year of college and holy crap is it amazing!!! it has a monthly spread, weekly spread and the days within it have a TWENTY. FOUR. HOUR. spread!!!! all the planners i’ve used have been like 8am-6pm but like i have a life and things to do outside of it!! there’s room for color coding and blank pages in back and room for checklists it is seriously amazing. i wasn’t consistent with it every day but i stuck with it way more than other planners. it starts in june so im moving onto my second one 🥲 this seriously is not sponsored i just really freakin love this planner. the planners come with a 10% discount code and my mom already has a different planner she likes so if any of you seriously want to try it out pls lmk and i can DM you the code!","Cleaning, Organizing, Decluttering","1717191411","2024-05-31T21:36:51+00:00","58","58","0.98","39","d1ea3904895b6ce0","","reddit-adhdwomen-seriously_the_only_planner_that_helps_me:comment:l6kwtry","comment","l6kwtry","t1_l6kwtry","https://www.reddit.com/r/adhdwomen/comments/1d56whx/seriously_the_only_planner_that_helps_me/l6kwtry/","/r/adhdwomen/comments/1d56whx/seriously_the_only_planner_that_helps_me/l6kwtry/","t1_l6kh1qz","comment","l6kh1qz","l6k85ao","2","false","l6k85ao > l6kh1qz > l6kwtry","25fd2ef3e71faa1e","","","false","false","","2","2","0","0","0","1717216357","2024-06-01T04:32:37+00:00","false","False","","false","false","true","false","https://shop.futureadhd.com/?gl=1k5cwibgaMTQ0MTQwNjUyOC4xNzE2MjkyNDM1gaF1C05927SCMTcxNjI5MjQzNC4xLjAuMTcxNjI5MjQzNC42MC4wLjQ2ODAyNzc.","https://shop.futureadhd.com/?gl=1k5cwibgaMTQ0MTQwNjUyOC4xNzE2MjkyNDM1gaF1C05927SCMTcxNjI5MjQzNC4xLjAuMTcxNjI5MjQzNC42MC4wLjQ2ODAyNzc.","133","1","[excluído]","Future ADHD also has a really good iPad planner for those looking for an ePlanner:)","https://shop.futureadhd.com/?gl=1k5cwibgaMTQ0MTQwNjUyOC4xNzE2MjkyNDM1gaF1C05927SCMTcxNjI5MjQzNC4xLjAuMTcxNjI5MjQzNC42MC4wLjQ2ODAyNzc.","true","false","","adhd","","contains_question | mentions_pain_or_friction","5","[THREAD_TITLE]
seriously the only planner that helps me

[THREAD_BODY]
i found this planner last september at the start of my freshman year of college and holy crap is it amazing!!! it has a monthly spread, weekly spread and the days within it have a TWENTY. FOUR. HOUR. spread!!!! all the planners i’ve used have been like 8am-6pm but like i have a life and things to do outside of it!! there’s room for color coding and blank pages in back and room for checklists it is seriously amazing. i wasn’t consistent with it every day but i stuck with it way more than other planners. it starts in june so im moving onto my second one 🥲 this seriously is not sponsored i just really freakin love this planner. the planners come with a 10% discount code and my mom already has a different planner she likes so if any of you seriously want to try it out pls lmk and i can DM you the code!

[ROOT_COMMENT_CONTEXT]
Future ADHD also has a really good iPad planner for those looking for an ePlanner:)

[PARENT_COMMENT_CONTEXT]
[excluído]

[CURRENT_RECORD]
https://shop.futureadhd.com/?gl=1k5cwibgaMTQ0MTQwNjUyOC4xNzE2MjkyNDM1gaF1C05927SCMTcxNjI5MjQzNC4xLjAuMTcxNjI5MjQzNC42MC4wLjQ2ODAyNzc."
"C:\Projects\Web\planner-tdah\research\reddit_data\reddit-adhdwomen-seriously_the_only_planner_that_helps_me.json","reddit-adhdwomen-seriously_the_only_planner_that_helps_me","1d56whx","t3_1d56whx","https://www.reddit.com/gallery/1d56whx","adhdwomen","r/adhdwomen","seriously the only planner that helps me","i found this planner last september at the start of my freshman year of college and holy crap is it amazing!!! it has a monthly spread, weekly spread and the days within it have a TWENTY. FOUR. HOUR. spread!!!! all the planners i’ve used have been like 8am-6pm but like i have a life and things to do outside of it!! there’s room for color coding and blank pages in back and room for checklists it is seriously amazing. i wasn’t consistent with it every day but i stuck with it way more than other planners. it starts in june so im moving onto my second one 🥲 this seriously is not sponsored i just really freakin love this planner. the planners come with a 10% discount code and my mom already has a different planner she likes so if any of you seriously want to try it out pls lmk and i can DM you the code!","Cleaning, Organizing, Decluttering","1717191411","2024-05-31T21:36:51+00:00","58","58","0.98","39","d1ea3904895b6ce0","","reddit-adhdwomen-seriously_the_only_planner_that_helps_me:comment:l6kpjis","comment","l6kpjis","t1_l6kpjis","https://www.reddit.com/r/adhdwomen/comments/1d56whx/seriously_the_only_planner_that_helps_me/l6kpjis/","/r/adhdwomen/comments/1d56whx/seriously_the_only_planner_that_helps_me/l6kpjis/","t3_1d56whx","post","","l6kpjis","0","true","l6kpjis","418521e89585387f","","","false","false","","4","4","0","0","0","1717212516","2024-06-01T03:28:36+00:00","false","False","","false","false","true","false","This looks really close to some simple bullet journals I've seen.","This looks really close to some simple bullet journals I've seen.","65","11","","","","false","false","bullet journal | journal","","simple","mentions_feature_or_solution | mentions_planner_or_system","12","[THREAD_TITLE]
seriously the only planner that helps me

[THREAD_BODY]
i found this planner last september at the start of my freshman year of college and holy crap is it amazing!!! it has a monthly spread, weekly spread and the days within it have a TWENTY. FOUR. HOUR. spread!!!! all the planners i’ve used have been like 8am-6pm but like i have a life and things to do outside of it!! there’s room for color coding and blank pages in back and room for checklists it is seriously amazing. i wasn’t consistent with it every day but i stuck with it way more than other planners. it starts in june so im moving onto my second one 🥲 this seriously is not sponsored i just really freakin love this planner. the planners come with a 10% discount code and my mom already has a different planner she likes so if any of you seriously want to try it out pls lmk and i can DM you the code!

[CURRENT_RECORD]
This looks really close to some simple bullet journals I've seen."
"C:\Projects\Web\planner-tdah\research\reddit_data\reddit-adhdwomen-seriously_the_only_planner_that_helps_me.json","reddit-adhdwomen-seriously_the_only_planner_that_helps_me","1d56whx","t3_1d56whx","https://www.reddit.com/gallery/1d56whx","adhdwomen","r/adhdwomen","seriously the only planner that helps me","i found this planner last september at the start of my freshman year of college and holy crap is it amazing!!! it has a monthly spread, weekly spread and the days within it have a TWENTY. FOUR. HOUR. spread!!!! all the planners i’ve used have been like 8am-6pm but like i have a life and things to do outside of it!! there’s room for color coding and blank pages in back and room for checklists it is seriously amazing. i wasn’t consistent with it every day but i stuck with it way more than other planners. it starts in june so im moving onto my second one 🥲 this seriously is not sponsored i just really freakin love this planner. the planners come with a 10% discount code and my mom already has a different planner she likes so if any of you seriously want to try it out pls lmk and i can DM you the code!","Cleaning, Organizing, Decluttering","1717191411","2024-05-31T21:36:51+00:00","58","58","0.98","39","d1ea3904895b6ce0","","reddit-adhdwomen-seriously_the_only_planner_that_helps_me:comment:l6kq4t7","comment","l6kq4t7","t1_l6kq4t7","https://www.reddit.com/r/adhdwomen/comments/1d56whx/seriously_the_only_planner_that_helps_me/l6kq4t7/","/r/adhdwomen/comments/1d56whx/seriously_the_only_planner_that_helps_me/l6kq4t7/","t3_1d56whx","post","","l6kq4t7","0","true","l6kq4t7","32346883c0d79038","","","false","false","","5","5","0","0","2","1717212818","2024-06-01T03:33:38+00:00","false","False","","false","false","true","false","I totally glossed over the full day hourly pages until I read your comment but despite my current neglected one this might be the new planner for me. I work nightshift and am doing things at all hours of the day depending on my days off, and it would be so nice to actually have the whole day mapped without actually having to do it myself. Also your color coding and handwriting is so nice!","I totally glossed over the full day hourly pages until I read your comment but despite my current neglected one this might be the new planner for me. I work nightshift and am doing things at all hours of the day depending on my days off, and it would be so nice to actually have…","391","75","","","","false","false","planner | plan | app | to do","","color","mentions_feature_or_solution | mentions_planner_or_system","38","[THREAD_TITLE]
seriously the only planner that helps me

[THREAD_BODY]
i found this planner last september at the start of my freshman year of college and holy crap is it amazing!!! it has a monthly spread, weekly spread and the days within it have a TWENTY. FOUR. HOUR. spread!!!! all the planners i’ve used have been like 8am-6pm but like i have a life and things to do outside of it!! there’s room for color coding and blank pages in back and room for checklists it is seriously amazing. i wasn’t consistent with it every day but i stuck with it way more than other planners. it starts in june so im moving onto my second one 🥲 this seriously is not sponsored i just really freakin love this planner. the planners come with a 10% discount code and my mom already has a different planner she likes so if any of you seriously want to try it out pls lmk and i can DM you the code!

[CURRENT_RECORD]
I totally glossed over the full day hourly pages until I read your comment but despite my current neglected one this might be the new planner for me. I work nightshift and am doing things at all hours of the day depending on my days off, and it would be so nice to actually have the whole day mapped without actually having to do it myself. Also your color coding and handwriting is so nice!"
"C:\Projects\Web\planner-tdah\research\reddit_data\reddit-adhdwomen-seriously_the_only_planner_that_helps_me.json","reddit-adhdwomen-seriously_the_only_planner_that_helps_me","1d56whx","t3_1d56whx","https://www.reddit.com/gallery/1d56whx","adhdwomen","r/adhdwomen","seriously the only planner that helps me","i found this planner last september at the start of my freshman year of college and holy crap is it amazing!!! it has a monthly spread, weekly spread and the days within it have a TWENTY. FOUR. HOUR. spread!!!! all the planners i’ve used have been like 8am-6pm but like i have a life and things to do outside of it!! there’s room for color coding and blank pages in back and room for checklists it is seriously amazing. i wasn’t consistent with it every day but i stuck with it way more than other planners. it starts in june so im moving onto my second one 🥲 this seriously is not sponsored i just really freakin love this planner. the planners come with a 10% discount code and my mom already has a different planner she likes so if any of you seriously want to try it out pls lmk and i can DM you the code!","Cleaning, Organizing, Decluttering","1717191411","2024-05-31T21:36:51+00:00","58","58","0.98","39","d1ea3904895b6ce0","","reddit-adhdwomen-seriously_the_only_planner_that_helps_me:comment:l6mo2gy","comment","l6mo2gy","t1_l6mo2gy","https://www.reddit.com/r/adhdwomen/comments/1d56whx/seriously_the_only_planner_that_helps_me/l6mo2gy/","/r/adhdwomen/comments/1d56whx/seriously_the_only_planner_that_helps_me/l6mo2gy/","t1_l6kq4t7","comment","l6kq4t7","l6kq4t7","1","false","l6kq4t7 > l6mo2gy","d1ea3904895b6ce0","","","true","false","","1","1","0","0","0","1717252112","2024-06-01T14:28:32+00:00","false","False","","false","false","true","false","thank you! i made myself write all caps so it would look nicer but i’ve decided to write different in my new one lol","thank you! i made myself write all caps so it would look nicer but i’ve decided to write different in my new one lol","116","24","I totally glossed over the full day hourly pages until I read your comment but despite my current neglected one this might be the new planner for me. I work nightshift and am doing things at all hours of the day depending on my days off, and it would be so nice to actually have the whole day mapped without actually having to do it myself. Also your color coding and handwriting is so nice!","I totally glossed over the full day hourly pages until I read your comment but despite my current neglected one this might be the new planner for me. I work nightshift and am doing things at all hours of the day depending on my days off, and it would be so nice to actually have the whole day mapped without actually having to do it myself. Also your color coding and handwriting is so nice!","","false","false","","","","novelty_or_format_change_signal","10","[THREAD_TITLE]
seriously the only planner that helps me

[THREAD_BODY]
i found this planner last september at the start of my freshman year of college and holy crap is it amazing!!! it has a monthly spread, weekly spread and the days within it have a TWENTY. FOUR. HOUR. spread!!!! all the planners i’ve used have been like 8am-6pm but like i have a life and things to do outside of it!! there’s room for color coding and blank pages in back and room for checklists it is seriously amazing. i wasn’t consistent with it every day but i stuck with it way more than other planners. it starts in june so im moving onto my second one 🥲 this seriously is not sponsored i just really freakin love this planner. the planners come with a 10% discount code and my mom already has a different planner she likes so if any of you seriously want to try it out pls lmk and i can DM you the code!

[PARENT_COMMENT_CONTEXT]
I totally glossed over the full day hourly pages until I read your comment but despite my current neglected one this might be the new planner for me. I work nightshift and am doing things at all hours of the day depending on my days off, and it would be so nice to actually have the whole day mapped without actually having to do it myself. Also your color coding and handwriting is so nice!

[CURRENT_RECORD]
thank you! i made myself write all caps so it would look nicer but i’ve decided to write different in my new one lol"
"C:\Projects\Web\planner-tdah\research\reddit_data\reddit-adhdwomen-seriously_the_only_planner_that_helps_me.json","reddit-adhdwomen-seriously_the_only_planner_that_helps_me","1d56whx","t3_1d56whx","https://www.reddit.com/gallery/1d56whx","adhdwomen","r/adhdwomen","seriously the only planner that helps me","i found this planner last september at the start of my freshman year of college and holy crap is it amazing!!! it has a monthly spread, weekly spread and the days within it have a TWENTY. FOUR. HOUR. spread!!!! all the planners i’ve used have been like 8am-6pm but like i have a life and things to do outside of it!! there’s room for color coding and blank pages in back and room for checklists it is seriously amazing. i wasn’t consistent with it every day but i stuck with it way more than other planners. it starts in june so im moving onto my second one 🥲 this seriously is not sponsored i just really freakin love this planner. the planners come with a 10% discount code and my mom already has a different planner she likes so if any of you seriously want to try it out pls lmk and i can DM you the code!","Cleaning, Organizing, Decluttering","1717191411","2024-05-31T21:36:51+00:00","58","58","0.98","39","d1ea3904895b6ce0","","reddit-adhdwomen-seriously_the_only_planner_that_helps_me:comment:l6mo74u","comment","l6mo74u","t1_l6mo74u","https://www.reddit.com/r/adhdwomen/comments/1d56whx/seriously_the_only_planner_that_helps_me/l6mo74u/","/r/adhdwomen/comments/1d56whx/seriously_the_only_planner_that_helps_me/l6mo74u/","t1_l6kq4t7","comment","l6kq4t7","l6kq4t7","1","false","l6kq4t7 > l6mo74u","d1ea3904895b6ce0","","","true","false","","1","1","0","0","0","1717252167","2024-06-01T14:29:27+00:00","false","False","","false","false","true","false","if you would like the 10% off code lmk!! and yes that’s why i love it!! i would have cheer practice till 11 pm so i needed to be able to actually put that in so i totally get it","if you would like the 10% off code lmk!! and yes that’s why i love it!! i would have cheer practice till 11 pm so i needed to be able to actually put that in so i totally get it","177","40","I totally glossed over the full day hourly pages until I read your comment but despite my current neglected one this might be the new planner for me. I work nightshift and am doing things at all hours of the day depending on my days off, and it would be so nice to actually have the whole day mapped without actually having to do it myself. Also your color coding and handwriting is so nice!","I totally glossed over the full day hourly pages until I read your comment but despite my current neglected one this might be the new planner for me. I work nightshift and am doing things at all hours of the day depending on my days off, and it would be so nice to actually have the whole day mapped without actually having to do it myself. Also your color coding and handwriting is so nice!","","false","true","","","","mentions_working_solution_or_recommendation","18","[THREAD_TITLE]
seriously the only planner that helps me

[THREAD_BODY]
i found this planner last september at the start of my freshman year of college and holy crap is it amazing!!! it has a monthly spread, weekly spread and the days within it have a TWENTY. FOUR. HOUR. spread!!!! all the planners i’ve used have been like 8am-6pm but like i have a life and things to do outside of it!! there’s room for color coding and blank pages in back and room for checklists it is seriously amazing. i wasn’t consistent with it every day but i stuck with it way more than other planners. it starts in june so im moving onto my second one 🥲 this seriously is not sponsored i just really freakin love this planner. the planners come with a 10% discount code and my mom already has a different planner she likes so if any of you seriously want to try it out pls lmk and i can DM you the code!

[PARENT_COMMENT_CONTEXT]
I totally glossed over the full day hourly pages until I read your comment but despite my current neglected one this might be the new planner for me. I work nightshift and am doing things at all hours of the day depending on my days off, and it would be so nice to actually have the whole day mapped without actually having to do it myself. Also your color coding and handwriting is so nice!

[CURRENT_RECORD]
if you would like the 10% off code lmk!! and yes that’s why i love it!! i would have cheer practice till 11 pm so i needed to be able to actually put that in so i totally get it"
"C:\Projects\Web\planner-tdah\research\reddit_data\reddit-adhdwomen-seriously_the_only_planner_that_helps_me.json","reddit-adhdwomen-seriously_the_only_planner_that_helps_me","1d56whx","t3_1d56whx","https://www.reddit.com/gallery/1d56whx","adhdwomen","r/adhdwomen","seriously the only planner that helps me","i found this planner last september at the start of my freshman year of college and holy crap is it amazing!!! it has a monthly spread, weekly spread and the days within it have a TWENTY. FOUR. HOUR. spread!!!! all the planners i’ve used have been like 8am-6pm but like i have a life and things to do outside of it!! there’s room for color coding and blank pages in back and room for checklists it is seriously amazing. i wasn’t consistent with it every day but i stuck with it way more than other planners. it starts in june so im moving onto my second one 🥲 this seriously is not sponsored i just really freakin love this planner. the planners come with a 10% discount code and my mom already has a different planner she likes so if any of you seriously want to try it out pls lmk and i can DM you the code!","Cleaning, Organizing, Decluttering","1717191411","2024-05-31T21:36:51+00:00","58","58","0.98","39","d1ea3904895b6ce0","","reddit-adhdwomen-seriously_the_only_planner_that_helps_me:comment:l6jwci4","comment","l6jwci4","t1_l6jwci4","https://www.reddit.com/r/adhdwomen/comments/1d56whx/seriously_the_only_planner_that_helps_me/l6jwci4/","/r/adhdwomen/comments/1d56whx/seriously_the_only_planner_that_helps_me/l6jwci4/","t3_1d56whx","post","","l6jwci4","0","true","l6jwci4","","","","false","false","","3","3","0","0","1","1717199377","2024-05-31T23:49:37+00:00","false","False","","false","false","true","false","link pls","link pls","8","2","","","","false","false","","","","","3","[THREAD_TITLE]
seriously the only planner that helps me

[THREAD_BODY]
i found this planner last september at the start of my freshman year of college and holy crap is it amazing!!! it has a monthly spread, weekly spread and the days within it have a TWENTY. FOUR. HOUR. spread!!!! all the planners i’ve used have been like 8am-6pm but like i have a life and things to do outside of it!! there’s room for color coding and blank pages in back and room for checklists it is seriously amazing. i wasn’t consistent with it every day but i stuck with it way more than other planners. it starts in june so im moving onto my second one 🥲 this seriously is not sponsored i just really freakin love this planner. the planners come with a 10% discount code and my mom already has a different planner she likes so if any of you seriously want to try it out pls lmk and i can DM you the code!

[CURRENT_RECORD]
link pls"
"C:\Projects\Web\planner-tdah\research\reddit_data\reddit-adhdwomen-seriously_the_only_planner_that_helps_me.json","reddit-adhdwomen-seriously_the_only_planner_that_helps_me","1d56whx","t3_1d56whx","https://www.reddit.com/gallery/1d56whx","adhdwomen","r/adhdwomen","seriously the only planner that helps me","i found this planner last september at the start of my freshman year of college and holy crap is it amazing!!! it has a monthly spread, weekly spread and the days within it have a TWENTY. FOUR. HOUR. spread!!!! all the planners i’ve used have been like 8am-6pm but like i have a life and things to do outside of it!! there’s room for color coding and blank pages in back and room for checklists it is seriously amazing. i wasn’t consistent with it every day but i stuck with it way more than other planners. it starts in june so im moving onto my second one 🥲 this seriously is not sponsored i just really freakin love this planner. the planners come with a 10% discount code and my mom already has a different planner she likes so if any of you seriously want to try it out pls lmk and i can DM you the code!","Cleaning, Organizing, Decluttering","1717191411","2024-05-31T21:36:51+00:00","58","58","0.98","39","d1ea3904895b6ce0","","reddit-adhdwomen-seriously_the_only_planner_that_helps_me:comment:l6kgo9x","comment","l6kgo9x","t1_l6kgo9x","https://www.reddit.com/r/adhdwomen/comments/1d56whx/seriously_the_only_planner_that_helps_me/l6kgo9x/","/r/adhdwomen/comments/1d56whx/seriously_the_only_planner_that_helps_me/l6kgo9x/","t1_l6jwci4","comment","l6jwci4","l6jwci4","1","false","l6jwci4 > l6kgo9x","96f86f606dbfc763","","","false","false","","3","3","0","0","1","1717208265","2024-06-01T02:17:45+00:00","false","False","","false","false","true","false","https://www.amazon.com/Hourly-Academic-Planner-2024-2025-Appointment/dp/B0CJYCL9QV?ref=aststodp&th=1&psc=1","https://www.amazon.com/Hourly-Academic-Planner-2024-2025-Appointment/dp/B0CJYCL9QV?ref=aststodp&th=1&psc=1","106","1","link pls","link pls","https://www.amazon.com/Hourly-Academic-Planner-2024-2025-Appointment/dp/B0CJYCL9QV?ref=aststodp&th=1&psc=1","true","false","planner | plan | app","","","contains_question | mentions_planner_or_system","15","[THREAD_TITLE]
seriously the only planner that helps me

[THREAD_BODY]
i found this planner last september at the start of my freshman year of college and holy crap is it amazing!!! it has a monthly spread, weekly spread and the days within it have a TWENTY. FOUR. HOUR. spread!!!! all the planners i’ve used have been like 8am-6pm but like i have a life and things to do outside of it!! there’s room for color coding and blank pages in back and room for checklists it is seriously amazing. i wasn’t consistent with it every day but i stuck with it way more than other planners. it starts in june so im moving onto my second one 🥲 this seriously is not sponsored i just really freakin love this planner. the planners come with a 10% discount code and my mom already has a different planner she likes so if any of you seriously want to try it out pls lmk and i can DM you the code!

[PARENT_COMMENT_CONTEXT]
link pls

[CURRENT_RECORD]
https://www.amazon.com/Hourly-Academic-Planner-2024-2025-Appointment/dp/B0CJYCL9QV?ref=aststodp&th=1&psc=1"
"C:\Projects\Web\planner-tdah\research\reddit_data\reddit-adhdwomen-seriously_the_only_planner_that_helps_me.json","reddit-adhdwomen-seriously_the_only_planner_that_helps_me","1d56whx","t3_1d56whx","https://www.reddit.com/gallery/1d56whx","adhdwomen","r/adhdwomen","seriously the only planner that helps me","i found this planner last september at the start of my freshman year of college and holy crap is it amazing!!! it has a monthly spread, weekly spread and the days within it have a TWENTY. FOUR. HOUR. spread!!!! all the planners i’ve used have been like 8am-6pm but like i have a life and things to do outside of it!! there’s room for color coding and blank pages in back and room for checklists it is seriously amazing. i wasn’t consistent with it every day but i stuck with it way more than other planners. it starts in june so im moving onto my second one 🥲 this seriously is not sponsored i just really freakin love this planner. the planners come with a 10% discount code and my mom already has a different planner she likes so if any of you seriously want to try it out pls lmk and i can DM you the code!","Cleaning, Organizing, Decluttering","1717191411","2024-05-31T21:36:51+00:00","58","58","0.98","39","d1ea3904895b6ce0","","reddit-adhdwomen-seriously_the_only_planner_that_helps_me:comment:l6mzw1g","comment","l6mzw1g","t1_l6mzw1g","https://www.reddit.com/r/adhdwomen/comments/1d56whx/seriously_the_only_planner_that_helps_me/l6mzw1g/","/r/adhdwomen/comments/1d56whx/seriously_the_only_planner_that_helps_me/l6mzw1g/","t3_1d56whx","post","","l6mzw1g","0","true","l6mzw1g","","","","false","false","","3","3","0","0","1","1717256644","2024-06-01T15:44:04+00:00","false","False","","false","false","true","false","I just purchased this. My first order of business when it arrives is to mark my wake-up times and breakfast and lunch.","I just purchased this. My first order of business when it arrives is to mark my wake-up times and breakfast and lunch.","118","22","","","","false","false","","time","","mentions_pain_or_friction","18","[THREAD_TITLE]
seriously the only planner that helps me

[THREAD_BODY]
i found this planner last september at the start of my freshman year of college and holy crap is it amazing!!! it has a monthly spread, weekly spread and the days within it have a TWENTY. FOUR. HOUR. spread!!!! all the planners i’ve used have been like 8am-6pm but like i have a life and things to do outside of it!! there’s room for color coding and blank pages in back and room for checklists it is seriously amazing. i wasn’t consistent with it every day but i stuck with it way more than other planners. it starts in june so im moving onto my second one 🥲 this seriously is not sponsored i just really freakin love this planner. the planners come with a 10% discount code and my mom already has a different planner she likes so if any of you seriously want to try it out pls lmk and i can DM you the code!

[CURRENT_RECORD]
I just purchased this. My first order of business when it arrives is to mark my wake-up times and breakfast and lunch."
"C:\Projects\Web\planner-tdah\research\reddit_data\reddit-adhdwomen-seriously_the_only_planner_that_helps_me.json","reddit-adhdwomen-seriously_the_only_planner_that_helps_me","1d56whx","t3_1d56whx","https://www.reddit.com/gallery/1d56whx","adhdwomen","r/adhdwomen","seriously the only planner that helps me","i found this planner last september at the start of my freshman year of college and holy crap is it amazing!!! it has a monthly spread, weekly spread and the days within it have a TWENTY. FOUR. HOUR. spread!!!! all the planners i’ve used have been like 8am-6pm but like i have a life and things to do outside of it!! there’s room for color coding and blank pages in back and room for checklists it is seriously amazing. i wasn’t consistent with it every day but i stuck with it way more than other planners. it starts in june so im moving onto my second one 🥲 this seriously is not sponsored i just really freakin love this planner. the planners come with a 10% discount code and my mom already has a different planner she likes so if any of you seriously want to try it out pls lmk and i can DM you the code!","Cleaning, Organizing, Decluttering","1717191411","2024-05-31T21:36:51+00:00","58","58","0.98","39","d1ea3904895b6ce0","","reddit-adhdwomen-seriously_the_only_planner_that_helps_me:comment:l6o03f2","comment","l6o03f2","t1_l6o03f2","https://www.reddit.com/r/adhdwomen/comments/1d56whx/seriously_the_only_planner_that_helps_me/l6o03f2/","/r/adhdwomen/comments/1d56whx/seriously_the_only_planner_that_helps_me/l6o03f2/","t1_l6mzw1g","comment","l6mzw1g","l6mzw1g","1","false","l6mzw1g > l6o03f2","d1ea3904895b6ce0","","","true","false","","2","2","0","0","1","1717269880","2024-06-01T19:24:40+00:00","false","False","","false","false","true","false","i do it too!! i cross off when im sleeping as well🤣","i do it too!! i cross off when im sleeping as well🤣","51","12","I just purchased this. My first order of business when it arrives is to mark my wake-up times and breakfast and lunch.","I just purchased this. My first order of business when it arrives is to mark my wake-up times and breakfast and lunch.","","false","false","","","","","3","[THREAD_TITLE]
seriously the only planner that helps me

[THREAD_BODY]
i found this planner last september at the start of my freshman year of college and holy crap is it amazing!!! it has a monthly spread, weekly spread and the days within it have a TWENTY. FOUR. HOUR. spread!!!! all the planners i’ve used have been like 8am-6pm but like i have a life and things to do outside of it!! there’s room for color coding and blank pages in back and room for checklists it is seriously amazing. i wasn’t consistent with it every day but i stuck with it way more than other planners. it starts in june so im moving onto my second one 🥲 this seriously is not sponsored i just really freakin love this planner. the planners come with a 10% discount code and my mom already has a different planner she likes so if any of you seriously want to try it out pls lmk and i can DM you the code!

[PARENT_COMMENT_CONTEXT]
I just purchased this. My first order of business when it arrives is to mark my wake-up times and breakfast and lunch.

[CURRENT_RECORD]
i do it too!! i cross off when im sleeping as well🤣"
"C:\Projects\Web\planner-tdah\research\reddit_data\reddit-adhdwomen-seriously_the_only_planner_that_helps_me.json","reddit-adhdwomen-seriously_the_only_planner_that_helps_me","1d56whx","t3_1d56whx","https://www.reddit.com/gallery/1d56whx","adhdwomen","r/adhdwomen","seriously the only planner that helps me","i found this planner last september at the start of my freshman year of college and holy crap is it amazing!!! it has a monthly spread, weekly spread and the days within it have a TWENTY. FOUR. HOUR. spread!!!! all the planners i’ve used have been like 8am-6pm but like i have a life and things to do outside of it!! there’s room for color coding and blank pages in back and room for checklists it is seriously amazing. i wasn’t consistent with it every day but i stuck with it way more than other planners. it starts in june so im moving onto my second one 🥲 this seriously is not sponsored i just really freakin love this planner. the planners come with a 10% discount code and my mom already has a different planner she likes so if any of you seriously want to try it out pls lmk and i can DM you the code!","Cleaning, Organizing, Decluttering","1717191411","2024-05-31T21:36:51+00:00","58","58","0.98","39","d1ea3904895b6ce0","","reddit-adhdwomen-seriously_the_only_planner_that_helps_me:comment:l6ykh12","comment","l6ykh12","t1_l6ykh12","https://www.reddit.com/r/adhdwomen/comments/1d56whx/seriously_the_only_planner_that_helps_me/l6ykh12/","/r/adhdwomen/comments/1d56whx/seriously_the_only_planner_that_helps_me/l6ykh12/","t1_l6o03f2","comment","l6o03f2","l6mzw1g","2","false","l6mzw1g > l6o03f2 > l6ykh12","","","","false","false","","2","2","0","0","1","1717444458","2024-06-03T19:54:18+00:00","false","False","","false","false","true","false","Thank you again for sharing this! I'm sure my use of the planner won't be perfect, but having the day broken up into 24 hour increments is so incredibly helpful! I also like that there isn't a bunch or extra stuff in the book like reflection questions or mood tracking. That has always felt so overwhelming to me. I actually took my lunch break today. Anyway, thank you again!!!","Thank you again for sharing this! I'm sure my use of the planner won't be perfect, but having the day broken up into 24 hour increments is so incredibly helpful! I also like that there isn't a bunch or extra stuff in the book like reflection questions or mood tracking. That has…","378","69","i do it too!! i cross off when im sleeping as well🤣","I just purchased this. My first order of business when it arrives is to mark my wake-up times and breakfast and lunch.","","false","false","planner | plan","overwhelm","","mentions_pain_or_friction | mentions_planner_or_system","26","[THREAD_TITLE]
seriously the only planner that helps me

[THREAD_BODY]
i found this planner last september at the start of my freshman year of college and holy crap is it amazing!!! it has a monthly spread, weekly spread and the days within it have a TWENTY. FOUR. HOUR. spread!!!! all the planners i’ve used have been like 8am-6pm but like i have a life and things to do outside of it!! there’s room for color coding and blank pages in back and room for checklists it is seriously amazing. i wasn’t consistent with it every day but i stuck with it way more than other planners. it starts in june so im moving onto my second one 🥲 this seriously is not sponsored i just really freakin love this planner. the planners come with a 10% discount code and my mom already has a different planner she likes so if any of you seriously want to try it out pls lmk and i can DM you the code!

[ROOT_COMMENT_CONTEXT]
I just purchased this. My first order of business when it arrives is to mark my wake-up times and breakfast and lunch.

[PARENT_COMMENT_CONTEXT]
i do it too!! i cross off when im sleeping as well🤣

[CURRENT_RECORD]
Thank you again for sharing this! I'm sure my use of the planner won't be perfect, but having the day broken up into 24 hour increments is so incredibly helpful! I also like that there isn't a bunch or extra stuff in the book like reflection questions or mood tracking. That has always felt so overwhelming to me. I actually took my lunch break today. Anyway, thank you again!!!"
"C:\Projects\Web\planner-tdah\research\reddit_data\reddit-adhdwomen-seriously_the_only_planner_that_helps_me.json","reddit-adhdwomen-seriously_the_only_planner_that_helps_me","1d56whx","t3_1d56whx","https://www.reddit.com/gallery/1d56whx","adhdwomen","r/adhdwomen","seriously the only planner that helps me","i found this planner last september at the start of my freshman year of college and holy crap is it amazing!!! it has a monthly spread, weekly spread and the days within it have a TWENTY. FOUR. HOUR. spread!!!! all the planners i’ve used have been like 8am-6pm but like i have a life and things to do outside of it!! there’s room for color coding and blank pages in back and room for checklists it is seriously amazing. i wasn’t consistent with it every day but i stuck with it way more than other planners. it starts in june so im moving onto my second one 🥲 this seriously is not sponsored i just really freakin love this planner. the planners come with a 10% discount code and my mom already has a different planner she likes so if any of you seriously want to try it out pls lmk and i can DM you the code!","Cleaning, Organizing, Decluttering","1717191411","2024-05-31T21:36:51+00:00","58","58","0.98","39","d1ea3904895b6ce0","","reddit-adhdwomen-seriously_the_only_planner_that_helps_me:comment:l70101j","comment","l70101j","t1_l70101j","https://www.reddit.com/r/adhdwomen/comments/1d56whx/seriously_the_only_planner_that_helps_me/l70101j/","/r/adhdwomen/comments/1d56whx/seriously_the_only_planner_that_helps_me/l70101j/","t1_l6ykh12","comment","l6ykh12","l6mzw1g","3","false","l6mzw1g > l6o03f2 > l6ykh12 > l70101j","d1ea3904895b6ce0","","","true","false","","2","2","0","0","0","1717464097","2024-06-04T01:21:37+00:00","false","False","","false","false","true","false","of course!! the planner saved me in my first year of college so i just had to share. i also love that there’s no extra questions and it’s just simple!!","of course!! the planner saved me in my first year of college so i just had to share. i also love that there’s no extra questions and it’s just simple!!","151","30","Thank you again for sharing this! I'm sure my use of the planner won't be perfect, but having the day broken up into 24 hour increments is so incredibly helpful! I also like that there isn't a bunch or extra stuff in the book like reflection questions or mood tracking. That has always felt so overwhelming to me. I actually took my lunch break today. Anyway, thank you again!!!","I just purchased this. My first order of business when it arrives is to mark my wake-up times and breakfast and lunch.","","false","true","planner | plan","","simple","mentions_feature_or_solution | mentions_planner_or_system | mentions_working_solution_or_recommendation","30","[THREAD_TITLE]
seriously the only planner that helps me

[THREAD_BODY]
i found this planner last september at the start of my freshman year of college and holy crap is it amazing!!! it has a monthly spread, weekly spread and the days within it have a TWENTY. FOUR. HOUR. spread!!!! all the planners i’ve used have been like 8am-6pm but like i have a life and things to do outside of it!! there’s room for color coding and blank pages in back and room for checklists it is seriously amazing. i wasn’t consistent with it every day but i stuck with it way more than other planners. it starts in june so im moving onto my second one 🥲 this seriously is not sponsored i just really freakin love this planner. the planners come with a 10% discount code and my mom already has a different planner she likes so if any of you seriously want to try it out pls lmk and i can DM you the code!

[ROOT_COMMENT_CONTEXT]
I just purchased this. My first order of business when it arrives is to mark my wake-up times and breakfast and lunch.

[PARENT_COMMENT_CONTEXT]
Thank you again for sharing this! I'm sure my use of the planner won't be perfect, but having the day broken up into 24 hour increments is so incredibly helpful! I also like that there isn't a bunch or extra stuff in the book like reflection questions or mood tracking. That has always felt so overwhelming to me. I actually took my lunch break today. Anyway, thank you again!!!

[CURRENT_RECORD]
of course!! the planner saved me in my first year of college so i just had to share. i also love that there’s no extra questions and it’s just simple!!"
"C:\Projects\Web\planner-tdah\research\reddit_data\reddit-adhdwomen-seriously_the_only_planner_that_helps_me.json","reddit-adhdwomen-seriously_the_only_planner_that_helps_me","1d56whx","t3_1d56whx","https://www.reddit.com/gallery/1d56whx","adhdwomen","r/adhdwomen","seriously the only planner that helps me","i found this planner last september at the start of my freshman year of college and holy crap is it amazing!!! it has a monthly spread, weekly spread and the days within it have a TWENTY. FOUR. HOUR. spread!!!! all the planners i’ve used have been like 8am-6pm but like i have a life and things to do outside of it!! there’s room for color coding and blank pages in back and room for checklists it is seriously amazing. i wasn’t consistent with it every day but i stuck with it way more than other planners. it starts in june so im moving onto my second one 🥲 this seriously is not sponsored i just really freakin love this planner. the planners come with a 10% discount code and my mom already has a different planner she likes so if any of you seriously want to try it out pls lmk and i can DM you the code!","Cleaning, Organizing, Decluttering","1717191411","2024-05-31T21:36:51+00:00","58","58","0.98","39","d1ea3904895b6ce0","","reddit-adhdwomen-seriously_the_only_planner_that_helps_me:comment:l6ryr5n","comment","l6ryr5n","t1_l6ryr5n","https://www.reddit.com/r/adhdwomen/comments/1d56whx/seriously_the_only_planner_that_helps_me/l6ryr5n/","/r/adhdwomen/comments/1d56whx/seriously_the_only_planner_that_helps_me/l6ryr5n/","t3_1d56whx","post","","l6ryr5n","0","true","l6ryr5n","","","","false","false","","1","1","0","0","0","1717341511","2024-06-02T15:18:31+00:00","false","False","","false","false","true","false","I have gone completely digital but use a similar color coded structure and also prioritize coded tasks with reminders - it has been a game changer I have learned the hard way that creative planner/Journaling is not for me. My handwriting absolutely suck,","I have gone completely digital but use a similar color coded structure and also prioritize coded tasks with reminders - it has been a game changer I have learned the hard way that creative planner/Journaling is not for me. My handwriting absolutely suck,","254","43","","","","false","false","planner | plan | journal","tasks","reminder | reminders | color | color code | change","mentions_feature_or_solution | mentions_pain_or_friction | mentions_planner_or_system","47","[THREAD_TITLE]
seriously the only planner that helps me

[THREAD_BODY]
i found this planner last september at the start of my freshman year of college and holy crap is it amazing!!! it has a monthly spread, weekly spread and the days within it have a TWENTY. FOUR. HOUR. spread!!!! all the planners i’ve used have been like 8am-6pm but like i have a life and things to do outside of it!! there’s room for color coding and blank pages in back and room for checklists it is seriously amazing. i wasn’t consistent with it every day but i stuck with it way more than other planners. it starts in june so im moving onto my second one 🥲 this seriously is not sponsored i just really freakin love this planner. the planners come with a 10% discount code and my mom already has a different planner she likes so if any of you seriously want to try it out pls lmk and i can DM you the code!

[CURRENT_RECORD]
I have gone completely digital but use a similar color coded structure and also prioritize coded tasks with reminders - it has been a game changer I have learned the hard way that creative planner/Journaling is not for me. My handwriting absolutely suck,"
"C:\Projects\Web\planner-tdah\research\reddit_data\reddit-adhdwomen-seriously_the_only_planner_that_helps_me.json","reddit-adhdwomen-seriously_the_only_planner_that_helps_me","1d56whx","t3_1d56whx","https://www.reddit.com/gallery/1d56whx","adhdwomen","r/adhdwomen","seriously the only planner that helps me","i found this planner last september at the start of my freshman year of college and holy crap is it amazing!!! it has a monthly spread, weekly spread and the days within it have a TWENTY. FOUR. HOUR. spread!!!! all the planners i’ve used have been like 8am-6pm but like i have a life and things to do outside of it!! there’s room for color coding and blank pages in back and room for checklists it is seriously amazing. i wasn’t consistent with it every day but i stuck with it way more than other planners. it starts in june so im moving onto my second one 🥲 this seriously is not sponsored i just really freakin love this planner. the planners come with a 10% discount code and my mom already has a different planner she likes so if any of you seriously want to try it out pls lmk and i can DM you the code!","Cleaning, Organizing, Decluttering","1717191411","2024-05-31T21:36:51+00:00","58","58","0.98","39","d1ea3904895b6ce0","","reddit-adhdwomen-seriously_the_only_planner_that_helps_me:comment:ls90m1z","comment","ls90m1z","t1_ls90m1z","https://www.reddit.com/r/adhdwomen/comments/1d56whx/seriously_the_only_planner_that_helps_me/ls90m1z/","/r/adhdwomen/comments/1d56whx/seriously_the_only_planner_that_helps_me/ls90m1z/","t3_1d56whx","post","","ls90m1z","0","true","ls90m1z","86bb95768cfd16d5","","","false","false","","1","1","0","0","1","1729107246","2024-10-16T19:34:06+00:00","false","False","","false","false","true","false","what size is this?","what size is this?","18","4","","","","true","false","","","","contains_question","3","[THREAD_TITLE]
seriously the only planner that helps me

[THREAD_BODY]
i found this planner last september at the start of my freshman year of college and holy crap is it amazing!!! it has a monthly spread, weekly spread and the days within it have a TWENTY. FOUR. HOUR. spread!!!! all the planners i’ve used have been like 8am-6pm but like i have a life and things to do outside of it!! there’s room for color coding and blank pages in back and room for checklists it is seriously amazing. i wasn’t consistent with it every day but i stuck with it way more than other planners. it starts in june so im moving onto my second one 🥲 this seriously is not sponsored i just really freakin love this planner. the planners come with a 10% discount code and my mom already has a different planner she likes so if any of you seriously want to try it out pls lmk and i can DM you the code!

[CURRENT_RECORD]
what size is this?"
"C:\Projects\Web\planner-tdah\research\reddit_data\reddit-adhdwomen-seriously_the_only_planner_that_helps_me.json","reddit-adhdwomen-seriously_the_only_planner_that_helps_me","1d56whx","t3_1d56whx","https://www.reddit.com/gallery/1d56whx","adhdwomen","r/adhdwomen","seriously the only planner that helps me","i found this planner last september at the start of my freshman year of college and holy crap is it amazing!!! it has a monthly spread, weekly spread and the days within it have a TWENTY. FOUR. HOUR. spread!!!! all the planners i’ve used have been like 8am-6pm but like i have a life and things to do outside of it!! there’s room for color coding and blank pages in back and room for checklists it is seriously amazing. i wasn’t consistent with it every day but i stuck with it way more than other planners. it starts in june so im moving onto my second one 🥲 this seriously is not sponsored i just really freakin love this planner. the planners come with a 10% discount code and my mom already has a different planner she likes so if any of you seriously want to try it out pls lmk and i can DM you the code!","Cleaning, Organizing, Decluttering","1717191411","2024-05-31T21:36:51+00:00","58","58","0.98","39","d1ea3904895b6ce0","","reddit-adhdwomen-seriously_the_only_planner_that_helps_me:comment:ls920ns","comment","ls920ns","t1_ls920ns","https://www.reddit.com/r/adhdwomen/comments/1d56whx/seriously_the_only_planner_that_helps_me/ls920ns/","/r/adhdwomen/comments/1d56whx/seriously_the_only_planner_that_helps_me/ls920ns/","t1_ls90m1z","comment","ls90m1z","ls90m1z","1","false","ls90m1z > ls920ns","d1ea3904895b6ce0","","","true","false","","2","2","0","0","1","1729107696","2024-10-16T19:41:36+00:00","false","False","","false","false","true","false","the mini","the mini","8","2","what size is this?","what size is this?","","false","false","","","","","3","[THREAD_TITLE]
seriously the only planner that helps me

[THREAD_BODY]
i found this planner last september at the start of my freshman year of college and holy crap is it amazing!!! it has a monthly spread, weekly spread and the days within it have a TWENTY. FOUR. HOUR. spread!!!! all the planners i’ve used have been like 8am-6pm but like i have a life and things to do outside of it!! there’s room for color coding and blank pages in back and room for checklists it is seriously amazing. i wasn’t consistent with it every day but i stuck with it way more than other planners. it starts in june so im moving onto my second one 🥲 this seriously is not sponsored i just really freakin love this planner. the planners come with a 10% discount code and my mom already has a different planner she likes so if any of you seriously want to try it out pls lmk and i can DM you the code!

[PARENT_COMMENT_CONTEXT]
what size is this?

[CURRENT_RECORD]
the mini"
"C:\Projects\Web\planner-tdah\research\reddit_data\reddit-adhdwomen-seriously_the_only_planner_that_helps_me.json","reddit-adhdwomen-seriously_the_only_planner_that_helps_me","1d56whx","t3_1d56whx","https://www.reddit.com/gallery/1d56whx","adhdwomen","r/adhdwomen","seriously the only planner that helps me","i found this planner last september at the start of my freshman year of college and holy crap is it amazing!!! it has a monthly spread, weekly spread and the days within it have a TWENTY. FOUR. HOUR. spread!!!! all the planners i’ve used have been like 8am-6pm but like i have a life and things to do outside of it!! there’s room for color coding and blank pages in back and room for checklists it is seriously amazing. i wasn’t consistent with it every day but i stuck with it way more than other planners. it starts in june so im moving onto my second one 🥲 this seriously is not sponsored i just really freakin love this planner. the planners come with a 10% discount code and my mom already has a different planner she likes so if any of you seriously want to try it out pls lmk and i can DM you the code!","Cleaning, Organizing, Decluttering","1717191411","2024-05-31T21:36:51+00:00","58","58","0.98","39","d1ea3904895b6ce0","","reddit-adhdwomen-seriously_the_only_planner_that_helps_me:comment:ls93fsg","comment","ls93fsg","t1_ls93fsg","https://www.reddit.com/r/adhdwomen/comments/1d56whx/seriously_the_only_planner_that_helps_me/ls93fsg/","/r/adhdwomen/comments/1d56whx/seriously_the_only_planner_that_helps_me/ls93fsg/","t1_ls920ns","comment","ls920ns","ls90m1z","2","false","ls90m1z > ls920ns > ls93fsg","86bb95768cfd16d5","","","false","false","","1","1","0","0","1","1729108145","2024-10-16T19:49:05+00:00","false","False","","false","false","true","false","any tips for color coding? or how to stay consistent? i’m afraid this will land in my planner graveyard lmao but i love the list format! it looks so promising","any tips for color coding? or how to stay consistent? i’m afraid this will land in my planner graveyard lmao but i love the list format! it looks so promising","158","30","the mini","what size is this?","","true","true","planner | plan","","color","contains_question | mentions_feature_or_solution | mentions_planner_or_system | mentions_working_solution_or_recommendation","33","[THREAD_TITLE]
seriously the only planner that helps me

[THREAD_BODY]
i found this planner last september at the start of my freshman year of college and holy crap is it amazing!!! it has a monthly spread, weekly spread and the days within it have a TWENTY. FOUR. HOUR. spread!!!! all the planners i’ve used have been like 8am-6pm but like i have a life and things to do outside of it!! there’s room for color coding and blank pages in back and room for checklists it is seriously amazing. i wasn’t consistent with it every day but i stuck with it way more than other planners. it starts in june so im moving onto my second one 🥲 this seriously is not sponsored i just really freakin love this planner. the planners come with a 10% discount code and my mom already has a different planner she likes so if any of you seriously want to try it out pls lmk and i can DM you the code!

[ROOT_COMMENT_CONTEXT]
what size is this?

[PARENT_COMMENT_CONTEXT]
the mini

[CURRENT_RECORD]
any tips for color coding? or how to stay consistent? i’m afraid this will land in my planner graveyard lmao but i love the list format! it looks so promising"
"C:\Projects\Web\planner-tdah\research\reddit_data\reddit-adhdwomen-seriously_the_only_planner_that_helps_me.json","reddit-adhdwomen-seriously_the_only_planner_that_helps_me","1d56whx","t3_1d56whx","https://www.reddit.com/gallery/1d56whx","adhdwomen","r/adhdwomen","seriously the only planner that helps me","i found this planner last september at the start of my freshman year of college and holy crap is it amazing!!! it has a monthly spread, weekly spread and the days within it have a TWENTY. FOUR. HOUR. spread!!!! all the planners i’ve used have been like 8am-6pm but like i have a life and things to do outside of it!! there’s room for color coding and blank pages in back and room for checklists it is seriously amazing. i wasn’t consistent with it every day but i stuck with it way more than other planners. it starts in june so im moving onto my second one 🥲 this seriously is not sponsored i just really freakin love this planner. the planners come with a 10% discount code and my mom already has a different planner she likes so if any of you seriously want to try it out pls lmk and i can DM you the code!","Cleaning, Organizing, Decluttering","1717191411","2024-05-31T21:36:51+00:00","58","58","0.98","39","d1ea3904895b6ce0","","reddit-adhdwomen-seriously_the_only_planner_that_helps_me:comment:ls93zl4","comment","ls93zl4","t1_ls93zl4","https://www.reddit.com/r/adhdwomen/comments/1d56whx/seriously_the_only_planner_that_helps_me/ls93zl4/","/r/adhdwomen/comments/1d56whx/seriously_the_only_planner_that_helps_me/ls93zl4/","t1_ls93fsg","comment","ls93fsg","ls90m1z","3","false","ls90m1z > ls920ns > ls93fsg > ls93zl4","d1ea3904895b6ce0","","","true","false","","1","1","0","0","0","1729108319","2024-10-16T19:51:59+00:00","false","False","","false","false","true","false","gonna be honest this school year i haven’t been GREAT with it but im getting back on track!! i keep it in with my backpack so its always in sight and i cant just forget. i also use the zebra mildliners and like those a lot, its to the point that i already have to get a new jumbo pack bc ive used them so much😅","gonna be honest this school year i haven’t been GREAT with it but im getting back on track!! i keep it in with my backpack so its always in sight and i cant just forget. i also use the zebra mildliners and like those a lot, its to the point that i already have to get a new jumbo…","310","66","any tips for color coding? or how to stay consistent? i’m afraid this will land in my planner graveyard lmao but i love the list format! it looks so promising","what size is this?","","false","true","","forget","","forgetfulness_or_time_signal | mentions_pain_or_friction | mentions_working_solution_or_recommendation","31","[THREAD_TITLE]
seriously the only planner that helps me

[THREAD_BODY]
i found this planner last september at the start of my freshman year of college and holy crap is it amazing!!! it has a monthly spread, weekly spread and the days within it have a TWENTY. FOUR. HOUR. spread!!!! all the planners i’ve used have been like 8am-6pm but like i have a life and things to do outside of it!! there’s room for color coding and blank pages in back and room for checklists it is seriously amazing. i wasn’t consistent with it every day but i stuck with it way more than other planners. it starts in june so im moving onto my second one 🥲 this seriously is not sponsored i just really freakin love this planner. the planners come with a 10% discount code and my mom already has a different planner she likes so if any of you seriously want to try it out pls lmk and i can DM you the code!

[ROOT_COMMENT_CONTEXT]
what size is this?

[PARENT_COMMENT_CONTEXT]
any tips for color coding? or how to stay consistent? i’m afraid this will land in my planner graveyard lmao but i love the list format! it looks so promising

[CURRENT_RECORD]
gonna be honest this school year i haven’t been GREAT with it but im getting back on track!! i keep it in with my backpack so its always in sight and i cant just forget. i also use the zebra mildliners and like those a lot, its to the point that i already have to get a new jumbo pack bc ive used them so much😅"
"C:\Projects\Web\planner-tdah\research\reddit_data\reddit-adhdwomen-seriously_the_only_planner_that_helps_me.json","reddit-adhdwomen-seriously_the_only_planner_that_helps_me","1d56whx","t3_1d56whx","https://www.reddit.com/gallery/1d56whx","adhdwomen","r/adhdwomen","seriously the only planner that helps me","i found this planner last september at the start of my freshman year of college and holy crap is it amazing!!! it has a monthly spread, weekly spread and the days within it have a TWENTY. FOUR. HOUR. spread!!!! all the planners i’ve used have been like 8am-6pm but like i have a life and things to do outside of it!! there’s room for color coding and blank pages in back and room for checklists it is seriously amazing. i wasn’t consistent with it every day but i stuck with it way more than other planners. it starts in june so im moving onto my second one 🥲 this seriously is not sponsored i just really freakin love this planner. the planners come with a 10% discount code and my mom already has a different planner she likes so if any of you seriously want to try it out pls lmk and i can DM you the code!","Cleaning, Organizing, Decluttering","1717191411","2024-05-31T21:36:51+00:00","58","58","0.98","39","d1ea3904895b6ce0","","reddit-adhdwomen-seriously_the_only_planner_that_helps_me:comment:m36vu0x","comment","m36vu0x","t1_m36vu0x","https://www.reddit.com/r/adhdwomen/comments/1d56whx/seriously_the_only_planner_that_helps_me/m36vu0x/","/r/adhdwomen/comments/1d56whx/seriously_the_only_planner_that_helps_me/m36vu0x/","t3_1d56whx","post","","m36vu0x","0","true","m36vu0x","","","","false","false","","1","1","0","0","0","1734815008","2024-12-21T21:03:28+00:00","false","False","","false","false","true","false","i’m just seeing this now.. what’s the link PLZ","i’m just seeing this now.. what’s the link PLZ","46","9","","","","false","false","","","","","0","[THREAD_TITLE]
seriously the only planner that helps me

[THREAD_BODY]
i found this planner last september at the start of my freshman year of college and holy crap is it amazing!!! it has a monthly spread, weekly spread and the days within it have a TWENTY. FOUR. HOUR. spread!!!! all the planners i’ve used have been like 8am-6pm but like i have a life and things to do outside of it!! there’s room for color coding and blank pages in back and room for checklists it is seriously amazing. i wasn’t consistent with it every day but i stuck with it way more than other planners. it starts in june so im moving onto my second one 🥲 this seriously is not sponsored i just really freakin love this planner. the planners come with a 10% discount code and my mom already has a different planner she likes so if any of you seriously want to try it out pls lmk and i can DM you the code!

[CURRENT_RECORD]
i’m just seeing this now.. what’s the link PLZ"
