"source_file","source_file_stem","thread_id","thread_fullname","thread_url","subreddit","subreddit_prefixed","thread_title","thread_selftext_clean","thread_flair","thread_created_utc","thread_created_iso","thread_score","thread_ups","thread_upvote_ratio","thread_num_comments","thread_author_hash","thread_author_public","record_id","record_type","comment_id","comment_fullname","comment_url","comment_permalink","parent_id_raw","parent_type","parent_comment_id","root_comment_id","depth","is_top_level","path_ids","author_hash","author_public","author_flair_text","is_submitter","stickied","distinguished","score","ups","downs","controversiality","reply_count_direct","created_utc","created_iso","edited","edited_utc","edited_iso","collapsed","locked","archived","score_hidden","body_clean","body_excerpt_280","body_length_chars","body_word_count","parent_body_excerpt","root_body_excerpt","text_urls","contains_question","contains_recommendation_language","planner_terms_found","pain_terms_found","feature_terms_found","signal_tags","relevance_score_0_100","text_for_ai"
"C:\Projects\Web\planner-tdah\research\reddit_data\reddit-planners-planners_for_folks_with_intense_adhd.json","reddit-planners-planners_for_folks_with_intense_adhd","1faxb4c","t3_1faxb4c","https://www.reddit.com/r/planners/comments/1faxb4c/planners_for_folks_with_intense_adhd/","planners","r/planners","Planners for folks with Intense ADHD","Hey there - looking for a planner that fits my needs as someone with ADHD. I just tried the MakseLife planner but hated the feel of a discbound planner system. I like the idea of goals and setting up concrete things, and time blocking - definitely undated. I know the Passion Planner is a big one, I'd like to maybe avoid that one for now if folks have other suggestions. If it's a spiral planner, that's even better. (I love to be able to have the pages open constantly for me to just have) Let me know! Thank you so much :)","","1725678147.0","2024-09-07T03:02:27+00:00","41","41","0.92","70","38d2e9b4bf165367","","reddit-planners-planners_for_folks_with_intense_adhd:post:1faxb4c","thread_post","","","https://www.reddit.com/r/planners/comments/1faxb4c/planners_for_folks_with_intense_adhd/","/r/planners/comments/1faxb4c/planners_for_folks_with_intense_adhd/","","","","","","","","38d2e9b4bf165367","","","true","false","","41","41","0","","","1725678147.0","2024-09-07T03:02:27+00:00","false","False","","","false","false","false","Planners for folks with Intense ADHD Hey there - looking for a planner that fits my needs as someone with ADHD. I just tried the MakseLife planner but hated the feel of a discbound planner system. I like the idea of goals and setting up concrete things, and time blocking - definitely undated. I know the Passion Planner is a big one, I'd like to maybe avoid that one for now if folks have other suggestions. If it's a spiral planner, that's even better. (I love to be able to have the pages open constantly for me to just have) Let me know! Thank you so much :)","Planners for folks with Intense ADHD Hey there - looking for a planner that fits my needs as someone with ADHD. I just tried the MakseLife planner but hated the feel of a discbound planner system. I like the idea of goals and setting up concrete things, and time blocking - defin…","562","108","","","","false","true","planner | planners | plan","adhd | time","","forgetfulness_or_time_signal | long_form_comment | mentions_pain_or_friction | mentions_planner_or_system | mentions_working_solution_or_recommendation","68","[THREAD_TITLE]
Planners for folks with Intense ADHD

[THREAD_BODY]
Hey there - looking for a planner that fits my needs as someone with ADHD. I just tried the MakseLife planner but hated the feel of a discbound planner system. I like the idea of goals and setting up concrete things, and time blocking - definitely undated. I know the Passion Planner is a big one, I'd like to maybe avoid that one for now if folks have other suggestions. If it's a spiral planner, that's even better. (I love to be able to have the pages open constantly for me to just have) Let me know! Thank you so much :)"
"C:\Projects\Web\planner-tdah\research\reddit_data\reddit-planners-planners_for_folks_with_intense_adhd.json","reddit-planners-planners_for_folks_with_intense_adhd","1faxb4c","t3_1faxb4c","https://www.reddit.com/r/planners/comments/1faxb4c/planners_for_folks_with_intense_adhd/","planners","r/planners","Planners for folks with Intense ADHD","Hey there - looking for a planner that fits my needs as someone with ADHD. I just tried the MakseLife planner but hated the feel of a discbound planner system. I like the idea of goals and setting up concrete things, and time blocking - definitely undated. I know the Passion Planner is a big one, I'd like to maybe avoid that one for now if folks have other suggestions. If it's a spiral planner, that's even better. (I love to be able to have the pages open constantly for me to just have) Let me know! Thank you so much :)","","1725678147.0","2024-09-07T03:02:27+00:00","41","41","0.92","70","38d2e9b4bf165367","","reddit-planners-planners_for_folks_with_intense_adhd:comment:llwo7nw","comment","llwo7nw","t1_llwo7nw","https://www.reddit.com/r/planners/comments/1faxb4c/planners_for_folks_with_intense_adhd/llwo7nw/","/r/planners/comments/1faxb4c/planners_for_folks_with_intense_adhd/llwo7nw/","t3_1faxb4c","post","","llwo7nw","0","true","llwo7nw","814a4f9f93a70ed2","","","false","false","","20","20","0","0","6","1725681524.0","2024-09-07T03:58:44+00:00","false","False","","false","false","false","false","I have adhd and the amplify planner is quite helpful. Most people with ADHD will struggle if the planner doesn’t have a lot of structure built into it. I’ve purchased lots of adhd specific planners and they’ve all sucked lol. They tend to include random things that are a big distraction, which we are trying to avoid!","I have adhd and the amplify planner is quite helpful. Most people with ADHD will struggle if the planner doesn’t have a lot of structure built into it. I’ve purchased lots of adhd specific planners and they’ve all sucked lol. They tend to include random things that are a big dis…","318","57","","","","false","false","planner | planners | plan","adhd","","mentions_pain_or_friction | mentions_planner_or_system","44","[THREAD_TITLE]
Planners for folks with Intense ADHD

[THREAD_BODY]
Hey there - looking for a planner that fits my needs as someone with ADHD. I just tried the MakseLife planner but hated the feel of a discbound planner system. I like the idea of goals and setting up concrete things, and time blocking - definitely undated. I know the Passion Planner is a big one, I'd like to maybe avoid that one for now if folks have other suggestions. If it's a spiral planner, that's even better. (I love to be able to have the pages open constantly for me to just have) Let me know! Thank you so much :)

[CURRENT_RECORD]
I have adhd and the amplify planner is quite helpful. Most people with ADHD will struggle if the planner doesn’t have a lot of structure built into it. I’ve purchased lots of adhd specific planners and they’ve all sucked lol. They tend to include random things that are a big distraction, which we are trying to avoid!"
"C:\Projects\Web\planner-tdah\research\reddit_data\reddit-planners-planners_for_folks_with_intense_adhd.json","reddit-planners-planners_for_folks_with_intense_adhd","1faxb4c","t3_1faxb4c","https://www.reddit.com/r/planners/comments/1faxb4c/planners_for_folks_with_intense_adhd/","planners","r/planners","Planners for folks with Intense ADHD","Hey there - looking for a planner that fits my needs as someone with ADHD. I just tried the MakseLife planner but hated the feel of a discbound planner system. I like the idea of goals and setting up concrete things, and time blocking - definitely undated. I know the Passion Planner is a big one, I'd like to maybe avoid that one for now if folks have other suggestions. If it's a spiral planner, that's even better. (I love to be able to have the pages open constantly for me to just have) Let me know! Thank you so much :)","","1725678147.0","2024-09-07T03:02:27+00:00","41","41","0.92","70","38d2e9b4bf165367","","reddit-planners-planners_for_folks_with_intense_adhd:comment:llwsx9x","comment","llwsx9x","t1_llwsx9x","https://www.reddit.com/r/planners/comments/1faxb4c/planners_for_folks_with_intense_adhd/llwsx9x/","/r/planners/comments/1faxb4c/planners_for_folks_with_intense_adhd/llwsx9x/","t1_llwo7nw","comment","llwo7nw","llwo7nw","1","false","llwo7nw > llwsx9x","6f6c5f6c53a7006a","","","false","false","","15","15","0","0","0","1725683852.0","2024-09-07T04:37:32+00:00","false","False","","false","false","false","false","> I’ve purchased lots of adhd specific planners and they’ve all sucked lol. They tend to include random things that are a big distraction, which we are trying to avoid! YES I found that too! All this stuff like a to-do list AND a top three AND a daily focus AND gratitude AND a notes section....","> I’ve purchased lots of adhd specific planners and they’ve all sucked lol. They tend to include random things that are a big distraction, which we are trying to avoid! YES I found that too! All this stuff like a to-do list AND a top three AND a daily focus AND gratitude AND a n…","295","56","I have adhd and the amplify planner is quite helpful. Most people with ADHD will struggle if the planner doesn’t have a lot of structure built into it. I’ve purchased lots of adhd specific planners and they’ve all sucked lol. They tend to include random things that are a big distraction, which we are trying to avoid!","I have adhd and the amplify planner is quite helpful. Most people with ADHD will struggle if the planner doesn’t have a lot of structure built into it. I’ve purchased lots of adhd specific planners and they’ve all sucked lol. They tend to include random things that are a big distraction, which we are trying to avoid!","","false","false","planner | planners | plan | to-do | daily","adhd","notes | daily","mentions_feature_or_solution | mentions_pain_or_friction | mentions_planner_or_system","48","[THREAD_TITLE]
Planners for folks with Intense ADHD

[THREAD_BODY]
Hey there - looking for a planner that fits my needs as someone with ADHD. I just tried the MakseLife planner but hated the feel of a discbound planner system. I like the idea of goals and setting up concrete things, and time blocking - definitely undated. I know the Passion Planner is a big one, I'd like to maybe avoid that one for now if folks have other suggestions. If it's a spiral planner, that's even better. (I love to be able to have the pages open constantly for me to just have) Let me know! Thank you so much :)

[PARENT_COMMENT_CONTEXT]
I have adhd and the amplify planner is quite helpful. Most people with ADHD will struggle if the planner doesn’t have a lot of structure built into it. I’ve purchased lots of adhd specific planners and they’ve all sucked lol. They tend to include random things that are a big distraction, which we are trying to avoid!

[CURRENT_RECORD]
> I’ve purchased lots of adhd specific planners and they’ve all sucked lol. They tend to include random things that are a big distraction, which we are trying to avoid! YES I found that too! All this stuff like a to-do list AND a top three AND a daily focus AND gratitude AND a notes section...."
"C:\Projects\Web\planner-tdah\research\reddit_data\reddit-planners-planners_for_folks_with_intense_adhd.json","reddit-planners-planners_for_folks_with_intense_adhd","1faxb4c","t3_1faxb4c","https://www.reddit.com/r/planners/comments/1faxb4c/planners_for_folks_with_intense_adhd/","planners","r/planners","Planners for folks with Intense ADHD","Hey there - looking for a planner that fits my needs as someone with ADHD. I just tried the MakseLife planner but hated the feel of a discbound planner system. I like the idea of goals and setting up concrete things, and time blocking - definitely undated. I know the Passion Planner is a big one, I'd like to maybe avoid that one for now if folks have other suggestions. If it's a spiral planner, that's even better. (I love to be able to have the pages open constantly for me to just have) Let me know! Thank you so much :)","","1725678147.0","2024-09-07T03:02:27+00:00","41","41","0.92","70","38d2e9b4bf165367","","reddit-planners-planners_for_folks_with_intense_adhd:comment:llwolzo","comment","llwolzo","t1_llwolzo","https://www.reddit.com/r/planners/comments/1faxb4c/planners_for_folks_with_intense_adhd/llwolzo/","/r/planners/comments/1faxb4c/planners_for_folks_with_intense_adhd/llwolzo/","t1_llwo7nw","comment","llwo7nw","llwo7nw","1","false","llwo7nw > llwolzo","38d2e9b4bf165367","","","true","false","","7","7","0","0","0","1725681709.0","2024-09-07T04:01:49+00:00","false","False","","false","false","false","false","Yeah I can’t handle the “adhd” branded ones LOL — it’s too overwhelming and full of stuff. I’ll give it a look!","Yeah I can’t handle the “adhd” branded ones LOL — it’s too overwhelming and full of stuff. I’ll give it a look!","111","22","I have adhd and the amplify planner is quite helpful. Most people with ADHD will struggle if the planner doesn’t have a lot of structure built into it. I’ve purchased lots of adhd specific planners and they’ve all sucked lol. They tend to include random things that are a big distraction, which we are trying to avoid!","I have adhd and the amplify planner is quite helpful. Most people with ADHD will struggle if the planner doesn’t have a lot of structure built into it. I’ve purchased lots of adhd specific planners and they’ve all sucked lol. They tend to include random things that are a big distraction, which we are trying to avoid!","","false","false","","adhd | overwhelm","","mentions_pain_or_friction","25","[THREAD_TITLE]
Planners for folks with Intense ADHD

[THREAD_BODY]
Hey there - looking for a planner that fits my needs as someone with ADHD. I just tried the MakseLife planner but hated the feel of a discbound planner system. I like the idea of goals and setting up concrete things, and time blocking - definitely undated. I know the Passion Planner is a big one, I'd like to maybe avoid that one for now if folks have other suggestions. If it's a spiral planner, that's even better. (I love to be able to have the pages open constantly for me to just have) Let me know! Thank you so much :)

[PARENT_COMMENT_CONTEXT]
I have adhd and the amplify planner is quite helpful. Most people with ADHD will struggle if the planner doesn’t have a lot of structure built into it. I’ve purchased lots of adhd specific planners and they’ve all sucked lol. They tend to include random things that are a big distraction, which we are trying to avoid!

[CURRENT_RECORD]
Yeah I can’t handle the “adhd” branded ones LOL — it’s too overwhelming and full of stuff. I’ll give it a look!"
"C:\Projects\Web\planner-tdah\research\reddit_data\reddit-planners-planners_for_folks_with_intense_adhd.json","reddit-planners-planners_for_folks_with_intense_adhd","1faxb4c","t3_1faxb4c","https://www.reddit.com/r/planners/comments/1faxb4c/planners_for_folks_with_intense_adhd/","planners","r/planners","Planners for folks with Intense ADHD","Hey there - looking for a planner that fits my needs as someone with ADHD. I just tried the MakseLife planner but hated the feel of a discbound planner system. I like the idea of goals and setting up concrete things, and time blocking - definitely undated. I know the Passion Planner is a big one, I'd like to maybe avoid that one for now if folks have other suggestions. If it's a spiral planner, that's even better. (I love to be able to have the pages open constantly for me to just have) Let me know! Thank you so much :)","","1725678147.0","2024-09-07T03:02:27+00:00","41","41","0.92","70","38d2e9b4bf165367","","reddit-planners-planners_for_folks_with_intense_adhd:comment:llwtvc6","comment","llwtvc6","t1_llwtvc6","https://www.reddit.com/r/planners/comments/1faxb4c/planners_for_folks_with_intense_adhd/llwtvc6/","/r/planners/comments/1faxb4c/planners_for_folks_with_intense_adhd/llwtvc6/","t1_llwo7nw","comment","llwo7nw","llwo7nw","1","false","llwo7nw > llwtvc6","38d2e9b4bf165367","","","true","false","","1","1","0","0","3","1725684351.0","2024-09-07T04:45:51+00:00","false","False","","false","false","false","false","The amplify looks great for me but it’s sold out completely for the most part 😔 heartbreaking","The amplify looks great for me but it’s sold out completely for the most part 😔 heartbreaking","93","17","I have adhd and the amplify planner is quite helpful. Most people with ADHD will struggle if the planner doesn’t have a lot of structure built into it. I’ve purchased lots of adhd specific planners and they’ve all sucked lol. They tend to include random things that are a big distraction, which we are trying to avoid!","I have adhd and the amplify planner is quite helpful. Most people with ADHD will struggle if the planner doesn’t have a lot of structure built into it. I’ve purchased lots of adhd specific planners and they’ve all sucked lol. They tend to include random things that are a big distraction, which we are trying to avoid!","","false","true","","","","mentions_working_solution_or_recommendation","11","[THREAD_TITLE]
Planners for folks with Intense ADHD

[THREAD_BODY]
Hey there - looking for a planner that fits my needs as someone with ADHD. I just tried the MakseLife planner but hated the feel of a discbound planner system. I like the idea of goals and setting up concrete things, and time blocking - definitely undated. I know the Passion Planner is a big one, I'd like to maybe avoid that one for now if folks have other suggestions. If it's a spiral planner, that's even better. (I love to be able to have the pages open constantly for me to just have) Let me know! Thank you so much :)

[PARENT_COMMENT_CONTEXT]
I have adhd and the amplify planner is quite helpful. Most people with ADHD will struggle if the planner doesn’t have a lot of structure built into it. I’ve purchased lots of adhd specific planners and they’ve all sucked lol. They tend to include random things that are a big distraction, which we are trying to avoid!

[CURRENT_RECORD]
The amplify looks great for me but it’s sold out completely for the most part 😔 heartbreaking"
"C:\Projects\Web\planner-tdah\research\reddit_data\reddit-planners-planners_for_folks_with_intense_adhd.json","reddit-planners-planners_for_folks_with_intense_adhd","1faxb4c","t3_1faxb4c","https://www.reddit.com/r/planners/comments/1faxb4c/planners_for_folks_with_intense_adhd/","planners","r/planners","Planners for folks with Intense ADHD","Hey there - looking for a planner that fits my needs as someone with ADHD. I just tried the MakseLife planner but hated the feel of a discbound planner system. I like the idea of goals and setting up concrete things, and time blocking - definitely undated. I know the Passion Planner is a big one, I'd like to maybe avoid that one for now if folks have other suggestions. If it's a spiral planner, that's even better. (I love to be able to have the pages open constantly for me to just have) Let me know! Thank you so much :)","","1725678147.0","2024-09-07T03:02:27+00:00","41","41","0.92","70","38d2e9b4bf165367","","reddit-planners-planners_for_folks_with_intense_adhd:comment:lm0faxe","comment","lm0faxe","t1_lm0faxe","https://www.reddit.com/r/planners/comments/1faxb4c/planners_for_folks_with_intense_adhd/lm0faxe/","/r/planners/comments/1faxb4c/planners_for_folks_with_intense_adhd/lm0faxe/","t1_llwtvc6","comment","llwtvc6","llwo7nw","2","false","llwo7nw > llwtvc6 > lm0faxe","5eb9b231d9d9384a","","","false","false","","3","3","0","0","0","1725742361.0","2024-09-07T20:52:41+00:00","false","False","","false","false","false","false","They do tend to sell out fast. They just launched 2025 Q1 and bundles on Thursday so those are still in stock.","They do tend to sell out fast. They just launched 2025 Q1 and bundles on Thursday so those are still in stock.","110","22","The amplify looks great for me but it’s sold out completely for the most part 😔 heartbreaking","I have adhd and the amplify planner is quite helpful. Most people with ADHD will struggle if the planner doesn’t have a lot of structure built into it. I’ve purchased lots of adhd specific planners and they’ve all sucked lol. They tend to include random things that are a big distraction, which we are trying to avoid!","","false","false","","","","","10","[THREAD_TITLE]
Planners for folks with Intense ADHD

[THREAD_BODY]
Hey there - looking for a planner that fits my needs as someone with ADHD. I just tried the MakseLife planner but hated the feel of a discbound planner system. I like the idea of goals and setting up concrete things, and time blocking - definitely undated. I know the Passion Planner is a big one, I'd like to maybe avoid that one for now if folks have other suggestions. If it's a spiral planner, that's even better. (I love to be able to have the pages open constantly for me to just have) Let me know! Thank you so much :)

[ROOT_COMMENT_CONTEXT]
I have adhd and the amplify planner is quite helpful. Most people with ADHD will struggle if the planner doesn’t have a lot of structure built into it. I’ve purchased lots of adhd specific planners and they’ve all sucked lol. They tend to include random things that are a big distraction, which we are trying to avoid!

[PARENT_COMMENT_CONTEXT]
The amplify looks great for me but it’s sold out completely for the most part 😔 heartbreaking

[CURRENT_RECORD]
They do tend to sell out fast. They just launched 2025 Q1 and bundles on Thursday so those are still in stock."
"C:\Projects\Web\planner-tdah\research\reddit_data\reddit-planners-planners_for_folks_with_intense_adhd.json","reddit-planners-planners_for_folks_with_intense_adhd","1faxb4c","t3_1faxb4c","https://www.reddit.com/r/planners/comments/1faxb4c/planners_for_folks_with_intense_adhd/","planners","r/planners","Planners for folks with Intense ADHD","Hey there - looking for a planner that fits my needs as someone with ADHD. I just tried the MakseLife planner but hated the feel of a discbound planner system. I like the idea of goals and setting up concrete things, and time blocking - definitely undated. I know the Passion Planner is a big one, I'd like to maybe avoid that one for now if folks have other suggestions. If it's a spiral planner, that's even better. (I love to be able to have the pages open constantly for me to just have) Let me know! Thank you so much :)","","1725678147.0","2024-09-07T03:02:27+00:00","41","41","0.92","70","38d2e9b4bf165367","","reddit-planners-planners_for_folks_with_intense_adhd:comment:lm0klt9","comment","lm0klt9","t1_lm0klt9","https://www.reddit.com/r/planners/comments/1faxb4c/planners_for_folks_with_intense_adhd/lm0klt9/","/r/planners/comments/1faxb4c/planners_for_folks_with_intense_adhd/lm0klt9/","t1_llwtvc6","comment","llwtvc6","llwo7nw","2","false","llwo7nw > llwtvc6 > lm0klt9","dbbe444f3fdf59a4","","","false","false","","2","2","0","0","0","1725744203.0","2024-09-07T21:23:23+00:00","false","False","","false","false","false","false","You can get a similar style in PDF from Etsy and have it bound through a service like LuLus. You could also make similar pages on your own in platform like Canva, but that's too labor intensive for me.","You can get a similar style in PDF from Etsy and have it bound through a service like LuLus. You could also make similar pages on your own in platform like Canva, but that's too labor intensive for me.","201","39","The amplify looks great for me but it’s sold out completely for the most part 😔 heartbreaking","I have adhd and the amplify planner is quite helpful. Most people with ADHD will struggle if the planner doesn’t have a lot of structure built into it. I’ve purchased lots of adhd specific planners and they’ve all sucked lol. They tend to include random things that are a big distraction, which we are trying to avoid!","","false","false","","","","","10","[THREAD_TITLE]
Planners for folks with Intense ADHD

[THREAD_BODY]
Hey there - looking for a planner that fits my needs as someone with ADHD. I just tried the MakseLife planner but hated the feel of a discbound planner system. I like the idea of goals and setting up concrete things, and time blocking - definitely undated. I know the Passion Planner is a big one, I'd like to maybe avoid that one for now if folks have other suggestions. If it's a spiral planner, that's even better. (I love to be able to have the pages open constantly for me to just have) Let me know! Thank you so much :)

[ROOT_COMMENT_CONTEXT]
I have adhd and the amplify planner is quite helpful. Most people with ADHD will struggle if the planner doesn’t have a lot of structure built into it. I’ve purchased lots of adhd specific planners and they’ve all sucked lol. They tend to include random things that are a big distraction, which we are trying to avoid!

[PARENT_COMMENT_CONTEXT]
The amplify looks great for me but it’s sold out completely for the most part 😔 heartbreaking

[CURRENT_RECORD]
You can get a similar style in PDF from Etsy and have it bound through a service like LuLus. You could also make similar pages on your own in platform like Canva, but that's too labor intensive for me."
"C:\Projects\Web\planner-tdah\research\reddit_data\reddit-planners-planners_for_folks_with_intense_adhd.json","reddit-planners-planners_for_folks_with_intense_adhd","1faxb4c","t3_1faxb4c","https://www.reddit.com/r/planners/comments/1faxb4c/planners_for_folks_with_intense_adhd/","planners","r/planners","Planners for folks with Intense ADHD","Hey there - looking for a planner that fits my needs as someone with ADHD. I just tried the MakseLife planner but hated the feel of a discbound planner system. I like the idea of goals and setting up concrete things, and time blocking - definitely undated. I know the Passion Planner is a big one, I'd like to maybe avoid that one for now if folks have other suggestions. If it's a spiral planner, that's even better. (I love to be able to have the pages open constantly for me to just have) Let me know! Thank you so much :)","","1725678147.0","2024-09-07T03:02:27+00:00","41","41","0.92","70","38d2e9b4bf165367","","reddit-planners-planners_for_folks_with_intense_adhd:comment:ltan4jj","comment","ltan4jj","t1_ltan4jj","https://www.reddit.com/r/planners/comments/1faxb4c/planners_for_folks_with_intense_adhd/ltan4jj/","/r/planners/comments/1faxb4c/planners_for_folks_with_intense_adhd/ltan4jj/","t1_llwtvc6","comment","llwtvc6","llwo7nw","2","false","llwo7nw > llwtvc6 > ltan4jj","5ac62f8ad8e01f05","","","false","false","","1","1","0","0","0","1729659107.0","2024-10-23T04:51:47+00:00","false","False","","false","false","false","false","What did you end up going with?? I just bought the undated quarterly one!","What did you end up going with?? I just bought the undated quarterly one!","73","14","The amplify looks great for me but it’s sold out completely for the most part 😔 heartbreaking","I have adhd and the amplify planner is quite helpful. Most people with ADHD will struggle if the planner doesn’t have a lot of structure built into it. I’ve purchased lots of adhd specific planners and they’ve all sucked lol. They tend to include random things that are a big distraction, which we are trying to avoid!","","true","false","","","quarterly","contains_question | mentions_feature_or_solution | novelty_or_format_change_signal","4","[THREAD_TITLE]
Planners for folks with Intense ADHD

[THREAD_BODY]
Hey there - looking for a planner that fits my needs as someone with ADHD. I just tried the MakseLife planner but hated the feel of a discbound planner system. I like the idea of goals and setting up concrete things, and time blocking - definitely undated. I know the Passion Planner is a big one, I'd like to maybe avoid that one for now if folks have other suggestions. If it's a spiral planner, that's even better. (I love to be able to have the pages open constantly for me to just have) Let me know! Thank you so much :)

[ROOT_COMMENT_CONTEXT]
I have adhd and the amplify planner is quite helpful. Most people with ADHD will struggle if the planner doesn’t have a lot of structure built into it. I’ve purchased lots of adhd specific planners and they’ve all sucked lol. They tend to include random things that are a big distraction, which we are trying to avoid!

[PARENT_COMMENT_CONTEXT]
The amplify looks great for me but it’s sold out completely for the most part 😔 heartbreaking

[CURRENT_RECORD]
What did you end up going with?? I just bought the undated quarterly one!"
"C:\Projects\Web\planner-tdah\research\reddit_data\reddit-planners-planners_for_folks_with_intense_adhd.json","reddit-planners-planners_for_folks_with_intense_adhd","1faxb4c","t3_1faxb4c","https://www.reddit.com/r/planners/comments/1faxb4c/planners_for_folks_with_intense_adhd/","planners","r/planners","Planners for folks with Intense ADHD","Hey there - looking for a planner that fits my needs as someone with ADHD. I just tried the MakseLife planner but hated the feel of a discbound planner system. I like the idea of goals and setting up concrete things, and time blocking - definitely undated. I know the Passion Planner is a big one, I'd like to maybe avoid that one for now if folks have other suggestions. If it's a spiral planner, that's even better. (I love to be able to have the pages open constantly for me to just have) Let me know! Thank you so much :)","","1725678147.0","2024-09-07T03:02:27+00:00","41","41","0.92","70","38d2e9b4bf165367","","reddit-planners-planners_for_folks_with_intense_adhd:comment:lm0epm4","comment","lm0epm4","t1_lm0epm4","https://www.reddit.com/r/planners/comments/1faxb4c/planners_for_folks_with_intense_adhd/lm0epm4/","/r/planners/comments/1faxb4c/planners_for_folks_with_intense_adhd/lm0epm4/","t1_llwo7nw","comment","llwo7nw","llwo7nw","1","false","llwo7nw > lm0epm4","5eb9b231d9d9384a","","","false","false","","1","1","0","0","0","1725742157.0","2024-09-07T20:49:17+00:00","false","False","","false","false","false","false","Also ADHD and also use Amplify Planner. It's a freaking lifesaver.","Also ADHD and also use Amplify Planner. It's a freaking lifesaver.","66","11","I have adhd and the amplify planner is quite helpful. Most people with ADHD will struggle if the planner doesn’t have a lot of structure built into it. I’ve purchased lots of adhd specific planners and they’ve all sucked lol. They tend to include random things that are a big distraction, which we are trying to avoid!","I have adhd and the amplify planner is quite helpful. Most people with ADHD will struggle if the planner doesn’t have a lot of structure built into it. I’ve purchased lots of adhd specific planners and they’ve all sucked lol. They tend to include random things that are a big distraction, which we are trying to avoid!","","false","false","planner | plan","adhd","","mentions_pain_or_friction | mentions_planner_or_system","13","[THREAD_TITLE]
Planners for folks with Intense ADHD

[THREAD_BODY]
Hey there - looking for a planner that fits my needs as someone with ADHD. I just tried the MakseLife planner but hated the feel of a discbound planner system. I like the idea of goals and setting up concrete things, and time blocking - definitely undated. I know the Passion Planner is a big one, I'd like to maybe avoid that one for now if folks have other suggestions. If it's a spiral planner, that's even better. (I love to be able to have the pages open constantly for me to just have) Let me know! Thank you so much :)

[PARENT_COMMENT_CONTEXT]
I have adhd and the amplify planner is quite helpful. Most people with ADHD will struggle if the planner doesn’t have a lot of structure built into it. I’ve purchased lots of adhd specific planners and they’ve all sucked lol. They tend to include random things that are a big distraction, which we are trying to avoid!

[CURRENT_RECORD]
Also ADHD and also use Amplify Planner. It's a freaking lifesaver."
"C:\Projects\Web\planner-tdah\research\reddit_data\reddit-planners-planners_for_folks_with_intense_adhd.json","reddit-planners-planners_for_folks_with_intense_adhd","1faxb4c","t3_1faxb4c","https://www.reddit.com/r/planners/comments/1faxb4c/planners_for_folks_with_intense_adhd/","planners","r/planners","Planners for folks with Intense ADHD","Hey there - looking for a planner that fits my needs as someone with ADHD. I just tried the MakseLife planner but hated the feel of a discbound planner system. I like the idea of goals and setting up concrete things, and time blocking - definitely undated. I know the Passion Planner is a big one, I'd like to maybe avoid that one for now if folks have other suggestions. If it's a spiral planner, that's even better. (I love to be able to have the pages open constantly for me to just have) Let me know! Thank you so much :)","","1725678147.0","2024-09-07T03:02:27+00:00","41","41","0.92","70","38d2e9b4bf165367","","reddit-planners-planners_for_folks_with_intense_adhd:comment:lm6jj5y","comment","lm6jj5y","t1_lm6jj5y","https://www.reddit.com/r/planners/comments/1faxb4c/planners_for_folks_with_intense_adhd/lm6jj5y/","/r/planners/comments/1faxb4c/planners_for_folks_with_intense_adhd/lm6jj5y/","t1_llwo7nw","comment","llwo7nw","llwo7nw","1","false","llwo7nw > lm6jj5y","e064338d3c1a5454","","","false","false","","1","1","0","0","0","1725831019.0","2024-09-08T21:30:19+00:00","false","False","","false","false","false","false","I am ADHD and feel the opposite lol, I find the structure freaks me out. I like a mostly blank book.","I am ADHD and feel the opposite lol, I find the structure freaks me out. I like a mostly blank book.","100","21","I have adhd and the amplify planner is quite helpful. Most people with ADHD will struggle if the planner doesn’t have a lot of structure built into it. I’ve purchased lots of adhd specific planners and they’ve all sucked lol. They tend to include random things that are a big distraction, which we are trying to avoid!","I have adhd and the amplify planner is quite helpful. Most people with ADHD will struggle if the planner doesn’t have a lot of structure built into it. I’ve purchased lots of adhd specific planners and they’ve all sucked lol. They tend to include random things that are a big distraction, which we are trying to avoid!","","false","false","","adhd","","mentions_pain_or_friction","15","[THREAD_TITLE]
Planners for folks with Intense ADHD

[THREAD_BODY]
Hey there - looking for a planner that fits my needs as someone with ADHD. I just tried the MakseLife planner but hated the feel of a discbound planner system. I like the idea of goals and setting up concrete things, and time blocking - definitely undated. I know the Passion Planner is a big one, I'd like to maybe avoid that one for now if folks have other suggestions. If it's a spiral planner, that's even better. (I love to be able to have the pages open constantly for me to just have) Let me know! Thank you so much :)

[PARENT_COMMENT_CONTEXT]
I have adhd and the amplify planner is quite helpful. Most people with ADHD will struggle if the planner doesn’t have a lot of structure built into it. I’ve purchased lots of adhd specific planners and they’ve all sucked lol. They tend to include random things that are a big distraction, which we are trying to avoid!

[CURRENT_RECORD]
I am ADHD and feel the opposite lol, I find the structure freaks me out. I like a mostly blank book."
"C:\Projects\Web\planner-tdah\research\reddit_data\reddit-planners-planners_for_folks_with_intense_adhd.json","reddit-planners-planners_for_folks_with_intense_adhd","1faxb4c","t3_1faxb4c","https://www.reddit.com/r/planners/comments/1faxb4c/planners_for_folks_with_intense_adhd/","planners","r/planners","Planners for folks with Intense ADHD","Hey there - looking for a planner that fits my needs as someone with ADHD. I just tried the MakseLife planner but hated the feel of a discbound planner system. I like the idea of goals and setting up concrete things, and time blocking - definitely undated. I know the Passion Planner is a big one, I'd like to maybe avoid that one for now if folks have other suggestions. If it's a spiral planner, that's even better. (I love to be able to have the pages open constantly for me to just have) Let me know! Thank you so much :)","","1725678147.0","2024-09-07T03:02:27+00:00","41","41","0.92","70","38d2e9b4bf165367","","reddit-planners-planners_for_folks_with_intense_adhd:comment:ltan0k6","comment","ltan0k6","t1_ltan0k6","https://www.reddit.com/r/planners/comments/1faxb4c/planners_for_folks_with_intense_adhd/ltan0k6/","/r/planners/comments/1faxb4c/planners_for_folks_with_intense_adhd/ltan0k6/","t1_llwo7nw","comment","llwo7nw","llwo7nw","1","false","llwo7nw > ltan0k6","5ac62f8ad8e01f05","","","false","false","","1","1","0","0","0","1729659050.0","2024-10-23T04:50:50+00:00","false","False","","false","false","false","false","Wow! This planner is exactly what I was coming to this sub to find! And, I have ADHD too. I just ordered the undated one! Thank you!!","Wow! This planner is exactly what I was coming to this sub to find! And, I have ADHD too. I just ordered the undated one! Thank you!!","133","27","I have adhd and the amplify planner is quite helpful. Most people with ADHD will struggle if the planner doesn’t have a lot of structure built into it. I’ve purchased lots of adhd specific planners and they’ve all sucked lol. They tend to include random things that are a big distraction, which we are trying to avoid!","I have adhd and the amplify planner is quite helpful. Most people with ADHD will struggle if the planner doesn’t have a lot of structure built into it. I’ve purchased lots of adhd specific planners and they’ve all sucked lol. They tend to include random things that are a big distraction, which we are trying to avoid!","","false","false","planner | plan","adhd","","mentions_pain_or_friction | mentions_planner_or_system","23","[THREAD_TITLE]
Planners for folks with Intense ADHD

[THREAD_BODY]
Hey there - looking for a planner that fits my needs as someone with ADHD. I just tried the MakseLife planner but hated the feel of a discbound planner system. I like the idea of goals and setting up concrete things, and time blocking - definitely undated. I know the Passion Planner is a big one, I'd like to maybe avoid that one for now if folks have other suggestions. If it's a spiral planner, that's even better. (I love to be able to have the pages open constantly for me to just have) Let me know! Thank you so much :)

[PARENT_COMMENT_CONTEXT]
I have adhd and the amplify planner is quite helpful. Most people with ADHD will struggle if the planner doesn’t have a lot of structure built into it. I’ve purchased lots of adhd specific planners and they’ve all sucked lol. They tend to include random things that are a big distraction, which we are trying to avoid!

[CURRENT_RECORD]
Wow! This planner is exactly what I was coming to this sub to find! And, I have ADHD too. I just ordered the undated one! Thank you!!"
"C:\Projects\Web\planner-tdah\research\reddit_data\reddit-planners-planners_for_folks_with_intense_adhd.json","reddit-planners-planners_for_folks_with_intense_adhd","1faxb4c","t3_1faxb4c","https://www.reddit.com/r/planners/comments/1faxb4c/planners_for_folks_with_intense_adhd/","planners","r/planners","Planners for folks with Intense ADHD","Hey there - looking for a planner that fits my needs as someone with ADHD. I just tried the MakseLife planner but hated the feel of a discbound planner system. I like the idea of goals and setting up concrete things, and time blocking - definitely undated. I know the Passion Planner is a big one, I'd like to maybe avoid that one for now if folks have other suggestions. If it's a spiral planner, that's even better. (I love to be able to have the pages open constantly for me to just have) Let me know! Thank you so much :)","","1725678147.0","2024-09-07T03:02:27+00:00","41","41","0.92","70","38d2e9b4bf165367","","reddit-planners-planners_for_folks_with_intense_adhd:comment:llwss21","comment","llwss21","t1_llwss21","https://www.reddit.com/r/planners/comments/1faxb4c/planners_for_folks_with_intense_adhd/llwss21/","/r/planners/comments/1faxb4c/planners_for_folks_with_intense_adhd/llwss21/","t3_1faxb4c","post","","llwss21","0","true","llwss21","6f6c5f6c53a7006a","","","false","false","","11","11","0","0","4","1725683777.0","2024-09-07T04:36:17+00:00","false","False","","false","false","false","false","I like hobonichi cousin. Bullet journal was too much work for me, I hated all the set up. Hobonichi has a lot of space for daily so I can rapid log there if I want plus a full 24 hours on the weekly spreads to time block if I want.","I like hobonichi cousin. Bullet journal was too much work for me, I hated all the set up. Hobonichi has a lot of space for daily so I can rapid log there if I want plus a full 24 hours on the weekly spreads to time block if I want.","231","50","","","","false","false","bullet journal | journal | weekly | daily","time | too much","weekly | daily","forgetfulness_or_time_signal | mentions_feature_or_solution | mentions_pain_or_friction | mentions_planner_or_system | overwhelm_or_complexity_signal","68","[THREAD_TITLE]
Planners for folks with Intense ADHD

[THREAD_BODY]
Hey there - looking for a planner that fits my needs as someone with ADHD. I just tried the MakseLife planner but hated the feel of a discbound planner system. I like the idea of goals and setting up concrete things, and time blocking - definitely undated. I know the Passion Planner is a big one, I'd like to maybe avoid that one for now if folks have other suggestions. If it's a spiral planner, that's even better. (I love to be able to have the pages open constantly for me to just have) Let me know! Thank you so much :)

[CURRENT_RECORD]
I like hobonichi cousin. Bullet journal was too much work for me, I hated all the set up. Hobonichi has a lot of space for daily so I can rapid log there if I want plus a full 24 hours on the weekly spreads to time block if I want."
"C:\Projects\Web\planner-tdah\research\reddit_data\reddit-planners-planners_for_folks_with_intense_adhd.json","reddit-planners-planners_for_folks_with_intense_adhd","1faxb4c","t3_1faxb4c","https://www.reddit.com/r/planners/comments/1faxb4c/planners_for_folks_with_intense_adhd/","planners","r/planners","Planners for folks with Intense ADHD","Hey there - looking for a planner that fits my needs as someone with ADHD. I just tried the MakseLife planner but hated the feel of a discbound planner system. I like the idea of goals and setting up concrete things, and time blocking - definitely undated. I know the Passion Planner is a big one, I'd like to maybe avoid that one for now if folks have other suggestions. If it's a spiral planner, that's even better. (I love to be able to have the pages open constantly for me to just have) Let me know! Thank you so much :)","","1725678147.0","2024-09-07T03:02:27+00:00","41","41","0.92","70","38d2e9b4bf165367","","reddit-planners-planners_for_folks_with_intense_adhd:comment:lly2jq9","comment","lly2jq9","t1_lly2jq9","https://www.reddit.com/r/planners/comments/1faxb4c/planners_for_folks_with_intense_adhd/lly2jq9/","/r/planners/comments/1faxb4c/planners_for_folks_with_intense_adhd/lly2jq9/","t1_llwss21","comment","llwss21","llwss21","1","false","llwss21 > lly2jq9","cded468e5b5957d9","","","false","false","","2","2","0","0","0","1725712316.0","2024-09-07T12:31:56+00:00","false","False","","false","false","false","false","This is the one I use too…the schedule on the daily is small so sometimes I use the daily pages as a sketch book/carry all book when I don’t have that much going on. Plus it has a weekly and monthly view. I recently lost mine though—due to move—and they’re difficult to come by since I’ve had to order them online. I have few appointments and I’ve accepted that I’ll never completely finish a to-do list because something else will always thwart me mid-way through but it’s okay because I can always go back to it later. Embrace the ADHD!","This is the one I use too…the schedule on the daily is small so sometimes I use the daily pages as a sketch book/carry all book when I don’t have that much going on. Plus it has a weekly and monthly view. I recently lost mine though—due to move—and they’re difficult to come by s…","538","100","I like hobonichi cousin. Bullet journal was too much work for me, I hated all the set up. Hobonichi has a lot of space for daily so I can rapid log there if I want plus a full 24 hours on the weekly spreads to time block if I want.","I like hobonichi cousin. Bullet journal was too much work for me, I hated all the set up. Hobonichi has a lot of space for daily so I can rapid log there if I want plus a full 24 hours on the weekly spreads to time block if I want.","","false","false","app | to-do | weekly | monthly | daily | schedule","adhd | lost | time","appointments | weekly | monthly | daily","forgetfulness_or_time_signal | long_form_comment | mentions_feature_or_solution | mentions_pain_or_friction | mentions_planner_or_system","79","[THREAD_TITLE]
Planners for folks with Intense ADHD

[THREAD_BODY]
Hey there - looking for a planner that fits my needs as someone with ADHD. I just tried the MakseLife planner but hated the feel of a discbound planner system. I like the idea of goals and setting up concrete things, and time blocking - definitely undated. I know the Passion Planner is a big one, I'd like to maybe avoid that one for now if folks have other suggestions. If it's a spiral planner, that's even better. (I love to be able to have the pages open constantly for me to just have) Let me know! Thank you so much :)

[PARENT_COMMENT_CONTEXT]
I like hobonichi cousin. Bullet journal was too much work for me, I hated all the set up. Hobonichi has a lot of space for daily so I can rapid log there if I want plus a full 24 hours on the weekly spreads to time block if I want.

[CURRENT_RECORD]
This is the one I use too…the schedule on the daily is small so sometimes I use the daily pages as a sketch book/carry all book when I don’t have that much going on. Plus it has a weekly and monthly view. I recently lost mine though—due to move—and they’re difficult to come by since I’ve had to order them online. I have few appointments and I’ve accepted that I’ll never completely finish a to-do list because something else will always thwart me mid-way through but it’s okay because I can always go back to it later. Embrace the ADHD!"
"C:\Projects\Web\planner-tdah\research\reddit_data\reddit-planners-planners_for_folks_with_intense_adhd.json","reddit-planners-planners_for_folks_with_intense_adhd","1faxb4c","t3_1faxb4c","https://www.reddit.com/r/planners/comments/1faxb4c/planners_for_folks_with_intense_adhd/","planners","r/planners","Planners for folks with Intense ADHD","Hey there - looking for a planner that fits my needs as someone with ADHD. I just tried the MakseLife planner but hated the feel of a discbound planner system. I like the idea of goals and setting up concrete things, and time blocking - definitely undated. I know the Passion Planner is a big one, I'd like to maybe avoid that one for now if folks have other suggestions. If it's a spiral planner, that's even better. (I love to be able to have the pages open constantly for me to just have) Let me know! Thank you so much :)","","1725678147.0","2024-09-07T03:02:27+00:00","41","41","0.92","70","38d2e9b4bf165367","","reddit-planners-planners_for_folks_with_intense_adhd:comment:llzg1ft","comment","llzg1ft","t1_llzg1ft","https://www.reddit.com/r/planners/comments/1faxb4c/planners_for_folks_with_intense_adhd/llzg1ft/","/r/planners/comments/1faxb4c/planners_for_folks_with_intense_adhd/llzg1ft/","t1_llwss21","comment","llwss21","llwss21","1","false","llwss21 > llzg1ft","9abfb82c14563364","","","false","false","","2","2","0","0","0","1725730350.0","2024-09-07T17:32:30+00:00","false","False","","false","false","false","false","+1 for the cousin. I thought I wasn’t even going to use the weekly section when I first got it but now I can’t imagine not having it. I use the cousin for my work stuff and a Weeks for my personal stuff. I used the sterling ink planner this year which was good since I didn’t need the daily section so much so it was nice to just have note paper, but I’ll be back in a cousin next year as my job tasks are shifting back to needing that.","+1 for the cousin. I thought I wasn’t even going to use the weekly section when I first got it but now I can’t imagine not having it. I use the cousin for my work stuff and a Weeks for my personal stuff. I used the sterling ink planner this year which was good since I didn’t nee…","436","91","I like hobonichi cousin. Bullet journal was too much work for me, I hated all the set up. Hobonichi has a lot of space for daily so I can rapid log there if I want plus a full 24 hours on the weekly spreads to time block if I want.","I like hobonichi cousin. Bullet journal was too much work for me, I hated all the set up. Hobonichi has a lot of space for daily so I can rapid log there if I want plus a full 24 hours on the weekly spreads to time block if I want.","","false","false","planner | plan | weekly | daily","tasks","weekly | daily","mentions_feature_or_solution | mentions_pain_or_friction | mentions_planner_or_system","49","[THREAD_TITLE]
Planners for folks with Intense ADHD

[THREAD_BODY]
Hey there - looking for a planner that fits my needs as someone with ADHD. I just tried the MakseLife planner but hated the feel of a discbound planner system. I like the idea of goals and setting up concrete things, and time blocking - definitely undated. I know the Passion Planner is a big one, I'd like to maybe avoid that one for now if folks have other suggestions. If it's a spiral planner, that's even better. (I love to be able to have the pages open constantly for me to just have) Let me know! Thank you so much :)

[PARENT_COMMENT_CONTEXT]
I like hobonichi cousin. Bullet journal was too much work for me, I hated all the set up. Hobonichi has a lot of space for daily so I can rapid log there if I want plus a full 24 hours on the weekly spreads to time block if I want.

[CURRENT_RECORD]
+1 for the cousin. I thought I wasn’t even going to use the weekly section when I first got it but now I can’t imagine not having it. I use the cousin for my work stuff and a Weeks for my personal stuff. I used the sterling ink planner this year which was good since I didn’t need the daily section so much so it was nice to just have note paper, but I’ll be back in a cousin next year as my job tasks are shifting back to needing that."
"C:\Projects\Web\planner-tdah\research\reddit_data\reddit-planners-planners_for_folks_with_intense_adhd.json","reddit-planners-planners_for_folks_with_intense_adhd","1faxb4c","t3_1faxb4c","https://www.reddit.com/r/planners/comments/1faxb4c/planners_for_folks_with_intense_adhd/","planners","r/planners","Planners for folks with Intense ADHD","Hey there - looking for a planner that fits my needs as someone with ADHD. I just tried the MakseLife planner but hated the feel of a discbound planner system. I like the idea of goals and setting up concrete things, and time blocking - definitely undated. I know the Passion Planner is a big one, I'd like to maybe avoid that one for now if folks have other suggestions. If it's a spiral planner, that's even better. (I love to be able to have the pages open constantly for me to just have) Let me know! Thank you so much :)","","1725678147.0","2024-09-07T03:02:27+00:00","41","41","0.92","70","38d2e9b4bf165367","","reddit-planners-planners_for_folks_with_intense_adhd:comment:lm1bhan","comment","lm1bhan","t1_lm1bhan","https://www.reddit.com/r/planners/comments/1faxb4c/planners_for_folks_with_intense_adhd/lm1bhan/","/r/planners/comments/1faxb4c/planners_for_folks_with_intense_adhd/lm1bhan/","t1_llwss21","comment","llwss21","llwss21","1","false","llwss21 > lm1bhan","ec6083fd19db2dcb","","","false","false","","2","2","0","0","0","1725754154.0","2024-09-08T00:09:14+00:00","false","False","","false","false","false","false","I use the cousin too. I like that it’s structured enough to provide some guidance without having all the extra little distractions. I also found a bullet journal to be too much work, but the cousin seems to be a good balance","I use the cousin too. I like that it’s structured enough to provide some guidance without having all the extra little distractions. I also found a bullet journal to be too much work, but the cousin seems to be a good balance","224","42","I like hobonichi cousin. Bullet journal was too much work for me, I hated all the set up. Hobonichi has a lot of space for daily so I can rapid log there if I want plus a full 24 hours on the weekly spreads to time block if I want.","I like hobonichi cousin. Bullet journal was too much work for me, I hated all the set up. Hobonichi has a lot of space for daily so I can rapid log there if I want plus a full 24 hours on the weekly spreads to time block if I want.","","false","false","bullet journal | journal","too much","","mentions_pain_or_friction | mentions_planner_or_system | overwhelm_or_complexity_signal","31","[THREAD_TITLE]
Planners for folks with Intense ADHD

[THREAD_BODY]
Hey there - looking for a planner that fits my needs as someone with ADHD. I just tried the MakseLife planner but hated the feel of a discbound planner system. I like the idea of goals and setting up concrete things, and time blocking - definitely undated. I know the Passion Planner is a big one, I'd like to maybe avoid that one for now if folks have other suggestions. If it's a spiral planner, that's even better. (I love to be able to have the pages open constantly for me to just have) Let me know! Thank you so much :)

[PARENT_COMMENT_CONTEXT]
I like hobonichi cousin. Bullet journal was too much work for me, I hated all the set up. Hobonichi has a lot of space for daily so I can rapid log there if I want plus a full 24 hours on the weekly spreads to time block if I want.

[CURRENT_RECORD]
I use the cousin too. I like that it’s structured enough to provide some guidance without having all the extra little distractions. I also found a bullet journal to be too much work, but the cousin seems to be a good balance"
"C:\Projects\Web\planner-tdah\research\reddit_data\reddit-planners-planners_for_folks_with_intense_adhd.json","reddit-planners-planners_for_folks_with_intense_adhd","1faxb4c","t3_1faxb4c","https://www.reddit.com/r/planners/comments/1faxb4c/planners_for_folks_with_intense_adhd/","planners","r/planners","Planners for folks with Intense ADHD","Hey there - looking for a planner that fits my needs as someone with ADHD. I just tried the MakseLife planner but hated the feel of a discbound planner system. I like the idea of goals and setting up concrete things, and time blocking - definitely undated. I know the Passion Planner is a big one, I'd like to maybe avoid that one for now if folks have other suggestions. If it's a spiral planner, that's even better. (I love to be able to have the pages open constantly for me to just have) Let me know! Thank you so much :)","","1725678147.0","2024-09-07T03:02:27+00:00","41","41","0.92","70","38d2e9b4bf165367","","reddit-planners-planners_for_folks_with_intense_adhd:comment:lmc8m60","comment","lmc8m60","t1_lmc8m60","https://www.reddit.com/r/planners/comments/1faxb4c/planners_for_folks_with_intense_adhd/lmc8m60/","/r/planners/comments/1faxb4c/planners_for_folks_with_intense_adhd/lmc8m60/","t1_llwss21","comment","llwss21","llwss21","1","false","llwss21 > lmc8m60","5c1b60cbdb622307","","","false","false","","2","2","0","0","0","1725916778.0","2024-09-09T21:19:38+00:00","false","False","","false","false","false","false","Agreed. I use the hobonichi cousin, use the weekly spreads for time blocking! The structure is there if I need it but minimal enough I can ignore as needed.","Agreed. I use the hobonichi cousin, use the weekly spreads for time blocking! The structure is there if I need it but minimal enough I can ignore as needed.","156","29","I like hobonichi cousin. Bullet journal was too much work for me, I hated all the set up. Hobonichi has a lot of space for daily so I can rapid log there if I want plus a full 24 hours on the weekly spreads to time block if I want.","I like hobonichi cousin. Bullet journal was too much work for me, I hated all the set up. Hobonichi has a lot of space for daily so I can rapid log there if I want plus a full 24 hours on the weekly spreads to time block if I want.","","false","false","weekly","time","minimal | weekly","forgetfulness_or_time_signal | mentions_feature_or_solution | mentions_pain_or_friction | mentions_planner_or_system","35","[THREAD_TITLE]
Planners for folks with Intense ADHD

[THREAD_BODY]
Hey there - looking for a planner that fits my needs as someone with ADHD. I just tried the MakseLife planner but hated the feel of a discbound planner system. I like the idea of goals and setting up concrete things, and time blocking - definitely undated. I know the Passion Planner is a big one, I'd like to maybe avoid that one for now if folks have other suggestions. If it's a spiral planner, that's even better. (I love to be able to have the pages open constantly for me to just have) Let me know! Thank you so much :)

[PARENT_COMMENT_CONTEXT]
I like hobonichi cousin. Bullet journal was too much work for me, I hated all the set up. Hobonichi has a lot of space for daily so I can rapid log there if I want plus a full 24 hours on the weekly spreads to time block if I want.

[CURRENT_RECORD]
Agreed. I use the hobonichi cousin, use the weekly spreads for time blocking! The structure is there if I need it but minimal enough I can ignore as needed."
"C:\Projects\Web\planner-tdah\research\reddit_data\reddit-planners-planners_for_folks_with_intense_adhd.json","reddit-planners-planners_for_folks_with_intense_adhd","1faxb4c","t3_1faxb4c","https://www.reddit.com/r/planners/comments/1faxb4c/planners_for_folks_with_intense_adhd/","planners","r/planners","Planners for folks with Intense ADHD","Hey there - looking for a planner that fits my needs as someone with ADHD. I just tried the MakseLife planner but hated the feel of a discbound planner system. I like the idea of goals and setting up concrete things, and time blocking - definitely undated. I know the Passion Planner is a big one, I'd like to maybe avoid that one for now if folks have other suggestions. If it's a spiral planner, that's even better. (I love to be able to have the pages open constantly for me to just have) Let me know! Thank you so much :)","","1725678147.0","2024-09-07T03:02:27+00:00","41","41","0.92","70","38d2e9b4bf165367","","reddit-planners-planners_for_folks_with_intense_adhd:comment:llwlldg","comment","llwlldg","t1_llwlldg","https://www.reddit.com/r/planners/comments/1faxb4c/planners_for_folks_with_intense_adhd/llwlldg/","/r/planners/comments/1faxb4c/planners_for_folks_with_intense_adhd/llwlldg/","t3_1faxb4c","post","","llwlldg","0","true","llwlldg","fd5c13e96387882b","","","false","false","","10","10","0","0","1","1725680345.0","2024-09-07T03:39:05+00:00","false","False","","false","false","false","false","I do Bullet Journal in a Stalogy Editor's Series for work. I always end up fighting more structured planners but the timeline is great for time blocking.","I do Bullet Journal in a Stalogy Editor's Series for work. I always end up fighting more structured planners but the timeline is great for time blocking.","153","27","","","","false","true","planner | planners | plan | bullet journal | journal","time","","forgetfulness_or_time_signal | mentions_pain_or_friction | mentions_planner_or_system | mentions_working_solution_or_recommendation","59","[THREAD_TITLE]
Planners for folks with Intense ADHD

[THREAD_BODY]
Hey there - looking for a planner that fits my needs as someone with ADHD. I just tried the MakseLife planner but hated the feel of a discbound planner system. I like the idea of goals and setting up concrete things, and time blocking - definitely undated. I know the Passion Planner is a big one, I'd like to maybe avoid that one for now if folks have other suggestions. If it's a spiral planner, that's even better. (I love to be able to have the pages open constantly for me to just have) Let me know! Thank you so much :)

[CURRENT_RECORD]
I do Bullet Journal in a Stalogy Editor's Series for work. I always end up fighting more structured planners but the timeline is great for time blocking."
"C:\Projects\Web\planner-tdah\research\reddit_data\reddit-planners-planners_for_folks_with_intense_adhd.json","reddit-planners-planners_for_folks_with_intense_adhd","1faxb4c","t3_1faxb4c","https://www.reddit.com/r/planners/comments/1faxb4c/planners_for_folks_with_intense_adhd/","planners","r/planners","Planners for folks with Intense ADHD","Hey there - looking for a planner that fits my needs as someone with ADHD. I just tried the MakseLife planner but hated the feel of a discbound planner system. I like the idea of goals and setting up concrete things, and time blocking - definitely undated. I know the Passion Planner is a big one, I'd like to maybe avoid that one for now if folks have other suggestions. If it's a spiral planner, that's even better. (I love to be able to have the pages open constantly for me to just have) Let me know! Thank you so much :)","","1725678147.0","2024-09-07T03:02:27+00:00","41","41","0.92","70","38d2e9b4bf165367","","reddit-planners-planners_for_folks_with_intense_adhd:comment:llwloif","comment","llwloif","t1_llwloif","https://www.reddit.com/r/planners/comments/1faxb4c/planners_for_folks_with_intense_adhd/llwloif/","/r/planners/comments/1faxb4c/planners_for_folks_with_intense_adhd/llwloif/","t1_llwlldg","comment","llwlldg","llwlldg","1","false","llwlldg > llwloif","38d2e9b4bf165367","","","true","false","","13","13","0","0","2","1725680384.0","2024-09-07T03:39:44+00:00","false","False","","false","false","false","false","Yeah, I’ve tried bullet journals at least 5 times and every time I get too overwhelmed at the non-structure LOL","Yeah, I’ve tried bullet journals at least 5 times and every time I get too overwhelmed at the non-structure LOL","111","20","I do Bullet Journal in a Stalogy Editor's Series for work. I always end up fighting more structured planners but the timeline is great for time blocking.","I do Bullet Journal in a Stalogy Editor's Series for work. I always end up fighting more structured planners but the timeline is great for time blocking.","","false","false","bullet journal | journal","overwhelm | overwhelmed | time","","forgetfulness_or_time_signal | mentions_pain_or_friction | mentions_planner_or_system | overwhelm_or_complexity_signal","57","[THREAD_TITLE]
Planners for folks with Intense ADHD

[THREAD_BODY]
Hey there - looking for a planner that fits my needs as someone with ADHD. I just tried the MakseLife planner but hated the feel of a discbound planner system. I like the idea of goals and setting up concrete things, and time blocking - definitely undated. I know the Passion Planner is a big one, I'd like to maybe avoid that one for now if folks have other suggestions. If it's a spiral planner, that's even better. (I love to be able to have the pages open constantly for me to just have) Let me know! Thank you so much :)

[PARENT_COMMENT_CONTEXT]
I do Bullet Journal in a Stalogy Editor's Series for work. I always end up fighting more structured planners but the timeline is great for time blocking.

[CURRENT_RECORD]
Yeah, I’ve tried bullet journals at least 5 times and every time I get too overwhelmed at the non-structure LOL"
"C:\Projects\Web\planner-tdah\research\reddit_data\reddit-planners-planners_for_folks_with_intense_adhd.json","reddit-planners-planners_for_folks_with_intense_adhd","1faxb4c","t3_1faxb4c","https://www.reddit.com/r/planners/comments/1faxb4c/planners_for_folks_with_intense_adhd/","planners","r/planners","Planners for folks with Intense ADHD","Hey there - looking for a planner that fits my needs as someone with ADHD. I just tried the MakseLife planner but hated the feel of a discbound planner system. I like the idea of goals and setting up concrete things, and time blocking - definitely undated. I know the Passion Planner is a big one, I'd like to maybe avoid that one for now if folks have other suggestions. If it's a spiral planner, that's even better. (I love to be able to have the pages open constantly for me to just have) Let me know! Thank you so much :)","","1725678147.0","2024-09-07T03:02:27+00:00","41","41","0.92","70","38d2e9b4bf165367","","reddit-planners-planners_for_folks_with_intense_adhd:comment:llxgcnu","comment","llxgcnu","t1_llxgcnu","https://www.reddit.com/r/planners/comments/1faxb4c/planners_for_folks_with_intense_adhd/llxgcnu/","/r/planners/comments/1faxb4c/planners_for_folks_with_intense_adhd/llxgcnu/","t1_llwloif","comment","llwloif","llwlldg","2","false","llwlldg > llwloif > llxgcnu","f9794f4ef5d5590e","","Planning 2-5 years","false","false","","5","5","0","0","0","1725698623.0","2024-09-07T08:43:43+00:00","false","False","","false","false","false","false","i use a hobonichi techo and half bullet journal. not a spiral but lays flat. it’s easy spreads make my life easier since i don’t have to think about that and can just write tasks, events, or journal","i use a hobonichi techo and half bullet journal. not a spiral but lays flat. it’s easy spreads make my life easier since i don’t have to think about that and can just write tasks, events, or journal","198","38","Yeah, I’ve tried bullet journals at least 5 times and every time I get too overwhelmed at the non-structure LOL","I do Bullet Journal in a Stalogy Editor's Series for work. I always end up fighting more structured planners but the timeline is great for time blocking.","","false","false","bullet journal | journal","tasks","","mentions_pain_or_friction | mentions_planner_or_system","28","[THREAD_TITLE]
Planners for folks with Intense ADHD

[THREAD_BODY]
Hey there - looking for a planner that fits my needs as someone with ADHD. I just tried the MakseLife planner but hated the feel of a discbound planner system. I like the idea of goals and setting up concrete things, and time blocking - definitely undated. I know the Passion Planner is a big one, I'd like to maybe avoid that one for now if folks have other suggestions. If it's a spiral planner, that's even better. (I love to be able to have the pages open constantly for me to just have) Let me know! Thank you so much :)

[ROOT_COMMENT_CONTEXT]
I do Bullet Journal in a Stalogy Editor's Series for work. I always end up fighting more structured planners but the timeline is great for time blocking.

[PARENT_COMMENT_CONTEXT]
Yeah, I’ve tried bullet journals at least 5 times and every time I get too overwhelmed at the non-structure LOL

[CURRENT_RECORD]
i use a hobonichi techo and half bullet journal. not a spiral but lays flat. it’s easy spreads make my life easier since i don’t have to think about that and can just write tasks, events, or journal"
"C:\Projects\Web\planner-tdah\research\reddit_data\reddit-planners-planners_for_folks_with_intense_adhd.json","reddit-planners-planners_for_folks_with_intense_adhd","1faxb4c","t3_1faxb4c","https://www.reddit.com/r/planners/comments/1faxb4c/planners_for_folks_with_intense_adhd/","planners","r/planners","Planners for folks with Intense ADHD","Hey there - looking for a planner that fits my needs as someone with ADHD. I just tried the MakseLife planner but hated the feel of a discbound planner system. I like the idea of goals and setting up concrete things, and time blocking - definitely undated. I know the Passion Planner is a big one, I'd like to maybe avoid that one for now if folks have other suggestions. If it's a spiral planner, that's even better. (I love to be able to have the pages open constantly for me to just have) Let me know! Thank you so much :)","","1725678147.0","2024-09-07T03:02:27+00:00","41","41","0.92","70","38d2e9b4bf165367","","reddit-planners-planners_for_folks_with_intense_adhd:comment:llwo60b","comment","llwo60b","t1_llwo60b","https://www.reddit.com/r/planners/comments/1faxb4c/planners_for_folks_with_intense_adhd/llwo60b/","/r/planners/comments/1faxb4c/planners_for_folks_with_intense_adhd/llwo60b/","t1_llwloif","comment","llwloif","llwlldg","2","false","llwlldg > llwloif > llwo60b","fd5c13e96387882b","","","false","false","","2","2","0","0","1","1725681503.0","2024-09-07T03:58:23+00:00","false","False","","false","false","false","false","You might have to build something. What kind of goals are we talking about here? Lately, I have a couple softcover notebooks in a hard cover - like the Traveler's Notebook system. A lot of the Hobonichi Techo covers can do something similar. See also the Jibun Techo system. With all of these, you can do either a weekly or daily planner for time blocking and you can do whatever in the notebook for your larger goal setting. I thought the Hobonichi Techo was a really nice object and the daily pages are good at time blocking if the increments are fine enough for you but I really fought with goals, project planning, and keeping a to-do list - that's where the additional notebook would come in.","You might have to build something. What kind of goals are we talking about here? Lately, I have a couple softcover notebooks in a hard cover - like the Traveler's Notebook system. A lot of the Hobonichi Techo covers can do something similar. See also the Jibun Techo system. With…","697","127","Yeah, I’ve tried bullet journals at least 5 times and every time I get too overwhelmed at the non-structure LOL","I do Bullet Journal in a Stalogy Editor's Series for work. I always end up fighting more structured planners but the timeline is great for time blocking.","","true","false","planner | plan | planning | to-do | weekly | daily","time","weekly | daily","contains_question | forgetfulness_or_time_signal | long_form_comment | mentions_feature_or_solution | mentions_pain_or_friction | mentions_planner_or_system","64","[THREAD_TITLE]
Planners for folks with Intense ADHD

[THREAD_BODY]
Hey there - looking for a planner that fits my needs as someone with ADHD. I just tried the MakseLife planner but hated the feel of a discbound planner system. I like the idea of goals and setting up concrete things, and time blocking - definitely undated. I know the Passion Planner is a big one, I'd like to maybe avoid that one for now if folks have other suggestions. If it's a spiral planner, that's even better. (I love to be able to have the pages open constantly for me to just have) Let me know! Thank you so much :)

[ROOT_COMMENT_CONTEXT]
I do Bullet Journal in a Stalogy Editor's Series for work. I always end up fighting more structured planners but the timeline is great for time blocking.

[PARENT_COMMENT_CONTEXT]
Yeah, I’ve tried bullet journals at least 5 times and every time I get too overwhelmed at the non-structure LOL

[CURRENT_RECORD]
You might have to build something. What kind of goals are we talking about here? Lately, I have a couple softcover notebooks in a hard cover - like the Traveler's Notebook system. A lot of the Hobonichi Techo covers can do something similar. See also the Jibun Techo system. With all of these, you can do either a weekly or daily planner for time blocking and you can do whatever in the notebook for your larger goal setting. I thought the Hobonichi Techo was a really nice object and the daily pages are good at time blocking if the increments are fine enough for you but I really fought with goals, project planning, and keeping a to-do list - that's where the additional notebook would come in."
"C:\Projects\Web\planner-tdah\research\reddit_data\reddit-planners-planners_for_folks_with_intense_adhd.json","reddit-planners-planners_for_folks_with_intense_adhd","1faxb4c","t3_1faxb4c","https://www.reddit.com/r/planners/comments/1faxb4c/planners_for_folks_with_intense_adhd/","planners","r/planners","Planners for folks with Intense ADHD","Hey there - looking for a planner that fits my needs as someone with ADHD. I just tried the MakseLife planner but hated the feel of a discbound planner system. I like the idea of goals and setting up concrete things, and time blocking - definitely undated. I know the Passion Planner is a big one, I'd like to maybe avoid that one for now if folks have other suggestions. If it's a spiral planner, that's even better. (I love to be able to have the pages open constantly for me to just have) Let me know! Thank you so much :)","","1725678147.0","2024-09-07T03:02:27+00:00","41","41","0.92","70","38d2e9b4bf165367","","reddit-planners-planners_for_folks_with_intense_adhd:comment:llwohka","comment","llwohka","t1_llwohka","https://www.reddit.com/r/planners/comments/1faxb4c/planners_for_folks_with_intense_adhd/llwohka/","/r/planners/comments/1faxb4c/planners_for_folks_with_intense_adhd/llwohka/","t1_llwo60b","comment","llwo60b","llwlldg","3","false","llwlldg > llwloif > llwo60b > llwohka","38d2e9b4bf165367","","","true","false","","3","3","0","0","2","1725681652.0","2024-09-07T04:00:52+00:00","false","False","","false","false","false","false","Yeah — I am moreso inclined to the ideas of time blocking, to-do lists, and then habit tracking or weekly goals. Having like a weekly outlook is helpful. Maybe building is the right way.","Yeah — I am moreso inclined to the ideas of time blocking, to-do lists, and then habit tracking or weekly goals. Having like a weekly outlook is helpful. Maybe building is the right way.","186","34","You might have to build something. What kind of goals are we talking about here? Lately, I have a couple softcover notebooks in a hard cover - like the Traveler's Notebook system. A lot of the Hobonichi Techo covers can do something similar. See also the Jibun Techo system. With all of these, you can do either a weekly or daily planner for time blocking and you can do whatever in the notebook for your larger goal setting. I thought the Hobonichi Techo was a really nice object and the daily pages are good at time blocking if the increments are fine enough for you but I really fought with goals, project planning, and keeping a to-do list - that's where the additional notebook would come in.","I do Bullet Journal in a Stalogy Editor's Series for work. I always end up fighting more structured planners but the timeline is great for time blocking.","","false","false","to-do | weekly","time","weekly","forgetfulness_or_time_signal | mentions_feature_or_solution | mentions_pain_or_friction | mentions_planner_or_system","38","[THREAD_TITLE]
Planners for folks with Intense ADHD

[THREAD_BODY]
Hey there - looking for a planner that fits my needs as someone with ADHD. I just tried the MakseLife planner but hated the feel of a discbound planner system. I like the idea of goals and setting up concrete things, and time blocking - definitely undated. I know the Passion Planner is a big one, I'd like to maybe avoid that one for now if folks have other suggestions. If it's a spiral planner, that's even better. (I love to be able to have the pages open constantly for me to just have) Let me know! Thank you so much :)

[ROOT_COMMENT_CONTEXT]
I do Bullet Journal in a Stalogy Editor's Series for work. I always end up fighting more structured planners but the timeline is great for time blocking.

[PARENT_COMMENT_CONTEXT]
You might have to build something. What kind of goals are we talking about here? Lately, I have a couple softcover notebooks in a hard cover - like the Traveler's Notebook system. A lot of the Hobonichi Techo covers can do something similar. See also the Jibun Techo system. With all of these, you can do either a weekly or daily planner for time blocking and you can do whatever in the notebook for your larger goal setting. I thought the Hobonichi Techo was a really nice object and the daily pages are good at time blocking if the increments are fine enough for you but I really fought with goals, project planning, and keeping a to-do list - that's where the additional notebook would come in.

[CURRENT_RECORD]
Yeah — I am moreso inclined to the ideas of time blocking, to-do lists, and then habit tracking or weekly goals. Having like a weekly outlook is helpful. Maybe building is the right way."
"C:\Projects\Web\planner-tdah\research\reddit_data\reddit-planners-planners_for_folks_with_intense_adhd.json","reddit-planners-planners_for_folks_with_intense_adhd","1faxb4c","t3_1faxb4c","https://www.reddit.com/r/planners/comments/1faxb4c/planners_for_folks_with_intense_adhd/","planners","r/planners","Planners for folks with Intense ADHD","Hey there - looking for a planner that fits my needs as someone with ADHD. I just tried the MakseLife planner but hated the feel of a discbound planner system. I like the idea of goals and setting up concrete things, and time blocking - definitely undated. I know the Passion Planner is a big one, I'd like to maybe avoid that one for now if folks have other suggestions. If it's a spiral planner, that's even better. (I love to be able to have the pages open constantly for me to just have) Let me know! Thank you so much :)","","1725678147.0","2024-09-07T03:02:27+00:00","41","41","0.92","70","38d2e9b4bf165367","","reddit-planners-planners_for_folks_with_intense_adhd:comment:llwpksr","comment","llwpksr","t1_llwpksr","https://www.reddit.com/r/planners/comments/1faxb4c/planners_for_folks_with_intense_adhd/llwpksr/","/r/planners/comments/1faxb4c/planners_for_folks_with_intense_adhd/llwpksr/","t1_llwohka","comment","llwohka","llwlldg","4","false","llwlldg > llwloif > llwo60b > llwohka > llwpksr","fd5c13e96387882b","","","false","false","","1","1","0","0","0","1725682175.0","2024-09-07T04:09:35+00:00","false","False","","false","false","false","false","How fine do you want to get about time blocking? If you look at the Hobonichi Techo Weeks, it gives you a layout with days on the left but no timelines and a big, open grid on the right. You could do weekly goals and to-do's on the right. The days on the left are six rows tall and don't have lines of their own though you can probably see them through the page. That's enough if you just have a couple, pretty rough blocks you want to set out but not so good if you're tracking within a work day that has a million meetings. It would be cool to just have that one layout for your whole week.","How fine do you want to get about time blocking? If you look at the Hobonichi Techo Weeks, it gives you a layout with days on the left but no timelines and a big, open grid on the right. You could do weekly goals and to-do's on the right. The days on the left are six rows tall a…","592","120","Yeah — I am moreso inclined to the ideas of time blocking, to-do lists, and then habit tracking or weekly goals. Having like a weekly outlook is helpful. Maybe building is the right way.","I do Bullet Journal in a Stalogy Editor's Series for work. I always end up fighting more structured planners but the timeline is great for time blocking.","","true","false","to-do | weekly","time | no time","layout | weekly","contains_question | forgetfulness_or_time_signal | long_form_comment | mentions_feature_or_solution | mentions_pain_or_friction | mentions_planner_or_system","54","[THREAD_TITLE]
Planners for folks with Intense ADHD

[THREAD_BODY]
Hey there - looking for a planner that fits my needs as someone with ADHD. I just tried the MakseLife planner but hated the feel of a discbound planner system. I like the idea of goals and setting up concrete things, and time blocking - definitely undated. I know the Passion Planner is a big one, I'd like to maybe avoid that one for now if folks have other suggestions. If it's a spiral planner, that's even better. (I love to be able to have the pages open constantly for me to just have) Let me know! Thank you so much :)

[ROOT_COMMENT_CONTEXT]
I do Bullet Journal in a Stalogy Editor's Series for work. I always end up fighting more structured planners but the timeline is great for time blocking.

[PARENT_COMMENT_CONTEXT]
Yeah — I am moreso inclined to the ideas of time blocking, to-do lists, and then habit tracking or weekly goals. Having like a weekly outlook is helpful. Maybe building is the right way.

[CURRENT_RECORD]
How fine do you want to get about time blocking? If you look at the Hobonichi Techo Weeks, it gives you a layout with days on the left but no timelines and a big, open grid on the right. You could do weekly goals and to-do's on the right. The days on the left are six rows tall and don't have lines of their own though you can probably see them through the page. That's enough if you just have a couple, pretty rough blocks you want to set out but not so good if you're tracking within a work day that has a million meetings. It would be cool to just have that one layout for your whole week."
"C:\Projects\Web\planner-tdah\research\reddit_data\reddit-planners-planners_for_folks_with_intense_adhd.json","reddit-planners-planners_for_folks_with_intense_adhd","1faxb4c","t3_1faxb4c","https://www.reddit.com/r/planners/comments/1faxb4c/planners_for_folks_with_intense_adhd/","planners","r/planners","Planners for folks with Intense ADHD","Hey there - looking for a planner that fits my needs as someone with ADHD. I just tried the MakseLife planner but hated the feel of a discbound planner system. I like the idea of goals and setting up concrete things, and time blocking - definitely undated. I know the Passion Planner is a big one, I'd like to maybe avoid that one for now if folks have other suggestions. If it's a spiral planner, that's even better. (I love to be able to have the pages open constantly for me to just have) Let me know! Thank you so much :)","","1725678147.0","2024-09-07T03:02:27+00:00","41","41","0.92","70","38d2e9b4bf165367","","reddit-planners-planners_for_folks_with_intense_adhd:comment:lm6jxaw","comment","lm6jxaw","t1_lm6jxaw","https://www.reddit.com/r/planners/comments/1faxb4c/planners_for_folks_with_intense_adhd/lm6jxaw/","/r/planners/comments/1faxb4c/planners_for_folks_with_intense_adhd/lm6jxaw/","t1_llwohka","comment","llwohka","llwlldg","4","false","llwlldg > llwloif > llwo60b > llwohka > lm6jxaw","e064338d3c1a5454","","","false","false","","1","1","0","0","0","1725831148.0","2024-09-08T21:32:28+00:00","false","False","","false","false","false","false","Yeah I did Hobonichi for a while and liked it but ultimately wanted both more and less structure lol. I ended up getting rings so I could print out exactly what I wanted. That can be a whole rabbit hole in itself but has ended up working well for me. It lets me experiment with different things and move stuff around which is helpful for my brain.","Yeah I did Hobonichi for a while and liked it but ultimately wanted both more and less structure lol. I ended up getting rings so I could print out exactly what I wanted. That can be a whole rabbit hole in itself but has ended up working well for me. It lets me experiment with d…","347","67","Yeah — I am moreso inclined to the ideas of time blocking, to-do lists, and then habit tracking or weekly goals. Having like a weekly outlook is helpful. Maybe building is the right way.","I do Bullet Journal in a Stalogy Editor's Series for work. I always end up fighting more structured planners but the timeline is great for time blocking.","","false","false","","","print","mentions_feature_or_solution","14","[THREAD_TITLE]
Planners for folks with Intense ADHD

[THREAD_BODY]
Hey there - looking for a planner that fits my needs as someone with ADHD. I just tried the MakseLife planner but hated the feel of a discbound planner system. I like the idea of goals and setting up concrete things, and time blocking - definitely undated. I know the Passion Planner is a big one, I'd like to maybe avoid that one for now if folks have other suggestions. If it's a spiral planner, that's even better. (I love to be able to have the pages open constantly for me to just have) Let me know! Thank you so much :)

[ROOT_COMMENT_CONTEXT]
I do Bullet Journal in a Stalogy Editor's Series for work. I always end up fighting more structured planners but the timeline is great for time blocking.

[PARENT_COMMENT_CONTEXT]
Yeah — I am moreso inclined to the ideas of time blocking, to-do lists, and then habit tracking or weekly goals. Having like a weekly outlook is helpful. Maybe building is the right way.

[CURRENT_RECORD]
Yeah I did Hobonichi for a while and liked it but ultimately wanted both more and less structure lol. I ended up getting rings so I could print out exactly what I wanted. That can be a whole rabbit hole in itself but has ended up working well for me. It lets me experiment with different things and move stuff around which is helpful for my brain."
"C:\Projects\Web\planner-tdah\research\reddit_data\reddit-planners-planners_for_folks_with_intense_adhd.json","reddit-planners-planners_for_folks_with_intense_adhd","1faxb4c","t3_1faxb4c","https://www.reddit.com/r/planners/comments/1faxb4c/planners_for_folks_with_intense_adhd/","planners","r/planners","Planners for folks with Intense ADHD","Hey there - looking for a planner that fits my needs as someone with ADHD. I just tried the MakseLife planner but hated the feel of a discbound planner system. I like the idea of goals and setting up concrete things, and time blocking - definitely undated. I know the Passion Planner is a big one, I'd like to maybe avoid that one for now if folks have other suggestions. If it's a spiral planner, that's even better. (I love to be able to have the pages open constantly for me to just have) Let me know! Thank you so much :)","","1725678147.0","2024-09-07T03:02:27+00:00","41","41","0.92","70","38d2e9b4bf165367","","reddit-planners-planners_for_folks_with_intense_adhd:comment:llwsx8f","comment","llwsx8f","t1_llwsx8f","https://www.reddit.com/r/planners/comments/1faxb4c/planners_for_folks_with_intense_adhd/llwsx8f/","/r/planners/comments/1faxb4c/planners_for_folks_with_intense_adhd/llwsx8f/","t3_1faxb4c","post","","llwsx8f","0","true","llwsx8f","93755d36aa3e01ed","","","false","false","","10","10","0","0","1","1725683852.0","2024-09-07T04:37:32+00:00","false","False","","false","false","false","false","I have a Laurel Denise planner that lets me see the month and week at the same time which is critical for me. The vertical and portrait styles are good for time blocking. The one downside is that they’re kind of big, but I carry a backpack and have the desk space to keep it open at work so it does the trick for me","I have a Laurel Denise planner that lets me see the month and week at the same time which is critical for me. The vertical and portrait styles are good for time blocking. The one downside is that they’re kind of big, but I carry a backpack and have the desk space to keep it open…","315","65","","","","false","true","planner | plan","time","","forgetfulness_or_time_signal | mentions_pain_or_friction | mentions_planner_or_system | mentions_working_solution_or_recommendation","47","[THREAD_TITLE]
Planners for folks with Intense ADHD

[THREAD_BODY]
Hey there - looking for a planner that fits my needs as someone with ADHD. I just tried the MakseLife planner but hated the feel of a discbound planner system. I like the idea of goals and setting up concrete things, and time blocking - definitely undated. I know the Passion Planner is a big one, I'd like to maybe avoid that one for now if folks have other suggestions. If it's a spiral planner, that's even better. (I love to be able to have the pages open constantly for me to just have) Let me know! Thank you so much :)

[CURRENT_RECORD]
I have a Laurel Denise planner that lets me see the month and week at the same time which is critical for me. The vertical and portrait styles are good for time blocking. The one downside is that they’re kind of big, but I carry a backpack and have the desk space to keep it open at work so it does the trick for me"
"C:\Projects\Web\planner-tdah\research\reddit_data\reddit-planners-planners_for_folks_with_intense_adhd.json","reddit-planners-planners_for_folks_with_intense_adhd","1faxb4c","t3_1faxb4c","https://www.reddit.com/r/planners/comments/1faxb4c/planners_for_folks_with_intense_adhd/","planners","r/planners","Planners for folks with Intense ADHD","Hey there - looking for a planner that fits my needs as someone with ADHD. I just tried the MakseLife planner but hated the feel of a discbound planner system. I like the idea of goals and setting up concrete things, and time blocking - definitely undated. I know the Passion Planner is a big one, I'd like to maybe avoid that one for now if folks have other suggestions. If it's a spiral planner, that's even better. (I love to be able to have the pages open constantly for me to just have) Let me know! Thank you so much :)","","1725678147.0","2024-09-07T03:02:27+00:00","41","41","0.92","70","38d2e9b4bf165367","","reddit-planners-planners_for_folks_with_intense_adhd:comment:llwtc4s","comment","llwtc4s","t1_llwtc4s","https://www.reddit.com/r/planners/comments/1faxb4c/planners_for_folks_with_intense_adhd/llwtc4s/","/r/planners/comments/1faxb4c/planners_for_folks_with_intense_adhd/llwtc4s/","t1_llwsx8f","comment","llwsx8f","llwsx8f","1","false","llwsx8f > llwtc4s","38d2e9b4bf165367","","","true","false","","1","1","0","0","1","1725684069.0","2024-09-07T04:41:09+00:00","false","False","","false","false","false","false","Is there daily options with this one,","Is there daily options with this one,","37","7","I have a Laurel Denise planner that lets me see the month and week at the same time which is critical for me. The vertical and portrait styles are good for time blocking. The one downside is that they’re kind of big, but I carry a backpack and have the desk space to keep it open at work so it does the trick for me","I have a Laurel Denise planner that lets me see the month and week at the same time which is critical for me. The vertical and portrait styles are good for time blocking. The one downside is that they’re kind of big, but I carry a backpack and have the desk space to keep it open at work so it does the trick for me","","false","false","daily","","daily","mentions_feature_or_solution | mentions_planner_or_system","11","[THREAD_TITLE]
Planners for folks with Intense ADHD

[THREAD_BODY]
Hey there - looking for a planner that fits my needs as someone with ADHD. I just tried the MakseLife planner but hated the feel of a discbound planner system. I like the idea of goals and setting up concrete things, and time blocking - definitely undated. I know the Passion Planner is a big one, I'd like to maybe avoid that one for now if folks have other suggestions. If it's a spiral planner, that's even better. (I love to be able to have the pages open constantly for me to just have) Let me know! Thank you so much :)

[PARENT_COMMENT_CONTEXT]
I have a Laurel Denise planner that lets me see the month and week at the same time which is critical for me. The vertical and portrait styles are good for time blocking. The one downside is that they’re kind of big, but I carry a backpack and have the desk space to keep it open at work so it does the trick for me

[CURRENT_RECORD]
Is there daily options with this one,"
"C:\Projects\Web\planner-tdah\research\reddit_data\reddit-planners-planners_for_folks_with_intense_adhd.json","reddit-planners-planners_for_folks_with_intense_adhd","1faxb4c","t3_1faxb4c","https://www.reddit.com/r/planners/comments/1faxb4c/planners_for_folks_with_intense_adhd/","planners","r/planners","Planners for folks with Intense ADHD","Hey there - looking for a planner that fits my needs as someone with ADHD. I just tried the MakseLife planner but hated the feel of a discbound planner system. I like the idea of goals and setting up concrete things, and time blocking - definitely undated. I know the Passion Planner is a big one, I'd like to maybe avoid that one for now if folks have other suggestions. If it's a spiral planner, that's even better. (I love to be able to have the pages open constantly for me to just have) Let me know! Thank you so much :)","","1725678147.0","2024-09-07T03:02:27+00:00","41","41","0.92","70","38d2e9b4bf165367","","reddit-planners-planners_for_folks_with_intense_adhd:comment:llx15rb","comment","llx15rb","t1_llx15rb","https://www.reddit.com/r/planners/comments/1faxb4c/planners_for_folks_with_intense_adhd/llx15rb/","/r/planners/comments/1faxb4c/planners_for_folks_with_intense_adhd/llx15rb/","t1_llwtc4s","comment","llwtc4s","llwsx8f","2","false","llwsx8f > llwtc4s > llx15rb","93755d36aa3e01ed","","","false","false","","4","4","0","0","0","1725688509.0","2024-09-07T05:55:09+00:00","false","False","","false","false","false","false","It doesn’t have a single page per day https://laureldenise.com/products/academic-mini-vertical-weekly-planner-treasure-1","It doesn’t have a single page per day https://laureldenise.com/products/academic-mini-vertical-weekly-planner-treasure-1","120","9","Is there daily options with this one,","I have a Laurel Denise planner that lets me see the month and week at the same time which is critical for me. The vertical and portrait styles are good for time blocking. The one downside is that they’re kind of big, but I carry a backpack and have the desk space to keep it open at work so it does the trick for me","https://laureldenise.com/products/academic-mini-vertical-weekly-planner-treasure-1","false","false","planner | plan | weekly","","weekly","mentions_feature_or_solution | mentions_planner_or_system","16","[THREAD_TITLE]
Planners for folks with Intense ADHD

[THREAD_BODY]
Hey there - looking for a planner that fits my needs as someone with ADHD. I just tried the MakseLife planner but hated the feel of a discbound planner system. I like the idea of goals and setting up concrete things, and time blocking - definitely undated. I know the Passion Planner is a big one, I'd like to maybe avoid that one for now if folks have other suggestions. If it's a spiral planner, that's even better. (I love to be able to have the pages open constantly for me to just have) Let me know! Thank you so much :)

[ROOT_COMMENT_CONTEXT]
I have a Laurel Denise planner that lets me see the month and week at the same time which is critical for me. The vertical and portrait styles are good for time blocking. The one downside is that they’re kind of big, but I carry a backpack and have the desk space to keep it open at work so it does the trick for me

[PARENT_COMMENT_CONTEXT]
Is there daily options with this one,

[CURRENT_RECORD]
It doesn’t have a single page per day https://laureldenise.com/products/academic-mini-vertical-weekly-planner-treasure-1"
"C:\Projects\Web\planner-tdah\research\reddit_data\reddit-planners-planners_for_folks_with_intense_adhd.json","reddit-planners-planners_for_folks_with_intense_adhd","1faxb4c","t3_1faxb4c","https://www.reddit.com/r/planners/comments/1faxb4c/planners_for_folks_with_intense_adhd/","planners","r/planners","Planners for folks with Intense ADHD","Hey there - looking for a planner that fits my needs as someone with ADHD. I just tried the MakseLife planner but hated the feel of a discbound planner system. I like the idea of goals and setting up concrete things, and time blocking - definitely undated. I know the Passion Planner is a big one, I'd like to maybe avoid that one for now if folks have other suggestions. If it's a spiral planner, that's even better. (I love to be able to have the pages open constantly for me to just have) Let me know! Thank you so much :)","","1725678147.0","2024-09-07T03:02:27+00:00","41","41","0.92","70","38d2e9b4bf165367","","reddit-planners-planners_for_folks_with_intense_adhd:comment:llz0w1n","comment","llz0w1n","t1_llz0w1n","https://www.reddit.com/r/planners/comments/1faxb4c/planners_for_folks_with_intense_adhd/llz0w1n/","/r/planners/comments/1faxb4c/planners_for_folks_with_intense_adhd/llz0w1n/","t3_1faxb4c","post","","llz0w1n","0","true","llz0w1n","8d65fc0813db19ee","","","false","false","","9","9","0","0","1","1725725340.0","2024-09-07T16:09:00+00:00","false","False","","false","false","false","false","This is a tough one to answer because everyone’s ADHD is different and you’ll have to figure out what works for you. That might even change with time or context (I have a different system at work vs home, and now vs when I was a student vs when I was a freelancer). The best advice I can offer is what I learned in CBT for executive function: the best planner for ADHD is the one you will use every day. Look at a lot of peoples’ planning systems on YouTube and Instagram and go with your gut if something calls to you!","This is a tough one to answer because everyone’s ADHD is different and you’ll have to figure out what works for you. That might even change with time or context (I have a different system at work vs home, and now vs when I was a student vs when I was a freelancer). The best advi…","519","103","","","","false","false","planner | plan | planning","adhd | executive function | time","change","forgetfulness_or_time_signal | long_form_comment | mentions_feature_or_solution | mentions_pain_or_friction | mentions_planner_or_system | novelty_or_format_change_signal","67","[THREAD_TITLE]
Planners for folks with Intense ADHD

[THREAD_BODY]
Hey there - looking for a planner that fits my needs as someone with ADHD. I just tried the MakseLife planner but hated the feel of a discbound planner system. I like the idea of goals and setting up concrete things, and time blocking - definitely undated. I know the Passion Planner is a big one, I'd like to maybe avoid that one for now if folks have other suggestions. If it's a spiral planner, that's even better. (I love to be able to have the pages open constantly for me to just have) Let me know! Thank you so much :)

[CURRENT_RECORD]
This is a tough one to answer because everyone’s ADHD is different and you’ll have to figure out what works for you. That might even change with time or context (I have a different system at work vs home, and now vs when I was a student vs when I was a freelancer). The best advice I can offer is what I learned in CBT for executive function: the best planner for ADHD is the one you will use every day. Look at a lot of peoples’ planning systems on YouTube and Instagram and go with your gut if something calls to you!"
"C:\Projects\Web\planner-tdah\research\reddit_data\reddit-planners-planners_for_folks_with_intense_adhd.json","reddit-planners-planners_for_folks_with_intense_adhd","1faxb4c","t3_1faxb4c","https://www.reddit.com/r/planners/comments/1faxb4c/planners_for_folks_with_intense_adhd/","planners","r/planners","Planners for folks with Intense ADHD","Hey there - looking for a planner that fits my needs as someone with ADHD. I just tried the MakseLife planner but hated the feel of a discbound planner system. I like the idea of goals and setting up concrete things, and time blocking - definitely undated. I know the Passion Planner is a big one, I'd like to maybe avoid that one for now if folks have other suggestions. If it's a spiral planner, that's even better. (I love to be able to have the pages open constantly for me to just have) Let me know! Thank you so much :)","","1725678147.0","2024-09-07T03:02:27+00:00","41","41","0.92","70","38d2e9b4bf165367","","reddit-planners-planners_for_folks_with_intense_adhd:comment:mpt1uv9","comment","mpt1uv9","t1_mpt1uv9","https://www.reddit.com/r/planners/comments/1faxb4c/planners_for_folks_with_intense_adhd/mpt1uv9/","/r/planners/comments/1faxb4c/planners_for_folks_with_intense_adhd/mpt1uv9/","t1_llz0w1n","comment","llz0w1n","llz0w1n","1","false","llz0w1n > mpt1uv9","2a23d945f8bdb4e3","","","false","false","","1","1","0","0","1","1746000974.0","2025-04-30T08:16:14+00:00","false","False","","false","false","false","false","Is ""CBT for executive function"" a book? It sounds like something I need!","Is ""CBT for executive function"" a book? It sounds like something I need!","72","13","This is a tough one to answer because everyone’s ADHD is different and you’ll have to figure out what works for you. That might even change with time or context (I have a different system at work vs home, and now vs when I was a student vs when I was a freelancer). The best advice I can offer is what I learned in CBT for executive function: the best planner for ADHD is the one you will use every day. Look at a lot of peoples’ planning systems on YouTube and Instagram and go with your gut if something calls to you!","This is a tough one to answer because everyone’s ADHD is different and you’ll have to figure out what works for you. That might even change with time or context (I have a different system at work vs home, and now vs when I was a student vs when I was a freelancer). The best advice I can offer is what I learned in CBT for executive function: the best planner for ADHD is the one you will use every day. Look at a lot of peoples’ planning systems on YouTube and Instagram and go with your gut if something calls to you!","","true","false","","executive function","","contains_question | mentions_pain_or_friction","8","[THREAD_TITLE]
Planners for folks with Intense ADHD

[THREAD_BODY]
Hey there - looking for a planner that fits my needs as someone with ADHD. I just tried the MakseLife planner but hated the feel of a discbound planner system. I like the idea of goals and setting up concrete things, and time blocking - definitely undated. I know the Passion Planner is a big one, I'd like to maybe avoid that one for now if folks have other suggestions. If it's a spiral planner, that's even better. (I love to be able to have the pages open constantly for me to just have) Let me know! Thank you so much :)

[PARENT_COMMENT_CONTEXT]
This is a tough one to answer because everyone’s ADHD is different and you’ll have to figure out what works for you. That might even change with time or context (I have a different system at work vs home, and now vs when I was a student vs when I was a freelancer). The best advice I can offer is what I learned in CBT for executive function: the best planner for ADHD is the one you will use every day. Look at a lot of peoples’ planning systems on YouTube and Instagram and go with your gut if something calls to you!

[CURRENT_RECORD]
Is ""CBT for executive function"" a book? It sounds like something I need!"
"C:\Projects\Web\planner-tdah\research\reddit_data\reddit-planners-planners_for_folks_with_intense_adhd.json","reddit-planners-planners_for_folks_with_intense_adhd","1faxb4c","t3_1faxb4c","https://www.reddit.com/r/planners/comments/1faxb4c/planners_for_folks_with_intense_adhd/","planners","r/planners","Planners for folks with Intense ADHD","Hey there - looking for a planner that fits my needs as someone with ADHD. I just tried the MakseLife planner but hated the feel of a discbound planner system. I like the idea of goals and setting up concrete things, and time blocking - definitely undated. I know the Passion Planner is a big one, I'd like to maybe avoid that one for now if folks have other suggestions. If it's a spiral planner, that's even better. (I love to be able to have the pages open constantly for me to just have) Let me know! Thank you so much :)","","1725678147.0","2024-09-07T03:02:27+00:00","41","41","0.92","70","38d2e9b4bf165367","","reddit-planners-planners_for_folks_with_intense_adhd:comment:mpystdh","comment","mpystdh","t1_mpystdh","https://www.reddit.com/r/planners/comments/1faxb4c/planners_for_folks_with_intense_adhd/mpystdh/","/r/planners/comments/1faxb4c/planners_for_folks_with_intense_adhd/mpystdh/","t1_mpt1uv9","comment","mpt1uv9","llz0w1n","2","false","llz0w1n > mpt1uv9 > mpystdh","8d65fc0813db19ee","","","false","false","","1","1","0","0","0","1746073320.0","2025-05-01T04:22:00+00:00","1746073518.0","1746073518.0","2025-05-01T04:25:18+00:00","false","false","false","false","CBT is cognitive behavioral therapy, so it was a set of therapy sessions I went to! There's also a book I read, but I think it's intended more for service providers than patients. It's called Cognitive-Behavioral Therapy for Adult ADHD: Targeting Executive Dysfunction, by Mary V. Solanto. A book that's more for adults with ADHD themselves is You Mean I'm Not Lazy, Stupid, or Crazy?! by Kate Kelly and Peggy Ramundo. CBT is one of the only types of therapy that really helps for a lot of learning disabilities and mental illnesses. It's hard--you have to train yourself to challenge old ways of thinking and adhere to new habits. For me, that was forcing myself to check in with my planner constantly. I bought so many planners without building the habit to actually use them correctly. But it's so worth it to retrain your brain! It really helps. Be careful googling ""CBT,"" because it's also the acronym for (adult content) >!a type of BDSM!<. If you like both, then go ahead and google the acronym, but if you're looking for only the therapy, I suggest typing out ""cognitive behavioral therapy"" each time, hahaha!","CBT is cognitive behavioral therapy, so it was a set of therapy sessions I went to! There's also a book I read, but I think it's intended more for service providers than patients. It's called Cognitive-Behavioral Therapy for Adult ADHD: Targeting Executive Dysfunction, by Mary V…","1117","193","Is ""CBT for executive function"" a book? It sounds like something I need!","This is a tough one to answer because everyone’s ADHD is different and you’ll have to figure out what works for you. That might even change with time or context (I have a different system at work vs home, and now vs when I was a student vs when I was a freelancer). The best advice I can offer is what I learned in CBT for executive function: the best planner for ADHD is the one you will use every day. Look at a lot of peoples’ planning systems on YouTube and Instagram and go with your gut if something calls to you!","","true","true","planner | planners | plan","adhd | lazy | time","","contains_question | forgetfulness_or_time_signal | guilt_or_shame_signal | long_form_comment | mentions_pain_or_friction | mentions_planner_or_system | mentions_working_solution_or_recommendation","81","[THREAD_TITLE]
Planners for folks with Intense ADHD

[THREAD_BODY]
Hey there - looking for a planner that fits my needs as someone with ADHD. I just tried the MakseLife planner but hated the feel of a discbound planner system. I like the idea of goals and setting up concrete things, and time blocking - definitely undated. I know the Passion Planner is a big one, I'd like to maybe avoid that one for now if folks have other suggestions. If it's a spiral planner, that's even better. (I love to be able to have the pages open constantly for me to just have) Let me know! Thank you so much :)

[ROOT_COMMENT_CONTEXT]
This is a tough one to answer because everyone’s ADHD is different and you’ll have to figure out what works for you. That might even change with time or context (I have a different system at work vs home, and now vs when I was a student vs when I was a freelancer). The best advice I can offer is what I learned in CBT for executive function: the best planner for ADHD is the one you will use every day. Look at a lot of peoples’ planning systems on YouTube and Instagram and go with your gut if something calls to you!

[PARENT_COMMENT_CONTEXT]
Is ""CBT for executive function"" a book? It sounds like something I need!

[CURRENT_RECORD]
CBT is cognitive behavioral therapy, so it was a set of therapy sessions I went to! There's also a book I read, but I think it's intended more for service providers than patients. It's called Cognitive-Behavioral Therapy for Adult ADHD: Targeting Executive Dysfunction, by Mary V. Solanto. A book that's more for adults with ADHD themselves is You Mean I'm Not Lazy, Stupid, or Crazy?! by Kate Kelly and Peggy Ramundo. CBT is one of the only types of therapy that really helps for a lot of learning disabilities and mental illnesses. It's hard--you have to train yourself to challenge old ways of thinking and adhere to new habits. For me, that was forcing myself to check in with my planner constantly. I bought so many planners without building the habit to actually use them correctly. But it's so worth it to retrain your brain! It really helps. Be careful googling ""CBT,"" because it's also the acronym for (adult content) >!a type of BDSM!<. If you like both, then go ahead and google the acronym, but if you're looking for only the therapy, I suggest typing out ""cognitive behavioral therapy"" each time, hahaha!"
"C:\Projects\Web\planner-tdah\research\reddit_data\reddit-planners-planners_for_folks_with_intense_adhd.json","reddit-planners-planners_for_folks_with_intense_adhd","1faxb4c","t3_1faxb4c","https://www.reddit.com/r/planners/comments/1faxb4c/planners_for_folks_with_intense_adhd/","planners","r/planners","Planners for folks with Intense ADHD","Hey there - looking for a planner that fits my needs as someone with ADHD. I just tried the MakseLife planner but hated the feel of a discbound planner system. I like the idea of goals and setting up concrete things, and time blocking - definitely undated. I know the Passion Planner is a big one, I'd like to maybe avoid that one for now if folks have other suggestions. If it's a spiral planner, that's even better. (I love to be able to have the pages open constantly for me to just have) Let me know! Thank you so much :)","","1725678147.0","2024-09-07T03:02:27+00:00","41","41","0.92","70","38d2e9b4bf165367","","reddit-planners-planners_for_folks_with_intense_adhd:comment:llxzpdx","comment","llxzpdx","t1_llxzpdx","https://www.reddit.com/r/planners/comments/1faxb4c/planners_for_folks_with_intense_adhd/llxzpdx/","/r/planners/comments/1faxb4c/planners_for_folks_with_intense_adhd/llxzpdx/","t3_1faxb4c","post","","llxzpdx","0","true","llxzpdx","452eb1cd57c307ae","","","false","false","","7","7","0","0","0","1725710941.0","2024-09-07T12:09:01+00:00","false","False","","false","false","false","false","(aDHD & Dyslexic here) I started with Hobonichi English A6 + Weekly supplement and needed more room n daily pages so moved to Hobonichi A5 Cousin.","(aDHD & Dyslexic here) I started with Hobonichi English A6 + Weekly supplement and needed more room n daily pages so moved to Hobonichi A5 Cousin.","146","26","","","","false","false","weekly | daily","adhd","weekly | daily","mentions_feature_or_solution | mentions_pain_or_friction | mentions_planner_or_system","36","[THREAD_TITLE]
Planners for folks with Intense ADHD

[THREAD_BODY]
Hey there - looking for a planner that fits my needs as someone with ADHD. I just tried the MakseLife planner but hated the feel of a discbound planner system. I like the idea of goals and setting up concrete things, and time blocking - definitely undated. I know the Passion Planner is a big one, I'd like to maybe avoid that one for now if folks have other suggestions. If it's a spiral planner, that's even better. (I love to be able to have the pages open constantly for me to just have) Let me know! Thank you so much :)

[CURRENT_RECORD]
(aDHD & Dyslexic here) I started with Hobonichi English A6 + Weekly supplement and needed more room n daily pages so moved to Hobonichi A5 Cousin."
"C:\Projects\Web\planner-tdah\research\reddit_data\reddit-planners-planners_for_folks_with_intense_adhd.json","reddit-planners-planners_for_folks_with_intense_adhd","1faxb4c","t3_1faxb4c","https://www.reddit.com/r/planners/comments/1faxb4c/planners_for_folks_with_intense_adhd/","planners","r/planners","Planners for folks with Intense ADHD","Hey there - looking for a planner that fits my needs as someone with ADHD. I just tried the MakseLife planner but hated the feel of a discbound planner system. I like the idea of goals and setting up concrete things, and time blocking - definitely undated. I know the Passion Planner is a big one, I'd like to maybe avoid that one for now if folks have other suggestions. If it's a spiral planner, that's even better. (I love to be able to have the pages open constantly for me to just have) Let me know! Thank you so much :)","","1725678147.0","2024-09-07T03:02:27+00:00","41","41","0.92","70","38d2e9b4bf165367","","reddit-planners-planners_for_folks_with_intense_adhd:comment:llwhjpa","comment","llwhjpa","t1_llwhjpa","https://www.reddit.com/r/planners/comments/1faxb4c/planners_for_folks_with_intense_adhd/llwhjpa/","/r/planners/comments/1faxb4c/planners_for_folks_with_intense_adhd/llwhjpa/","t3_1faxb4c","post","","llwhjpa","0","true","llwhjpa","614a13c21a33c5e0","","","false","false","","5","5","0","0","1","1725678564.0","2024-09-07T03:09:24+00:00","false","False","","false","false","false","false","MakseLife comes on a spiral.","MakseLife comes on a spiral.","28","5","","","","false","false","","","","","8","[THREAD_TITLE]
Planners for folks with Intense ADHD

[THREAD_BODY]
Hey there - looking for a planner that fits my needs as someone with ADHD. I just tried the MakseLife planner but hated the feel of a discbound planner system. I like the idea of goals and setting up concrete things, and time blocking - definitely undated. I know the Passion Planner is a big one, I'd like to maybe avoid that one for now if folks have other suggestions. If it's a spiral planner, that's even better. (I love to be able to have the pages open constantly for me to just have) Let me know! Thank you so much :)

[CURRENT_RECORD]
MakseLife comes on a spiral."
"C:\Projects\Web\planner-tdah\research\reddit_data\reddit-planners-planners_for_folks_with_intense_adhd.json","reddit-planners-planners_for_folks_with_intense_adhd","1faxb4c","t3_1faxb4c","https://www.reddit.com/r/planners/comments/1faxb4c/planners_for_folks_with_intense_adhd/","planners","r/planners","Planners for folks with Intense ADHD","Hey there - looking for a planner that fits my needs as someone with ADHD. I just tried the MakseLife planner but hated the feel of a discbound planner system. I like the idea of goals and setting up concrete things, and time blocking - definitely undated. I know the Passion Planner is a big one, I'd like to maybe avoid that one for now if folks have other suggestions. If it's a spiral planner, that's even better. (I love to be able to have the pages open constantly for me to just have) Let me know! Thank you so much :)","","1725678147.0","2024-09-07T03:02:27+00:00","41","41","0.92","70","38d2e9b4bf165367","","reddit-planners-planners_for_folks_with_intense_adhd:comment:llwhn81","comment","llwhn81","t1_llwhn81","https://www.reddit.com/r/planners/comments/1faxb4c/planners_for_folks_with_intense_adhd/llwhn81/","/r/planners/comments/1faxb4c/planners_for_folks_with_intense_adhd/llwhn81/","t1_llwhjpa","comment","llwhjpa","llwhjpa","1","false","llwhjpa > llwhn81","38d2e9b4bf165367","","","true","false","","1","1","0","0","2","1725678607.0","2024-09-07T03:10:07+00:00","false","False","","false","false","false","false","Yeah I didn’t love MakseLife - didn’t feel like me. Was seeing if folks had other recs","Yeah I didn’t love MakseLife - didn’t feel like me. Was seeing if folks had other recs","86","17","MakseLife comes on a spiral.","MakseLife comes on a spiral.","","false","true","","","","mentions_working_solution_or_recommendation","11","[THREAD_TITLE]
Planners for folks with Intense ADHD

[THREAD_BODY]
Hey there - looking for a planner that fits my needs as someone with ADHD. I just tried the MakseLife planner but hated the feel of a discbound planner system. I like the idea of goals and setting up concrete things, and time blocking - definitely undated. I know the Passion Planner is a big one, I'd like to maybe avoid that one for now if folks have other suggestions. If it's a spiral planner, that's even better. (I love to be able to have the pages open constantly for me to just have) Let me know! Thank you so much :)

[PARENT_COMMENT_CONTEXT]
MakseLife comes on a spiral.

[CURRENT_RECORD]
Yeah I didn’t love MakseLife - didn’t feel like me. Was seeing if folks had other recs"
"C:\Projects\Web\planner-tdah\research\reddit_data\reddit-planners-planners_for_folks_with_intense_adhd.json","reddit-planners-planners_for_folks_with_intense_adhd","1faxb4c","t3_1faxb4c","https://www.reddit.com/r/planners/comments/1faxb4c/planners_for_folks_with_intense_adhd/","planners","r/planners","Planners for folks with Intense ADHD","Hey there - looking for a planner that fits my needs as someone with ADHD. I just tried the MakseLife planner but hated the feel of a discbound planner system. I like the idea of goals and setting up concrete things, and time blocking - definitely undated. I know the Passion Planner is a big one, I'd like to maybe avoid that one for now if folks have other suggestions. If it's a spiral planner, that's even better. (I love to be able to have the pages open constantly for me to just have) Let me know! Thank you so much :)","","1725678147.0","2024-09-07T03:02:27+00:00","41","41","0.92","70","38d2e9b4bf165367","","reddit-planners-planners_for_folks_with_intense_adhd:comment:llx8xgi","comment","llx8xgi","t1_llx8xgi","https://www.reddit.com/r/planners/comments/1faxb4c/planners_for_folks_with_intense_adhd/llx8xgi/","/r/planners/comments/1faxb4c/planners_for_folks_with_intense_adhd/llx8xgi/","t1_llwhn81","comment","llwhn81","llwhjpa","2","false","llwhjpa > llwhn81 > llx8xgi","1a47af21097b0414","","","false","false","","9","9","0","0","2","1725693462.0","2024-09-07T07:17:42+00:00","false","False","","false","false","false","false","The way you wrote it sounds like you're saying you didn't like Makselife because it's discbound","The way you wrote it sounds like you're saying you didn't like Makselife because it's discbound","95","16","Yeah I didn’t love MakseLife - didn’t feel like me. Was seeing if folks had other recs","MakseLife comes on a spiral.","","false","false","","","","","8","[THREAD_TITLE]
Planners for folks with Intense ADHD

[THREAD_BODY]
Hey there - looking for a planner that fits my needs as someone with ADHD. I just tried the MakseLife planner but hated the feel of a discbound planner system. I like the idea of goals and setting up concrete things, and time blocking - definitely undated. I know the Passion Planner is a big one, I'd like to maybe avoid that one for now if folks have other suggestions. If it's a spiral planner, that's even better. (I love to be able to have the pages open constantly for me to just have) Let me know! Thank you so much :)

[ROOT_COMMENT_CONTEXT]
MakseLife comes on a spiral.

[PARENT_COMMENT_CONTEXT]
Yeah I didn’t love MakseLife - didn’t feel like me. Was seeing if folks had other recs

[CURRENT_RECORD]
The way you wrote it sounds like you're saying you didn't like Makselife because it's discbound"
"C:\Projects\Web\planner-tdah\research\reddit_data\reddit-planners-planners_for_folks_with_intense_adhd.json","reddit-planners-planners_for_folks_with_intense_adhd","1faxb4c","t3_1faxb4c","https://www.reddit.com/r/planners/comments/1faxb4c/planners_for_folks_with_intense_adhd/","planners","r/planners","Planners for folks with Intense ADHD","Hey there - looking for a planner that fits my needs as someone with ADHD. I just tried the MakseLife planner but hated the feel of a discbound planner system. I like the idea of goals and setting up concrete things, and time blocking - definitely undated. I know the Passion Planner is a big one, I'd like to maybe avoid that one for now if folks have other suggestions. If it's a spiral planner, that's even better. (I love to be able to have the pages open constantly for me to just have) Let me know! Thank you so much :)","","1725678147.0","2024-09-07T03:02:27+00:00","41","41","0.92","70","38d2e9b4bf165367","","reddit-planners-planners_for_folks_with_intense_adhd:comment:lm1qiik","comment","lm1qiik","t1_lm1qiik","https://www.reddit.com/r/planners/comments/1faxb4c/planners_for_folks_with_intense_adhd/lm1qiik/","/r/planners/comments/1faxb4c/planners_for_folks_with_intense_adhd/lm1qiik/","t1_llx8xgi","comment","llx8xgi","llwhjpa","3","false","llwhjpa > llwhn81 > llx8xgi > lm1qiik","04c20fd29ca5b14a","","","false","false","","2","2","0","0","0","1725759980.0","2024-09-08T01:46:20+00:00","false","False","","false","false","false","false","You weren't the only one confused. I was like- I've only ever seen spiral Makselife","You weren't the only one confused. I was like- I've only ever seen spiral Makselife","83","15","The way you wrote it sounds like you're saying you didn't like Makselife because it's discbound","MakseLife comes on a spiral.","","false","false","","","","","0","[THREAD_TITLE]
Planners for folks with Intense ADHD

[THREAD_BODY]
Hey there - looking for a planner that fits my needs as someone with ADHD. I just tried the MakseLife planner but hated the feel of a discbound planner system. I like the idea of goals and setting up concrete things, and time blocking - definitely undated. I know the Passion Planner is a big one, I'd like to maybe avoid that one for now if folks have other suggestions. If it's a spiral planner, that's even better. (I love to be able to have the pages open constantly for me to just have) Let me know! Thank you so much :)

[ROOT_COMMENT_CONTEXT]
MakseLife comes on a spiral.

[PARENT_COMMENT_CONTEXT]
The way you wrote it sounds like you're saying you didn't like Makselife because it's discbound

[CURRENT_RECORD]
You weren't the only one confused. I was like- I've only ever seen spiral Makselife"
"C:\Projects\Web\planner-tdah\research\reddit_data\reddit-planners-planners_for_folks_with_intense_adhd.json","reddit-planners-planners_for_folks_with_intense_adhd","1faxb4c","t3_1faxb4c","https://www.reddit.com/r/planners/comments/1faxb4c/planners_for_folks_with_intense_adhd/","planners","r/planners","Planners for folks with Intense ADHD","Hey there - looking for a planner that fits my needs as someone with ADHD. I just tried the MakseLife planner but hated the feel of a discbound planner system. I like the idea of goals and setting up concrete things, and time blocking - definitely undated. I know the Passion Planner is a big one, I'd like to maybe avoid that one for now if folks have other suggestions. If it's a spiral planner, that's even better. (I love to be able to have the pages open constantly for me to just have) Let me know! Thank you so much :)","","1725678147.0","2024-09-07T03:02:27+00:00","41","41","0.92","70","38d2e9b4bf165367","","reddit-planners-planners_for_folks_with_intense_adhd:comment:lm2du4l","comment","lm2du4l","t1_lm2du4l","https://www.reddit.com/r/planners/comments/1faxb4c/planners_for_folks_with_intense_adhd/lm2du4l/","/r/planners/comments/1faxb4c/planners_for_folks_with_intense_adhd/lm2du4l/","t1_llx8xgi","comment","llx8xgi","llwhjpa","3","false","llwhjpa > llwhn81 > llx8xgi > lm2du4l","38d2e9b4bf165367","","","true","false","","1","1","0","0","0","1725770094.0","2024-09-08T04:34:54+00:00","false","False","","false","false","false","false","Yeah sorry - I worded that poorly there.","Yeah sorry - I worded that poorly there.","40","8","The way you wrote it sounds like you're saying you didn't like Makselife because it's discbound","MakseLife comes on a spiral.","","false","false","","","","","0","[THREAD_TITLE]
Planners for folks with Intense ADHD

[THREAD_BODY]
Hey there - looking for a planner that fits my needs as someone with ADHD. I just tried the MakseLife planner but hated the feel of a discbound planner system. I like the idea of goals and setting up concrete things, and time blocking - definitely undated. I know the Passion Planner is a big one, I'd like to maybe avoid that one for now if folks have other suggestions. If it's a spiral planner, that's even better. (I love to be able to have the pages open constantly for me to just have) Let me know! Thank you so much :)

[ROOT_COMMENT_CONTEXT]
MakseLife comes on a spiral.

[PARENT_COMMENT_CONTEXT]
The way you wrote it sounds like you're saying you didn't like Makselife because it's discbound

[CURRENT_RECORD]
Yeah sorry - I worded that poorly there."
"C:\Projects\Web\planner-tdah\research\reddit_data\reddit-planners-planners_for_folks_with_intense_adhd.json","reddit-planners-planners_for_folks_with_intense_adhd","1faxb4c","t3_1faxb4c","https://www.reddit.com/r/planners/comments/1faxb4c/planners_for_folks_with_intense_adhd/","planners","r/planners","Planners for folks with Intense ADHD","Hey there - looking for a planner that fits my needs as someone with ADHD. I just tried the MakseLife planner but hated the feel of a discbound planner system. I like the idea of goals and setting up concrete things, and time blocking - definitely undated. I know the Passion Planner is a big one, I'd like to maybe avoid that one for now if folks have other suggestions. If it's a spiral planner, that's even better. (I love to be able to have the pages open constantly for me to just have) Let me know! Thank you so much :)","","1725678147.0","2024-09-07T03:02:27+00:00","41","41","0.92","70","38d2e9b4bf165367","","reddit-planners-planners_for_folks_with_intense_adhd:comment:llyyn0h","comment","llyyn0h","t1_llyyn0h","https://www.reddit.com/r/planners/comments/1faxb4c/planners_for_folks_with_intense_adhd/llyyn0h/","/r/planners/comments/1faxb4c/planners_for_folks_with_intense_adhd/llyyn0h/","t1_llwhn81","comment","llwhn81","llwhjpa","2","false","llwhjpa > llwhn81 > llyyn0h","614a13c21a33c5e0","","","false","false","","2","2","0","0","0","1725724573.0","2024-09-07T15:56:13+00:00","false","False","","false","false","false","false","Ok. Have you looked into HB90? It’s on Etsy.","Ok. Have you looked into HB90? It’s on Etsy.","44","9","Yeah I didn’t love MakseLife - didn’t feel like me. Was seeing if folks had other recs","MakseLife comes on a spiral.","","true","false","","","","contains_question","0","[THREAD_TITLE]
Planners for folks with Intense ADHD

[THREAD_BODY]
Hey there - looking for a planner that fits my needs as someone with ADHD. I just tried the MakseLife planner but hated the feel of a discbound planner system. I like the idea of goals and setting up concrete things, and time blocking - definitely undated. I know the Passion Planner is a big one, I'd like to maybe avoid that one for now if folks have other suggestions. If it's a spiral planner, that's even better. (I love to be able to have the pages open constantly for me to just have) Let me know! Thank you so much :)

[ROOT_COMMENT_CONTEXT]
MakseLife comes on a spiral.

[PARENT_COMMENT_CONTEXT]
Yeah I didn’t love MakseLife - didn’t feel like me. Was seeing if folks had other recs

[CURRENT_RECORD]
Ok. Have you looked into HB90? It’s on Etsy."
"C:\Projects\Web\planner-tdah\research\reddit_data\reddit-planners-planners_for_folks_with_intense_adhd.json","reddit-planners-planners_for_folks_with_intense_adhd","1faxb4c","t3_1faxb4c","https://www.reddit.com/r/planners/comments/1faxb4c/planners_for_folks_with_intense_adhd/","planners","r/planners","Planners for folks with Intense ADHD","Hey there - looking for a planner that fits my needs as someone with ADHD. I just tried the MakseLife planner but hated the feel of a discbound planner system. I like the idea of goals and setting up concrete things, and time blocking - definitely undated. I know the Passion Planner is a big one, I'd like to maybe avoid that one for now if folks have other suggestions. If it's a spiral planner, that's even better. (I love to be able to have the pages open constantly for me to just have) Let me know! Thank you so much :)","","1725678147.0","2024-09-07T03:02:27+00:00","41","41","0.92","70","38d2e9b4bf165367","","reddit-planners-planners_for_folks_with_intense_adhd:comment:llyvp13","comment","llyvp13","t1_llyvp13","https://www.reddit.com/r/planners/comments/1faxb4c/planners_for_folks_with_intense_adhd/llyvp13/","/r/planners/comments/1faxb4c/planners_for_folks_with_intense_adhd/llyvp13/","t3_1faxb4c","post","","llyvp13","0","true","llyvp13","8727d7aaf5e82c97","","","false","false","","5","5","0","0","0","1725723575.0","2024-09-07T15:39:35+00:00","false","False","","false","false","false","false","I make my own in Canva and print it at home on A5 6 hole paper for my binder. It’s infinitely flexible to my needs and the fact that I enjoy the process helps me stick to it. Plus making the papers helps me visualize what I need to do. I’m highly visual and have to have physical objects to remember them.","I make my own in Canva and print it at home on A5 6 hole paper for my binder. It’s infinitely flexible to my needs and the fact that I enjoy the process helps me stick to it. Plus making the papers helps me visualize what I need to do. I’m highly visual and have to have physical…","305","62","","","","false","true","binder | to do","","flexible | visual | print | binder","mentions_feature_or_solution | mentions_planner_or_system | mentions_working_solution_or_recommendation | printable_modular_system_signal","53","[THREAD_TITLE]
Planners for folks with Intense ADHD

[THREAD_BODY]
Hey there - looking for a planner that fits my needs as someone with ADHD. I just tried the MakseLife planner but hated the feel of a discbound planner system. I like the idea of goals and setting up concrete things, and time blocking - definitely undated. I know the Passion Planner is a big one, I'd like to maybe avoid that one for now if folks have other suggestions. If it's a spiral planner, that's even better. (I love to be able to have the pages open constantly for me to just have) Let me know! Thank you so much :)

[CURRENT_RECORD]
I make my own in Canva and print it at home on A5 6 hole paper for my binder. It’s infinitely flexible to my needs and the fact that I enjoy the process helps me stick to it. Plus making the papers helps me visualize what I need to do. I’m highly visual and have to have physical objects to remember them."
"C:\Projects\Web\planner-tdah\research\reddit_data\reddit-planners-planners_for_folks_with_intense_adhd.json","reddit-planners-planners_for_folks_with_intense_adhd","1faxb4c","t3_1faxb4c","https://www.reddit.com/r/planners/comments/1faxb4c/planners_for_folks_with_intense_adhd/","planners","r/planners","Planners for folks with Intense ADHD","Hey there - looking for a planner that fits my needs as someone with ADHD. I just tried the MakseLife planner but hated the feel of a discbound planner system. I like the idea of goals and setting up concrete things, and time blocking - definitely undated. I know the Passion Planner is a big one, I'd like to maybe avoid that one for now if folks have other suggestions. If it's a spiral planner, that's even better. (I love to be able to have the pages open constantly for me to just have) Let me know! Thank you so much :)","","1725678147.0","2024-09-07T03:02:27+00:00","41","41","0.92","70","38d2e9b4bf165367","","reddit-planners-planners_for_folks_with_intense_adhd:comment:lm028kk","comment","lm028kk","t1_lm028kk","https://www.reddit.com/r/planners/comments/1faxb4c/planners_for_folks_with_intense_adhd/lm028kk/","/r/planners/comments/1faxb4c/planners_for_folks_with_intense_adhd/lm028kk/","t3_1faxb4c","post","","lm028kk","0","true","lm028kk","f81cb6af9c5b6438","","","false","false","","5","5","0","0","0","1725737896.0","2024-09-07T19:38:16+00:00","false","False","","false","false","false","false","I have ADHD and autism (audhd some people call it I guess?) and I use a hobonichi weeks. It’s small and simplified enough while still being structured. I can’t do open ended planners/journals like bullet journals or daily pages cause it causes decision paralysis and then I completely avoid using it then feel guilty I’m not using it and it snowballs lol But honestly I really think finding one that interests you enough is all that truly matters. If we don’t enjoy doing something and it feels like a chore it’s too hard to stick with. If you can find a layout that works for you and find stickers, washi, special pens, etc. to make it fun and keep your interest peaked that’s the most important part I think. Good luck!💕","I have ADHD and autism (audhd some people call it I guess?) and I use a hobonichi weeks. It’s small and simplified enough while still being structured. I can’t do open ended planners/journals like bullet journals or daily pages cause it causes decision paralysis and then I compl…","722","131","","","","true","false","planner | planners | plan | bullet journal | journal | daily","adhd | guilt | guilty","layout | daily","contains_question | guilt_or_shame_signal | long_form_comment | mentions_feature_or_solution | mentions_pain_or_friction | mentions_planner_or_system","76","[THREAD_TITLE]
Planners for folks with Intense ADHD

[THREAD_BODY]
Hey there - looking for a planner that fits my needs as someone with ADHD. I just tried the MakseLife planner but hated the feel of a discbound planner system. I like the idea of goals and setting up concrete things, and time blocking - definitely undated. I know the Passion Planner is a big one, I'd like to maybe avoid that one for now if folks have other suggestions. If it's a spiral planner, that's even better. (I love to be able to have the pages open constantly for me to just have) Let me know! Thank you so much :)

[CURRENT_RECORD]
I have ADHD and autism (audhd some people call it I guess?) and I use a hobonichi weeks. It’s small and simplified enough while still being structured. I can’t do open ended planners/journals like bullet journals or daily pages cause it causes decision paralysis and then I completely avoid using it then feel guilty I’m not using it and it snowballs lol But honestly I really think finding one that interests you enough is all that truly matters. If we don’t enjoy doing something and it feels like a chore it’s too hard to stick with. If you can find a layout that works for you and find stickers, washi, special pens, etc. to make it fun and keep your interest peaked that’s the most important part I think. Good luck!💕"
"C:\Projects\Web\planner-tdah\research\reddit_data\reddit-planners-planners_for_folks_with_intense_adhd.json","reddit-planners-planners_for_folks_with_intense_adhd","1faxb4c","t3_1faxb4c","https://www.reddit.com/r/planners/comments/1faxb4c/planners_for_folks_with_intense_adhd/","planners","r/planners","Planners for folks with Intense ADHD","Hey there - looking for a planner that fits my needs as someone with ADHD. I just tried the MakseLife planner but hated the feel of a discbound planner system. I like the idea of goals and setting up concrete things, and time blocking - definitely undated. I know the Passion Planner is a big one, I'd like to maybe avoid that one for now if folks have other suggestions. If it's a spiral planner, that's even better. (I love to be able to have the pages open constantly for me to just have) Let me know! Thank you so much :)","","1725678147.0","2024-09-07T03:02:27+00:00","41","41","0.92","70","38d2e9b4bf165367","","reddit-planners-planners_for_folks_with_intense_adhd:comment:llwnfdz","comment","llwnfdz","t1_llwnfdz","https://www.reddit.com/r/planners/comments/1faxb4c/planners_for_folks_with_intense_adhd/llwnfdz/","/r/planners/comments/1faxb4c/planners_for_folks_with_intense_adhd/llwnfdz/","t3_1faxb4c","post","","llwnfdz","0","true","llwnfdz","3e276b36bb9d2a25","","","false","false","","5","5","0","0","1","1725681161.0","2024-09-07T03:52:41+00:00","false","False","","false","false","false","false","There are also bound planners that open completely, aka lay flat. You could check out Aura Estelle, they have a wide selection, and post good images and information about the layouts. I love knowing exactly what I'm ordering, as returns are such extra. For completely undated there's Stalogy and Wonderland222 notebooks that come with a timeline. The timeline on Stalogy is very faint IRL, and on Wonderland it's darker and well visible. I guess timeline would be a must, as you do time blocking? None of these have ready set goals, as they're very minimalistic. I've printed my own daily to do -list on sticker paper, and use the grid on the planner as check boxes. I also add other tasks with the help of the grid. Hobonichi has 5 ready made slots for tasks. For me it was visually too much with the quotes and all random stuff, but mainly I got overwhelmed by having months first, then weeks, then the days. However Hobonichi is dated.","There are also bound planners that open completely, aka lay flat. You could check out Aura Estelle, they have a wide selection, and post good images and information about the layouts. I love knowing exactly what I'm ordering, as returns are such extra. For completely undated the…","938","167","","","","true","true","planner | planners | plan | to do | daily","overwhelm | overwhelmed | time | too much | tasks","minimal | minimalist | visual | visible | print | layout | layouts | daily","contains_question | forgetfulness_or_time_signal | long_form_comment | mentions_feature_or_solution | mentions_pain_or_friction | mentions_planner_or_system | mentions_working_solution_or_recommendation | overwhelm_or_complexity_signal","100","[THREAD_TITLE]
Planners for folks with Intense ADHD

[THREAD_BODY]
Hey there - looking for a planner that fits my needs as someone with ADHD. I just tried the MakseLife planner but hated the feel of a discbound planner system. I like the idea of goals and setting up concrete things, and time blocking - definitely undated. I know the Passion Planner is a big one, I'd like to maybe avoid that one for now if folks have other suggestions. If it's a spiral planner, that's even better. (I love to be able to have the pages open constantly for me to just have) Let me know! Thank you so much :)

[CURRENT_RECORD]
There are also bound planners that open completely, aka lay flat. You could check out Aura Estelle, they have a wide selection, and post good images and information about the layouts. I love knowing exactly what I'm ordering, as returns are such extra. For completely undated there's Stalogy and Wonderland222 notebooks that come with a timeline. The timeline on Stalogy is very faint IRL, and on Wonderland it's darker and well visible. I guess timeline would be a must, as you do time blocking? None of these have ready set goals, as they're very minimalistic. I've printed my own daily to do -list on sticker paper, and use the grid on the planner as check boxes. I also add other tasks with the help of the grid. Hobonichi has 5 ready made slots for tasks. For me it was visually too much with the quotes and all random stuff, but mainly I got overwhelmed by having months first, then weeks, then the days. However Hobonichi is dated."
"C:\Projects\Web\planner-tdah\research\reddit_data\reddit-planners-planners_for_folks_with_intense_adhd.json","reddit-planners-planners_for_folks_with_intense_adhd","1faxb4c","t3_1faxb4c","https://www.reddit.com/r/planners/comments/1faxb4c/planners_for_folks_with_intense_adhd/","planners","r/planners","Planners for folks with Intense ADHD","Hey there - looking for a planner that fits my needs as someone with ADHD. I just tried the MakseLife planner but hated the feel of a discbound planner system. I like the idea of goals and setting up concrete things, and time blocking - definitely undated. I know the Passion Planner is a big one, I'd like to maybe avoid that one for now if folks have other suggestions. If it's a spiral planner, that's even better. (I love to be able to have the pages open constantly for me to just have) Let me know! Thank you so much :)","","1725678147.0","2024-09-07T03:02:27+00:00","41","41","0.92","70","38d2e9b4bf165367","","reddit-planners-planners_for_folks_with_intense_adhd:comment:llwnl45","comment","llwnl45","t1_llwnl45","https://www.reddit.com/r/planners/comments/1faxb4c/planners_for_folks_with_intense_adhd/llwnl45/","/r/planners/comments/1faxb4c/planners_for_folks_with_intense_adhd/llwnl45/","t1_llwnfdz","comment","llwnfdz","llwnfdz","1","false","llwnfdz > llwnl45","38d2e9b4bf165367","","","true","false","","4","4","0","0","1","1725681234.0","2024-09-07T03:53:54+00:00","false","False","","false","false","false","false","Thank you! Yeah, time blocking/timeline would be important for me. But I’d be willing to check out anything at this point that might work with my ADHD","Thank you! Yeah, time blocking/timeline would be important for me. But I’d be willing to check out anything at this point that might work with my ADHD","150","27","There are also bound planners that open completely, aka lay flat. You could check out Aura Estelle, they have a wide selection, and post good images and information about the layouts. I love knowing exactly what I'm ordering, as returns are such extra. For completely undated there's Stalogy and Wonderland222 notebooks that come with a timeline. The timeline on Stalogy is very faint IRL, and on Wonderland it's darker and well visible. I guess timeline would be a must, as you do time blocking? None of these have ready set goals, as they're very minimalistic. I've printed my own daily to do -list on sticker paper, and use the grid on the planner as check boxes. I also add other tasks with the…","There are also bound planners that open completely, aka lay flat. You could check out Aura Estelle, they have a wide selection, and post good images and information about the layouts. I love knowing exactly what I'm ordering, as returns are such extra. For completely undated there's Stalogy and Wonderland222 notebooks that come with a timeline. The timeline on Stalogy is very faint IRL, and on Wonderland it's darker and well visible. I guess timeline would be a must, as you do time blocking? None of these have ready set goals, as they're very minimalistic. I've printed my own daily to do -list on sticker paper, and use the grid on the planner as check boxes. I also add other tasks with the…","","false","false","","adhd | time","","forgetfulness_or_time_signal | mentions_pain_or_friction","31","[THREAD_TITLE]
Planners for folks with Intense ADHD

[THREAD_BODY]
Hey there - looking for a planner that fits my needs as someone with ADHD. I just tried the MakseLife planner but hated the feel of a discbound planner system. I like the idea of goals and setting up concrete things, and time blocking - definitely undated. I know the Passion Planner is a big one, I'd like to maybe avoid that one for now if folks have other suggestions. If it's a spiral planner, that's even better. (I love to be able to have the pages open constantly for me to just have) Let me know! Thank you so much :)

[PARENT_COMMENT_CONTEXT]
There are also bound planners that open completely, aka lay flat. You could check out Aura Estelle, they have a wide selection, and post good images and information about the layouts. I love knowing exactly what I'm ordering, as returns are such extra. For completely undated there's Stalogy and Wonderland222 notebooks that come with a timeline. The timeline on Stalogy is very faint IRL, and on Wonderland it's darker and well visible. I guess timeline would be a must, as you do time blocking? None of these have ready set goals, as they're very minimalistic. I've printed my own daily to do -list on sticker paper, and use the grid on the planner as check boxes. I also add other tasks with the…

[CURRENT_RECORD]
Thank you! Yeah, time blocking/timeline would be important for me. But I’d be willing to check out anything at this point that might work with my ADHD"
"C:\Projects\Web\planner-tdah\research\reddit_data\reddit-planners-planners_for_folks_with_intense_adhd.json","reddit-planners-planners_for_folks_with_intense_adhd","1faxb4c","t3_1faxb4c","https://www.reddit.com/r/planners/comments/1faxb4c/planners_for_folks_with_intense_adhd/","planners","r/planners","Planners for folks with Intense ADHD","Hey there - looking for a planner that fits my needs as someone with ADHD. I just tried the MakseLife planner but hated the feel of a discbound planner system. I like the idea of goals and setting up concrete things, and time blocking - definitely undated. I know the Passion Planner is a big one, I'd like to maybe avoid that one for now if folks have other suggestions. If it's a spiral planner, that's even better. (I love to be able to have the pages open constantly for me to just have) Let me know! Thank you so much :)","","1725678147.0","2024-09-07T03:02:27+00:00","41","41","0.92","70","38d2e9b4bf165367","","reddit-planners-planners_for_folks_with_intense_adhd:comment:llwnywf","comment","llwnywf","t1_llwnywf","https://www.reddit.com/r/planners/comments/1faxb4c/planners_for_folks_with_intense_adhd/llwnywf/","/r/planners/comments/1faxb4c/planners_for_folks_with_intense_adhd/llwnywf/","t1_llwnl45","comment","llwnl45","llwnfdz","2","false","llwnfdz > llwnl45 > llwnywf","3e276b36bb9d2a25","","","false","false","","2","2","0","0","0","1725681410.0","2024-09-07T03:56:50+00:00","false","False","","false","false","false","false","All those I mentioned have a timeline.:) I don't know if it's in every one of their products, but I'm using Aura Estelle B6 Daily (it comes both dated and undated).","All those I mentioned have a timeline.:) I don't know if it's in every one of their products, but I'm using Aura Estelle B6 Daily (it comes both dated and undated).","164","31","Thank you! Yeah, time blocking/timeline would be important for me. But I’d be willing to check out anything at this point that might work with my ADHD","There are also bound planners that open completely, aka lay flat. You could check out Aura Estelle, they have a wide selection, and post good images and information about the layouts. I love knowing exactly what I'm ordering, as returns are such extra. For completely undated there's Stalogy and Wonderland222 notebooks that come with a timeline. The timeline on Stalogy is very faint IRL, and on Wonderland it's darker and well visible. I guess timeline would be a must, as you do time blocking? None of these have ready set goals, as they're very minimalistic. I've printed my own daily to do -list on sticker paper, and use the grid on the planner as check boxes. I also add other tasks with the…","","false","false","daily","time","daily","mentions_feature_or_solution | mentions_pain_or_friction | mentions_planner_or_system","23","[THREAD_TITLE]
Planners for folks with Intense ADHD

[THREAD_BODY]
Hey there - looking for a planner that fits my needs as someone with ADHD. I just tried the MakseLife planner but hated the feel of a discbound planner system. I like the idea of goals and setting up concrete things, and time blocking - definitely undated. I know the Passion Planner is a big one, I'd like to maybe avoid that one for now if folks have other suggestions. If it's a spiral planner, that's even better. (I love to be able to have the pages open constantly for me to just have) Let me know! Thank you so much :)

[ROOT_COMMENT_CONTEXT]
There are also bound planners that open completely, aka lay flat. You could check out Aura Estelle, they have a wide selection, and post good images and information about the layouts. I love knowing exactly what I'm ordering, as returns are such extra. For completely undated there's Stalogy and Wonderland222 notebooks that come with a timeline. The timeline on Stalogy is very faint IRL, and on Wonderland it's darker and well visible. I guess timeline would be a must, as you do time blocking? None of these have ready set goals, as they're very minimalistic. I've printed my own daily to do -list on sticker paper, and use the grid on the planner as check boxes. I also add other tasks with the…

[PARENT_COMMENT_CONTEXT]
Thank you! Yeah, time blocking/timeline would be important for me. But I’d be willing to check out anything at this point that might work with my ADHD

[CURRENT_RECORD]
All those I mentioned have a timeline.:) I don't know if it's in every one of their products, but I'm using Aura Estelle B6 Daily (it comes both dated and undated)."
"C:\Projects\Web\planner-tdah\research\reddit_data\reddit-planners-planners_for_folks_with_intense_adhd.json","reddit-planners-planners_for_folks_with_intense_adhd","1faxb4c","t3_1faxb4c","https://www.reddit.com/r/planners/comments/1faxb4c/planners_for_folks_with_intense_adhd/","planners","r/planners","Planners for folks with Intense ADHD","Hey there - looking for a planner that fits my needs as someone with ADHD. I just tried the MakseLife planner but hated the feel of a discbound planner system. I like the idea of goals and setting up concrete things, and time blocking - definitely undated. I know the Passion Planner is a big one, I'd like to maybe avoid that one for now if folks have other suggestions. If it's a spiral planner, that's even better. (I love to be able to have the pages open constantly for me to just have) Let me know! Thank you so much :)","","1725678147.0","2024-09-07T03:02:27+00:00","41","41","0.92","70","38d2e9b4bf165367","","reddit-planners-planners_for_folks_with_intense_adhd:comment:llxz1ma","comment","llxz1ma","t1_llxz1ma","https://www.reddit.com/r/planners/comments/1faxb4c/planners_for_folks_with_intense_adhd/llxz1ma/","/r/planners/comments/1faxb4c/planners_for_folks_with_intense_adhd/llxz1ma/","t3_1faxb4c","post","","llxz1ma","0","true","llxz1ma","3711b815a791887e","","","false","false","","3","3","0","0","0","1725710603.0","2024-09-07T12:03:23+00:00","false","False","","false","false","false","false","Did you try Plum Paper?","Did you try Plum Paper?","23","5","","","","true","false","","","","contains_question","0","[THREAD_TITLE]
Planners for folks with Intense ADHD

[THREAD_BODY]
Hey there - looking for a planner that fits my needs as someone with ADHD. I just tried the MakseLife planner but hated the feel of a discbound planner system. I like the idea of goals and setting up concrete things, and time blocking - definitely undated. I know the Passion Planner is a big one, I'd like to maybe avoid that one for now if folks have other suggestions. If it's a spiral planner, that's even better. (I love to be able to have the pages open constantly for me to just have) Let me know! Thank you so much :)

[CURRENT_RECORD]
Did you try Plum Paper?"
"C:\Projects\Web\planner-tdah\research\reddit_data\reddit-planners-planners_for_folks_with_intense_adhd.json","reddit-planners-planners_for_folks_with_intense_adhd","1faxb4c","t3_1faxb4c","https://www.reddit.com/r/planners/comments/1faxb4c/planners_for_folks_with_intense_adhd/","planners","r/planners","Planners for folks with Intense ADHD","Hey there - looking for a planner that fits my needs as someone with ADHD. I just tried the MakseLife planner but hated the feel of a discbound planner system. I like the idea of goals and setting up concrete things, and time blocking - definitely undated. I know the Passion Planner is a big one, I'd like to maybe avoid that one for now if folks have other suggestions. If it's a spiral planner, that's even better. (I love to be able to have the pages open constantly for me to just have) Let me know! Thank you so much :)","","1725678147.0","2024-09-07T03:02:27+00:00","41","41","0.92","70","38d2e9b4bf165367","","reddit-planners-planners_for_folks_with_intense_adhd:comment:llyfcgq","comment","llyfcgq","t1_llyfcgq","https://www.reddit.com/r/planners/comments/1faxb4c/planners_for_folks_with_intense_adhd/llyfcgq/","/r/planners/comments/1faxb4c/planners_for_folks_with_intense_adhd/llyfcgq/","t3_1faxb4c","post","","llyfcgq","0","true","llyfcgq","b8c2f2f808c108c9","","","false","false","","3","3","0","0","0","1725717732.0","2024-09-07T14:02:12+00:00","false","False","","false","false","false","false","The best approach I've done is make my own binder planner. I do a full size regular binder and then pretty consistently use Day Designer's Daily Layout (https://daydesigner.com/collections/printable-library) and find a layout I like for weeks and/or months and monthly habit tracking on Etsy. I'm currently using some from EnjulyPlanner (https://www.etsy.com/shop/EnjulyPlanner). I think that seller also has goal layouts. This allows me to switch it up regularly when my brain gets bored with a particular layout or format. I can also buy a pretty binder or dividers periodically and refresh the look. (My current one was an impulse buy during a Rifle Co sale (https://riflepaperco.com/products/classic-binder-peacock?syclid=f709240c-c60c-401a-8358-a2e43563ffbe&utmcampaign=order-confirmation-email&utmcontent=product&utmmedium=email&utmsource=OrderlyEmails) after half a day of going down a rabbit hole of binder possibilities). I like the way the Day Designer Daily Layout allows me to time block and lay out to dos but also I don't need it every day so I don't have it taking up space on days I don't need it. I like weekly spreads that let me visualize how my week is laid out. I still rely primarily on Google calendar or Outlook (work) for monthly views and transfer it to my week as the week comes up. But I find monthly tracking of habits (e.g., working out) and body stuff (oh look I had a migraine four times this month and insomnia twice) helpful.","The best approach I've done is make my own binder planner. I do a full size regular binder and then pretty consistently use Day Designer's Daily Layout (https://daydesigner.com/collections/printable-library) and find a layout I like for weeks and/or months and monthly habit trac…","1459","224","","","https://daydesigner.com/collections/printable-library | https://www.etsy.com/shop/EnjulyPlanner | https://riflepaperco.com/products/classic-binder-peacock?syclid=f709240c-c60c-401a-8358-a2e43563ffbe&utmcampaign=order-confirmation-email&utmcontent=product&utmmedium=email&utmsource=OrderlyEmails","true","false","planner | plan | calendar | printable | binder | app | to do | weekly | monthly | daily","time","visual | print | printable | layout | layouts | weekly | monthly | daily | binder","contains_question | forgetfulness_or_time_signal | long_form_comment | mentions_feature_or_solution | mentions_pain_or_friction | mentions_planner_or_system | printable_modular_system_signal","89","[THREAD_TITLE]
Planners for folks with Intense ADHD

[THREAD_BODY]
Hey there - looking for a planner that fits my needs as someone with ADHD. I just tried the MakseLife planner but hated the feel of a discbound planner system. I like the idea of goals and setting up concrete things, and time blocking - definitely undated. I know the Passion Planner is a big one, I'd like to maybe avoid that one for now if folks have other suggestions. If it's a spiral planner, that's even better. (I love to be able to have the pages open constantly for me to just have) Let me know! Thank you so much :)

[CURRENT_RECORD]
The best approach I've done is make my own binder planner. I do a full size regular binder and then pretty consistently use Day Designer's Daily Layout (https://daydesigner.com/collections/printable-library) and find a layout I like for weeks and/or months and monthly habit tracking on Etsy. I'm currently using some from EnjulyPlanner (https://www.etsy.com/shop/EnjulyPlanner). I think that seller also has goal layouts. This allows me to switch it up regularly when my brain gets bored with a particular layout or format. I can also buy a pretty binder or dividers periodically and refresh the look. (My current one was an impulse buy during a Rifle Co sale (https://riflepaperco.com/products/classic-binder-peacock?syclid=f709240c-c60c-401a-8358-a2e43563ffbe&utmcampaign=order-confirmation-email&utmcontent=product&utmmedium=email&utmsource=OrderlyEmails) after half a day of going down a rabbit hole of binder possibilities). I like the way the Day Designer Daily Layout allows me to time block and lay out to dos but also I don't need it every day so I don't have it taking up space on days I don't need it. I like weekly spreads that let me visualize how my week is laid out. I still rely primarily on Google calendar or Outlook (work) for monthly views and transfer it to my week as the week comes up. But I find monthly tracking of habits (e.g., working out) and body stuff (oh look I had a migraine four times this month and insomnia twice) helpful."
"C:\Projects\Web\planner-tdah\research\reddit_data\reddit-planners-planners_for_folks_with_intense_adhd.json","reddit-planners-planners_for_folks_with_intense_adhd","1faxb4c","t3_1faxb4c","https://www.reddit.com/r/planners/comments/1faxb4c/planners_for_folks_with_intense_adhd/","planners","r/planners","Planners for folks with Intense ADHD","Hey there - looking for a planner that fits my needs as someone with ADHD. I just tried the MakseLife planner but hated the feel of a discbound planner system. I like the idea of goals and setting up concrete things, and time blocking - definitely undated. I know the Passion Planner is a big one, I'd like to maybe avoid that one for now if folks have other suggestions. If it's a spiral planner, that's even better. (I love to be able to have the pages open constantly for me to just have) Let me know! Thank you so much :)","","1725678147.0","2024-09-07T03:02:27+00:00","41","41","0.92","70","38d2e9b4bf165367","","reddit-planners-planners_for_folks_with_intense_adhd:comment:llwy670","comment","llwy670","t1_llwy670","https://www.reddit.com/r/planners/comments/1faxb4c/planners_for_folks_with_intense_adhd/llwy670/","/r/planners/comments/1faxb4c/planners_for_folks_with_intense_adhd/llwy670/","t3_1faxb4c","post","","llwy670","0","true","llwy670","41945382fc16e0e1","","","false","false","","2","2","0","0","0","1725686744.0","2024-09-07T05:25:44+00:00","false","False","","false","false","false","false","I need structured but undated planners, so that if I miss a day, it's fine and it doesn't leave blank pages. Therefore something like hobonichi doesn't really work for me. I bought a couple to try out, b/c I haven't found the perfect planner yet. One is the Midori 1day1page, but it's undated so it's not really 1 page per day like Hobonichi. I also like the Laconic pocket log diary. Also undated, but much more structure than Midori. Has fields for weather, food, etc. and then space for to-dos at the bottom. Edited to mention that the Midori lay flat even though it's not spiral bound, so you can keep it open. Not sure about the Laconic. I don't have it yet.","I need structured but undated planners, so that if I miss a day, it's fine and it doesn't leave blank pages. Therefore something like hobonichi doesn't really work for me. I bought a couple to try out, b/c I haven't found the perfect planner yet. One is the Midori 1day1page, but…","663","123","","","","false","false","planner | planners | plan | to-do","blank pages","","guilt_or_shame_signal | long_form_comment | mentions_pain_or_friction | mentions_planner_or_system","49","[THREAD_TITLE]
Planners for folks with Intense ADHD

[THREAD_BODY]
Hey there - looking for a planner that fits my needs as someone with ADHD. I just tried the MakseLife planner but hated the feel of a discbound planner system. I like the idea of goals and setting up concrete things, and time blocking - definitely undated. I know the Passion Planner is a big one, I'd like to maybe avoid that one for now if folks have other suggestions. If it's a spiral planner, that's even better. (I love to be able to have the pages open constantly for me to just have) Let me know! Thank you so much :)

[CURRENT_RECORD]
I need structured but undated planners, so that if I miss a day, it's fine and it doesn't leave blank pages. Therefore something like hobonichi doesn't really work for me. I bought a couple to try out, b/c I haven't found the perfect planner yet. One is the Midori 1day1page, but it's undated so it's not really 1 page per day like Hobonichi. I also like the Laconic pocket log diary. Also undated, but much more structure than Midori. Has fields for weather, food, etc. and then space for to-dos at the bottom. Edited to mention that the Midori lay flat even though it's not spiral bound, so you can keep it open. Not sure about the Laconic. I don't have it yet."
"C:\Projects\Web\planner-tdah\research\reddit_data\reddit-planners-planners_for_folks_with_intense_adhd.json","reddit-planners-planners_for_folks_with_intense_adhd","1faxb4c","t3_1faxb4c","https://www.reddit.com/r/planners/comments/1faxb4c/planners_for_folks_with_intense_adhd/","planners","r/planners","Planners for folks with Intense ADHD","Hey there - looking for a planner that fits my needs as someone with ADHD. I just tried the MakseLife planner but hated the feel of a discbound planner system. I like the idea of goals and setting up concrete things, and time blocking - definitely undated. I know the Passion Planner is a big one, I'd like to maybe avoid that one for now if folks have other suggestions. If it's a spiral planner, that's even better. (I love to be able to have the pages open constantly for me to just have) Let me know! Thank you so much :)","","1725678147.0","2024-09-07T03:02:27+00:00","41","41","0.92","70","38d2e9b4bf165367","","reddit-planners-planners_for_folks_with_intense_adhd:comment:llx5vqw","comment","llx5vqw","t1_llx5vqw","https://www.reddit.com/r/planners/comments/1faxb4c/planners_for_folks_with_intense_adhd/llx5vqw/","/r/planners/comments/1faxb4c/planners_for_folks_with_intense_adhd/llx5vqw/","t3_1faxb4c","post","","llx5vqw","0","true","llx5vqw","f2e6d8f1ba9901bb","","","false","false","","2","2","0","0","1","1725691442.0","2024-09-07T06:44:02+00:00","false","False","","false","false","false","false","You should try the Full focus planner. Sounds like something that may suit your needs perfectly.","You should try the Full focus planner. Sounds like something that may suit your needs perfectly.","96","16","","","","false","false","planner | plan","","","mentions_planner_or_system","11","[THREAD_TITLE]
Planners for folks with Intense ADHD

[THREAD_BODY]
Hey there - looking for a planner that fits my needs as someone with ADHD. I just tried the MakseLife planner but hated the feel of a discbound planner system. I like the idea of goals and setting up concrete things, and time blocking - definitely undated. I know the Passion Planner is a big one, I'd like to maybe avoid that one for now if folks have other suggestions. If it's a spiral planner, that's even better. (I love to be able to have the pages open constantly for me to just have) Let me know! Thank you so much :)

[CURRENT_RECORD]
You should try the Full focus planner. Sounds like something that may suit your needs perfectly."
"C:\Projects\Web\planner-tdah\research\reddit_data\reddit-planners-planners_for_folks_with_intense_adhd.json","reddit-planners-planners_for_folks_with_intense_adhd","1faxb4c","t3_1faxb4c","https://www.reddit.com/r/planners/comments/1faxb4c/planners_for_folks_with_intense_adhd/","planners","r/planners","Planners for folks with Intense ADHD","Hey there - looking for a planner that fits my needs as someone with ADHD. I just tried the MakseLife planner but hated the feel of a discbound planner system. I like the idea of goals and setting up concrete things, and time blocking - definitely undated. I know the Passion Planner is a big one, I'd like to maybe avoid that one for now if folks have other suggestions. If it's a spiral planner, that's even better. (I love to be able to have the pages open constantly for me to just have) Let me know! Thank you so much :)","","1725678147.0","2024-09-07T03:02:27+00:00","41","41","0.92","70","38d2e9b4bf165367","","reddit-planners-planners_for_folks_with_intense_adhd:comment:lm2dxoz","comment","lm2dxoz","t1_lm2dxoz","https://www.reddit.com/r/planners/comments/1faxb4c/planners_for_folks_with_intense_adhd/lm2dxoz/","/r/planners/comments/1faxb4c/planners_for_folks_with_intense_adhd/lm2dxoz/","t1_llx5vqw","comment","llx5vqw","llx5vqw","1","false","llx5vqw > lm2dxoz","38d2e9b4bf165367","","","true","false","","2","2","0","0","1","1725770145.0","2024-09-08T04:35:45+00:00","false","False","","false","false","false","false","This is what I just ordered. Your recommendation got me hooked - hoping it’s structured enough to keep my attention!","This is what I just ordered. Your recommendation got me hooked - hoping it’s structured enough to keep my attention!","116","20","You should try the Full focus planner. Sounds like something that may suit your needs perfectly.","You should try the Full focus planner. Sounds like something that may suit your needs perfectly.","","false","true","","","","mentions_working_solution_or_recommendation","21","[THREAD_TITLE]
Planners for folks with Intense ADHD

[THREAD_BODY]
Hey there - looking for a planner that fits my needs as someone with ADHD. I just tried the MakseLife planner but hated the feel of a discbound planner system. I like the idea of goals and setting up concrete things, and time blocking - definitely undated. I know the Passion Planner is a big one, I'd like to maybe avoid that one for now if folks have other suggestions. If it's a spiral planner, that's even better. (I love to be able to have the pages open constantly for me to just have) Let me know! Thank you so much :)

[PARENT_COMMENT_CONTEXT]
You should try the Full focus planner. Sounds like something that may suit your needs perfectly.

[CURRENT_RECORD]
This is what I just ordered. Your recommendation got me hooked - hoping it’s structured enough to keep my attention!"
"C:\Projects\Web\planner-tdah\research\reddit_data\reddit-planners-planners_for_folks_with_intense_adhd.json","reddit-planners-planners_for_folks_with_intense_adhd","1faxb4c","t3_1faxb4c","https://www.reddit.com/r/planners/comments/1faxb4c/planners_for_folks_with_intense_adhd/","planners","r/planners","Planners for folks with Intense ADHD","Hey there - looking for a planner that fits my needs as someone with ADHD. I just tried the MakseLife planner but hated the feel of a discbound planner system. I like the idea of goals and setting up concrete things, and time blocking - definitely undated. I know the Passion Planner is a big one, I'd like to maybe avoid that one for now if folks have other suggestions. If it's a spiral planner, that's even better. (I love to be able to have the pages open constantly for me to just have) Let me know! Thank you so much :)","","1725678147.0","2024-09-07T03:02:27+00:00","41","41","0.92","70","38d2e9b4bf165367","","reddit-planners-planners_for_folks_with_intense_adhd:comment:lmso1up","comment","lmso1up","t1_lmso1up","https://www.reddit.com/r/planners/comments/1faxb4c/planners_for_folks_with_intense_adhd/lmso1up/","/r/planners/comments/1faxb4c/planners_for_folks_with_intense_adhd/lmso1up/","t1_lm2dxoz","comment","lm2dxoz","llx5vqw","2","false","llx5vqw > lm2dxoz > lmso1up","f2e6d8f1ba9901bb","","","false","false","","1","1","0","0","1","1726161893.0","2024-09-12T17:24:53+00:00","false","False","","false","false","false","false","I’m so excited for you! My wife’s requirements were the same as yours. She now swears by this and has gone from ordering them piecemeal to ordering them for the whole year. Hope you find what you are looking for.","I’m so excited for you! My wife’s requirements were the same as yours. She now swears by this and has gone from ordering them piecemeal to ordering them for the whole year. Hope you find what you are looking for.","212","40","This is what I just ordered. Your recommendation got me hooked - hoping it’s structured enough to keep my attention!","You should try the Full focus planner. Sounds like something that may suit your needs perfectly.","","false","false","","","","","13","[THREAD_TITLE]
Planners for folks with Intense ADHD

[THREAD_BODY]
Hey there - looking for a planner that fits my needs as someone with ADHD. I just tried the MakseLife planner but hated the feel of a discbound planner system. I like the idea of goals and setting up concrete things, and time blocking - definitely undated. I know the Passion Planner is a big one, I'd like to maybe avoid that one for now if folks have other suggestions. If it's a spiral planner, that's even better. (I love to be able to have the pages open constantly for me to just have) Let me know! Thank you so much :)

[ROOT_COMMENT_CONTEXT]
You should try the Full focus planner. Sounds like something that may suit your needs perfectly.

[PARENT_COMMENT_CONTEXT]
This is what I just ordered. Your recommendation got me hooked - hoping it’s structured enough to keep my attention!

[CURRENT_RECORD]
I’m so excited for you! My wife’s requirements were the same as yours. She now swears by this and has gone from ordering them piecemeal to ordering them for the whole year. Hope you find what you are looking for."
"C:\Projects\Web\planner-tdah\research\reddit_data\reddit-planners-planners_for_folks_with_intense_adhd.json","reddit-planners-planners_for_folks_with_intense_adhd","1faxb4c","t3_1faxb4c","https://www.reddit.com/r/planners/comments/1faxb4c/planners_for_folks_with_intense_adhd/","planners","r/planners","Planners for folks with Intense ADHD","Hey there - looking for a planner that fits my needs as someone with ADHD. I just tried the MakseLife planner but hated the feel of a discbound planner system. I like the idea of goals and setting up concrete things, and time blocking - definitely undated. I know the Passion Planner is a big one, I'd like to maybe avoid that one for now if folks have other suggestions. If it's a spiral planner, that's even better. (I love to be able to have the pages open constantly for me to just have) Let me know! Thank you so much :)","","1725678147.0","2024-09-07T03:02:27+00:00","41","41","0.92","70","38d2e9b4bf165367","","reddit-planners-planners_for_folks_with_intense_adhd:comment:lmso6xf","comment","lmso6xf","t1_lmso6xf","https://www.reddit.com/r/planners/comments/1faxb4c/planners_for_folks_with_intense_adhd/lmso6xf/","/r/planners/comments/1faxb4c/planners_for_folks_with_intense_adhd/lmso6xf/","t1_lmso1up","comment","lmso1up","llx5vqw","3","false","llx5vqw > lm2dxoz > lmso1up > lmso6xf","38d2e9b4bf165367","","","true","false","","2","2","0","0","0","1726161936.0","2024-09-12T17:25:36+00:00","false","False","","false","false","false","false","I hope so too! Thank you!","I hope so too! Thank you!","25","6","I’m so excited for you! My wife’s requirements were the same as yours. She now swears by this and has gone from ordering them piecemeal to ordering them for the whole year. Hope you find what you are looking for.","You should try the Full focus planner. Sounds like something that may suit your needs perfectly.","","false","false","","","","","0","[THREAD_TITLE]
Planners for folks with Intense ADHD

[THREAD_BODY]
Hey there - looking for a planner that fits my needs as someone with ADHD. I just tried the MakseLife planner but hated the feel of a discbound planner system. I like the idea of goals and setting up concrete things, and time blocking - definitely undated. I know the Passion Planner is a big one, I'd like to maybe avoid that one for now if folks have other suggestions. If it's a spiral planner, that's even better. (I love to be able to have the pages open constantly for me to just have) Let me know! Thank you so much :)

[ROOT_COMMENT_CONTEXT]
You should try the Full focus planner. Sounds like something that may suit your needs perfectly.

[PARENT_COMMENT_CONTEXT]
I’m so excited for you! My wife’s requirements were the same as yours. She now swears by this and has gone from ordering them piecemeal to ordering them for the whole year. Hope you find what you are looking for.

[CURRENT_RECORD]
I hope so too! Thank you!"
"C:\Projects\Web\planner-tdah\research\reddit_data\reddit-planners-planners_for_folks_with_intense_adhd.json","reddit-planners-planners_for_folks_with_intense_adhd","1faxb4c","t3_1faxb4c","https://www.reddit.com/r/planners/comments/1faxb4c/planners_for_folks_with_intense_adhd/","planners","r/planners","Planners for folks with Intense ADHD","Hey there - looking for a planner that fits my needs as someone with ADHD. I just tried the MakseLife planner but hated the feel of a discbound planner system. I like the idea of goals and setting up concrete things, and time blocking - definitely undated. I know the Passion Planner is a big one, I'd like to maybe avoid that one for now if folks have other suggestions. If it's a spiral planner, that's even better. (I love to be able to have the pages open constantly for me to just have) Let me know! Thank you so much :)","","1725678147.0","2024-09-07T03:02:27+00:00","41","41","0.92","70","38d2e9b4bf165367","","reddit-planners-planners_for_folks_with_intense_adhd:comment:llyegoz","comment","llyegoz","t1_llyegoz","https://www.reddit.com/r/planners/comments/1faxb4c/planners_for_folks_with_intense_adhd/llyegoz/","/r/planners/comments/1faxb4c/planners_for_folks_with_intense_adhd/llyegoz/","t3_1faxb4c","post","","llyegoz","0","true","llyegoz","92395bf931c2e91a","","","false","false","","2","2","0","0","0","1725717390.0","2024-09-07T13:56:30+00:00","false","False","","false","false","false","false","I would second the Laurel Denise planner. They came out with the 2025 just this week. If you need a daily, I would suggest a horizontal one. The vertical is great for time blocking. You can use pop-ins (called pip) or inserts to add to them. I love looking at the weekly view as well as the monthly view. Personally, I have found planner peace, and this past year I have used my undated all the way through the year. I start a new planner in October and cannot wait.","I would second the Laurel Denise planner. They came out with the 2025 just this week. If you need a daily, I would suggest a horizontal one. The vertical is great for time blocking. You can use pop-ins (called pip) or inserts to add to them. I love looking at the weekly view as…","466","90","","","","false","true","planner | plan | weekly | monthly | daily","time","weekly | monthly | daily","forgetfulness_or_time_signal | mentions_feature_or_solution | mentions_pain_or_friction | mentions_planner_or_system | mentions_working_solution_or_recommendation","73","[THREAD_TITLE]
Planners for folks with Intense ADHD

[THREAD_BODY]
Hey there - looking for a planner that fits my needs as someone with ADHD. I just tried the MakseLife planner but hated the feel of a discbound planner system. I like the idea of goals and setting up concrete things, and time blocking - definitely undated. I know the Passion Planner is a big one, I'd like to maybe avoid that one for now if folks have other suggestions. If it's a spiral planner, that's even better. (I love to be able to have the pages open constantly for me to just have) Let me know! Thank you so much :)

[CURRENT_RECORD]
I would second the Laurel Denise planner. They came out with the 2025 just this week. If you need a daily, I would suggest a horizontal one. The vertical is great for time blocking. You can use pop-ins (called pip) or inserts to add to them. I love looking at the weekly view as well as the monthly view. Personally, I have found planner peace, and this past year I have used my undated all the way through the year. I start a new planner in October and cannot wait."
"C:\Projects\Web\planner-tdah\research\reddit_data\reddit-planners-planners_for_folks_with_intense_adhd.json","reddit-planners-planners_for_folks_with_intense_adhd","1faxb4c","t3_1faxb4c","https://www.reddit.com/r/planners/comments/1faxb4c/planners_for_folks_with_intense_adhd/","planners","r/planners","Planners for folks with Intense ADHD","Hey there - looking for a planner that fits my needs as someone with ADHD. I just tried the MakseLife planner but hated the feel of a discbound planner system. I like the idea of goals and setting up concrete things, and time blocking - definitely undated. I know the Passion Planner is a big one, I'd like to maybe avoid that one for now if folks have other suggestions. If it's a spiral planner, that's even better. (I love to be able to have the pages open constantly for me to just have) Let me know! Thank you so much :)","","1725678147.0","2024-09-07T03:02:27+00:00","41","41","0.92","70","38d2e9b4bf165367","","reddit-planners-planners_for_folks_with_intense_adhd:comment:llyjyyw","comment","llyjyyw","t1_llyjyyw","https://www.reddit.com/r/planners/comments/1faxb4c/planners_for_folks_with_intense_adhd/llyjyyw/","/r/planners/comments/1faxb4c/planners_for_folks_with_intense_adhd/llyjyyw/","t3_1faxb4c","post","","llyjyyw","0","true","llyjyyw","e1816c181c5d1dc6","","","false","false","","2","2","0","0","0","1725719458.0","2024-09-07T14:30:58+00:00","false","False","","false","false","false","false","If you like spiral bound, then Erin Condren may work for you.","If you like spiral bound, then Erin Condren may work for you.","61","12","","","","false","false","","","","","0","[THREAD_TITLE]
Planners for folks with Intense ADHD

[THREAD_BODY]
Hey there - looking for a planner that fits my needs as someone with ADHD. I just tried the MakseLife planner but hated the feel of a discbound planner system. I like the idea of goals and setting up concrete things, and time blocking - definitely undated. I know the Passion Planner is a big one, I'd like to maybe avoid that one for now if folks have other suggestions. If it's a spiral planner, that's even better. (I love to be able to have the pages open constantly for me to just have) Let me know! Thank you so much :)

[CURRENT_RECORD]
If you like spiral bound, then Erin Condren may work for you."
"C:\Projects\Web\planner-tdah\research\reddit_data\reddit-planners-planners_for_folks_with_intense_adhd.json","reddit-planners-planners_for_folks_with_intense_adhd","1faxb4c","t3_1faxb4c","https://www.reddit.com/r/planners/comments/1faxb4c/planners_for_folks_with_intense_adhd/","planners","r/planners","Planners for folks with Intense ADHD","Hey there - looking for a planner that fits my needs as someone with ADHD. I just tried the MakseLife planner but hated the feel of a discbound planner system. I like the idea of goals and setting up concrete things, and time blocking - definitely undated. I know the Passion Planner is a big one, I'd like to maybe avoid that one for now if folks have other suggestions. If it's a spiral planner, that's even better. (I love to be able to have the pages open constantly for me to just have) Let me know! Thank you so much :)","","1725678147.0","2024-09-07T03:02:27+00:00","41","41","0.92","70","38d2e9b4bf165367","","reddit-planners-planners_for_folks_with_intense_adhd:comment:llz1jam","comment","llz1jam","t1_llz1jam","https://www.reddit.com/r/planners/comments/1faxb4c/planners_for_folks_with_intense_adhd/llz1jam/","/r/planners/comments/1faxb4c/planners_for_folks_with_intense_adhd/llz1jam/","t3_1faxb4c","post","","llz1jam","0","true","llz1jam","8040304c09ad32a9","","","false","false","","2","2","0","0","0","1725725563.0","2024-09-07T16:12:43+00:00","false","False","","false","false","false","false","Planner Peace have a layout for ADHD, might click with you,? Fits any six ring binder. They ship everywhere. https://www.plannerpeace.com.au/collections/adhd?srsltid=AfmBOoo13jTxvw9f-2Xcq5eK0tNtBe2Tt-DwT4I0VdNGVWpIWmLzo6bv","Planner Peace have a layout for ADHD, might click with you,? Fits any six ring binder. They ship everywhere. https://www.plannerpeace.com.au/collections/adhd?srsltid=AfmBOoo13jTxvw9f-2Xcq5eK0tNtBe2Tt-DwT4I0VdNGVWpIWmLzo6bv","222","20","","","https://www.plannerpeace.com.au/collections/adhd?srsltid=AfmBOoo13jTxvw9f-2Xcq5eK0tNtBe2Tt-DwT4I0VdNGVWpIWmLzo6bv","true","false","planner | plan | binder","adhd","layout | binder","contains_question | mentions_feature_or_solution | mentions_pain_or_friction | mentions_planner_or_system | printable_modular_system_signal","41","[THREAD_TITLE]
Planners for folks with Intense ADHD

[THREAD_BODY]
Hey there - looking for a planner that fits my needs as someone with ADHD. I just tried the MakseLife planner but hated the feel of a discbound planner system. I like the idea of goals and setting up concrete things, and time blocking - definitely undated. I know the Passion Planner is a big one, I'd like to maybe avoid that one for now if folks have other suggestions. If it's a spiral planner, that's even better. (I love to be able to have the pages open constantly for me to just have) Let me know! Thank you so much :)

[CURRENT_RECORD]
Planner Peace have a layout for ADHD, might click with you,? Fits any six ring binder. They ship everywhere. https://www.plannerpeace.com.au/collections/adhd?srsltid=AfmBOoo13jTxvw9f-2Xcq5eK0tNtBe2Tt-DwT4I0VdNGVWpIWmLzo6bv"
"C:\Projects\Web\planner-tdah\research\reddit_data\reddit-planners-planners_for_folks_with_intense_adhd.json","reddit-planners-planners_for_folks_with_intense_adhd","1faxb4c","t3_1faxb4c","https://www.reddit.com/r/planners/comments/1faxb4c/planners_for_folks_with_intense_adhd/","planners","r/planners","Planners for folks with Intense ADHD","Hey there - looking for a planner that fits my needs as someone with ADHD. I just tried the MakseLife planner but hated the feel of a discbound planner system. I like the idea of goals and setting up concrete things, and time blocking - definitely undated. I know the Passion Planner is a big one, I'd like to maybe avoid that one for now if folks have other suggestions. If it's a spiral planner, that's even better. (I love to be able to have the pages open constantly for me to just have) Let me know! Thank you so much :)","","1725678147.0","2024-09-07T03:02:27+00:00","41","41","0.92","70","38d2e9b4bf165367","","reddit-planners-planners_for_folks_with_intense_adhd:comment:lm0aj6w","comment","lm0aj6w","t1_lm0aj6w","https://www.reddit.com/r/planners/comments/1faxb4c/planners_for_folks_with_intense_adhd/lm0aj6w/","/r/planners/comments/1faxb4c/planners_for_folks_with_intense_adhd/lm0aj6w/","t3_1faxb4c","post","","lm0aj6w","0","true","lm0aj6w","aa91e885340d37e9","","","false","false","","2","2","0","0","0","1725740725.0","2024-09-07T20:25:25+00:00","false","False","","false","false","false","false","Honestly as an ADHDer I actually need something that makes it easy for me to fill in/use. Bullet journaling is something I did but I struggled with it. Honestly any planner with weekly layouts (and daily layouts) which have enough space to write will do. I have been using hobonichi and I do enjoy it, however wouldn't say it's really ADHD proof lol","Honestly as an ADHDer I actually need something that makes it easy for me to fill in/use. Bullet journaling is something I did but I struggled with it. Honestly any planner with weekly layouts (and daily layouts) which have enough space to write will do. I have been using hoboni…","349","63","","","","false","false","planner | plan | bullet journal | journal | weekly | daily","adhd","layout | layouts | weekly | daily","mentions_feature_or_solution | mentions_pain_or_friction | mentions_planner_or_system","51","[THREAD_TITLE]
Planners for folks with Intense ADHD

[THREAD_BODY]
Hey there - looking for a planner that fits my needs as someone with ADHD. I just tried the MakseLife planner but hated the feel of a discbound planner system. I like the idea of goals and setting up concrete things, and time blocking - definitely undated. I know the Passion Planner is a big one, I'd like to maybe avoid that one for now if folks have other suggestions. If it's a spiral planner, that's even better. (I love to be able to have the pages open constantly for me to just have) Let me know! Thank you so much :)

[CURRENT_RECORD]
Honestly as an ADHDer I actually need something that makes it easy for me to fill in/use. Bullet journaling is something I did but I struggled with it. Honestly any planner with weekly layouts (and daily layouts) which have enough space to write will do. I have been using hobonichi and I do enjoy it, however wouldn't say it's really ADHD proof lol"
"C:\Projects\Web\planner-tdah\research\reddit_data\reddit-planners-planners_for_folks_with_intense_adhd.json","reddit-planners-planners_for_folks_with_intense_adhd","1faxb4c","t3_1faxb4c","https://www.reddit.com/r/planners/comments/1faxb4c/planners_for_folks_with_intense_adhd/","planners","r/planners","Planners for folks with Intense ADHD","Hey there - looking for a planner that fits my needs as someone with ADHD. I just tried the MakseLife planner but hated the feel of a discbound planner system. I like the idea of goals and setting up concrete things, and time blocking - definitely undated. I know the Passion Planner is a big one, I'd like to maybe avoid that one for now if folks have other suggestions. If it's a spiral planner, that's even better. (I love to be able to have the pages open constantly for me to just have) Let me know! Thank you so much :)","","1725678147.0","2024-09-07T03:02:27+00:00","41","41","0.92","70","38d2e9b4bf165367","","reddit-planners-planners_for_folks_with_intense_adhd:comment:lm0fn91","comment","lm0fn91","t1_lm0fn91","https://www.reddit.com/r/planners/comments/1faxb4c/planners_for_folks_with_intense_adhd/lm0fn91/","/r/planners/comments/1faxb4c/planners_for_folks_with_intense_adhd/lm0fn91/","t3_1faxb4c","post","","lm0fn91","0","true","lm0fn91","5eb9b231d9d9384a","","","false","false","","2","2","0","0","1","1725742479.0","2024-09-07T20:54:39+00:00","false","False","","false","false","false","false","I use Amplify Planner and would not survive most days without it. Their daily layout is an absolutely lifesaver. I have a lot of ADHD friends who use Imperfect Inspiration products. There are a few things they have that I love using in addition to my normal planner.","I use Amplify Planner and would not survive most days without it. Their daily layout is an absolutely lifesaver. I have a lot of ADHD friends who use Imperfect Inspiration products. There are a few things they have that I love using in addition to my normal planner.","266","48","","","","false","true","planner | plan | daily","adhd","layout | daily","mentions_feature_or_solution | mentions_pain_or_friction | mentions_planner_or_system | mentions_working_solution_or_recommendation","46","[THREAD_TITLE]
Planners for folks with Intense ADHD

[THREAD_BODY]
Hey there - looking for a planner that fits my needs as someone with ADHD. I just tried the MakseLife planner but hated the feel of a discbound planner system. I like the idea of goals and setting up concrete things, and time blocking - definitely undated. I know the Passion Planner is a big one, I'd like to maybe avoid that one for now if folks have other suggestions. If it's a spiral planner, that's even better. (I love to be able to have the pages open constantly for me to just have) Let me know! Thank you so much :)

[CURRENT_RECORD]
I use Amplify Planner and would not survive most days without it. Their daily layout is an absolutely lifesaver. I have a lot of ADHD friends who use Imperfect Inspiration products. There are a few things they have that I love using in addition to my normal planner."
"C:\Projects\Web\planner-tdah\research\reddit_data\reddit-planners-planners_for_folks_with_intense_adhd.json","reddit-planners-planners_for_folks_with_intense_adhd","1faxb4c","t3_1faxb4c","https://www.reddit.com/r/planners/comments/1faxb4c/planners_for_folks_with_intense_adhd/","planners","r/planners","Planners for folks with Intense ADHD","Hey there - looking for a planner that fits my needs as someone with ADHD. I just tried the MakseLife planner but hated the feel of a discbound planner system. I like the idea of goals and setting up concrete things, and time blocking - definitely undated. I know the Passion Planner is a big one, I'd like to maybe avoid that one for now if folks have other suggestions. If it's a spiral planner, that's even better. (I love to be able to have the pages open constantly for me to just have) Let me know! Thank you so much :)","","1725678147.0","2024-09-07T03:02:27+00:00","41","41","0.92","70","38d2e9b4bf165367","","reddit-planners-planners_for_folks_with_intense_adhd:comment:lm2ejti","comment","lm2ejti","t1_lm2ejti","https://www.reddit.com/r/planners/comments/1faxb4c/planners_for_folks_with_intense_adhd/lm2ejti/","/r/planners/comments/1faxb4c/planners_for_folks_with_intense_adhd/lm2ejti/","t1_lm0fn91","comment","lm0fn91","lm0fn91","1","false","lm0fn91 > lm2ejti","38d2e9b4bf165367","","","true","false","","1","1","0","0","0","1725770466.0","2024-09-08T04:41:06+00:00","false","False","","false","false","false","false","I wanted the amplify but she’s pretty sold out unfortunately :( I might order for the new year! Imperfect Inspiration overwhelms me a bit too much, otherwise it might vibe.","I wanted the amplify but she’s pretty sold out unfortunately :( I might order for the new year! Imperfect Inspiration overwhelms me a bit too much, otherwise it might vibe.","172","30","I use Amplify Planner and would not survive most days without it. Their daily layout is an absolutely lifesaver. I have a lot of ADHD friends who use Imperfect Inspiration products. There are a few things they have that I love using in addition to my normal planner.","I use Amplify Planner and would not survive most days without it. Their daily layout is an absolutely lifesaver. I have a lot of ADHD friends who use Imperfect Inspiration products. There are a few things they have that I love using in addition to my normal planner.","","false","false","","overwhelm | too much","","mentions_pain_or_friction | overwhelm_or_complexity_signal","28","[THREAD_TITLE]
Planners for folks with Intense ADHD

[THREAD_BODY]
Hey there - looking for a planner that fits my needs as someone with ADHD. I just tried the MakseLife planner but hated the feel of a discbound planner system. I like the idea of goals and setting up concrete things, and time blocking - definitely undated. I know the Passion Planner is a big one, I'd like to maybe avoid that one for now if folks have other suggestions. If it's a spiral planner, that's even better. (I love to be able to have the pages open constantly for me to just have) Let me know! Thank you so much :)

[PARENT_COMMENT_CONTEXT]
I use Amplify Planner and would not survive most days without it. Their daily layout is an absolutely lifesaver. I have a lot of ADHD friends who use Imperfect Inspiration products. There are a few things they have that I love using in addition to my normal planner.

[CURRENT_RECORD]
I wanted the amplify but she’s pretty sold out unfortunately :( I might order for the new year! Imperfect Inspiration overwhelms me a bit too much, otherwise it might vibe."
"C:\Projects\Web\planner-tdah\research\reddit_data\reddit-planners-planners_for_folks_with_intense_adhd.json","reddit-planners-planners_for_folks_with_intense_adhd","1faxb4c","t3_1faxb4c","https://www.reddit.com/r/planners/comments/1faxb4c/planners_for_folks_with_intense_adhd/","planners","r/planners","Planners for folks with Intense ADHD","Hey there - looking for a planner that fits my needs as someone with ADHD. I just tried the MakseLife planner but hated the feel of a discbound planner system. I like the idea of goals and setting up concrete things, and time blocking - definitely undated. I know the Passion Planner is a big one, I'd like to maybe avoid that one for now if folks have other suggestions. If it's a spiral planner, that's even better. (I love to be able to have the pages open constantly for me to just have) Let me know! Thank you so much :)","","1725678147.0","2024-09-07T03:02:27+00:00","41","41","0.92","70","38d2e9b4bf165367","","reddit-planners-planners_for_folks_with_intense_adhd:comment:lm0xl1n","comment","lm0xl1n","t1_lm0xl1n","https://www.reddit.com/r/planners/comments/1faxb4c/planners_for_folks_with_intense_adhd/lm0xl1n/","/r/planners/comments/1faxb4c/planners_for_folks_with_intense_adhd/lm0xl1n/","t3_1faxb4c","post","","lm0xl1n","0","true","lm0xl1n","17d97e32d4458d78","","","false","false","","2","2","0","0","0","1725748918.0","2024-09-07T22:41:58+00:00","false","False","","false","false","false","false","I've really enjoyed my Kokuyo Jibun Techo this year. I've actually stuck with it instead of falling off in June or July... It lays flat, but it is dated and not spiral. Great for time blocking. In the past I tried an undated dot grid planner (https://bloomplanners.com/products/undated-dot-journaling-planner-calendar-dots?variant=40657901093058) from Bloom. I liked it for a while, but needed more structure. Worth a look!","I've really enjoyed my Kokuyo Jibun Techo this year. I've actually stuck with it instead of falling off in June or July... It lays flat, but it is dated and not spiral. Great for time blocking. In the past I tried an undated dot grid planner (https://bloomplanners.com/products/u…","423","62","","","https://bloomplanners.com/products/undated-dot-journaling-planner-calendar-dots?variant=40657901093058","true","true","planner | planners | plan | calendar | journal","time","","contains_question | forgetfulness_or_time_signal | mentions_pain_or_friction | mentions_planner_or_system | mentions_working_solution_or_recommendation","51","[THREAD_TITLE]
Planners for folks with Intense ADHD

[THREAD_BODY]
Hey there - looking for a planner that fits my needs as someone with ADHD. I just tried the MakseLife planner but hated the feel of a discbound planner system. I like the idea of goals and setting up concrete things, and time blocking - definitely undated. I know the Passion Planner is a big one, I'd like to maybe avoid that one for now if folks have other suggestions. If it's a spiral planner, that's even better. (I love to be able to have the pages open constantly for me to just have) Let me know! Thank you so much :)

[CURRENT_RECORD]
I've really enjoyed my Kokuyo Jibun Techo this year. I've actually stuck with it instead of falling off in June or July... It lays flat, but it is dated and not spiral. Great for time blocking. In the past I tried an undated dot grid planner (https://bloomplanners.com/products/undated-dot-journaling-planner-calendar-dots?variant=40657901093058) from Bloom. I liked it for a while, but needed more structure. Worth a look!"
"C:\Projects\Web\planner-tdah\research\reddit_data\reddit-planners-planners_for_folks_with_intense_adhd.json","reddit-planners-planners_for_folks_with_intense_adhd","1faxb4c","t3_1faxb4c","https://www.reddit.com/r/planners/comments/1faxb4c/planners_for_folks_with_intense_adhd/","planners","r/planners","Planners for folks with Intense ADHD","Hey there - looking for a planner that fits my needs as someone with ADHD. I just tried the MakseLife planner but hated the feel of a discbound planner system. I like the idea of goals and setting up concrete things, and time blocking - definitely undated. I know the Passion Planner is a big one, I'd like to maybe avoid that one for now if folks have other suggestions. If it's a spiral planner, that's even better. (I love to be able to have the pages open constantly for me to just have) Let me know! Thank you so much :)","","1725678147.0","2024-09-07T03:02:27+00:00","41","41","0.92","70","38d2e9b4bf165367","","reddit-planners-planners_for_folks_with_intense_adhd:comment:lm18ikh","comment","lm18ikh","t1_lm18ikh","https://www.reddit.com/r/planners/comments/1faxb4c/planners_for_folks_with_intense_adhd/lm18ikh/","/r/planners/comments/1faxb4c/planners_for_folks_with_intense_adhd/lm18ikh/","t3_1faxb4c","post","","lm18ikh","0","true","lm18ikh","3de8b23f5e3e7351","","","false","false","","2","2","0","0","0","1725753018.0","2024-09-07T23:50:18+00:00","false","False","","false","false","false","false","Try the Laurel Denise planner! It’s so helpful to see your month and week at the same time and to be able to make one big monthly list that you don’t have to rewrite every week.","Try the Laurel Denise planner! It’s so helpful to see your month and week at the same time and to be able to make one big monthly list that you don’t have to rewrite every week.","177","36","","","","false","false","planner | plan | monthly","time","monthly","forgetfulness_or_time_signal | mentions_feature_or_solution | mentions_pain_or_friction | mentions_planner_or_system","39","[THREAD_TITLE]
Planners for folks with Intense ADHD

[THREAD_BODY]
Hey there - looking for a planner that fits my needs as someone with ADHD. I just tried the MakseLife planner but hated the feel of a discbound planner system. I like the idea of goals and setting up concrete things, and time blocking - definitely undated. I know the Passion Planner is a big one, I'd like to maybe avoid that one for now if folks have other suggestions. If it's a spiral planner, that's even better. (I love to be able to have the pages open constantly for me to just have) Let me know! Thank you so much :)

[CURRENT_RECORD]
Try the Laurel Denise planner! It’s so helpful to see your month and week at the same time and to be able to make one big monthly list that you don’t have to rewrite every week."
"C:\Projects\Web\planner-tdah\research\reddit_data\reddit-planners-planners_for_folks_with_intense_adhd.json","reddit-planners-planners_for_folks_with_intense_adhd","1faxb4c","t3_1faxb4c","https://www.reddit.com/r/planners/comments/1faxb4c/planners_for_folks_with_intense_adhd/","planners","r/planners","Planners for folks with Intense ADHD","Hey there - looking for a planner that fits my needs as someone with ADHD. I just tried the MakseLife planner but hated the feel of a discbound planner system. I like the idea of goals and setting up concrete things, and time blocking - definitely undated. I know the Passion Planner is a big one, I'd like to maybe avoid that one for now if folks have other suggestions. If it's a spiral planner, that's even better. (I love to be able to have the pages open constantly for me to just have) Let me know! Thank you so much :)","","1725678147.0","2024-09-07T03:02:27+00:00","41","41","0.92","70","38d2e9b4bf165367","","reddit-planners-planners_for_folks_with_intense_adhd:comment:lm4po3b","comment","lm4po3b","t1_lm4po3b","https://www.reddit.com/r/planners/comments/1faxb4c/planners_for_folks_with_intense_adhd/lm4po3b/","/r/planners/comments/1faxb4c/planners_for_folks_with_intense_adhd/lm4po3b/","t3_1faxb4c","post","","lm4po3b","0","true","lm4po3b","8d34dce857c7dcbe","","","false","false","","2","2","0","0","0","1725810497.0","2024-09-08T15:48:17+00:00","false","False","","false","false","false","false","Sterling ink’s horizontal N1 has been the only planner I’ve stuck with consistently. It doesn’t overwhelm me and I just feel like its easy and not another “chore”","Sterling ink’s horizontal N1 has been the only planner I’ve stuck with consistently. It doesn’t overwhelm me and I just feel like its easy and not another “chore”","162","28","","","","false","false","planner | plan","overwhelm","","mentions_pain_or_friction | mentions_planner_or_system | overwhelm_or_complexity_signal","31","[THREAD_TITLE]
Planners for folks with Intense ADHD

[THREAD_BODY]
Hey there - looking for a planner that fits my needs as someone with ADHD. I just tried the MakseLife planner but hated the feel of a discbound planner system. I like the idea of goals and setting up concrete things, and time blocking - definitely undated. I know the Passion Planner is a big one, I'd like to maybe avoid that one for now if folks have other suggestions. If it's a spiral planner, that's even better. (I love to be able to have the pages open constantly for me to just have) Let me know! Thank you so much :)

[CURRENT_RECORD]
Sterling ink’s horizontal N1 has been the only planner I’ve stuck with consistently. It doesn’t overwhelm me and I just feel like its easy and not another “chore”"
"C:\Projects\Web\planner-tdah\research\reddit_data\reddit-planners-planners_for_folks_with_intense_adhd.json","reddit-planners-planners_for_folks_with_intense_adhd","1faxb4c","t3_1faxb4c","https://www.reddit.com/r/planners/comments/1faxb4c/planners_for_folks_with_intense_adhd/","planners","r/planners","Planners for folks with Intense ADHD","Hey there - looking for a planner that fits my needs as someone with ADHD. I just tried the MakseLife planner but hated the feel of a discbound planner system. I like the idea of goals and setting up concrete things, and time blocking - definitely undated. I know the Passion Planner is a big one, I'd like to maybe avoid that one for now if folks have other suggestions. If it's a spiral planner, that's even better. (I love to be able to have the pages open constantly for me to just have) Let me know! Thank you so much :)","","1725678147.0","2024-09-07T03:02:27+00:00","41","41","0.92","70","38d2e9b4bf165367","","reddit-planners-planners_for_folks_with_intense_adhd:comment:lmcie0x","comment","lmcie0x","t1_lmcie0x","https://www.reddit.com/r/planners/comments/1faxb4c/planners_for_folks_with_intense_adhd/lmcie0x/","/r/planners/comments/1faxb4c/planners_for_folks_with_intense_adhd/lmcie0x/","t3_1faxb4c","post","","lmcie0x","0","true","lmcie0x","5c1b60cbdb622307","","","false","false","","2","2","0","0","0","1725919985.0","2024-09-09T22:13:05+00:00","false","False","","false","false","false","false","Like many other ADHDers here I also use hobo cousin! They have undated options. But I also highly recommend the Yoseka Stationery 2 month layout (https://yosekastationery.com/products/yosekalab-two-month-weekly-planner?pos=1&sid=f5d3e744e&ss=r) sample book. It's basically a way to preview a variety of planner layouts and comes with a little guide to planners that match each different layout of you fine you like a certain one and want to buy a full planner like it.","Like many other ADHDers here I also use hobo cousin! They have undated options. But I also highly recommend the Yoseka Stationery 2 month layout (https://yosekastationery.com/products/yosekalab-two-month-weekly-planner?pos=1&sid=f5d3e744e&ss=r) sample book. It's basically a way…","468","69","","","https://yosekastationery.com/products/yosekalab-two-month-weekly-planner?pos=1&sid=f5d3e744e&ss=r","true","true","planner | planners | plan | weekly","adhd","layout | layouts | weekly | review","contains_question | mentions_feature_or_solution | mentions_pain_or_friction | mentions_planner_or_system | mentions_working_solution_or_recommendation","55","[THREAD_TITLE]
Planners for folks with Intense ADHD

[THREAD_BODY]
Hey there - looking for a planner that fits my needs as someone with ADHD. I just tried the MakseLife planner but hated the feel of a discbound planner system. I like the idea of goals and setting up concrete things, and time blocking - definitely undated. I know the Passion Planner is a big one, I'd like to maybe avoid that one for now if folks have other suggestions. If it's a spiral planner, that's even better. (I love to be able to have the pages open constantly for me to just have) Let me know! Thank you so much :)

[CURRENT_RECORD]
Like many other ADHDers here I also use hobo cousin! They have undated options. But I also highly recommend the Yoseka Stationery 2 month layout (https://yosekastationery.com/products/yosekalab-two-month-weekly-planner?pos=1&sid=f5d3e744e&ss=r) sample book. It's basically a way to preview a variety of planner layouts and comes with a little guide to planners that match each different layout of you fine you like a certain one and want to buy a full planner like it."
"C:\Projects\Web\planner-tdah\research\reddit_data\reddit-planners-planners_for_folks_with_intense_adhd.json","reddit-planners-planners_for_folks_with_intense_adhd","1faxb4c","t3_1faxb4c","https://www.reddit.com/r/planners/comments/1faxb4c/planners_for_folks_with_intense_adhd/","planners","r/planners","Planners for folks with Intense ADHD","Hey there - looking for a planner that fits my needs as someone with ADHD. I just tried the MakseLife planner but hated the feel of a discbound planner system. I like the idea of goals and setting up concrete things, and time blocking - definitely undated. I know the Passion Planner is a big one, I'd like to maybe avoid that one for now if folks have other suggestions. If it's a spiral planner, that's even better. (I love to be able to have the pages open constantly for me to just have) Let me know! Thank you so much :)","","1725678147.0","2024-09-07T03:02:27+00:00","41","41","0.92","70","38d2e9b4bf165367","","reddit-planners-planners_for_folks_with_intense_adhd:comment:lmhb5hp","comment","lmhb5hp","t1_lmhb5hp","https://www.reddit.com/r/planners/comments/1faxb4c/planners_for_folks_with_intense_adhd/lmhb5hp/","/r/planners/comments/1faxb4c/planners_for_folks_with_intense_adhd/lmhb5hp/","t3_1faxb4c","post","","lmhb5hp","0","true","lmhb5hp","be8caa6b9129c08f","","","false","false","","2","2","0","0","0","1725994047.0","2024-09-10T18:47:27+00:00","false","False","","false","false","false","false","Index cards with one card a day because then I didn't get overwhelmed looking ahead too much. (For daily use)","Index cards with one card a day because then I didn't get overwhelmed looking ahead too much. (For daily use)","109","20","","","","false","false","daily","overwhelm | overwhelmed | too much","daily","mentions_feature_or_solution | mentions_pain_or_friction | mentions_planner_or_system | overwhelm_or_complexity_signal","41","[THREAD_TITLE]
Planners for folks with Intense ADHD

[THREAD_BODY]
Hey there - looking for a planner that fits my needs as someone with ADHD. I just tried the MakseLife planner but hated the feel of a discbound planner system. I like the idea of goals and setting up concrete things, and time blocking - definitely undated. I know the Passion Planner is a big one, I'd like to maybe avoid that one for now if folks have other suggestions. If it's a spiral planner, that's even better. (I love to be able to have the pages open constantly for me to just have) Let me know! Thank you so much :)

[CURRENT_RECORD]
Index cards with one card a day because then I didn't get overwhelmed looking ahead too much. (For daily use)"
"C:\Projects\Web\planner-tdah\research\reddit_data\reddit-planners-planners_for_folks_with_intense_adhd.json","reddit-planners-planners_for_folks_with_intense_adhd","1faxb4c","t3_1faxb4c","https://www.reddit.com/r/planners/comments/1faxb4c/planners_for_folks_with_intense_adhd/","planners","r/planners","Planners for folks with Intense ADHD","Hey there - looking for a planner that fits my needs as someone with ADHD. I just tried the MakseLife planner but hated the feel of a discbound planner system. I like the idea of goals and setting up concrete things, and time blocking - definitely undated. I know the Passion Planner is a big one, I'd like to maybe avoid that one for now if folks have other suggestions. If it's a spiral planner, that's even better. (I love to be able to have the pages open constantly for me to just have) Let me know! Thank you so much :)","","1725678147.0","2024-09-07T03:02:27+00:00","41","41","0.92","70","38d2e9b4bf165367","","reddit-planners-planners_for_folks_with_intense_adhd:comment:llwnwjt","comment","llwnwjt","t1_llwnwjt","https://www.reddit.com/r/planners/comments/1faxb4c/planners_for_folks_with_intense_adhd/llwnwjt/","/r/planners/comments/1faxb4c/planners_for_folks_with_intense_adhd/llwnwjt/","t3_1faxb4c","post","","llwnwjt","0","true","llwnwjt","38da4a5b1c90ad5c","","","false","false","","1","1","0","0","0","1725681380.0","2024-09-07T03:56:20+00:00","false","False","","false","false","false","false","I personally like the Erin Condren academic planner it has a space for to do lists, and two lined spaces without prompts. There are also a bunch of sticker kits on Etsy that make it more customizable and entertaining or you could make your own with some sticker paper. It also has covers that change out if you get sick of the one you initially bought. There are also a few note pages in between months that you could use for whatever you want. It’s normally $40ish but they have a bunch of sales coming up.","I personally like the Erin Condren academic planner it has a space for to do lists, and two lined spaces without prompts. There are also a bunch of sticker kits on Etsy that make it more customizable and entertaining or you could make your own with some sticker paper. It also ha…","507","96","","","","false","false","planner | plan | to do","","change | custom","long_form_comment | mentions_feature_or_solution | mentions_planner_or_system | novelty_or_format_change_signal","40","[THREAD_TITLE]
Planners for folks with Intense ADHD

[THREAD_BODY]
Hey there - looking for a planner that fits my needs as someone with ADHD. I just tried the MakseLife planner but hated the feel of a discbound planner system. I like the idea of goals and setting up concrete things, and time blocking - definitely undated. I know the Passion Planner is a big one, I'd like to maybe avoid that one for now if folks have other suggestions. If it's a spiral planner, that's even better. (I love to be able to have the pages open constantly for me to just have) Let me know! Thank you so much :)

[CURRENT_RECORD]
I personally like the Erin Condren academic planner it has a space for to do lists, and two lined spaces without prompts. There are also a bunch of sticker kits on Etsy that make it more customizable and entertaining or you could make your own with some sticker paper. It also has covers that change out if you get sick of the one you initially bought. There are also a few note pages in between months that you could use for whatever you want. It’s normally $40ish but they have a bunch of sales coming up."
"C:\Projects\Web\planner-tdah\research\reddit_data\reddit-planners-planners_for_folks_with_intense_adhd.json","reddit-planners-planners_for_folks_with_intense_adhd","1faxb4c","t3_1faxb4c","https://www.reddit.com/r/planners/comments/1faxb4c/planners_for_folks_with_intense_adhd/","planners","r/planners","Planners for folks with Intense ADHD","Hey there - looking for a planner that fits my needs as someone with ADHD. I just tried the MakseLife planner but hated the feel of a discbound planner system. I like the idea of goals and setting up concrete things, and time blocking - definitely undated. I know the Passion Planner is a big one, I'd like to maybe avoid that one for now if folks have other suggestions. If it's a spiral planner, that's even better. (I love to be able to have the pages open constantly for me to just have) Let me know! Thank you so much :)","","1725678147.0","2024-09-07T03:02:27+00:00","41","41","0.92","70","38d2e9b4bf165367","","reddit-planners-planners_for_folks_with_intense_adhd:comment:llxq99j","comment","llxq99j","t1_llxq99j","https://www.reddit.com/r/planners/comments/1faxb4c/planners_for_folks_with_intense_adhd/llxq99j/","/r/planners/comments/1faxb4c/planners_for_folks_with_intense_adhd/llxq99j/","t3_1faxb4c","post","","llxq99j","0","true","llxq99j","14299dd6f490ef22","","","false","false","","1","1","0","0","0","1725705561.0","2024-09-07T10:39:21+00:00","false","False","","false","false","false","false","I'm using a bullet journal/planner I thought happy planner was the thing but then I didn't like the pre printed, I've had so many different planners but ATM it's bullet journal x","I'm using a bullet journal/planner I thought happy planner was the thing but then I didn't like the pre printed, I've had so many different planners but ATM it's bullet journal x","178","32","","","","false","false","planner | planners | plan | bullet journal | journal | app","","print","mentions_feature_or_solution | mentions_planner_or_system","34","[THREAD_TITLE]
Planners for folks with Intense ADHD

[THREAD_BODY]
Hey there - looking for a planner that fits my needs as someone with ADHD. I just tried the MakseLife planner but hated the feel of a discbound planner system. I like the idea of goals and setting up concrete things, and time blocking - definitely undated. I know the Passion Planner is a big one, I'd like to maybe avoid that one for now if folks have other suggestions. If it's a spiral planner, that's even better. (I love to be able to have the pages open constantly for me to just have) Let me know! Thank you so much :)

[CURRENT_RECORD]
I'm using a bullet journal/planner I thought happy planner was the thing but then I didn't like the pre printed, I've had so many different planners but ATM it's bullet journal x"
"C:\Projects\Web\planner-tdah\research\reddit_data\reddit-planners-planners_for_folks_with_intense_adhd.json","reddit-planners-planners_for_folks_with_intense_adhd","1faxb4c","t3_1faxb4c","https://www.reddit.com/r/planners/comments/1faxb4c/planners_for_folks_with_intense_adhd/","planners","r/planners","Planners for folks with Intense ADHD","Hey there - looking for a planner that fits my needs as someone with ADHD. I just tried the MakseLife planner but hated the feel of a discbound planner system. I like the idea of goals and setting up concrete things, and time blocking - definitely undated. I know the Passion Planner is a big one, I'd like to maybe avoid that one for now if folks have other suggestions. If it's a spiral planner, that's even better. (I love to be able to have the pages open constantly for me to just have) Let me know! Thank you so much :)","","1725678147.0","2024-09-07T03:02:27+00:00","41","41","0.92","70","38d2e9b4bf165367","","reddit-planners-planners_for_folks_with_intense_adhd:comment:llylqsj","comment","llylqsj","t1_llylqsj","https://www.reddit.com/r/planners/comments/1faxb4c/planners_for_folks_with_intense_adhd/llylqsj/","/r/planners/comments/1faxb4c/planners_for_folks_with_intense_adhd/llylqsj/","t3_1faxb4c","post","","llylqsj","0","true","llylqsj","caee461965f282bc","","","false","false","","1","1","0","0","0","1725720100.0","2024-09-07T14:41:40+00:00","false","False","","false","false","false","false","I have bad ADHD and panda planner helped me a lot. Also if you look up Angie “Top 10 Goals” on YouTube that style of planning really helped me with my goals and productivity. It reduces the overwhelm and you get a little dopamine for knocking out pieces of your goals until completion.","I have bad ADHD and panda planner helped me a lot. Also if you look up Angie “Top 10 Goals” on YouTube that style of planning really helped me with my goals and productivity. It reduces the overwhelm and you get a little dopamine for knocking out pieces of your goals until compl…","285","53","","","","false","true","planner | plan | planning","adhd | overwhelm","","mentions_pain_or_friction | mentions_planner_or_system | mentions_working_solution_or_recommendation | overwhelm_or_complexity_signal","48","[THREAD_TITLE]
Planners for folks with Intense ADHD

[THREAD_BODY]
Hey there - looking for a planner that fits my needs as someone with ADHD. I just tried the MakseLife planner but hated the feel of a discbound planner system. I like the idea of goals and setting up concrete things, and time blocking - definitely undated. I know the Passion Planner is a big one, I'd like to maybe avoid that one for now if folks have other suggestions. If it's a spiral planner, that's even better. (I love to be able to have the pages open constantly for me to just have) Let me know! Thank you so much :)

[CURRENT_RECORD]
I have bad ADHD and panda planner helped me a lot. Also if you look up Angie “Top 10 Goals” on YouTube that style of planning really helped me with my goals and productivity. It reduces the overwhelm and you get a little dopamine for knocking out pieces of your goals until completion."
"C:\Projects\Web\planner-tdah\research\reddit_data\reddit-planners-planners_for_folks_with_intense_adhd.json","reddit-planners-planners_for_folks_with_intense_adhd","1faxb4c","t3_1faxb4c","https://www.reddit.com/r/planners/comments/1faxb4c/planners_for_folks_with_intense_adhd/","planners","r/planners","Planners for folks with Intense ADHD","Hey there - looking for a planner that fits my needs as someone with ADHD. I just tried the MakseLife planner but hated the feel of a discbound planner system. I like the idea of goals and setting up concrete things, and time blocking - definitely undated. I know the Passion Planner is a big one, I'd like to maybe avoid that one for now if folks have other suggestions. If it's a spiral planner, that's even better. (I love to be able to have the pages open constantly for me to just have) Let me know! Thank you so much :)","","1725678147.0","2024-09-07T03:02:27+00:00","41","41","0.92","70","38d2e9b4bf165367","","reddit-planners-planners_for_folks_with_intense_adhd:comment:llz9hly","comment","llz9hly","t1_llz9hly","https://www.reddit.com/r/planners/comments/1faxb4c/planners_for_folks_with_intense_adhd/llz9hly/","/r/planners/comments/1faxb4c/planners_for_folks_with_intense_adhd/llz9hly/","t3_1faxb4c","post","","llz9hly","0","true","llz9hly","35e197a2250229d9","","","false","false","","1","1","0","0","0","1725728197.0","2024-09-07T16:56:37+00:00","false","False","","false","false","false","false","I use mossery (https://www.mossery.co/collections/2025-planners) since there were a lot of different options and no distractions on the page. If you choose that route, here’s a $10 off (https://i.refs.cc/5aaAlewP?smileref=eyJzbWlsZV9zb3VyY2UiOiJzbWlsZV91aSIsInNtaWxlX21lZGl1bSI6IiIsInNtaWxlX2NhbXBhaWduIjoicmVmZXJyYWxfcHJvZ3JhbSIsInNtaWxlX2N1c3RvbWVyX2lkIjoxMzM5Njk5MTc4fQ%3D%3D) I use the dated monthly with horizontal weeks but you’d probably like the vertical for time blocking.","I use mossery (https://www.mossery.co/collections/2025-planners) since there were a lot of different options and no distractions on the page. If you choose that route, here’s a $10 off (https://i.refs.cc/5aaAlewP?smileref=eyJzbWlsZV9zb3VyY2UiOiJzbWlsZV91aSIsInNtaWxlX21lZGl1bSI6I…","481","45","","","https://www.mossery.co/collections/2025-planners | https://i.refs.cc/5aaAlewP?smileref=eyJzbWlsZV9zb3VyY2UiOiJzbWlsZV91aSIsInNtaWxlX21lZGl1bSI6IiIsInNtaWxlX2NhbXBhaWduIjoicmVmZXJyYWxfcHJvZ3JhbSIsInNtaWxlX2N1c3RvbWVyX2lkIjoxMzM5Njk5MTc4fQ%3D%3D","true","false","planner | planners | plan | monthly","time","monthly","contains_question | forgetfulness_or_time_signal | mentions_feature_or_solution | mentions_pain_or_friction | mentions_planner_or_system","43","[THREAD_TITLE]
Planners for folks with Intense ADHD

[THREAD_BODY]
Hey there - looking for a planner that fits my needs as someone with ADHD. I just tried the MakseLife planner but hated the feel of a discbound planner system. I like the idea of goals and setting up concrete things, and time blocking - definitely undated. I know the Passion Planner is a big one, I'd like to maybe avoid that one for now if folks have other suggestions. If it's a spiral planner, that's even better. (I love to be able to have the pages open constantly for me to just have) Let me know! Thank you so much :)

[CURRENT_RECORD]
I use mossery (https://www.mossery.co/collections/2025-planners) since there were a lot of different options and no distractions on the page. If you choose that route, here’s a $10 off (https://i.refs.cc/5aaAlewP?smileref=eyJzbWlsZV9zb3VyY2UiOiJzbWlsZV91aSIsInNtaWxlX21lZGl1bSI6IiIsInNtaWxlX2NhbXBhaWduIjoicmVmZXJyYWxfcHJvZ3JhbSIsInNtaWxlX2N1c3RvbWVyX2lkIjoxMzM5Njk5MTc4fQ%3D%3D) I use the dated monthly with horizontal weeks but you’d probably like the vertical for time blocking."
"C:\Projects\Web\planner-tdah\research\reddit_data\reddit-planners-planners_for_folks_with_intense_adhd.json","reddit-planners-planners_for_folks_with_intense_adhd","1faxb4c","t3_1faxb4c","https://www.reddit.com/r/planners/comments/1faxb4c/planners_for_folks_with_intense_adhd/","planners","r/planners","Planners for folks with Intense ADHD","Hey there - looking for a planner that fits my needs as someone with ADHD. I just tried the MakseLife planner but hated the feel of a discbound planner system. I like the idea of goals and setting up concrete things, and time blocking - definitely undated. I know the Passion Planner is a big one, I'd like to maybe avoid that one for now if folks have other suggestions. If it's a spiral planner, that's even better. (I love to be able to have the pages open constantly for me to just have) Let me know! Thank you so much :)","","1725678147.0","2024-09-07T03:02:27+00:00","41","41","0.92","70","38d2e9b4bf165367","","reddit-planners-planners_for_folks_with_intense_adhd:comment:llznm7y","comment","llznm7y","t1_llznm7y","https://www.reddit.com/r/planners/comments/1faxb4c/planners_for_folks_with_intense_adhd/llznm7y/","/r/planners/comments/1faxb4c/planners_for_folks_with_intense_adhd/llznm7y/","t3_1faxb4c","post","","llznm7y","0","true","llznm7y","1c934e893d4b5e76","","","false","false","","1","1","0","0","0","1725732875.0","2024-09-07T18:14:35+00:00","false","False","","false","false","false","false","I really really enjoyed the Commit 30 planner. It comes in dated and undated and Sunday and Monday week start options. I do admit I haven’t gotten one recently because I’ve been underemployed and the covers keep getting fuglier, but I’m still recommending it as the best one I ever had!","I really really enjoyed the Commit 30 planner. It comes in dated and undated and Sunday and Monday week start options. I do admit I haven’t gotten one recently because I’ve been underemployed and the covers keep getting fuglier, but I’m still recommending it as the best one I ev…","286","51","","","","false","true","planner | plan","","","mentions_planner_or_system | mentions_working_solution_or_recommendation","26","[THREAD_TITLE]
Planners for folks with Intense ADHD

[THREAD_BODY]
Hey there - looking for a planner that fits my needs as someone with ADHD. I just tried the MakseLife planner but hated the feel of a discbound planner system. I like the idea of goals and setting up concrete things, and time blocking - definitely undated. I know the Passion Planner is a big one, I'd like to maybe avoid that one for now if folks have other suggestions. If it's a spiral planner, that's even better. (I love to be able to have the pages open constantly for me to just have) Let me know! Thank you so much :)

[CURRENT_RECORD]
I really really enjoyed the Commit 30 planner. It comes in dated and undated and Sunday and Monday week start options. I do admit I haven’t gotten one recently because I’ve been underemployed and the covers keep getting fuglier, but I’m still recommending it as the best one I ever had!"
"C:\Projects\Web\planner-tdah\research\reddit_data\reddit-planners-planners_for_folks_with_intense_adhd.json","reddit-planners-planners_for_folks_with_intense_adhd","1faxb4c","t3_1faxb4c","https://www.reddit.com/r/planners/comments/1faxb4c/planners_for_folks_with_intense_adhd/","planners","r/planners","Planners for folks with Intense ADHD","Hey there - looking for a planner that fits my needs as someone with ADHD. I just tried the MakseLife planner but hated the feel of a discbound planner system. I like the idea of goals and setting up concrete things, and time blocking - definitely undated. I know the Passion Planner is a big one, I'd like to maybe avoid that one for now if folks have other suggestions. If it's a spiral planner, that's even better. (I love to be able to have the pages open constantly for me to just have) Let me know! Thank you so much :)","","1725678147.0","2024-09-07T03:02:27+00:00","41","41","0.92","70","38d2e9b4bf165367","","reddit-planners-planners_for_folks_with_intense_adhd:comment:lm8gadx","comment","lm8gadx","t1_lm8gadx","https://www.reddit.com/r/planners/comments/1faxb4c/planners_for_folks_with_intense_adhd/lm8gadx/","/r/planners/comments/1faxb4c/planners_for_folks_with_intense_adhd/lm8gadx/","t3_1faxb4c","post","","lm8gadx","0","true","lm8gadx","ae7fc3acccf89a32","","","false","false","","1","1","0","0","0","1725858741.0","2024-09-09T05:12:21+00:00","false","False","","false","false","false","false","I use a happy planner base and add the extra things I want/need, like checklists and a goal section that works for me. I also have simple tabs at the back to help me remember the different areas of my life.","I use a happy planner base and add the extra things I want/need, like checklists and a goal section that works for me. I also have simple tabs at the back to help me remember the different areas of my life.","206","41","","","","false","true","planner | plan | app | checklist","","simple | checklist","mentions_feature_or_solution | mentions_planner_or_system | mentions_working_solution_or_recommendation","42","[THREAD_TITLE]
Planners for folks with Intense ADHD

[THREAD_BODY]
Hey there - looking for a planner that fits my needs as someone with ADHD. I just tried the MakseLife planner but hated the feel of a discbound planner system. I like the idea of goals and setting up concrete things, and time blocking - definitely undated. I know the Passion Planner is a big one, I'd like to maybe avoid that one for now if folks have other suggestions. If it's a spiral planner, that's even better. (I love to be able to have the pages open constantly for me to just have) Let me know! Thank you so much :)

[CURRENT_RECORD]
I use a happy planner base and add the extra things I want/need, like checklists and a goal section that works for me. I also have simple tabs at the back to help me remember the different areas of my life."
"C:\Projects\Web\planner-tdah\research\reddit_data\reddit-planners-planners_for_folks_with_intense_adhd.json","reddit-planners-planners_for_folks_with_intense_adhd","1faxb4c","t3_1faxb4c","https://www.reddit.com/r/planners/comments/1faxb4c/planners_for_folks_with_intense_adhd/","planners","r/planners","Planners for folks with Intense ADHD","Hey there - looking for a planner that fits my needs as someone with ADHD. I just tried the MakseLife planner but hated the feel of a discbound planner system. I like the idea of goals and setting up concrete things, and time blocking - definitely undated. I know the Passion Planner is a big one, I'd like to maybe avoid that one for now if folks have other suggestions. If it's a spiral planner, that's even better. (I love to be able to have the pages open constantly for me to just have) Let me know! Thank you so much :)","","1725678147.0","2024-09-07T03:02:27+00:00","41","41","0.92","70","38d2e9b4bf165367","","reddit-planners-planners_for_folks_with_intense_adhd:comment:mw05y6v","comment","mw05y6v","t1_mw05y6v","https://www.reddit.com/r/planners/comments/1faxb4c/planners_for_folks_with_intense_adhd/mw05y6v/","/r/planners/comments/1faxb4c/planners_for_folks_with_intense_adhd/mw05y6v/","t3_1faxb4c","post","","mw05y6v","0","true","mw05y6v","eb18ddaf6fa4b0a2","","","false","false","","1","1","0","0","0","1749064484.0","2025-06-04T19:14:44+00:00","false","False","","false","false","false","false","I have ADHD and find that turning my life/to-do list into a game really helps. I have just launched a couple of printable daily planner pages on Etsy. I would love it if anyone could have a look and see if they would be of interest! If you do decide to purchase, I would love it if you could leave an honest review and message me with any improvements you think I could make! https://www.etsy.com/uk/shop/AFKPrintCo (https://www.etsy.com/uk/shop/AFKPrintCo)","I have ADHD and find that turning my life/to-do list into a game really helps. I have just launched a couple of printable daily planner pages on Etsy. I would love it if anyone could have a look and see if they would be of interest! If you do decide to purchase, I would love it…","457","76","","","https://www.etsy.com/uk/shop/AFKPrintCo","false","true","planner | plan | printable | to-do | daily","adhd","print | printable | daily | review","mentions_feature_or_solution | mentions_pain_or_friction | mentions_planner_or_system | mentions_working_solution_or_recommendation | printable_modular_system_signal","65","[THREAD_TITLE]
Planners for folks with Intense ADHD

[THREAD_BODY]
Hey there - looking for a planner that fits my needs as someone with ADHD. I just tried the MakseLife planner but hated the feel of a discbound planner system. I like the idea of goals and setting up concrete things, and time blocking - definitely undated. I know the Passion Planner is a big one, I'd like to maybe avoid that one for now if folks have other suggestions. If it's a spiral planner, that's even better. (I love to be able to have the pages open constantly for me to just have) Let me know! Thank you so much :)

[CURRENT_RECORD]
I have ADHD and find that turning my life/to-do list into a game really helps. I have just launched a couple of printable daily planner pages on Etsy. I would love it if anyone could have a look and see if they would be of interest! If you do decide to purchase, I would love it if you could leave an honest review and message me with any improvements you think I could make! https://www.etsy.com/uk/shop/AFKPrintCo (https://www.etsy.com/uk/shop/AFKPrintCo)"
"C:\Projects\Web\planner-tdah\research\reddit_data\reddit-planners-planners_for_folks_with_intense_adhd.json","reddit-planners-planners_for_folks_with_intense_adhd","1faxb4c","t3_1faxb4c","https://www.reddit.com/r/planners/comments/1faxb4c/planners_for_folks_with_intense_adhd/","planners","r/planners","Planners for folks with Intense ADHD","Hey there - looking for a planner that fits my needs as someone with ADHD. I just tried the MakseLife planner but hated the feel of a discbound planner system. I like the idea of goals and setting up concrete things, and time blocking - definitely undated. I know the Passion Planner is a big one, I'd like to maybe avoid that one for now if folks have other suggestions. If it's a spiral planner, that's even better. (I love to be able to have the pages open constantly for me to just have) Let me know! Thank you so much :)","","1725678147.0","2024-09-07T03:02:27+00:00","41","41","0.92","70","38d2e9b4bf165367","","reddit-planners-planners_for_folks_with_intense_adhd:comment:llxvb08","comment","llxvb08","t1_llxvb08","https://www.reddit.com/r/planners/comments/1faxb4c/planners_for_folks_with_intense_adhd/llxvb08/","/r/planners/comments/1faxb4c/planners_for_folks_with_intense_adhd/llxvb08/","t3_1faxb4c","post","","llxvb08","0","true","llxvb08","ea990f30f44d63be","","","false","false","","-1","-1","0","0","0","1725708617.0","2024-09-07T11:30:17+00:00","false","False","","false","false","false","false","I just created my own planner, I think it has a great structure and it is a spiral one, but I could be biased lol, here (https://aleillustratorshop.etsy.com/listing/1571771854) is the link to pre-order it. Would love some feedback if you’re looking into it to take notes for next year","I just created my own planner, I think it has a great structure and it is a spiral one, but I could be biased lol, here (https://aleillustratorshop.etsy.com/listing/1571771854) is the link to pre-order it. Would love some feedback if you’re looking into it to take notes for next…","284","48","","","https://aleillustratorshop.etsy.com/listing/1571771854","false","true","planner | plan","","notes","mentions_feature_or_solution | mentions_planner_or_system | mentions_working_solution_or_recommendation","30","[THREAD_TITLE]
Planners for folks with Intense ADHD

[THREAD_BODY]
Hey there - looking for a planner that fits my needs as someone with ADHD. I just tried the MakseLife planner but hated the feel of a discbound planner system. I like the idea of goals and setting up concrete things, and time blocking - definitely undated. I know the Passion Planner is a big one, I'd like to maybe avoid that one for now if folks have other suggestions. If it's a spiral planner, that's even better. (I love to be able to have the pages open constantly for me to just have) Let me know! Thank you so much :)

[CURRENT_RECORD]
I just created my own planner, I think it has a great structure and it is a spiral one, but I could be biased lol, here (https://aleillustratorshop.etsy.com/listing/1571771854) is the link to pre-order it. Would love some feedback if you’re looking into it to take notes for next year"
