"source_file","source_file_stem","thread_id","thread_fullname","thread_url","subreddit","subreddit_prefixed","thread_title","thread_selftext_clean","thread_flair","thread_created_utc","thread_created_iso","thread_score","thread_ups","thread_upvote_ratio","thread_num_comments","thread_author_hash","thread_author_public","record_id","record_type","comment_id","comment_fullname","comment_url","comment_permalink","parent_id_raw","parent_type","parent_comment_id","root_comment_id","depth","is_top_level","path_ids","author_hash","author_public","author_flair_text","is_submitter","stickied","distinguished","score","ups","downs","controversiality","reply_count_direct","created_utc","created_iso","edited","edited_utc","edited_iso","collapsed","locked","archived","score_hidden","body_clean","body_excerpt_280","body_length_chars","body_word_count","parent_body_excerpt","root_body_excerpt","text_urls","contains_question","contains_recommendation_language","planner_terms_found","pain_terms_found","feature_terms_found","signal_tags","relevance_score_0_100","text_for_ai"
"C:\Projects\Web\planner-tdah\research\reddit_data\reddit-adhdwomen-what_kind_of_planner_do_you_use.json","reddit-adhdwomen-what_kind_of_planner_do_you_use","1lq1347","t3_1lq1347","https://www.reddit.com/r/adhdwomen/comments/1lq1347/what_kind_of_planner_do_you_use/","adhdwomen","r/adhdwomen","What kind of planner do you use?","Whether it is a paper planner, app, online or whatever!! I want to hear which planners you guys use and what works for you! And has worked for you for a good amount of time:) I am fully aware that I can feel so much better by planning stuff, I just can't keep up with anything for more than two weeks. And now I'm done with college (forever ) and my structure is gone so it's more important than ever haha","General Question/Discussion","1751475387","2025-07-02T16:56:27+00:00","11","11","0.93","49","f3b68bc47fe41391","","reddit-adhdwomen-what_kind_of_planner_do_you_use:post:1lq1347","thread_post","","","https://www.reddit.com/r/adhdwomen/comments/1lq1347/what_kind_of_planner_do_you_use/","/r/adhdwomen/comments/1lq1347/what_kind_of_planner_do_you_use/","","","","","","","","f3b68bc47fe41391","","","true","false","","11","11","0","","","1751475387","2025-07-02T16:56:27+00:00","false","False","","","true","true","false","What kind of planner do you use? Whether it is a paper planner, app, online or whatever!! I want to hear which planners you guys use and what works for you! And has worked for you for a good amount of time:) I am fully aware that I can feel so much better by planning stuff, I just can't keep up with anything for more than two weeks. And now I'm done with college (forever ) and my structure is gone so it's more important than ever haha","What kind of planner do you use? Whether it is a paper planner, app, online or whatever!! I want to hear which planners you guys use and what works for you! And has worked for you for a good amount of time:) I am fully aware that I can feel so much better by planning stuff, I ju…","438","88","","","","true","false","planner | planners | plan | planning | app","time","","contains_question | forgetfulness_or_time_signal | mentions_pain_or_friction | mentions_planner_or_system","58","[THREAD_TITLE]
What kind of planner do you use?

[THREAD_BODY]
Whether it is a paper planner, app, online or whatever!! I want to hear which planners you guys use and what works for you! And has worked for you for a good amount of time:) I am fully aware that I can feel so much better by planning stuff, I just can't keep up with anything for more than two weeks. And now I'm done with college (forever ) and my structure is gone so it's more important than ever haha"
"C:\Projects\Web\planner-tdah\research\reddit_data\reddit-adhdwomen-what_kind_of_planner_do_you_use.json","reddit-adhdwomen-what_kind_of_planner_do_you_use","1lq1347","t3_1lq1347","https://www.reddit.com/r/adhdwomen/comments/1lq1347/what_kind_of_planner_do_you_use/","adhdwomen","r/adhdwomen","What kind of planner do you use?","Whether it is a paper planner, app, online or whatever!! I want to hear which planners you guys use and what works for you! And has worked for you for a good amount of time:) I am fully aware that I can feel so much better by planning stuff, I just can't keep up with anything for more than two weeks. And now I'm done with college (forever ) and my structure is gone so it's more important than ever haha","General Question/Discussion","1751475387","2025-07-02T16:56:27+00:00","11","11","0.93","49","f3b68bc47fe41391","","reddit-adhdwomen-what_kind_of_planner_do_you_use:comment:n0zl7dc","comment","n0zl7dc","t1_n0zl7dc","https://www.reddit.com/r/adhdwomen/comments/1lq1347/what_kind_of_planner_do_you_use/n0zl7dc/","/r/adhdwomen/comments/1lq1347/what_kind_of_planner_do_you_use/n0zl7dc/","t3_1lq1347","post","","n0zl7dc","0","true","n0zl7dc","1738591a7e62d237","","","false","false","","24","24","0","0","1","1751481110","2025-07-02T18:31:50+00:00","false","False","","false","false","true","false","You mean the one that’s been sitting on my desk that I haven’t touched since Jan 1 2025? It’s green and yellow","You mean the one that’s been sitting on my desk that I haven’t touched since Jan 1 2025? It’s green and yellow","110","22","","","","true","false","","","","contains_question","23","[THREAD_TITLE]
What kind of planner do you use?

[THREAD_BODY]
Whether it is a paper planner, app, online or whatever!! I want to hear which planners you guys use and what works for you! And has worked for you for a good amount of time:) I am fully aware that I can feel so much better by planning stuff, I just can't keep up with anything for more than two weeks. And now I'm done with college (forever ) and my structure is gone so it's more important than ever haha

[CURRENT_RECORD]
You mean the one that’s been sitting on my desk that I haven’t touched since Jan 1 2025? It’s green and yellow"
"C:\Projects\Web\planner-tdah\research\reddit_data\reddit-adhdwomen-what_kind_of_planner_do_you_use.json","reddit-adhdwomen-what_kind_of_planner_do_you_use","1lq1347","t3_1lq1347","https://www.reddit.com/r/adhdwomen/comments/1lq1347/what_kind_of_planner_do_you_use/","adhdwomen","r/adhdwomen","What kind of planner do you use?","Whether it is a paper planner, app, online or whatever!! I want to hear which planners you guys use and what works for you! And has worked for you for a good amount of time:) I am fully aware that I can feel so much better by planning stuff, I just can't keep up with anything for more than two weeks. And now I'm done with college (forever ) and my structure is gone so it's more important than ever haha","General Question/Discussion","1751475387","2025-07-02T16:56:27+00:00","11","11","0.93","49","f3b68bc47fe41391","","reddit-adhdwomen-what_kind_of_planner_do_you_use:comment:n0zqkjk","comment","n0zqkjk","t1_n0zqkjk","https://www.reddit.com/r/adhdwomen/comments/1lq1347/what_kind_of_planner_do_you_use/n0zqkjk/","/r/adhdwomen/comments/1lq1347/what_kind_of_planner_do_you_use/n0zqkjk/","t1_n0zl7dc","comment","n0zl7dc","n0zl7dc","1","false","n0zl7dc > n0zqkjk","f3b68bc47fe41391","","","true","false","","2","2","0","0","0","1751482700","2025-07-02T18:58:20+00:00","false","False","","false","false","true","false","😂 relatable","😂 relatable","11","2","You mean the one that’s been sitting on my desk that I haven’t touched since Jan 1 2025? It’s green and yellow","You mean the one that’s been sitting on my desk that I haven’t touched since Jan 1 2025? It’s green and yellow","","false","false","","","","","0","[THREAD_TITLE]
What kind of planner do you use?

[THREAD_BODY]
Whether it is a paper planner, app, online or whatever!! I want to hear which planners you guys use and what works for you! And has worked for you for a good amount of time:) I am fully aware that I can feel so much better by planning stuff, I just can't keep up with anything for more than two weeks. And now I'm done with college (forever ) and my structure is gone so it's more important than ever haha

[PARENT_COMMENT_CONTEXT]
You mean the one that’s been sitting on my desk that I haven’t touched since Jan 1 2025? It’s green and yellow

[CURRENT_RECORD]
😂 relatable"
"C:\Projects\Web\planner-tdah\research\reddit_data\reddit-adhdwomen-what_kind_of_planner_do_you_use.json","reddit-adhdwomen-what_kind_of_planner_do_you_use","1lq1347","t3_1lq1347","https://www.reddit.com/r/adhdwomen/comments/1lq1347/what_kind_of_planner_do_you_use/","adhdwomen","r/adhdwomen","What kind of planner do you use?","Whether it is a paper planner, app, online or whatever!! I want to hear which planners you guys use and what works for you! And has worked for you for a good amount of time:) I am fully aware that I can feel so much better by planning stuff, I just can't keep up with anything for more than two weeks. And now I'm done with college (forever ) and my structure is gone so it's more important than ever haha","General Question/Discussion","1751475387","2025-07-02T16:56:27+00:00","11","11","0.93","49","f3b68bc47fe41391","","reddit-adhdwomen-what_kind_of_planner_do_you_use:comment:n0z2h64","comment","n0z2h64","t1_n0z2h64","https://www.reddit.com/r/adhdwomen/comments/1lq1347/what_kind_of_planner_do_you_use/n0z2h64/","/r/adhdwomen/comments/1lq1347/what_kind_of_planner_do_you_use/n0z2h64/","t3_1lq1347","post","","n0z2h64","0","true","n0z2h64","661a431ef8ed75ae","","","false","false","","12","12","0","0","1","1751475772","2025-07-02T17:02:52+00:00","false","False","","false","false","true","false","Google calendar - can link to any device and accessible anywhere I go. I also have a wall calendar that I go through and update once a month…gives me an “overview” so I know what I’m working with that month lol.","Google calendar - can link to any device and accessible anywhere I go. I also have a wall calendar that I go through and update once a month…gives me an “overview” so I know what I’m working with that month lol.","211","41","","","","false","false","calendar","","overview","mentions_feature_or_solution | mentions_planner_or_system","26","[THREAD_TITLE]
What kind of planner do you use?

[THREAD_BODY]
Whether it is a paper planner, app, online or whatever!! I want to hear which planners you guys use and what works for you! And has worked for you for a good amount of time:) I am fully aware that I can feel so much better by planning stuff, I just can't keep up with anything for more than two weeks. And now I'm done with college (forever ) and my structure is gone so it's more important than ever haha

[CURRENT_RECORD]
Google calendar - can link to any device and accessible anywhere I go. I also have a wall calendar that I go through and update once a month…gives me an “overview” so I know what I’m working with that month lol."
"C:\Projects\Web\planner-tdah\research\reddit_data\reddit-adhdwomen-what_kind_of_planner_do_you_use.json","reddit-adhdwomen-what_kind_of_planner_do_you_use","1lq1347","t3_1lq1347","https://www.reddit.com/r/adhdwomen/comments/1lq1347/what_kind_of_planner_do_you_use/","adhdwomen","r/adhdwomen","What kind of planner do you use?","Whether it is a paper planner, app, online or whatever!! I want to hear which planners you guys use and what works for you! And has worked for you for a good amount of time:) I am fully aware that I can feel so much better by planning stuff, I just can't keep up with anything for more than two weeks. And now I'm done with college (forever ) and my structure is gone so it's more important than ever haha","General Question/Discussion","1751475387","2025-07-02T16:56:27+00:00","11","11","0.93","49","f3b68bc47fe41391","","reddit-adhdwomen-what_kind_of_planner_do_you_use:comment:n108g3t","comment","n108g3t","t1_n108g3t","https://www.reddit.com/r/adhdwomen/comments/1lq1347/what_kind_of_planner_do_you_use/n108g3t/","/r/adhdwomen/comments/1lq1347/what_kind_of_planner_do_you_use/n108g3t/","t1_n0z2h64","comment","n0z2h64","n0z2h64","1","false","n0z2h64 > n108g3t","c8b83c9be64748e5","","","false","false","","3","3","0","0","0","1751488045","2025-07-02T20:27:25+00:00","false","False","","false","false","true","false","Same (Google Calendar), and I’ve started using Google Tasks as my general to-do list app for similar reasons","Same (Google Calendar), and I’ve started using Google Tasks as my general to-do list app for similar reasons","108","18","Google calendar - can link to any device and accessible anywhere I go. I also have a wall calendar that I go through and update once a month…gives me an “overview” so I know what I’m working with that month lol.","Google calendar - can link to any device and accessible anywhere I go. I also have a wall calendar that I go through and update once a month…gives me an “overview” so I know what I’m working with that month lol.","","false","false","calendar | app | to-do","tasks","","mentions_pain_or_friction | mentions_planner_or_system","17","[THREAD_TITLE]
What kind of planner do you use?

[THREAD_BODY]
Whether it is a paper planner, app, online or whatever!! I want to hear which planners you guys use and what works for you! And has worked for you for a good amount of time:) I am fully aware that I can feel so much better by planning stuff, I just can't keep up with anything for more than two weeks. And now I'm done with college (forever ) and my structure is gone so it's more important than ever haha

[PARENT_COMMENT_CONTEXT]
Google calendar - can link to any device and accessible anywhere I go. I also have a wall calendar that I go through and update once a month…gives me an “overview” so I know what I’m working with that month lol.

[CURRENT_RECORD]
Same (Google Calendar), and I’ve started using Google Tasks as my general to-do list app for similar reasons"
"C:\Projects\Web\planner-tdah\research\reddit_data\reddit-adhdwomen-what_kind_of_planner_do_you_use.json","reddit-adhdwomen-what_kind_of_planner_do_you_use","1lq1347","t3_1lq1347","https://www.reddit.com/r/adhdwomen/comments/1lq1347/what_kind_of_planner_do_you_use/","adhdwomen","r/adhdwomen","What kind of planner do you use?","Whether it is a paper planner, app, online or whatever!! I want to hear which planners you guys use and what works for you! And has worked for you for a good amount of time:) I am fully aware that I can feel so much better by planning stuff, I just can't keep up with anything for more than two weeks. And now I'm done with college (forever ) and my structure is gone so it's more important than ever haha","General Question/Discussion","1751475387","2025-07-02T16:56:27+00:00","11","11","0.93","49","f3b68bc47fe41391","","reddit-adhdwomen-what_kind_of_planner_do_you_use:comment:n0zgao6","comment","n0zgao6","t1_n0zgao6","https://www.reddit.com/r/adhdwomen/comments/1lq1347/what_kind_of_planner_do_you_use/n0zgao6/","/r/adhdwomen/comments/1lq1347/what_kind_of_planner_do_you_use/n0zgao6/","t3_1lq1347","post","","n0zgao6","0","true","n0zgao6","c19d004145f724cd","","","false","false","","10","10","0","0","0","1751479652","2025-07-02T18:07:32+00:00","false","False","","false","false","true","false","Im really great at buying planners, not so much using them for more than a month 😅 I do use the planner on my phone that auto syncs stuff from my email when I book it (hotel stays, concert tickets, etc). Pretty sure it's google calendar?","Im really great at buying planners, not so much using them for more than a month 😅 I do use the planner on my phone that auto syncs stuff from my email when I book it (hotel stays, concert tickets, etc). Pretty sure it's google calendar?","237","46","","","","true","true","planner | planners | plan | calendar","","","contains_question | mentions_planner_or_system | mentions_working_solution_or_recommendation","39","[THREAD_TITLE]
What kind of planner do you use?

[THREAD_BODY]
Whether it is a paper planner, app, online or whatever!! I want to hear which planners you guys use and what works for you! And has worked for you for a good amount of time:) I am fully aware that I can feel so much better by planning stuff, I just can't keep up with anything for more than two weeks. And now I'm done with college (forever ) and my structure is gone so it's more important than ever haha

[CURRENT_RECORD]
Im really great at buying planners, not so much using them for more than a month 😅 I do use the planner on my phone that auto syncs stuff from my email when I book it (hotel stays, concert tickets, etc). Pretty sure it's google calendar?"
"C:\Projects\Web\planner-tdah\research\reddit_data\reddit-adhdwomen-what_kind_of_planner_do_you_use.json","reddit-adhdwomen-what_kind_of_planner_do_you_use","1lq1347","t3_1lq1347","https://www.reddit.com/r/adhdwomen/comments/1lq1347/what_kind_of_planner_do_you_use/","adhdwomen","r/adhdwomen","What kind of planner do you use?","Whether it is a paper planner, app, online or whatever!! I want to hear which planners you guys use and what works for you! And has worked for you for a good amount of time:) I am fully aware that I can feel so much better by planning stuff, I just can't keep up with anything for more than two weeks. And now I'm done with college (forever ) and my structure is gone so it's more important than ever haha","General Question/Discussion","1751475387","2025-07-02T16:56:27+00:00","11","11","0.93","49","f3b68bc47fe41391","","reddit-adhdwomen-what_kind_of_planner_do_you_use:comment:n0zo646","comment","n0zo646","t1_n0zo646","https://www.reddit.com/r/adhdwomen/comments/1lq1347/what_kind_of_planner_do_you_use/n0zo646/","/r/adhdwomen/comments/1lq1347/what_kind_of_planner_do_you_use/n0zo646/","t3_1lq1347","post","","n0zo646","0","true","n0zo646","bcf6b1c855e355f7","","","false","false","","7","7","0","0","1","1751481991","2025-07-02T18:46:31+00:00","false","False","","false","false","true","false","literally just a massive whiteboard, on my desk in full view in my room, and then one in the kitchen. room one has daily to do's, random reminders, important dates etc and kitchen is for my partner's (non-neurodivergent) to do, joint to do and grocery list plus list of meals we have the ingredients for currently. Whiteboards are fun bc you can photograph them and change them up lots for when you get bored of the one you have currently","literally just a massive whiteboard, on my desk in full view in my room, and then one in the kitchen. room one has daily to do's, random reminders, important dates etc and kitchen is for my partner's (non-neurodivergent) to do, joint to do and grocery list plus list of meals we…","438","80","","","","false","false","to do | daily","","reminder | reminders | daily | change","mentions_feature_or_solution | mentions_planner_or_system | novelty_or_format_change_signal","52","[THREAD_TITLE]
What kind of planner do you use?

[THREAD_BODY]
Whether it is a paper planner, app, online or whatever!! I want to hear which planners you guys use and what works for you! And has worked for you for a good amount of time:) I am fully aware that I can feel so much better by planning stuff, I just can't keep up with anything for more than two weeks. And now I'm done with college (forever ) and my structure is gone so it's more important than ever haha

[CURRENT_RECORD]
literally just a massive whiteboard, on my desk in full view in my room, and then one in the kitchen. room one has daily to do's, random reminders, important dates etc and kitchen is for my partner's (non-neurodivergent) to do, joint to do and grocery list plus list of meals we have the ingredients for currently. Whiteboards are fun bc you can photograph them and change them up lots for when you get bored of the one you have currently"
"C:\Projects\Web\planner-tdah\research\reddit_data\reddit-adhdwomen-what_kind_of_planner_do_you_use.json","reddit-adhdwomen-what_kind_of_planner_do_you_use","1lq1347","t3_1lq1347","https://www.reddit.com/r/adhdwomen/comments/1lq1347/what_kind_of_planner_do_you_use/","adhdwomen","r/adhdwomen","What kind of planner do you use?","Whether it is a paper planner, app, online or whatever!! I want to hear which planners you guys use and what works for you! And has worked for you for a good amount of time:) I am fully aware that I can feel so much better by planning stuff, I just can't keep up with anything for more than two weeks. And now I'm done with college (forever ) and my structure is gone so it's more important than ever haha","General Question/Discussion","1751475387","2025-07-02T16:56:27+00:00","11","11","0.93","49","f3b68bc47fe41391","","reddit-adhdwomen-what_kind_of_planner_do_you_use:comment:n0zvih8","comment","n0zvih8","t1_n0zvih8","https://www.reddit.com/r/adhdwomen/comments/1lq1347/what_kind_of_planner_do_you_use/n0zvih8/","/r/adhdwomen/comments/1lq1347/what_kind_of_planner_do_you_use/n0zvih8/","t1_n0zo646","comment","n0zo646","n0zo646","1","false","n0zo646 > n0zvih8","a325d5790b681cc4","","","false","false","","6","6","0","0","0","1751484195","2025-07-02T19:23:15+00:00","false","False","","false","false","true","false","I took a big framed picture I got for super cheap at a garage sale, flipped the picture and put white poster board inside front & use that as a white board. The glass works just the same. If I want, I can swap to black poster board and use chalk markers. Being able to doodle it and make it look interesting and different is a big help. Plus if I get to erase things as I do them, that’s a little dopamine hit & the quicker I erase everything, the sooner I get to doodle out the next round of to-do’s.","I took a big framed picture I got for super cheap at a garage sale, flipped the picture and put white poster board inside front & use that as a white board. The glass works just the same. If I want, I can swap to black poster board and use chalk markers. Being able to doodle it…","501","102","literally just a massive whiteboard, on my desk in full view in my room, and then one in the kitchen. room one has daily to do's, random reminders, important dates etc and kitchen is for my partner's (non-neurodivergent) to do, joint to do and grocery list plus list of meals we have the ingredients for currently. Whiteboards are fun bc you can photograph them and change them up lots for when you get bored of the one you have currently","literally just a massive whiteboard, on my desk in full view in my room, and then one in the kitchen. room one has daily to do's, random reminders, important dates etc and kitchen is for my partner's (non-neurodivergent) to do, joint to do and grocery list plus list of meals we have the ingredients for currently. Whiteboards are fun bc you can photograph them and change them up lots for when you get bored of the one you have currently","","false","false","to do | to-do","","","long_form_comment | mentions_planner_or_system","33","[THREAD_TITLE]
What kind of planner do you use?

[THREAD_BODY]
Whether it is a paper planner, app, online or whatever!! I want to hear which planners you guys use and what works for you! And has worked for you for a good amount of time:) I am fully aware that I can feel so much better by planning stuff, I just can't keep up with anything for more than two weeks. And now I'm done with college (forever ) and my structure is gone so it's more important than ever haha

[PARENT_COMMENT_CONTEXT]
literally just a massive whiteboard, on my desk in full view in my room, and then one in the kitchen. room one has daily to do's, random reminders, important dates etc and kitchen is for my partner's (non-neurodivergent) to do, joint to do and grocery list plus list of meals we have the ingredients for currently. Whiteboards are fun bc you can photograph them and change them up lots for when you get bored of the one you have currently

[CURRENT_RECORD]
I took a big framed picture I got for super cheap at a garage sale, flipped the picture and put white poster board inside front & use that as a white board. The glass works just the same. If I want, I can swap to black poster board and use chalk markers. Being able to doodle it and make it look interesting and different is a big help. Plus if I get to erase things as I do them, that’s a little dopamine hit & the quicker I erase everything, the sooner I get to doodle out the next round of to-do’s."
"C:\Projects\Web\planner-tdah\research\reddit_data\reddit-adhdwomen-what_kind_of_planner_do_you_use.json","reddit-adhdwomen-what_kind_of_planner_do_you_use","1lq1347","t3_1lq1347","https://www.reddit.com/r/adhdwomen/comments/1lq1347/what_kind_of_planner_do_you_use/","adhdwomen","r/adhdwomen","What kind of planner do you use?","Whether it is a paper planner, app, online or whatever!! I want to hear which planners you guys use and what works for you! And has worked for you for a good amount of time:) I am fully aware that I can feel so much better by planning stuff, I just can't keep up with anything for more than two weeks. And now I'm done with college (forever ) and my structure is gone so it's more important than ever haha","General Question/Discussion","1751475387","2025-07-02T16:56:27+00:00","11","11","0.93","49","f3b68bc47fe41391","","reddit-adhdwomen-what_kind_of_planner_do_you_use:comment:n0zefzj","comment","n0zefzj","t1_n0zefzj","https://www.reddit.com/r/adhdwomen/comments/1lq1347/what_kind_of_planner_do_you_use/n0zefzj/","/r/adhdwomen/comments/1lq1347/what_kind_of_planner_do_you_use/n0zefzj/","t3_1lq1347","post","","n0zefzj","0","true","n0zefzj","8a4df314ce2675e3","","","false","false","","7","7","0","0","1","1751479114","2025-07-02T17:58:34+00:00","false","False","","false","false","true","false","I use a paper planner for work, super important so that I don’t say yes to too many things. Something transformative I learned doing CBT was to make sure that I time block a good ratio of activities that are draining and balance them with activities that give energy/make me happy. That strategy helps a lot when I’m feeling down or overwhelmed. And idk, I really like handwriting so despite having tried digital planners, I just prefer using a paper planner for my personal tasks. I also try to use Google calendar to plan stuff together with my boyfriend (like go to gym together, date night etc). And we use Todoist just to track what chores we need to do, but we don’t time block for doing chores.","I use a paper planner for work, super important so that I don’t say yes to too many things. Something transformative I learned doing CBT was to make sure that I time block a good ratio of activities that are draining and balance them with activities that give energy/make me happ…","701","128","","","","false","true","planner | planners | plan | calendar | app | to do | todo","overwhelm | overwhelmed | time | tasks","","forgetfulness_or_time_signal | long_form_comment | mentions_pain_or_friction | mentions_planner_or_system | mentions_working_solution_or_recommendation | overwhelm_or_complexity_signal","92","[THREAD_TITLE]
What kind of planner do you use?

[THREAD_BODY]
Whether it is a paper planner, app, online or whatever!! I want to hear which planners you guys use and what works for you! And has worked for you for a good amount of time:) I am fully aware that I can feel so much better by planning stuff, I just can't keep up with anything for more than two weeks. And now I'm done with college (forever ) and my structure is gone so it's more important than ever haha

[CURRENT_RECORD]
I use a paper planner for work, super important so that I don’t say yes to too many things. Something transformative I learned doing CBT was to make sure that I time block a good ratio of activities that are draining and balance them with activities that give energy/make me happy. That strategy helps a lot when I’m feeling down or overwhelmed. And idk, I really like handwriting so despite having tried digital planners, I just prefer using a paper planner for my personal tasks. I also try to use Google calendar to plan stuff together with my boyfriend (like go to gym together, date night etc). And we use Todoist just to track what chores we need to do, but we don’t time block for doing chores."
"C:\Projects\Web\planner-tdah\research\reddit_data\reddit-adhdwomen-what_kind_of_planner_do_you_use.json","reddit-adhdwomen-what_kind_of_planner_do_you_use","1lq1347","t3_1lq1347","https://www.reddit.com/r/adhdwomen/comments/1lq1347/what_kind_of_planner_do_you_use/","adhdwomen","r/adhdwomen","What kind of planner do you use?","Whether it is a paper planner, app, online or whatever!! I want to hear which planners you guys use and what works for you! And has worked for you for a good amount of time:) I am fully aware that I can feel so much better by planning stuff, I just can't keep up with anything for more than two weeks. And now I'm done with college (forever ) and my structure is gone so it's more important than ever haha","General Question/Discussion","1751475387","2025-07-02T16:56:27+00:00","11","11","0.93","49","f3b68bc47fe41391","","reddit-adhdwomen-what_kind_of_planner_do_you_use:comment:n105obx","comment","n105obx","t1_n105obx","https://www.reddit.com/r/adhdwomen/comments/1lq1347/what_kind_of_planner_do_you_use/n105obx/","/r/adhdwomen/comments/1lq1347/what_kind_of_planner_do_you_use/n105obx/","t1_n0zefzj","comment","n0zefzj","n0zefzj","1","false","n0zefzj > n105obx","1cb4be3b6810473e","","","false","false","","1","1","0","0","1","1751487240","2025-07-02T20:14:00+00:00","false","False","","false","false","true","false","\>make sure that I time block a good ratio of activities that are draining and balance them with activities that give energy/make me happy. What does your paper planner look like? Does it allow you to like write down what you'll be doing each hour of the day? How often do you write down the time blocking, like do you do it at the beginning of each day or in advance? Sorry for all the questions. I'm disorganized and need help haha","\>make sure that I time block a good ratio of activities that are draining and balance them with activities that give energy/make me happy. What does your paper planner look like? Does it allow you to like write down what you'll be doing each hour of the day? How often do you wr…","433","82","I use a paper planner for work, super important so that I don’t say yes to too many things. Something transformative I learned doing CBT was to make sure that I time block a good ratio of activities that are draining and balance them with activities that give energy/make me happy. That strategy helps a lot when I’m feeling down or overwhelmed. And idk, I really like handwriting so despite having tried digital planners, I just prefer using a paper planner for my personal tasks. I also try to use Google calendar to plan stuff together with my boyfriend (like go to gym together, date night etc). And we use Todoist just to track what chores we need to do, but we don’t time block for doing chore…","I use a paper planner for work, super important so that I don’t say yes to too many things. Something transformative I learned doing CBT was to make sure that I time block a good ratio of activities that are draining and balance them with activities that give energy/make me happy. That strategy helps a lot when I’m feeling down or overwhelmed. And idk, I really like handwriting so despite having tried digital planners, I just prefer using a paper planner for my personal tasks. I also try to use Google calendar to plan stuff together with my boyfriend (like go to gym together, date night etc). And we use Todoist just to track what chores we need to do, but we don’t time block for doing chore…","","true","false","planner | plan | app | organize","time","","contains_question | forgetfulness_or_time_signal | mentions_pain_or_friction | mentions_planner_or_system","52","[THREAD_TITLE]
What kind of planner do you use?

[THREAD_BODY]
Whether it is a paper planner, app, online or whatever!! I want to hear which planners you guys use and what works for you! And has worked for you for a good amount of time:) I am fully aware that I can feel so much better by planning stuff, I just can't keep up with anything for more than two weeks. And now I'm done with college (forever ) and my structure is gone so it's more important than ever haha

[PARENT_COMMENT_CONTEXT]
I use a paper planner for work, super important so that I don’t say yes to too many things. Something transformative I learned doing CBT was to make sure that I time block a good ratio of activities that are draining and balance them with activities that give energy/make me happy. That strategy helps a lot when I’m feeling down or overwhelmed. And idk, I really like handwriting so despite having tried digital planners, I just prefer using a paper planner for my personal tasks. I also try to use Google calendar to plan stuff together with my boyfriend (like go to gym together, date night etc). And we use Todoist just to track what chores we need to do, but we don’t time block for doing chore…

[CURRENT_RECORD]
\>make sure that I time block a good ratio of activities that are draining and balance them with activities that give energy/make me happy. What does your paper planner look like? Does it allow you to like write down what you'll be doing each hour of the day? How often do you write down the time blocking, like do you do it at the beginning of each day or in advance? Sorry for all the questions. I'm disorganized and need help haha"
"C:\Projects\Web\planner-tdah\research\reddit_data\reddit-adhdwomen-what_kind_of_planner_do_you_use.json","reddit-adhdwomen-what_kind_of_planner_do_you_use","1lq1347","t3_1lq1347","https://www.reddit.com/r/adhdwomen/comments/1lq1347/what_kind_of_planner_do_you_use/","adhdwomen","r/adhdwomen","What kind of planner do you use?","Whether it is a paper planner, app, online or whatever!! I want to hear which planners you guys use and what works for you! And has worked for you for a good amount of time:) I am fully aware that I can feel so much better by planning stuff, I just can't keep up with anything for more than two weeks. And now I'm done with college (forever ) and my structure is gone so it's more important than ever haha","General Question/Discussion","1751475387","2025-07-02T16:56:27+00:00","11","11","0.93","49","f3b68bc47fe41391","","reddit-adhdwomen-what_kind_of_planner_do_you_use:comment:n10pvn4","comment","n10pvn4","t1_n10pvn4","https://www.reddit.com/r/adhdwomen/comments/1lq1347/what_kind_of_planner_do_you_use/n10pvn4/","/r/adhdwomen/comments/1lq1347/what_kind_of_planner_do_you_use/n10pvn4/","t1_n105obx","comment","n105obx","n0zefzj","2","false","n0zefzj > n105obx > n10pvn4","8a4df314ce2675e3","","","false","false","","3","3","0","0","0","1751493189","2025-07-02T21:53:09+00:00","false","False","","false","false","true","false","I use a planner called the Burde Do More Life Planner (https://burde.com/se/produkt/kalender-2025-life-planner-do-more/). Idk if the website is visible outside of Sweden, but it allows for you to time block hourly on a weekly basis between 7 am to 10 pm. I always fill mine in on Monday based on what I know (like what meetings do I have in my work outlook calendar, do I have any appointments or need to make any calls, deadlines to submit stuff), but leave some hours empty in case something pops up last minute. Hope that helps! ☺️","I use a planner called the Burde Do More Life Planner (https://burde.com/se/produkt/kalender-2025-life-planner-do-more/). Idk if the website is visible outside of Sweden, but it allows for you to time block hourly on a weekly basis between 7 am to 10 pm. I always fill mine in on…","534","94","\>make sure that I time block a good ratio of activities that are draining and balance them with activities that give energy/make me happy. What does your paper planner look like? Does it allow you to like write down what you'll be doing each hour of the day? How often do you write down the time blocking, like do you do it at the beginning of each day or in advance? Sorry for all the questions. I'm disorganized and need help haha","I use a paper planner for work, super important so that I don’t say yes to too many things. Something transformative I learned doing CBT was to make sure that I time block a good ratio of activities that are draining and balance them with activities that give energy/make me happy. That strategy helps a lot when I’m feeling down or overwhelmed. And idk, I really like handwriting so despite having tried digital planners, I just prefer using a paper planner for my personal tasks. I also try to use Google calendar to plan stuff together with my boyfriend (like go to gym together, date night etc). And we use Todoist just to track what chores we need to do, but we don’t time block for doing chore…","https://burde.com/se/produkt/kalender-2025-life-planner-do-more/","false","true","planner | plan | calendar | app | weekly","time","visible | appointments | weekly","forgetfulness_or_time_signal | long_form_comment | mentions_feature_or_solution | mentions_pain_or_friction | mentions_planner_or_system | mentions_working_solution_or_recommendation","73","[THREAD_TITLE]
What kind of planner do you use?

[THREAD_BODY]
Whether it is a paper planner, app, online or whatever!! I want to hear which planners you guys use and what works for you! And has worked for you for a good amount of time:) I am fully aware that I can feel so much better by planning stuff, I just can't keep up with anything for more than two weeks. And now I'm done with college (forever ) and my structure is gone so it's more important than ever haha

[ROOT_COMMENT_CONTEXT]
I use a paper planner for work, super important so that I don’t say yes to too many things. Something transformative I learned doing CBT was to make sure that I time block a good ratio of activities that are draining and balance them with activities that give energy/make me happy. That strategy helps a lot when I’m feeling down or overwhelmed. And idk, I really like handwriting so despite having tried digital planners, I just prefer using a paper planner for my personal tasks. I also try to use Google calendar to plan stuff together with my boyfriend (like go to gym together, date night etc). And we use Todoist just to track what chores we need to do, but we don’t time block for doing chore…

[PARENT_COMMENT_CONTEXT]
\>make sure that I time block a good ratio of activities that are draining and balance them with activities that give energy/make me happy. What does your paper planner look like? Does it allow you to like write down what you'll be doing each hour of the day? How often do you write down the time blocking, like do you do it at the beginning of each day or in advance? Sorry for all the questions. I'm disorganized and need help haha

[CURRENT_RECORD]
I use a planner called the Burde Do More Life Planner (https://burde.com/se/produkt/kalender-2025-life-planner-do-more/). Idk if the website is visible outside of Sweden, but it allows for you to time block hourly on a weekly basis between 7 am to 10 pm. I always fill mine in on Monday based on what I know (like what meetings do I have in my work outlook calendar, do I have any appointments or need to make any calls, deadlines to submit stuff), but leave some hours empty in case something pops up last minute. Hope that helps! ☺️"
"C:\Projects\Web\planner-tdah\research\reddit_data\reddit-adhdwomen-what_kind_of_planner_do_you_use.json","reddit-adhdwomen-what_kind_of_planner_do_you_use","1lq1347","t3_1lq1347","https://www.reddit.com/r/adhdwomen/comments/1lq1347/what_kind_of_planner_do_you_use/","adhdwomen","r/adhdwomen","What kind of planner do you use?","Whether it is a paper planner, app, online or whatever!! I want to hear which planners you guys use and what works for you! And has worked for you for a good amount of time:) I am fully aware that I can feel so much better by planning stuff, I just can't keep up with anything for more than two weeks. And now I'm done with college (forever ) and my structure is gone so it's more important than ever haha","General Question/Discussion","1751475387","2025-07-02T16:56:27+00:00","11","11","0.93","49","f3b68bc47fe41391","","reddit-adhdwomen-what_kind_of_planner_do_you_use:comment:n10nz74","comment","n10nz74","t1_n10nz74","https://www.reddit.com/r/adhdwomen/comments/1lq1347/what_kind_of_planner_do_you_use/n10nz74/","/r/adhdwomen/comments/1lq1347/what_kind_of_planner_do_you_use/n10nz74/","t3_1lq1347","post","","n10nz74","0","true","n10nz74","c5365211e1e9a5f3","","","false","false","","5","5","0","0","0","1751492609","2025-07-02T21:43:29+00:00","false","False","","false","false","true","false","Laurel Denise! Hands down the best planner I’ve ever had. I’ve tried all of them and each one has great qualities. I’m particularly fond of the fact I can always see the month with the weeks, which eliminates double writing of important things!","Laurel Denise! Hands down the best planner I’ve ever had. I’ve tried all of them and each one has great qualities. I’m particularly fond of the fact I can always see the month with the weeks, which eliminates double writing of important things!","244","43","","","","false","true","planner | plan","","","mentions_planner_or_system | mentions_working_solution_or_recommendation","31","[THREAD_TITLE]
What kind of planner do you use?

[THREAD_BODY]
Whether it is a paper planner, app, online or whatever!! I want to hear which planners you guys use and what works for you! And has worked for you for a good amount of time:) I am fully aware that I can feel so much better by planning stuff, I just can't keep up with anything for more than two weeks. And now I'm done with college (forever ) and my structure is gone so it's more important than ever haha

[CURRENT_RECORD]
Laurel Denise! Hands down the best planner I’ve ever had. I’ve tried all of them and each one has great qualities. I’m particularly fond of the fact I can always see the month with the weeks, which eliminates double writing of important things!"
"C:\Projects\Web\planner-tdah\research\reddit_data\reddit-adhdwomen-what_kind_of_planner_do_you_use.json","reddit-adhdwomen-what_kind_of_planner_do_you_use","1lq1347","t3_1lq1347","https://www.reddit.com/r/adhdwomen/comments/1lq1347/what_kind_of_planner_do_you_use/","adhdwomen","r/adhdwomen","What kind of planner do you use?","Whether it is a paper planner, app, online or whatever!! I want to hear which planners you guys use and what works for you! And has worked for you for a good amount of time:) I am fully aware that I can feel so much better by planning stuff, I just can't keep up with anything for more than two weeks. And now I'm done with college (forever ) and my structure is gone so it's more important than ever haha","General Question/Discussion","1751475387","2025-07-02T16:56:27+00:00","11","11","0.93","49","f3b68bc47fe41391","","reddit-adhdwomen-what_kind_of_planner_do_you_use:comment:n0z42mj","comment","n0z42mj","t1_n0z42mj","https://www.reddit.com/r/adhdwomen/comments/1lq1347/what_kind_of_planner_do_you_use/n0z42mj/","/r/adhdwomen/comments/1lq1347/what_kind_of_planner_do_you_use/n0z42mj/","t3_1lq1347","post","","n0z42mj","0","true","n0z42mj","2dd6c18bc8f57f05","","","false","false","","3","3","0","0","0","1751476215","2025-07-02T17:10:15+00:00","false","False","","false","false","true","false","I use a half of A4 paper hahahaha I draw a calendar grid and fill it with pen using highlighters for important stuff. I am old school. Does it count as a planner? haha No notebook planners etc ever sticked around after the first page but this one.. simple and I reuse paper so it feels good in many ways.","I use a half of A4 paper hahahaha I draw a calendar grid and fill it with pen using highlighters for important stuff. I am old school. Does it count as a planner? haha No notebook planners etc ever sticked around after the first page but this one.. simple and I reuse paper so it…","304","60","","","","true","false","planner | planners | plan | calendar","","simple","contains_question | mentions_feature_or_solution | mentions_planner_or_system","30","[THREAD_TITLE]
What kind of planner do you use?

[THREAD_BODY]
Whether it is a paper planner, app, online or whatever!! I want to hear which planners you guys use and what works for you! And has worked for you for a good amount of time:) I am fully aware that I can feel so much better by planning stuff, I just can't keep up with anything for more than two weeks. And now I'm done with college (forever ) and my structure is gone so it's more important than ever haha

[CURRENT_RECORD]
I use a half of A4 paper hahahaha I draw a calendar grid and fill it with pen using highlighters for important stuff. I am old school. Does it count as a planner? haha No notebook planners etc ever sticked around after the first page but this one.. simple and I reuse paper so it feels good in many ways."
"C:\Projects\Web\planner-tdah\research\reddit_data\reddit-adhdwomen-what_kind_of_planner_do_you_use.json","reddit-adhdwomen-what_kind_of_planner_do_you_use","1lq1347","t3_1lq1347","https://www.reddit.com/r/adhdwomen/comments/1lq1347/what_kind_of_planner_do_you_use/","adhdwomen","r/adhdwomen","What kind of planner do you use?","Whether it is a paper planner, app, online or whatever!! I want to hear which planners you guys use and what works for you! And has worked for you for a good amount of time:) I am fully aware that I can feel so much better by planning stuff, I just can't keep up with anything for more than two weeks. And now I'm done with college (forever ) and my structure is gone so it's more important than ever haha","General Question/Discussion","1751475387","2025-07-02T16:56:27+00:00","11","11","0.93","49","f3b68bc47fe41391","","reddit-adhdwomen-what_kind_of_planner_do_you_use:comment:n0z8tcv","comment","n0z8tcv","t1_n0z8tcv","https://www.reddit.com/r/adhdwomen/comments/1lq1347/what_kind_of_planner_do_you_use/n0z8tcv/","/r/adhdwomen/comments/1lq1347/what_kind_of_planner_do_you_use/n0z8tcv/","t3_1lq1347","post","","n0z8tcv","0","true","n0z8tcv","5a2e9fc4746472ed","","","false","false","","3","3","0","0","0","1751477536","2025-07-02T17:32:16+00:00","false","False","","false","false","true","false","Dotted notebook that I use as a bullet journal - but way closer to how the creator of the system originally made it, not the really artistic versions that are more popular online. Aka one single notebook that’s a more organized brain dump and stops me from having a whole bunch of different notebooks to keep track of. I also have a big (A3-A2) paper calendar on the wall that my partner and I use for events and shared tasks and stuff. We have regular life admin dates where we go through it together - yay accountability!","Dotted notebook that I use as a bullet journal - but way closer to how the creator of the system originally made it, not the really artistic versions that are more popular online. Aka one single notebook that’s a more organized brain dump and stops me from having a whole bunch o…","523","97","","","","false","false","calendar | bullet journal | journal | organize","tasks","","long_form_comment | mentions_pain_or_friction | mentions_planner_or_system","41","[THREAD_TITLE]
What kind of planner do you use?

[THREAD_BODY]
Whether it is a paper planner, app, online or whatever!! I want to hear which planners you guys use and what works for you! And has worked for you for a good amount of time:) I am fully aware that I can feel so much better by planning stuff, I just can't keep up with anything for more than two weeks. And now I'm done with college (forever ) and my structure is gone so it's more important than ever haha

[CURRENT_RECORD]
Dotted notebook that I use as a bullet journal - but way closer to how the creator of the system originally made it, not the really artistic versions that are more popular online. Aka one single notebook that’s a more organized brain dump and stops me from having a whole bunch of different notebooks to keep track of. I also have a big (A3-A2) paper calendar on the wall that my partner and I use for events and shared tasks and stuff. We have regular life admin dates where we go through it together - yay accountability!"
"C:\Projects\Web\planner-tdah\research\reddit_data\reddit-adhdwomen-what_kind_of_planner_do_you_use.json","reddit-adhdwomen-what_kind_of_planner_do_you_use","1lq1347","t3_1lq1347","https://www.reddit.com/r/adhdwomen/comments/1lq1347/what_kind_of_planner_do_you_use/","adhdwomen","r/adhdwomen","What kind of planner do you use?","Whether it is a paper planner, app, online or whatever!! I want to hear which planners you guys use and what works for you! And has worked for you for a good amount of time:) I am fully aware that I can feel so much better by planning stuff, I just can't keep up with anything for more than two weeks. And now I'm done with college (forever ) and my structure is gone so it's more important than ever haha","General Question/Discussion","1751475387","2025-07-02T16:56:27+00:00","11","11","0.93","49","f3b68bc47fe41391","","reddit-adhdwomen-what_kind_of_planner_do_you_use:comment:n0zfgfq","comment","n0zfgfq","t1_n0zfgfq","https://www.reddit.com/r/adhdwomen/comments/1lq1347/what_kind_of_planner_do_you_use/n0zfgfq/","/r/adhdwomen/comments/1lq1347/what_kind_of_planner_do_you_use/n0zfgfq/","t3_1lq1347","post","","n0zfgfq","0","true","n0zfgfq","a5bbad64f1d167ec","","ADHD-C","false","false","","2","2","0","0","0","1751479409","2025-07-02T18:03:29+00:00","false","False","","false","false","true","false","Google calendar. I bullet journalled obsessively for a few years, but then realised it was essentially just a decorated to do list and switched to using my phone 😂","Google calendar. I bullet journalled obsessively for a few years, but then realised it was essentially just a decorated to do list and switched to using my phone 😂","163","29","","","","false","false","calendar | bullet journal | journal | to do","","","mentions_planner_or_system","26","[THREAD_TITLE]
What kind of planner do you use?

[THREAD_BODY]
Whether it is a paper planner, app, online or whatever!! I want to hear which planners you guys use and what works for you! And has worked for you for a good amount of time:) I am fully aware that I can feel so much better by planning stuff, I just can't keep up with anything for more than two weeks. And now I'm done with college (forever ) and my structure is gone so it's more important than ever haha

[CURRENT_RECORD]
Google calendar. I bullet journalled obsessively for a few years, but then realised it was essentially just a decorated to do list and switched to using my phone 😂"
"C:\Projects\Web\planner-tdah\research\reddit_data\reddit-adhdwomen-what_kind_of_planner_do_you_use.json","reddit-adhdwomen-what_kind_of_planner_do_you_use","1lq1347","t3_1lq1347","https://www.reddit.com/r/adhdwomen/comments/1lq1347/what_kind_of_planner_do_you_use/","adhdwomen","r/adhdwomen","What kind of planner do you use?","Whether it is a paper planner, app, online or whatever!! I want to hear which planners you guys use and what works for you! And has worked for you for a good amount of time:) I am fully aware that I can feel so much better by planning stuff, I just can't keep up with anything for more than two weeks. And now I'm done with college (forever ) and my structure is gone so it's more important than ever haha","General Question/Discussion","1751475387","2025-07-02T16:56:27+00:00","11","11","0.93","49","f3b68bc47fe41391","","reddit-adhdwomen-what_kind_of_planner_do_you_use:comment:n0zr0q2","comment","n0zr0q2","t1_n0zr0q2","https://www.reddit.com/r/adhdwomen/comments/1lq1347/what_kind_of_planner_do_you_use/n0zr0q2/","/r/adhdwomen/comments/1lq1347/what_kind_of_planner_do_you_use/n0zr0q2/","t3_1lq1347","post","","n0zr0q2","0","true","n0zr0q2","2fcb16b0d569ad53","","","false","false","","2","2","0","0","0","1751482834","2025-07-02T19:00:34+00:00","false","False","","false","false","true","false","I use a Sterling Ink N2 Horizontal Full Year and draw out my daily pages with hours down the side. I have to do this or I won't know times for things. I can write I have a 2pm appointment but that means nothing without the timeline to show me where 2pm falls in the day.","I use a Sterling Ink N2 Horizontal Full Year and draw out my daily pages with hours down the side. I have to do this or I won't know times for things. I can write I have a 2pm appointment but that means nothing without the timeline to show me where 2pm falls in the day.","270","56","","","","false","false","app | to do | daily","time","daily","mentions_feature_or_solution | mentions_pain_or_friction | mentions_planner_or_system","31","[THREAD_TITLE]
What kind of planner do you use?

[THREAD_BODY]
Whether it is a paper planner, app, online or whatever!! I want to hear which planners you guys use and what works for you! And has worked for you for a good amount of time:) I am fully aware that I can feel so much better by planning stuff, I just can't keep up with anything for more than two weeks. And now I'm done with college (forever ) and my structure is gone so it's more important than ever haha

[CURRENT_RECORD]
I use a Sterling Ink N2 Horizontal Full Year and draw out my daily pages with hours down the side. I have to do this or I won't know times for things. I can write I have a 2pm appointment but that means nothing without the timeline to show me where 2pm falls in the day."
"C:\Projects\Web\planner-tdah\research\reddit_data\reddit-adhdwomen-what_kind_of_planner_do_you_use.json","reddit-adhdwomen-what_kind_of_planner_do_you_use","1lq1347","t3_1lq1347","https://www.reddit.com/r/adhdwomen/comments/1lq1347/what_kind_of_planner_do_you_use/","adhdwomen","r/adhdwomen","What kind of planner do you use?","Whether it is a paper planner, app, online or whatever!! I want to hear which planners you guys use and what works for you! And has worked for you for a good amount of time:) I am fully aware that I can feel so much better by planning stuff, I just can't keep up with anything for more than two weeks. And now I'm done with college (forever ) and my structure is gone so it's more important than ever haha","General Question/Discussion","1751475387","2025-07-02T16:56:27+00:00","11","11","0.93","49","f3b68bc47fe41391","","reddit-adhdwomen-what_kind_of_planner_do_you_use:comment:n0zr7py","comment","n0zr7py","t1_n0zr7py","https://www.reddit.com/r/adhdwomen/comments/1lq1347/what_kind_of_planner_do_you_use/n0zr7py/","/r/adhdwomen/comments/1lq1347/what_kind_of_planner_do_you_use/n0zr7py/","t3_1lq1347","post","","n0zr7py","0","true","n0zr7py","570df9ce3b336369","","","false","false","","2","2","0","0","0","1751482892","2025-07-02T19:01:32+00:00","false","False","","false","false","true","false","I have tried a lot. I think the best things for is is a bullet journal.","I have tried a lot. I think the best things for is is a bullet journal.","71","16","","","","false","false","bullet journal | journal","","","mentions_planner_or_system","8","[THREAD_TITLE]
What kind of planner do you use?

[THREAD_BODY]
Whether it is a paper planner, app, online or whatever!! I want to hear which planners you guys use and what works for you! And has worked for you for a good amount of time:) I am fully aware that I can feel so much better by planning stuff, I just can't keep up with anything for more than two weeks. And now I'm done with college (forever ) and my structure is gone so it's more important than ever haha

[CURRENT_RECORD]
I have tried a lot. I think the best things for is is a bullet journal."
"C:\Projects\Web\planner-tdah\research\reddit_data\reddit-adhdwomen-what_kind_of_planner_do_you_use.json","reddit-adhdwomen-what_kind_of_planner_do_you_use","1lq1347","t3_1lq1347","https://www.reddit.com/r/adhdwomen/comments/1lq1347/what_kind_of_planner_do_you_use/","adhdwomen","r/adhdwomen","What kind of planner do you use?","Whether it is a paper planner, app, online or whatever!! I want to hear which planners you guys use and what works for you! And has worked for you for a good amount of time:) I am fully aware that I can feel so much better by planning stuff, I just can't keep up with anything for more than two weeks. And now I'm done with college (forever ) and my structure is gone so it's more important than ever haha","General Question/Discussion","1751475387","2025-07-02T16:56:27+00:00","11","11","0.93","49","f3b68bc47fe41391","","reddit-adhdwomen-what_kind_of_planner_do_you_use:comment:n0zuz21","comment","n0zuz21","t1_n0zuz21","https://www.reddit.com/r/adhdwomen/comments/1lq1347/what_kind_of_planner_do_you_use/n0zuz21/","/r/adhdwomen/comments/1lq1347/what_kind_of_planner_do_you_use/n0zuz21/","t3_1lq1347","post","","n0zuz21","0","true","n0zuz21","b2726228518035cf","","","false","false","","2","2","0","0","1","1751484028","2025-07-02T19:20:28+00:00","1751484228","1751484228","2025-07-02T19:23:48+00:00","false","false","true","false","I use 2 monthly calendars in plain sight, can’t miss em. I use an agenda (https://www.bluesky.com/products/smitten-2025-2026-weekly-and-monthly-5x8-day-designer-for-blue-sky-planning-calendar) from blue sky. It is the daily & monthly day planner. I get mine from staples. I use it about 70% of the time bc it helps me manage daily & weekly tasks and to do lists. My apple calendar has my work schedule synced to my scheduling app. plans with friends, important dates, events or appointments go on every single calendar, including the Apple calendar because I can set reminders! Edited for clarity","I use 2 monthly calendars in plain sight, can’t miss em. I use an agenda (https://www.bluesky.com/products/smitten-2025-2026-weekly-and-monthly-5x8-day-designer-for-blue-sky-planning-calendar) from blue sky. It is the daily & monthly day planner. I get mine from staples. I use i…","596","90","","","https://www.bluesky.com/products/smitten-2025-2026-weekly-and-monthly-5x8-day-designer-for-blue-sky-planning-calendar","false","true","planner | plan | planning | calendar | calendars | agenda | app | to do | weekly | monthly | daily | schedule","time | tasks","reminder | reminders | appointments | weekly | monthly | daily","forgetfulness_or_time_signal | long_form_comment | mentions_feature_or_solution | mentions_pain_or_friction | mentions_planner_or_system | mentions_working_solution_or_recommendation","89","[THREAD_TITLE]
What kind of planner do you use?

[THREAD_BODY]
Whether it is a paper planner, app, online or whatever!! I want to hear which planners you guys use and what works for you! And has worked for you for a good amount of time:) I am fully aware that I can feel so much better by planning stuff, I just can't keep up with anything for more than two weeks. And now I'm done with college (forever ) and my structure is gone so it's more important than ever haha

[CURRENT_RECORD]
I use 2 monthly calendars in plain sight, can’t miss em. I use an agenda (https://www.bluesky.com/products/smitten-2025-2026-weekly-and-monthly-5x8-day-designer-for-blue-sky-planning-calendar) from blue sky. It is the daily & monthly day planner. I get mine from staples. I use it about 70% of the time bc it helps me manage daily & weekly tasks and to do lists. My apple calendar has my work schedule synced to my scheduling app. plans with friends, important dates, events or appointments go on every single calendar, including the Apple calendar because I can set reminders! Edited for clarity"
"C:\Projects\Web\planner-tdah\research\reddit_data\reddit-adhdwomen-what_kind_of_planner_do_you_use.json","reddit-adhdwomen-what_kind_of_planner_do_you_use","1lq1347","t3_1lq1347","https://www.reddit.com/r/adhdwomen/comments/1lq1347/what_kind_of_planner_do_you_use/","adhdwomen","r/adhdwomen","What kind of planner do you use?","Whether it is a paper planner, app, online or whatever!! I want to hear which planners you guys use and what works for you! And has worked for you for a good amount of time:) I am fully aware that I can feel so much better by planning stuff, I just can't keep up with anything for more than two weeks. And now I'm done with college (forever ) and my structure is gone so it's more important than ever haha","General Question/Discussion","1751475387","2025-07-02T16:56:27+00:00","11","11","0.93","49","f3b68bc47fe41391","","reddit-adhdwomen-what_kind_of_planner_do_you_use:comment:n0zvsrg","comment","n0zvsrg","t1_n0zvsrg","https://www.reddit.com/r/adhdwomen/comments/1lq1347/what_kind_of_planner_do_you_use/n0zvsrg/","/r/adhdwomen/comments/1lq1347/what_kind_of_planner_do_you_use/n0zvsrg/","t1_n0zuz21","comment","n0zuz21","n0zuz21","1","false","n0zuz21 > n0zvsrg","b2726228518035cf","","","false","false","","2","2","0","0","0","1751484281","2025-07-02T19:24:41+00:00","false","False","","false","false","true","false","The trick for the agenda to use it, I bring it everywhere & at night I leave it open on my nightstand. In the morning I pack it in my bag!","The trick for the agenda to use it, I bring it everywhere & at night I leave it open on my nightstand. In the morning I pack it in my bag!","138","31","I use 2 monthly calendars in plain sight, can’t miss em. I use an agenda (https://www.bluesky.com/products/smitten-2025-2026-weekly-and-monthly-5x8-day-designer-for-blue-sky-planning-calendar) from blue sky. It is the daily & monthly day planner. I get mine from staples. I use it about 70% of the time bc it helps me manage daily & weekly tasks and to do lists. My apple calendar has my work schedule synced to my scheduling app. plans with friends, important dates, events or appointments go on every single calendar, including the Apple calendar because I can set reminders! Edited for clarity","I use 2 monthly calendars in plain sight, can’t miss em. I use an agenda (https://www.bluesky.com/products/smitten-2025-2026-weekly-and-monthly-5x8-day-designer-for-blue-sky-planning-calendar) from blue sky. It is the daily & monthly day planner. I get mine from staples. I use it about 70% of the time bc it helps me manage daily & weekly tasks and to do lists. My apple calendar has my work schedule synced to my scheduling app. plans with friends, important dates, events or appointments go on every single calendar, including the Apple calendar because I can set reminders! Edited for clarity","","false","false","agenda","","","mentions_planner_or_system","14","[THREAD_TITLE]
What kind of planner do you use?

[THREAD_BODY]
Whether it is a paper planner, app, online or whatever!! I want to hear which planners you guys use and what works for you! And has worked for you for a good amount of time:) I am fully aware that I can feel so much better by planning stuff, I just can't keep up with anything for more than two weeks. And now I'm done with college (forever ) and my structure is gone so it's more important than ever haha

[PARENT_COMMENT_CONTEXT]
I use 2 monthly calendars in plain sight, can’t miss em. I use an agenda (https://www.bluesky.com/products/smitten-2025-2026-weekly-and-monthly-5x8-day-designer-for-blue-sky-planning-calendar) from blue sky. It is the daily & monthly day planner. I get mine from staples. I use it about 70% of the time bc it helps me manage daily & weekly tasks and to do lists. My apple calendar has my work schedule synced to my scheduling app. plans with friends, important dates, events or appointments go on every single calendar, including the Apple calendar because I can set reminders! Edited for clarity

[CURRENT_RECORD]
The trick for the agenda to use it, I bring it everywhere & at night I leave it open on my nightstand. In the morning I pack it in my bag!"
"C:\Projects\Web\planner-tdah\research\reddit_data\reddit-adhdwomen-what_kind_of_planner_do_you_use.json","reddit-adhdwomen-what_kind_of_planner_do_you_use","1lq1347","t3_1lq1347","https://www.reddit.com/r/adhdwomen/comments/1lq1347/what_kind_of_planner_do_you_use/","adhdwomen","r/adhdwomen","What kind of planner do you use?","Whether it is a paper planner, app, online or whatever!! I want to hear which planners you guys use and what works for you! And has worked for you for a good amount of time:) I am fully aware that I can feel so much better by planning stuff, I just can't keep up with anything for more than two weeks. And now I'm done with college (forever ) and my structure is gone so it's more important than ever haha","General Question/Discussion","1751475387","2025-07-02T16:56:27+00:00","11","11","0.93","49","f3b68bc47fe41391","","reddit-adhdwomen-what_kind_of_planner_do_you_use:comment:n0zvsjf","comment","n0zvsjf","t1_n0zvsjf","https://www.reddit.com/r/adhdwomen/comments/1lq1347/what_kind_of_planner_do_you_use/n0zvsjf/","/r/adhdwomen/comments/1lq1347/what_kind_of_planner_do_you_use/n0zvsjf/","t3_1lq1347","post","","n0zvsjf","0","true","n0zvsjf","bf4d9eeaa1ade069","","","false","false","","2","2","0","0","0","1751484279","2025-07-02T19:24:39+00:00","false","False","","false","false","true","false","I use a non-dated daily planner from Fringe. It has just the right amount of space for my needs plus the layout includes sections for notes and reminders. My partner and I also share a calendar that hangs in our kitchen. Have previously tried to use the calendars on my phone (hate) and bullet journaling (overwhelming + I forget about it for months). I get some joy out of the paper planner and calendar, the clean sheet of a new week/month, the ritual of filling it in. It can be nice to see life in a snapshot like that","I use a non-dated daily planner from Fringe. It has just the right amount of space for my needs plus the layout includes sections for notes and reminders. My partner and I also share a calendar that hangs in our kitchen. Have previously tried to use the calendars on my phone (ha…","522","99","","","","false","false","planner | plan | calendar | calendars | bullet journal | journal | daily","overwhelm | forget","reminder | reminders | layout | notes | daily","forgetfulness_or_time_signal | long_form_comment | mentions_feature_or_solution | mentions_pain_or_friction | mentions_planner_or_system","78","[THREAD_TITLE]
What kind of planner do you use?

[THREAD_BODY]
Whether it is a paper planner, app, online or whatever!! I want to hear which planners you guys use and what works for you! And has worked for you for a good amount of time:) I am fully aware that I can feel so much better by planning stuff, I just can't keep up with anything for more than two weeks. And now I'm done with college (forever ) and my structure is gone so it's more important than ever haha

[CURRENT_RECORD]
I use a non-dated daily planner from Fringe. It has just the right amount of space for my needs plus the layout includes sections for notes and reminders. My partner and I also share a calendar that hangs in our kitchen. Have previously tried to use the calendars on my phone (hate) and bullet journaling (overwhelming + I forget about it for months). I get some joy out of the paper planner and calendar, the clean sheet of a new week/month, the ritual of filling it in. It can be nice to see life in a snapshot like that"
"C:\Projects\Web\planner-tdah\research\reddit_data\reddit-adhdwomen-what_kind_of_planner_do_you_use.json","reddit-adhdwomen-what_kind_of_planner_do_you_use","1lq1347","t3_1lq1347","https://www.reddit.com/r/adhdwomen/comments/1lq1347/what_kind_of_planner_do_you_use/","adhdwomen","r/adhdwomen","What kind of planner do you use?","Whether it is a paper planner, app, online or whatever!! I want to hear which planners you guys use and what works for you! And has worked for you for a good amount of time:) I am fully aware that I can feel so much better by planning stuff, I just can't keep up with anything for more than two weeks. And now I'm done with college (forever ) and my structure is gone so it's more important than ever haha","General Question/Discussion","1751475387","2025-07-02T16:56:27+00:00","11","11","0.93","49","f3b68bc47fe41391","","reddit-adhdwomen-what_kind_of_planner_do_you_use:comment:n0zwmgm","comment","n0zwmgm","t1_n0zwmgm","https://www.reddit.com/r/adhdwomen/comments/1lq1347/what_kind_of_planner_do_you_use/n0zwmgm/","/r/adhdwomen/comments/1lq1347/what_kind_of_planner_do_you_use/n0zwmgm/","t3_1lq1347","post","","n0zwmgm","0","true","n0zwmgm","a325d5790b681cc4","","","false","false","","2","2","0","0","0","1751484530","2025-07-02T19:28:50+00:00","false","False","","false","false","true","false","Most of my devices are Apple, so I use the apple calendar. I have different “calendars” and color code things. One for kid’s school events/breaks/half days, one for appointments, one for my work schedule (varies) and one for my spouse’s, one for birthday’s & anniversaries, one for bill due dates, etc. I like that I can share it with my husband. He gets all the same information I do in one place. “Hey babe, this thing is on this day, do you think…” “check the calendar dude. I don’t fkin know.” 😂 I’m also the wife who, when asked how to use a specific cleaner, I replied “do you have the bottle? You do? Ok good. READ IT.” And hung up my phone. So. 🤷🏼‍♀️","Most of my devices are Apple, so I use the apple calendar. I have different “calendars” and color code things. One for kid’s school events/breaks/half days, one for appointments, one for my work schedule (varies) and one for my spouse’s, one for birthday’s & anniversaries, one f…","658","125","","","","true","false","calendar | calendars | app | schedule","","color | color code | appointments","contains_question | long_form_comment | mentions_feature_or_solution | mentions_planner_or_system","48","[THREAD_TITLE]
What kind of planner do you use?

[THREAD_BODY]
Whether it is a paper planner, app, online or whatever!! I want to hear which planners you guys use and what works for you! And has worked for you for a good amount of time:) I am fully aware that I can feel so much better by planning stuff, I just can't keep up with anything for more than two weeks. And now I'm done with college (forever ) and my structure is gone so it's more important than ever haha

[CURRENT_RECORD]
Most of my devices are Apple, so I use the apple calendar. I have different “calendars” and color code things. One for kid’s school events/breaks/half days, one for appointments, one for my work schedule (varies) and one for my spouse’s, one for birthday’s & anniversaries, one for bill due dates, etc. I like that I can share it with my husband. He gets all the same information I do in one place. “Hey babe, this thing is on this day, do you think…” “check the calendar dude. I don’t fkin know.” 😂 I’m also the wife who, when asked how to use a specific cleaner, I replied “do you have the bottle? You do? Ok good. READ IT.” And hung up my phone. So. 🤷🏼‍♀️"
"C:\Projects\Web\planner-tdah\research\reddit_data\reddit-adhdwomen-what_kind_of_planner_do_you_use.json","reddit-adhdwomen-what_kind_of_planner_do_you_use","1lq1347","t3_1lq1347","https://www.reddit.com/r/adhdwomen/comments/1lq1347/what_kind_of_planner_do_you_use/","adhdwomen","r/adhdwomen","What kind of planner do you use?","Whether it is a paper planner, app, online or whatever!! I want to hear which planners you guys use and what works for you! And has worked for you for a good amount of time:) I am fully aware that I can feel so much better by planning stuff, I just can't keep up with anything for more than two weeks. And now I'm done with college (forever ) and my structure is gone so it's more important than ever haha","General Question/Discussion","1751475387","2025-07-02T16:56:27+00:00","11","11","0.93","49","f3b68bc47fe41391","","reddit-adhdwomen-what_kind_of_planner_do_you_use:comment:n1003d6","comment","n1003d6","t1_n1003d6","https://www.reddit.com/r/adhdwomen/comments/1lq1347/what_kind_of_planner_do_you_use/n1003d6/","/r/adhdwomen/comments/1lq1347/what_kind_of_planner_do_you_use/n1003d6/","t3_1lq1347","post","","n1003d6","0","true","n1003d6","5b40b5d096d3173c","","","false","false","","2","2","0","0","1","1751485589","2025-07-02T19:46:29+00:00","false","False","","false","false","true","false","I use samsung calendar for events/birthday/appnts and invite my husband to ones it would be good for him to know about. We have a whiteboard on the fridge for shopping. Our entire budget is direct debit automated so don't need to plan that. At work outlook and a notebook i take with me everywhere works for me. Honestly these are all tools to externalise thinfs i'd otherwise forget. I don't actually use planners in the sense of planning out stages of task, because that gives me the heebie jeebies and i'd immediately rebel against it anyway.","I use samsung calendar for events/birthday/appnts and invite my husband to ones it would be good for him to know about. We have a whiteboard on the fridge for shopping. Our entire budget is direct debit automated so don't need to plan that. At work outlook and a notebook i take…","545","96","","","","false","true","planner | planners | plan | planning | calendar | app","forget","","forgetfulness_or_time_signal | long_form_comment | mentions_pain_or_friction | mentions_planner_or_system | mentions_working_solution_or_recommendation","64","[THREAD_TITLE]
What kind of planner do you use?

[THREAD_BODY]
Whether it is a paper planner, app, online or whatever!! I want to hear which planners you guys use and what works for you! And has worked for you for a good amount of time:) I am fully aware that I can feel so much better by planning stuff, I just can't keep up with anything for more than two weeks. And now I'm done with college (forever ) and my structure is gone so it's more important than ever haha

[CURRENT_RECORD]
I use samsung calendar for events/birthday/appnts and invite my husband to ones it would be good for him to know about. We have a whiteboard on the fridge for shopping. Our entire budget is direct debit automated so don't need to plan that. At work outlook and a notebook i take with me everywhere works for me. Honestly these are all tools to externalise thinfs i'd otherwise forget. I don't actually use planners in the sense of planning out stages of task, because that gives me the heebie jeebies and i'd immediately rebel against it anyway."
"C:\Projects\Web\planner-tdah\research\reddit_data\reddit-adhdwomen-what_kind_of_planner_do_you_use.json","reddit-adhdwomen-what_kind_of_planner_do_you_use","1lq1347","t3_1lq1347","https://www.reddit.com/r/adhdwomen/comments/1lq1347/what_kind_of_planner_do_you_use/","adhdwomen","r/adhdwomen","What kind of planner do you use?","Whether it is a paper planner, app, online or whatever!! I want to hear which planners you guys use and what works for you! And has worked for you for a good amount of time:) I am fully aware that I can feel so much better by planning stuff, I just can't keep up with anything for more than two weeks. And now I'm done with college (forever ) and my structure is gone so it's more important than ever haha","General Question/Discussion","1751475387","2025-07-02T16:56:27+00:00","11","11","0.93","49","f3b68bc47fe41391","","reddit-adhdwomen-what_kind_of_planner_do_you_use:comment:n4h5feo","comment","n4h5feo","t1_n4h5feo","https://www.reddit.com/r/adhdwomen/comments/1lq1347/what_kind_of_planner_do_you_use/n4h5feo/","/r/adhdwomen/comments/1lq1347/what_kind_of_planner_do_you_use/n4h5feo/","t1_n1003d6","comment","n1003d6","n1003d6","1","false","n1003d6 > n4h5feo","7014c8bfea05e29a","","","false","false","","1","1","0","0","1","1753162200","2025-07-22T05:30:00+00:00","false","False","","false","false","true","false","samsung calendar ?","samsung calendar ?","18","3","I use samsung calendar for events/birthday/appnts and invite my husband to ones it would be good for him to know about. We have a whiteboard on the fridge for shopping. Our entire budget is direct debit automated so don't need to plan that. At work outlook and a notebook i take with me everywhere works for me. Honestly these are all tools to externalise thinfs i'd otherwise forget. I don't actually use planners in the sense of planning out stages of task, because that gives me the heebie jeebies and i'd immediately rebel against it anyway.","I use samsung calendar for events/birthday/appnts and invite my husband to ones it would be good for him to know about. We have a whiteboard on the fridge for shopping. Our entire budget is direct debit automated so don't need to plan that. At work outlook and a notebook i take with me everywhere works for me. Honestly these are all tools to externalise thinfs i'd otherwise forget. I don't actually use planners in the sense of planning out stages of task, because that gives me the heebie jeebies and i'd immediately rebel against it anyway.","","true","false","calendar","","","contains_question | mentions_planner_or_system","7","[THREAD_TITLE]
What kind of planner do you use?

[THREAD_BODY]
Whether it is a paper planner, app, online or whatever!! I want to hear which planners you guys use and what works for you! And has worked for you for a good amount of time:) I am fully aware that I can feel so much better by planning stuff, I just can't keep up with anything for more than two weeks. And now I'm done with college (forever ) and my structure is gone so it's more important than ever haha

[PARENT_COMMENT_CONTEXT]
I use samsung calendar for events/birthday/appnts and invite my husband to ones it would be good for him to know about. We have a whiteboard on the fridge for shopping. Our entire budget is direct debit automated so don't need to plan that. At work outlook and a notebook i take with me everywhere works for me. Honestly these are all tools to externalise thinfs i'd otherwise forget. I don't actually use planners in the sense of planning out stages of task, because that gives me the heebie jeebies and i'd immediately rebel against it anyway.

[CURRENT_RECORD]
samsung calendar ?"
"C:\Projects\Web\planner-tdah\research\reddit_data\reddit-adhdwomen-what_kind_of_planner_do_you_use.json","reddit-adhdwomen-what_kind_of_planner_do_you_use","1lq1347","t3_1lq1347","https://www.reddit.com/r/adhdwomen/comments/1lq1347/what_kind_of_planner_do_you_use/","adhdwomen","r/adhdwomen","What kind of planner do you use?","Whether it is a paper planner, app, online or whatever!! I want to hear which planners you guys use and what works for you! And has worked for you for a good amount of time:) I am fully aware that I can feel so much better by planning stuff, I just can't keep up with anything for more than two weeks. And now I'm done with college (forever ) and my structure is gone so it's more important than ever haha","General Question/Discussion","1751475387","2025-07-02T16:56:27+00:00","11","11","0.93","49","f3b68bc47fe41391","","reddit-adhdwomen-what_kind_of_planner_do_you_use:comment:n4h5zms","comment","n4h5zms","t1_n4h5zms","https://www.reddit.com/r/adhdwomen/comments/1lq1347/what_kind_of_planner_do_you_use/n4h5zms/","/r/adhdwomen/comments/1lq1347/what_kind_of_planner_do_you_use/n4h5zms/","t1_n4h5feo","comment","n4h5feo","n1003d6","2","false","n1003d6 > n4h5feo > n4h5zms","5b40b5d096d3173c","","","false","false","","1","1","0","0","0","1753162491","2025-07-22T05:34:51+00:00","false","False","","false","false","true","false","Came with my Galaxy phone but you can get it as an app. Just a calendar app, nothing special, but it works for me","Came with my Galaxy phone but you can get it as an app. Just a calendar app, nothing special, but it works for me","113","24","samsung calendar ?","I use samsung calendar for events/birthday/appnts and invite my husband to ones it would be good for him to know about. We have a whiteboard on the fridge for shopping. Our entire budget is direct debit automated so don't need to plan that. At work outlook and a notebook i take with me everywhere works for me. Honestly these are all tools to externalise thinfs i'd otherwise forget. I don't actually use planners in the sense of planning out stages of task, because that gives me the heebie jeebies and i'd immediately rebel against it anyway.","","false","true","calendar | app","","","mentions_planner_or_system | mentions_working_solution_or_recommendation","26","[THREAD_TITLE]
What kind of planner do you use?

[THREAD_BODY]
Whether it is a paper planner, app, online or whatever!! I want to hear which planners you guys use and what works for you! And has worked for you for a good amount of time:) I am fully aware that I can feel so much better by planning stuff, I just can't keep up with anything for more than two weeks. And now I'm done with college (forever ) and my structure is gone so it's more important than ever haha

[ROOT_COMMENT_CONTEXT]
I use samsung calendar for events/birthday/appnts and invite my husband to ones it would be good for him to know about. We have a whiteboard on the fridge for shopping. Our entire budget is direct debit automated so don't need to plan that. At work outlook and a notebook i take with me everywhere works for me. Honestly these are all tools to externalise thinfs i'd otherwise forget. I don't actually use planners in the sense of planning out stages of task, because that gives me the heebie jeebies and i'd immediately rebel against it anyway.

[PARENT_COMMENT_CONTEXT]
samsung calendar ?

[CURRENT_RECORD]
Came with my Galaxy phone but you can get it as an app. Just a calendar app, nothing special, but it works for me"
"C:\Projects\Web\planner-tdah\research\reddit_data\reddit-adhdwomen-what_kind_of_planner_do_you_use.json","reddit-adhdwomen-what_kind_of_planner_do_you_use","1lq1347","t3_1lq1347","https://www.reddit.com/r/adhdwomen/comments/1lq1347/what_kind_of_planner_do_you_use/","adhdwomen","r/adhdwomen","What kind of planner do you use?","Whether it is a paper planner, app, online or whatever!! I want to hear which planners you guys use and what works for you! And has worked for you for a good amount of time:) I am fully aware that I can feel so much better by planning stuff, I just can't keep up with anything for more than two weeks. And now I'm done with college (forever ) and my structure is gone so it's more important than ever haha","General Question/Discussion","1751475387","2025-07-02T16:56:27+00:00","11","11","0.93","49","f3b68bc47fe41391","","reddit-adhdwomen-what_kind_of_planner_do_you_use:comment:n102j7d","comment","n102j7d","t1_n102j7d","https://www.reddit.com/r/adhdwomen/comments/1lq1347/what_kind_of_planner_do_you_use/n102j7d/","/r/adhdwomen/comments/1lq1347/what_kind_of_planner_do_you_use/n102j7d/","t3_1lq1347","post","","n102j7d","0","true","n102j7d","d37ec77d26cb3f10","","","false","false","","2","2","0","0","0","1751486313","2025-07-02T19:58:33+00:00","false","False","","false","false","true","false","Google calendar- I use a widget on my iPhone so I can see that days events and tasks (not work related, I keep that separate). I add tasks to certain days that i think I’ll have time to do them so they are visually reminded and I can check them off. Also, tasks on iPhone is a game changer. I can say things in the car like “Siri remind me to get blue dress when I arrive home”- then a reminder will po up when I arrive at my home address with this listed. You can also do things like “when I get in the car” so I remember to make phone calls on my way to work or “when I get to mom and dads” (for example, get my paddle board the next time I’m at mom and dads, even if that’s weeks away, it will remind me when I get there). You can also ask for reminders for certain dates and times (“remind me to send Mackenzie Venmo on Wednesday the 30th” so I send my friend a Starbucks treat Venmo when she goes back to work after maternity leave)","Google calendar- I use a widget on my iPhone so I can see that days events and tasks (not work related, I keep that separate). I add tasks to certain days that i think I’ll have time to do them so they are visually reminded and I can check them off. Also, tasks on iPhone is a ga…","937","192","","","","false","false","calendar | to do","time | tasks","visual | reminder | reminders | change","forgetfulness_or_time_signal | long_form_comment | mentions_feature_or_solution | mentions_pain_or_friction | mentions_planner_or_system","72","[THREAD_TITLE]
What kind of planner do you use?

[THREAD_BODY]
Whether it is a paper planner, app, online or whatever!! I want to hear which planners you guys use and what works for you! And has worked for you for a good amount of time:) I am fully aware that I can feel so much better by planning stuff, I just can't keep up with anything for more than two weeks. And now I'm done with college (forever ) and my structure is gone so it's more important than ever haha

[CURRENT_RECORD]
Google calendar- I use a widget on my iPhone so I can see that days events and tasks (not work related, I keep that separate). I add tasks to certain days that i think I’ll have time to do them so they are visually reminded and I can check them off. Also, tasks on iPhone is a game changer. I can say things in the car like “Siri remind me to get blue dress when I arrive home”- then a reminder will po up when I arrive at my home address with this listed. You can also do things like “when I get in the car” so I remember to make phone calls on my way to work or “when I get to mom and dads” (for example, get my paddle board the next time I’m at mom and dads, even if that’s weeks away, it will remind me when I get there). You can also ask for reminders for certain dates and times (“remind me to send Mackenzie Venmo on Wednesday the 30th” so I send my friend a Starbucks treat Venmo when she goes back to work after maternity leave)"
"C:\Projects\Web\planner-tdah\research\reddit_data\reddit-adhdwomen-what_kind_of_planner_do_you_use.json","reddit-adhdwomen-what_kind_of_planner_do_you_use","1lq1347","t3_1lq1347","https://www.reddit.com/r/adhdwomen/comments/1lq1347/what_kind_of_planner_do_you_use/","adhdwomen","r/adhdwomen","What kind of planner do you use?","Whether it is a paper planner, app, online or whatever!! I want to hear which planners you guys use and what works for you! And has worked for you for a good amount of time:) I am fully aware that I can feel so much better by planning stuff, I just can't keep up with anything for more than two weeks. And now I'm done with college (forever ) and my structure is gone so it's more important than ever haha","General Question/Discussion","1751475387","2025-07-02T16:56:27+00:00","11","11","0.93","49","f3b68bc47fe41391","","reddit-adhdwomen-what_kind_of_planner_do_you_use:comment:n108wib","comment","n108wib","t1_n108wib","https://www.reddit.com/r/adhdwomen/comments/1lq1347/what_kind_of_planner_do_you_use/n108wib/","/r/adhdwomen/comments/1lq1347/what_kind_of_planner_do_you_use/n108wib/","t3_1lq1347","post","","n108wib","0","true","n108wib","6804378b17373e8d","","","false","false","","2","2","0","0","0","1751488175","2025-07-02T20:29:35+00:00","1751488369","1751488369","2025-07-02T20:32:49+00:00","false","false","true","false","I have a whiteboard calendar on the fridge, but I also use a bullet journal. For each month I have an overview, week-by-week, and diary section. It works as more of a planner than a traditional bullet journal system, but I like that its fully customizable compared to a regular planner that you just buy. I had just been using regular notebooks with a weekly system I adopted and then realized I could develop it into a bullet journal system. My BJ is sparsely decorated because I've found that it's just too stressful and time consuming if I worry about how pretty it looks, so i keep it simple with just a few highlighters and occasional colored markers/pens. Maybe one day I can start decorating it again but for now its pretty basic. I love the physical feeling of writing things down and I can always benefit from less screen time, so I rarely use a digital calendar.","I have a whiteboard calendar on the fridge, but I also use a bullet journal. For each month I have an overview, week-by-week, and diary section. It works as more of a planner than a traditional bullet journal system, but I like that its fully customizable compared to a regular p…","872","158","","","","false","true","planner | plan | calendar | bullet journal | journal | weekly","time","simple | color | weekly | custom | overview","forgetfulness_or_time_signal | long_form_comment | mentions_feature_or_solution | mentions_pain_or_friction | mentions_planner_or_system | mentions_working_solution_or_recommendation | overwhelm_or_complexity_signal","89","[THREAD_TITLE]
What kind of planner do you use?

[THREAD_BODY]
Whether it is a paper planner, app, online or whatever!! I want to hear which planners you guys use and what works for you! And has worked for you for a good amount of time:) I am fully aware that I can feel so much better by planning stuff, I just can't keep up with anything for more than two weeks. And now I'm done with college (forever ) and my structure is gone so it's more important than ever haha

[CURRENT_RECORD]
I have a whiteboard calendar on the fridge, but I also use a bullet journal. For each month I have an overview, week-by-week, and diary section. It works as more of a planner than a traditional bullet journal system, but I like that its fully customizable compared to a regular planner that you just buy. I had just been using regular notebooks with a weekly system I adopted and then realized I could develop it into a bullet journal system. My BJ is sparsely decorated because I've found that it's just too stressful and time consuming if I worry about how pretty it looks, so i keep it simple with just a few highlighters and occasional colored markers/pens. Maybe one day I can start decorating it again but for now its pretty basic. I love the physical feeling of writing things down and I can always benefit from less screen time, so I rarely use a digital calendar."
"C:\Projects\Web\planner-tdah\research\reddit_data\reddit-adhdwomen-what_kind_of_planner_do_you_use.json","reddit-adhdwomen-what_kind_of_planner_do_you_use","1lq1347","t3_1lq1347","https://www.reddit.com/r/adhdwomen/comments/1lq1347/what_kind_of_planner_do_you_use/","adhdwomen","r/adhdwomen","What kind of planner do you use?","Whether it is a paper planner, app, online or whatever!! I want to hear which planners you guys use and what works for you! And has worked for you for a good amount of time:) I am fully aware that I can feel so much better by planning stuff, I just can't keep up with anything for more than two weeks. And now I'm done with college (forever ) and my structure is gone so it's more important than ever haha","General Question/Discussion","1751475387","2025-07-02T16:56:27+00:00","11","11","0.93","49","f3b68bc47fe41391","","reddit-adhdwomen-what_kind_of_planner_do_you_use:comment:n10aajy","comment","n10aajy","t1_n10aajy","https://www.reddit.com/r/adhdwomen/comments/1lq1347/what_kind_of_planner_do_you_use/n10aajy/","/r/adhdwomen/comments/1lq1347/what_kind_of_planner_do_you_use/n10aajy/","t3_1lq1347","post","","n10aajy","0","true","n10aajy","5c21a379f6d3ae9c","","","false","false","","2","2","0","0","0","1751488572","2025-07-02T20:36:12+00:00","false","False","","false","false","true","false","Literally my Google calendar on my phone and computer save my life. I also have Siri make reminders for me verbally to do things like make appointments or take out the trash or do laundry. It’s easy to have those smaller things slip through the cracks","Literally my Google calendar on my phone and computer save my life. I also have Siri make reminders for me verbally to do things like make appointments or take out the trash or do laundry. It’s easy to have those smaller things slip through the cracks","251","46","","","","false","false","calendar | app | to do","","reminder | reminders | appointments","mentions_feature_or_solution | mentions_planner_or_system","34","[THREAD_TITLE]
What kind of planner do you use?

[THREAD_BODY]
Whether it is a paper planner, app, online or whatever!! I want to hear which planners you guys use and what works for you! And has worked for you for a good amount of time:) I am fully aware that I can feel so much better by planning stuff, I just can't keep up with anything for more than two weeks. And now I'm done with college (forever ) and my structure is gone so it's more important than ever haha

[CURRENT_RECORD]
Literally my Google calendar on my phone and computer save my life. I also have Siri make reminders for me verbally to do things like make appointments or take out the trash or do laundry. It’s easy to have those smaller things slip through the cracks"
"C:\Projects\Web\planner-tdah\research\reddit_data\reddit-adhdwomen-what_kind_of_planner_do_you_use.json","reddit-adhdwomen-what_kind_of_planner_do_you_use","1lq1347","t3_1lq1347","https://www.reddit.com/r/adhdwomen/comments/1lq1347/what_kind_of_planner_do_you_use/","adhdwomen","r/adhdwomen","What kind of planner do you use?","Whether it is a paper planner, app, online or whatever!! I want to hear which planners you guys use and what works for you! And has worked for you for a good amount of time:) I am fully aware that I can feel so much better by planning stuff, I just can't keep up with anything for more than two weeks. And now I'm done with college (forever ) and my structure is gone so it's more important than ever haha","General Question/Discussion","1751475387","2025-07-02T16:56:27+00:00","11","11","0.93","49","f3b68bc47fe41391","","reddit-adhdwomen-what_kind_of_planner_do_you_use:comment:n10aj07","comment","n10aj07","t1_n10aj07","https://www.reddit.com/r/adhdwomen/comments/1lq1347/what_kind_of_planner_do_you_use/n10aj07/","/r/adhdwomen/comments/1lq1347/what_kind_of_planner_do_you_use/n10aj07/","t3_1lq1347","post","","n10aj07","0","true","n10aj07","bd924274e0b066f1","","","false","false","","2","2","0","0","0","1751488640","2025-07-02T20:37:20+00:00","false","False","","false","false","true","false","Undated planner so I can start and stop when I need to. Right now, I’m on summer break, so having an undated planner and lesson book for work doesn’t leave me with unused pages. I use a whiteboard in my room and color code stuff. Fun things, work things, appts all a diff color. And I have a brain dump notebook at all times lol","Undated planner so I can start and stop when I need to. Right now, I’m on summer break, so having an undated planner and lesson book for work doesn’t leave me with unused pages. I use a whiteboard in my room and color code stuff. Fun things, work things, appts all a diff color.…","328","65","","","","false","false","planner | plan | app","time","color | color code","mentions_feature_or_solution | mentions_pain_or_friction | mentions_planner_or_system","35","[THREAD_TITLE]
What kind of planner do you use?

[THREAD_BODY]
Whether it is a paper planner, app, online or whatever!! I want to hear which planners you guys use and what works for you! And has worked for you for a good amount of time:) I am fully aware that I can feel so much better by planning stuff, I just can't keep up with anything for more than two weeks. And now I'm done with college (forever ) and my structure is gone so it's more important than ever haha

[CURRENT_RECORD]
Undated planner so I can start and stop when I need to. Right now, I’m on summer break, so having an undated planner and lesson book for work doesn’t leave me with unused pages. I use a whiteboard in my room and color code stuff. Fun things, work things, appts all a diff color. And I have a brain dump notebook at all times lol"
"C:\Projects\Web\planner-tdah\research\reddit_data\reddit-adhdwomen-what_kind_of_planner_do_you_use.json","reddit-adhdwomen-what_kind_of_planner_do_you_use","1lq1347","t3_1lq1347","https://www.reddit.com/r/adhdwomen/comments/1lq1347/what_kind_of_planner_do_you_use/","adhdwomen","r/adhdwomen","What kind of planner do you use?","Whether it is a paper planner, app, online or whatever!! I want to hear which planners you guys use and what works for you! And has worked for you for a good amount of time:) I am fully aware that I can feel so much better by planning stuff, I just can't keep up with anything for more than two weeks. And now I'm done with college (forever ) and my structure is gone so it's more important than ever haha","General Question/Discussion","1751475387","2025-07-02T16:56:27+00:00","11","11","0.93","49","f3b68bc47fe41391","","reddit-adhdwomen-what_kind_of_planner_do_you_use:comment:n10en1w","comment","n10en1w","t1_n10en1w","https://www.reddit.com/r/adhdwomen/comments/1lq1347/what_kind_of_planner_do_you_use/n10en1w/","/r/adhdwomen/comments/1lq1347/what_kind_of_planner_do_you_use/n10en1w/","t3_1lq1347","post","","n10en1w","0","true","n10en1w","a6265118afdc24d6","","","false","false","","2","2","0","0","0","1751489815","2025-07-02T20:56:55+00:00","false","False","","false","false","true","false","I put appointments and stuff I can’t miss or I’ll look like a jerk in my phone calendar. I use this little snoopy notebook that lates me circle the month and day at the top for to do lists! I make one every day that I feel up for stuff and then when I don’t finish things I can flip back and look to remind myself of things when I go to make a new list. I also split things up by tasks/admin/self care. And I put even the smallest things on there that I feel time struggling with or will make me feel good to cross off, even if it’s just to get up and go pee lol. That’s what’s been working well for me! I’d like to do paper planning but it’s always hard to stick with","I put appointments and stuff I can’t miss or I’ll look like a jerk in my phone calendar. I use this little snoopy notebook that lates me circle the month and day at the top for to do lists! I make one every day that I feel up for stuff and then when I don’t finish things I can f…","668","139","","","","false","false","plan | planning | calendar | app | to do","time | tasks","appointments","forgetfulness_or_time_signal | long_form_comment | mentions_feature_or_solution | mentions_pain_or_friction | mentions_planner_or_system","62","[THREAD_TITLE]
What kind of planner do you use?

[THREAD_BODY]
Whether it is a paper planner, app, online or whatever!! I want to hear which planners you guys use and what works for you! And has worked for you for a good amount of time:) I am fully aware that I can feel so much better by planning stuff, I just can't keep up with anything for more than two weeks. And now I'm done with college (forever ) and my structure is gone so it's more important than ever haha

[CURRENT_RECORD]
I put appointments and stuff I can’t miss or I’ll look like a jerk in my phone calendar. I use this little snoopy notebook that lates me circle the month and day at the top for to do lists! I make one every day that I feel up for stuff and then when I don’t finish things I can flip back and look to remind myself of things when I go to make a new list. I also split things up by tasks/admin/self care. And I put even the smallest things on there that I feel time struggling with or will make me feel good to cross off, even if it’s just to get up and go pee lol. That’s what’s been working well for me! I’d like to do paper planning but it’s always hard to stick with"
"C:\Projects\Web\planner-tdah\research\reddit_data\reddit-adhdwomen-what_kind_of_planner_do_you_use.json","reddit-adhdwomen-what_kind_of_planner_do_you_use","1lq1347","t3_1lq1347","https://www.reddit.com/r/adhdwomen/comments/1lq1347/what_kind_of_planner_do_you_use/","adhdwomen","r/adhdwomen","What kind of planner do you use?","Whether it is a paper planner, app, online or whatever!! I want to hear which planners you guys use and what works for you! And has worked for you for a good amount of time:) I am fully aware that I can feel so much better by planning stuff, I just can't keep up with anything for more than two weeks. And now I'm done with college (forever ) and my structure is gone so it's more important than ever haha","General Question/Discussion","1751475387","2025-07-02T16:56:27+00:00","11","11","0.93","49","f3b68bc47fe41391","","reddit-adhdwomen-what_kind_of_planner_do_you_use:comment:n10kct4","comment","n10kct4","t1_n10kct4","https://www.reddit.com/r/adhdwomen/comments/1lq1347/what_kind_of_planner_do_you_use/n10kct4/","/r/adhdwomen/comments/1lq1347/what_kind_of_planner_do_you_use/n10kct4/","t3_1lq1347","post","","n10kct4","0","true","n10kct4","","","","false","false","","2","2","0","0","0","1751491505","2025-07-02T21:25:05+00:00","false","False","","false","false","true","false","I feel like my answer would have to be ‘on which day?’ lol planners… sigh","I feel like my answer would have to be ‘on which day?’ lol planners… sigh","73","15","","","","true","false","planner | planners | plan","","","contains_question | mentions_planner_or_system","12","[THREAD_TITLE]
What kind of planner do you use?

[THREAD_BODY]
Whether it is a paper planner, app, online or whatever!! I want to hear which planners you guys use and what works for you! And has worked for you for a good amount of time:) I am fully aware that I can feel so much better by planning stuff, I just can't keep up with anything for more than two weeks. And now I'm done with college (forever ) and my structure is gone so it's more important than ever haha

[CURRENT_RECORD]
I feel like my answer would have to be ‘on which day?’ lol planners… sigh"
"C:\Projects\Web\planner-tdah\research\reddit_data\reddit-adhdwomen-what_kind_of_planner_do_you_use.json","reddit-adhdwomen-what_kind_of_planner_do_you_use","1lq1347","t3_1lq1347","https://www.reddit.com/r/adhdwomen/comments/1lq1347/what_kind_of_planner_do_you_use/","adhdwomen","r/adhdwomen","What kind of planner do you use?","Whether it is a paper planner, app, online or whatever!! I want to hear which planners you guys use and what works for you! And has worked for you for a good amount of time:) I am fully aware that I can feel so much better by planning stuff, I just can't keep up with anything for more than two weeks. And now I'm done with college (forever ) and my structure is gone so it's more important than ever haha","General Question/Discussion","1751475387","2025-07-02T16:56:27+00:00","11","11","0.93","49","f3b68bc47fe41391","","reddit-adhdwomen-what_kind_of_planner_do_you_use:comment:n10o3hi","comment","n10o3hi","t1_n10o3hi","https://www.reddit.com/r/adhdwomen/comments/1lq1347/what_kind_of_planner_do_you_use/n10o3hi/","/r/adhdwomen/comments/1lq1347/what_kind_of_planner_do_you_use/n10o3hi/","t3_1lq1347","post","","n10o3hi","0","true","n10o3hi","abadf68433b23a9b","","","false","false","","2","2","0","0","0","1751492645","2025-07-02T21:44:05+00:00","false","False","","false","false","true","false","Erin condren, Apple reminders list, and Apple calendar.","Erin condren, Apple reminders list, and Apple calendar.","55","8","","","","false","false","calendar | app","","reminder | reminders","mentions_feature_or_solution | mentions_planner_or_system","16","[THREAD_TITLE]
What kind of planner do you use?

[THREAD_BODY]
Whether it is a paper planner, app, online or whatever!! I want to hear which planners you guys use and what works for you! And has worked for you for a good amount of time:) I am fully aware that I can feel so much better by planning stuff, I just can't keep up with anything for more than two weeks. And now I'm done with college (forever ) and my structure is gone so it's more important than ever haha

[CURRENT_RECORD]
Erin condren, Apple reminders list, and Apple calendar."
"C:\Projects\Web\planner-tdah\research\reddit_data\reddit-adhdwomen-what_kind_of_planner_do_you_use.json","reddit-adhdwomen-what_kind_of_planner_do_you_use","1lq1347","t3_1lq1347","https://www.reddit.com/r/adhdwomen/comments/1lq1347/what_kind_of_planner_do_you_use/","adhdwomen","r/adhdwomen","What kind of planner do you use?","Whether it is a paper planner, app, online or whatever!! I want to hear which planners you guys use and what works for you! And has worked for you for a good amount of time:) I am fully aware that I can feel so much better by planning stuff, I just can't keep up with anything for more than two weeks. And now I'm done with college (forever ) and my structure is gone so it's more important than ever haha","General Question/Discussion","1751475387","2025-07-02T16:56:27+00:00","11","11","0.93","49","f3b68bc47fe41391","","reddit-adhdwomen-what_kind_of_planner_do_you_use:comment:n10pir8","comment","n10pir8","t1_n10pir8","https://www.reddit.com/r/adhdwomen/comments/1lq1347/what_kind_of_planner_do_you_use/n10pir8/","/r/adhdwomen/comments/1lq1347/what_kind_of_planner_do_you_use/n10pir8/","t3_1lq1347","post","","n10pir8","0","true","n10pir8","0b17fe67cb8c4cb1","","","false","false","","2","2","0","0","1","1751493080","2025-07-02T21:51:20+00:00","false","False","","false","false","true","false","Artful Agenda","Artful Agenda","13","2","","","","false","false","agenda","","","mentions_planner_or_system","7","[THREAD_TITLE]
What kind of planner do you use?

[THREAD_BODY]
Whether it is a paper planner, app, online or whatever!! I want to hear which planners you guys use and what works for you! And has worked for you for a good amount of time:) I am fully aware that I can feel so much better by planning stuff, I just can't keep up with anything for more than two weeks. And now I'm done with college (forever ) and my structure is gone so it's more important than ever haha

[CURRENT_RECORD]
Artful Agenda"
"C:\Projects\Web\planner-tdah\research\reddit_data\reddit-adhdwomen-what_kind_of_planner_do_you_use.json","reddit-adhdwomen-what_kind_of_planner_do_you_use","1lq1347","t3_1lq1347","https://www.reddit.com/r/adhdwomen/comments/1lq1347/what_kind_of_planner_do_you_use/","adhdwomen","r/adhdwomen","What kind of planner do you use?","Whether it is a paper planner, app, online or whatever!! I want to hear which planners you guys use and what works for you! And has worked for you for a good amount of time:) I am fully aware that I can feel so much better by planning stuff, I just can't keep up with anything for more than two weeks. And now I'm done with college (forever ) and my structure is gone so it's more important than ever haha","General Question/Discussion","1751475387","2025-07-02T16:56:27+00:00","11","11","0.93","49","f3b68bc47fe41391","","reddit-adhdwomen-what_kind_of_planner_do_you_use:comment:n10rwcf","comment","n10rwcf","t1_n10rwcf","https://www.reddit.com/r/adhdwomen/comments/1lq1347/what_kind_of_planner_do_you_use/n10rwcf/","/r/adhdwomen/comments/1lq1347/what_kind_of_planner_do_you_use/n10rwcf/","t1_n10pir8","comment","n10pir8","n10pir8","1","false","n10pir8 > n10rwcf","f3b68bc47fe41391","","","true","false","","1","1","0","0","1","1751493824","2025-07-02T22:03:44+00:00","false","False","","false","false","true","false","I was looking into stuff that syncs with my Google calender and I see artful does that! But it is a paid service (though not too expensive it seems) Are the functions and service it provides worth the money in your opinion?","I was looking into stuff that syncs with my Google calender and I see artful does that! But it is a paid service (though not too expensive it seems) Are the functions and service it provides worth the money in your opinion?","223","42","Artful Agenda","Artful Agenda","","true","false","","","","contains_question","13","[THREAD_TITLE]
What kind of planner do you use?

[THREAD_BODY]
Whether it is a paper planner, app, online or whatever!! I want to hear which planners you guys use and what works for you! And has worked for you for a good amount of time:) I am fully aware that I can feel so much better by planning stuff, I just can't keep up with anything for more than two weeks. And now I'm done with college (forever ) and my structure is gone so it's more important than ever haha

[PARENT_COMMENT_CONTEXT]
Artful Agenda

[CURRENT_RECORD]
I was looking into stuff that syncs with my Google calender and I see artful does that! But it is a paid service (though not too expensive it seems) Are the functions and service it provides worth the money in your opinion?"
"C:\Projects\Web\planner-tdah\research\reddit_data\reddit-adhdwomen-what_kind_of_planner_do_you_use.json","reddit-adhdwomen-what_kind_of_planner_do_you_use","1lq1347","t3_1lq1347","https://www.reddit.com/r/adhdwomen/comments/1lq1347/what_kind_of_planner_do_you_use/","adhdwomen","r/adhdwomen","What kind of planner do you use?","Whether it is a paper planner, app, online or whatever!! I want to hear which planners you guys use and what works for you! And has worked for you for a good amount of time:) I am fully aware that I can feel so much better by planning stuff, I just can't keep up with anything for more than two weeks. And now I'm done with college (forever ) and my structure is gone so it's more important than ever haha","General Question/Discussion","1751475387","2025-07-02T16:56:27+00:00","11","11","0.93","49","f3b68bc47fe41391","","reddit-adhdwomen-what_kind_of_planner_do_you_use:comment:n17fmyl","comment","n17fmyl","t1_n17fmyl","https://www.reddit.com/r/adhdwomen/comments/1lq1347/what_kind_of_planner_do_you_use/n17fmyl/","/r/adhdwomen/comments/1lq1347/what_kind_of_planner_do_you_use/n17fmyl/","t1_n10rwcf","comment","n10rwcf","n10pir8","2","false","n10pir8 > n10rwcf > n17fmyl","0b17fe67cb8c4cb1","","","false","false","","2","2","0","0","1","1751580801","2025-07-03T22:13:21+00:00","false","False","","false","false","true","false","Absolutely! I was a die-hard paper planner person for a long time, but I've been using Artful Agenda for a few years now. I find the subscription cost is comparable to a good quality paper planner. It pulls all of my Google calendars into one spot (work, personal, my ""ideal week"" template calendar, my partner's calendar, and my swim team calendar) and I love that I can easily switch between day, week, and month views without having to recopy stuff. I can set tasks as recurring or have them roll over to the next day if I haven't completed them. That way, I never ""lose"" them. Although I don't use it, there is a meal planning space for each day that is visible in both the day and week views. There are also unlimited lists--I have lists of links to check out, a period tracker, brain dump, packing lists, all sorts of random info I want to remember. And because I have the premium plan, I also get the habit tracker, which I find highly motivating. I basically always have this open in a tab on my computer, and I also have the app and widget on my phone, so I'm never without it.","Absolutely! I was a die-hard paper planner person for a long time, but I've been using Artful Agenda for a few years now. I find the subscription cost is comparable to a good quality paper planner. It pulls all of my Google calendars into one spot (work, personal, my ""ideal week…","1086","204","I was looking into stuff that syncs with my Google calender and I see artful does that! But it is a paid service (though not too expensive it seems) Are the functions and service it provides worth the money in your opinion?","Artful Agenda","","false","true","planner | plan | planning | calendar | calendars | agenda | template | app | habit tracker | tracker","time | tasks","visible","forgetfulness_or_time_signal | long_form_comment | mentions_feature_or_solution | mentions_pain_or_friction | mentions_planner_or_system | mentions_working_solution_or_recommendation | printable_modular_system_signal","89","[THREAD_TITLE]
What kind of planner do you use?

[THREAD_BODY]
Whether it is a paper planner, app, online or whatever!! I want to hear which planners you guys use and what works for you! And has worked for you for a good amount of time:) I am fully aware that I can feel so much better by planning stuff, I just can't keep up with anything for more than two weeks. And now I'm done with college (forever ) and my structure is gone so it's more important than ever haha

[ROOT_COMMENT_CONTEXT]
Artful Agenda

[PARENT_COMMENT_CONTEXT]
I was looking into stuff that syncs with my Google calender and I see artful does that! But it is a paid service (though not too expensive it seems) Are the functions and service it provides worth the money in your opinion?

[CURRENT_RECORD]
Absolutely! I was a die-hard paper planner person for a long time, but I've been using Artful Agenda for a few years now. I find the subscription cost is comparable to a good quality paper planner. It pulls all of my Google calendars into one spot (work, personal, my ""ideal week"" template calendar, my partner's calendar, and my swim team calendar) and I love that I can easily switch between day, week, and month views without having to recopy stuff. I can set tasks as recurring or have them roll over to the next day if I haven't completed them. That way, I never ""lose"" them. Although I don't use it, there is a meal planning space for each day that is visible in both the day and week views. There are also unlimited lists--I have lists of links to check out, a period tracker, brain dump, packing lists, all sorts of random info I want to remember. And because I have the premium plan, I also get the habit tracker, which I find highly motivating. I basically always have this open in a tab on my computer, and I also have the app and widget on my phone, so I'm never without it."
"C:\Projects\Web\planner-tdah\research\reddit_data\reddit-adhdwomen-what_kind_of_planner_do_you_use.json","reddit-adhdwomen-what_kind_of_planner_do_you_use","1lq1347","t3_1lq1347","https://www.reddit.com/r/adhdwomen/comments/1lq1347/what_kind_of_planner_do_you_use/","adhdwomen","r/adhdwomen","What kind of planner do you use?","Whether it is a paper planner, app, online or whatever!! I want to hear which planners you guys use and what works for you! And has worked for you for a good amount of time:) I am fully aware that I can feel so much better by planning stuff, I just can't keep up with anything for more than two weeks. And now I'm done with college (forever ) and my structure is gone so it's more important than ever haha","General Question/Discussion","1751475387","2025-07-02T16:56:27+00:00","11","11","0.93","49","f3b68bc47fe41391","","reddit-adhdwomen-what_kind_of_planner_do_you_use:comment:n1a9ssk","comment","n1a9ssk","t1_n1a9ssk","https://www.reddit.com/r/adhdwomen/comments/1lq1347/what_kind_of_planner_do_you_use/n1a9ssk/","/r/adhdwomen/comments/1lq1347/what_kind_of_planner_do_you_use/n1a9ssk/","t1_n17fmyl","comment","n17fmyl","n10pir8","3","false","n10pir8 > n10rwcf > n17fmyl > n1a9ssk","f3b68bc47fe41391","","","true","false","","1","1","0","0","0","1751625776","2025-07-04T10:42:56+00:00","false","False","","false","false","true","false","That sounds amazing!! Thank you for the detailed info :)) I think I'm going to get a subscription and try it out!","That sounds amazing!! Thank you for the detailed info :)) I think I'm going to get a subscription and try it out!","113","22","Absolutely! I was a die-hard paper planner person for a long time, but I've been using Artful Agenda for a few years now. I find the subscription cost is comparable to a good quality paper planner. It pulls all of my Google calendars into one spot (work, personal, my ""ideal week"" template calendar, my partner's calendar, and my swim team calendar) and I love that I can easily switch between day, week, and month views without having to recopy stuff. I can set tasks as recurring or have them roll over to the next day if I haven't completed them. That way, I never ""lose"" them. Although I don't use it, there is a meal planning space for each day that is visible in both the day and week views. T…","Artful Agenda","","false","false","","","","","10","[THREAD_TITLE]
What kind of planner do you use?

[THREAD_BODY]
Whether it is a paper planner, app, online or whatever!! I want to hear which planners you guys use and what works for you! And has worked for you for a good amount of time:) I am fully aware that I can feel so much better by planning stuff, I just can't keep up with anything for more than two weeks. And now I'm done with college (forever ) and my structure is gone so it's more important than ever haha

[ROOT_COMMENT_CONTEXT]
Artful Agenda

[PARENT_COMMENT_CONTEXT]
Absolutely! I was a die-hard paper planner person for a long time, but I've been using Artful Agenda for a few years now. I find the subscription cost is comparable to a good quality paper planner. It pulls all of my Google calendars into one spot (work, personal, my ""ideal week"" template calendar, my partner's calendar, and my swim team calendar) and I love that I can easily switch between day, week, and month views without having to recopy stuff. I can set tasks as recurring or have them roll over to the next day if I haven't completed them. That way, I never ""lose"" them. Although I don't use it, there is a meal planning space for each day that is visible in both the day and week views. T…

[CURRENT_RECORD]
That sounds amazing!! Thank you for the detailed info :)) I think I'm going to get a subscription and try it out!"
"C:\Projects\Web\planner-tdah\research\reddit_data\reddit-adhdwomen-what_kind_of_planner_do_you_use.json","reddit-adhdwomen-what_kind_of_planner_do_you_use","1lq1347","t3_1lq1347","https://www.reddit.com/r/adhdwomen/comments/1lq1347/what_kind_of_planner_do_you_use/","adhdwomen","r/adhdwomen","What kind of planner do you use?","Whether it is a paper planner, app, online or whatever!! I want to hear which planners you guys use and what works for you! And has worked for you for a good amount of time:) I am fully aware that I can feel so much better by planning stuff, I just can't keep up with anything for more than two weeks. And now I'm done with college (forever ) and my structure is gone so it's more important than ever haha","General Question/Discussion","1751475387","2025-07-02T16:56:27+00:00","11","11","0.93","49","f3b68bc47fe41391","","reddit-adhdwomen-what_kind_of_planner_do_you_use:comment:n10qi0m","comment","n10qi0m","t1_n10qi0m","https://www.reddit.com/r/adhdwomen/comments/1lq1347/what_kind_of_planner_do_you_use/n10qi0m/","/r/adhdwomen/comments/1lq1347/what_kind_of_planner_do_you_use/n10qi0m/","t3_1lq1347","post","","n10qi0m","0","true","n10qi0m","d80759dad347a9ca","","","false","false","","2","2","0","0","0","1751493381","2025-07-02T21:56:21+00:00","false","False","","false","false","true","false","Wall calendar!","Wall calendar!","14","2","","","","false","false","calendar","","","mentions_planner_or_system","4","[THREAD_TITLE]
What kind of planner do you use?

[THREAD_BODY]
Whether it is a paper planner, app, online or whatever!! I want to hear which planners you guys use and what works for you! And has worked for you for a good amount of time:) I am fully aware that I can feel so much better by planning stuff, I just can't keep up with anything for more than two weeks. And now I'm done with college (forever ) and my structure is gone so it's more important than ever haha

[CURRENT_RECORD]
Wall calendar!"
"C:\Projects\Web\planner-tdah\research\reddit_data\reddit-adhdwomen-what_kind_of_planner_do_you_use.json","reddit-adhdwomen-what_kind_of_planner_do_you_use","1lq1347","t3_1lq1347","https://www.reddit.com/r/adhdwomen/comments/1lq1347/what_kind_of_planner_do_you_use/","adhdwomen","r/adhdwomen","What kind of planner do you use?","Whether it is a paper planner, app, online or whatever!! I want to hear which planners you guys use and what works for you! And has worked for you for a good amount of time:) I am fully aware that I can feel so much better by planning stuff, I just can't keep up with anything for more than two weeks. And now I'm done with college (forever ) and my structure is gone so it's more important than ever haha","General Question/Discussion","1751475387","2025-07-02T16:56:27+00:00","11","11","0.93","49","f3b68bc47fe41391","","reddit-adhdwomen-what_kind_of_planner_do_you_use:comment:n10rykc","comment","n10rykc","t1_n10rykc","https://www.reddit.com/r/adhdwomen/comments/1lq1347/what_kind_of_planner_do_you_use/n10rykc/","/r/adhdwomen/comments/1lq1347/what_kind_of_planner_do_you_use/n10rykc/","t3_1lq1347","post","","n10rykc","0","true","n10rykc","b7fcbbdf225f4fe2","","ADHD","false","false","","2","2","0","0","0","1751493844","2025-07-02T22:04:04+00:00","false","False","","false","false","true","false","I'm 50+ I have tried absolutely every one of them and the ONLY one that has worked consistently is the Apple Watch. I have the modular face with the calendar as soon as I lift my wrist. The reason it works for me….I can put appointments in on my phone, I can have Siri put them in on my watch. Most importantly I can put them in on my computer AND I can copy and paste ones that repeat. The copy paste feature is a life saver because PT might not be repeating every Monday at 3 pm, but if I have to go twice a week and each week it is a different day and time, copy paste solves that problem. There of course is always repeating so I don't forget birthdays and the holiday part used to be nice.","I'm 50+ I have tried absolutely every one of them and the ONLY one that has worked consistently is the Apple Watch. I have the modular face with the calendar as soon as I lift my wrist. The reason it works for me….I can put appointments in on my phone, I can have Siri put them i…","694","141","","","","false","true","calendar | app","forget | time","appointments","forgetfulness_or_time_signal | long_form_comment | mentions_feature_or_solution | mentions_pain_or_friction | mentions_planner_or_system | mentions_working_solution_or_recommendation","58","[THREAD_TITLE]
What kind of planner do you use?

[THREAD_BODY]
Whether it is a paper planner, app, online or whatever!! I want to hear which planners you guys use and what works for you! And has worked for you for a good amount of time:) I am fully aware that I can feel so much better by planning stuff, I just can't keep up with anything for more than two weeks. And now I'm done with college (forever ) and my structure is gone so it's more important than ever haha

[CURRENT_RECORD]
I'm 50+ I have tried absolutely every one of them and the ONLY one that has worked consistently is the Apple Watch. I have the modular face with the calendar as soon as I lift my wrist. The reason it works for me….I can put appointments in on my phone, I can have Siri put them in on my watch. Most importantly I can put them in on my computer AND I can copy and paste ones that repeat. The copy paste feature is a life saver because PT might not be repeating every Monday at 3 pm, but if I have to go twice a week and each week it is a different day and time, copy paste solves that problem. There of course is always repeating so I don't forget birthdays and the holiday part used to be nice."
"C:\Projects\Web\planner-tdah\research\reddit_data\reddit-adhdwomen-what_kind_of_planner_do_you_use.json","reddit-adhdwomen-what_kind_of_planner_do_you_use","1lq1347","t3_1lq1347","https://www.reddit.com/r/adhdwomen/comments/1lq1347/what_kind_of_planner_do_you_use/","adhdwomen","r/adhdwomen","What kind of planner do you use?","Whether it is a paper planner, app, online or whatever!! I want to hear which planners you guys use and what works for you! And has worked for you for a good amount of time:) I am fully aware that I can feel so much better by planning stuff, I just can't keep up with anything for more than two weeks. And now I'm done with college (forever ) and my structure is gone so it's more important than ever haha","General Question/Discussion","1751475387","2025-07-02T16:56:27+00:00","11","11","0.93","49","f3b68bc47fe41391","","reddit-adhdwomen-what_kind_of_planner_do_you_use:comment:n1189yr","comment","n1189yr","t1_n1189yr","https://www.reddit.com/r/adhdwomen/comments/1lq1347/what_kind_of_planner_do_you_use/n1189yr/","/r/adhdwomen/comments/1lq1347/what_kind_of_planner_do_you_use/n1189yr/","t3_1lq1347","post","","n1189yr","0","true","n1189yr","263c46e17b5abf2e","","","false","false","","2","2","0","0","0","1751499195","2025-07-02T23:33:15+00:00","false","False","","false","false","true","false","I use multiple things at once Google calendar: plans and appointments that need reminders for punctuality Weekly planner: chores and exercise options for different days of the week Daily notebook: Kind of like a to do list but color coded At night I sit down in bed with my notebook and use pretty gel pens to plan the next day.","I use multiple things at once Google calendar: plans and appointments that need reminders for punctuality Weekly planner: chores and exercise options for different days of the week Daily notebook: Kind of like a to do list but color coded At night I sit down in bed with my noteb…","328","60","","","","false","false","planner | plan | calendar | app | to do | weekly | daily","","reminder | reminders | color | color code | appointments | weekly | daily","mentions_feature_or_solution | mentions_planner_or_system","50","[THREAD_TITLE]
What kind of planner do you use?

[THREAD_BODY]
Whether it is a paper planner, app, online or whatever!! I want to hear which planners you guys use and what works for you! And has worked for you for a good amount of time:) I am fully aware that I can feel so much better by planning stuff, I just can't keep up with anything for more than two weeks. And now I'm done with college (forever ) and my structure is gone so it's more important than ever haha

[CURRENT_RECORD]
I use multiple things at once Google calendar: plans and appointments that need reminders for punctuality Weekly planner: chores and exercise options for different days of the week Daily notebook: Kind of like a to do list but color coded At night I sit down in bed with my notebook and use pretty gel pens to plan the next day."
"C:\Projects\Web\planner-tdah\research\reddit_data\reddit-adhdwomen-what_kind_of_planner_do_you_use.json","reddit-adhdwomen-what_kind_of_planner_do_you_use","1lq1347","t3_1lq1347","https://www.reddit.com/r/adhdwomen/comments/1lq1347/what_kind_of_planner_do_you_use/","adhdwomen","r/adhdwomen","What kind of planner do you use?","Whether it is a paper planner, app, online or whatever!! I want to hear which planners you guys use and what works for you! And has worked for you for a good amount of time:) I am fully aware that I can feel so much better by planning stuff, I just can't keep up with anything for more than two weeks. And now I'm done with college (forever ) and my structure is gone so it's more important than ever haha","General Question/Discussion","1751475387","2025-07-02T16:56:27+00:00","11","11","0.93","49","f3b68bc47fe41391","","reddit-adhdwomen-what_kind_of_planner_do_you_use:comment:n1216w2","comment","n1216w2","t1_n1216w2","https://www.reddit.com/r/adhdwomen/comments/1lq1347/what_kind_of_planner_do_you_use/n1216w2/","/r/adhdwomen/comments/1lq1347/what_kind_of_planner_do_you_use/n1216w2/","t3_1lq1347","post","","n1216w2","0","true","n1216w2","6df425a3f8ff5324","","","false","false","","2","2","0","0","0","1751508646","2025-07-03T02:10:46+00:00","false","False","","false","false","true","false","Another vote for bullet journal. I’ve been using this system reliably for 2.5 years now. I don’t get very artistic with it and use it in the most functional way possible (though this year I did get a few pretty bird stickers for it). How to ADHD has some videos on it. I then also put appointments in my work outlook and personal Google calendar to get the phone reminder as well but the bullet journal is what I use as my central organizer and task planner/manager.","Another vote for bullet journal. I’ve been using this system reliably for 2.5 years now. I don’t get very artistic with it and use it in the most functional way possible (though this year I did get a few pretty bird stickers for it). How to ADHD has some videos on it. I then als…","466","87","","","","false","false","planner | plan | calendar | bullet journal | journal | app | organize","adhd","reminder | appointments","mentions_feature_or_solution | mentions_pain_or_friction | mentions_planner_or_system","53","[THREAD_TITLE]
What kind of planner do you use?

[THREAD_BODY]
Whether it is a paper planner, app, online or whatever!! I want to hear which planners you guys use and what works for you! And has worked for you for a good amount of time:) I am fully aware that I can feel so much better by planning stuff, I just can't keep up with anything for more than two weeks. And now I'm done with college (forever ) and my structure is gone so it's more important than ever haha

[CURRENT_RECORD]
Another vote for bullet journal. I’ve been using this system reliably for 2.5 years now. I don’t get very artistic with it and use it in the most functional way possible (though this year I did get a few pretty bird stickers for it). How to ADHD has some videos on it. I then also put appointments in my work outlook and personal Google calendar to get the phone reminder as well but the bullet journal is what I use as my central organizer and task planner/manager."
"C:\Projects\Web\planner-tdah\research\reddit_data\reddit-adhdwomen-what_kind_of_planner_do_you_use.json","reddit-adhdwomen-what_kind_of_planner_do_you_use","1lq1347","t3_1lq1347","https://www.reddit.com/r/adhdwomen/comments/1lq1347/what_kind_of_planner_do_you_use/","adhdwomen","r/adhdwomen","What kind of planner do you use?","Whether it is a paper planner, app, online or whatever!! I want to hear which planners you guys use and what works for you! And has worked for you for a good amount of time:) I am fully aware that I can feel so much better by planning stuff, I just can't keep up with anything for more than two weeks. And now I'm done with college (forever ) and my structure is gone so it's more important than ever haha","General Question/Discussion","1751475387","2025-07-02T16:56:27+00:00","11","11","0.93","49","f3b68bc47fe41391","","reddit-adhdwomen-what_kind_of_planner_do_you_use:comment:n1255k9","comment","n1255k9","t1_n1255k9","https://www.reddit.com/r/adhdwomen/comments/1lq1347/what_kind_of_planner_do_you_use/n1255k9/","/r/adhdwomen/comments/1lq1347/what_kind_of_planner_do_you_use/n1255k9/","t3_1lq1347","post","","n1255k9","0","true","n1255k9","ed9ab45b2a1ef566","","","false","false","","2","2","0","0","0","1751510117","2025-07-03T02:35:17+00:00","false","False","","false","false","true","false","I go back and forth between a basic to do list in an unlined note book, or a hibonachi weeks. The biggset bit is not beating yourself up for leaving one for a few weeks while it's not working, and letting yourself go back to it with grace when it starts working again.","I go back and forth between a basic to do list in an unlined note book, or a hibonachi weeks. The biggset bit is not beating yourself up for leaving one for a few weeks while it's not working, and letting yourself go back to it with grace when it starts working again.","268","53","","","","false","false","to do","not working","","mentions_pain_or_friction | mentions_planner_or_system","19","[THREAD_TITLE]
What kind of planner do you use?

[THREAD_BODY]
Whether it is a paper planner, app, online or whatever!! I want to hear which planners you guys use and what works for you! And has worked for you for a good amount of time:) I am fully aware that I can feel so much better by planning stuff, I just can't keep up with anything for more than two weeks. And now I'm done with college (forever ) and my structure is gone so it's more important than ever haha

[CURRENT_RECORD]
I go back and forth between a basic to do list in an unlined note book, or a hibonachi weeks. The biggset bit is not beating yourself up for leaving one for a few weeks while it's not working, and letting yourself go back to it with grace when it starts working again."
"C:\Projects\Web\planner-tdah\research\reddit_data\reddit-adhdwomen-what_kind_of_planner_do_you_use.json","reddit-adhdwomen-what_kind_of_planner_do_you_use","1lq1347","t3_1lq1347","https://www.reddit.com/r/adhdwomen/comments/1lq1347/what_kind_of_planner_do_you_use/","adhdwomen","r/adhdwomen","What kind of planner do you use?","Whether it is a paper planner, app, online or whatever!! I want to hear which planners you guys use and what works for you! And has worked for you for a good amount of time:) I am fully aware that I can feel so much better by planning stuff, I just can't keep up with anything for more than two weeks. And now I'm done with college (forever ) and my structure is gone so it's more important than ever haha","General Question/Discussion","1751475387","2025-07-02T16:56:27+00:00","11","11","0.93","49","f3b68bc47fe41391","","reddit-adhdwomen-what_kind_of_planner_do_you_use:comment:n16j1mh","comment","n16j1mh","t1_n16j1mh","https://www.reddit.com/r/adhdwomen/comments/1lq1347/what_kind_of_planner_do_you_use/n16j1mh/","/r/adhdwomen/comments/1lq1347/what_kind_of_planner_do_you_use/n16j1mh/","t3_1lq1347","post","","n16j1mh","0","true","n16j1mh","ebd2426e25469510","","","false","false","","2","2","0","0","1","1751570852","2025-07-03T19:27:32+00:00","1751571084","1751571084","2025-07-03T19:31:24+00:00","false","false","true","false","I have cycled between a wide variety of planners. I like the Panda planner and on a very different scale, using bullet journaling, especially for the creative aspect. But I had a hard time sticking with any for very long and I got too caught up in the dopamine hit of just writing things down and not following through. The thing that works best for me is using the TickTick app, which is very customizable and can link my Google calendar and my work iCalendar. You can add due dates and reminders, tags for quick searching, and priority colored flags. It also has habit tracking, a pomodoro timer, Eisenhower matrix for organizing priorities, and a lot of options for how to view your tasks and appointments. When my brain gets bored, I switch up the interface and that keeps it fresh! And I store all my lists, my grocery list, meal planning, where I want to travel, books I want to read, you name it, on there as well! I know I sound like a paid shill for it (I am not), but it kinda blew my mind by including every task management and life hack system I had heard about, all in one place! I use Google calendar to stay on top of deadlines/appointments by setting multiple calendar reminders - typically one week in advance, one day in advance, and one hour in advance. That keeps in on top of my mind well enough (usually!) that I follow up in a timely manner, and it's linked to TickTick so I can see all of my calendars integrated in one place. ETA: I also have an acrylic rewriteable calendar magnetized to my fridge, where I write down all of the appointments for the month so my partner can see it, and add their stuff in. And if I get too overwhelmed by all of my lists and next actions, I choose the top 3 for the day, write it on a sticky and focus only on that until I finish them. Helps reduce the overwhelm, especially using a system that holds it ALL!","I have cycled between a wide variety of planners. I like the Panda planner and on a very different scale, using bullet journaling, especially for the creative aspect. But I had a hard time sticking with any for very long and I got too caught up in the dopamine hit of just writin…","1867","353","","","","false","true","planner | planners | plan | planning | calendar | calendars | bullet journal | journal | app | organizing","overwhelm | overwhelmed | time | tasks","reminder | reminders | color | all in one | appointments | custom","forgetfulness_or_time_signal | long_form_comment | mentions_feature_or_solution | mentions_pain_or_friction | mentions_planner_or_system | mentions_working_solution_or_recommendation | overwhelm_or_complexity_signal","100","[THREAD_TITLE]
What kind of planner do you use?

[THREAD_BODY]
Whether it is a paper planner, app, online or whatever!! I want to hear which planners you guys use and what works for you! And has worked for you for a good amount of time:) I am fully aware that I can feel so much better by planning stuff, I just can't keep up with anything for more than two weeks. And now I'm done with college (forever ) and my structure is gone so it's more important than ever haha

[CURRENT_RECORD]
I have cycled between a wide variety of planners. I like the Panda planner and on a very different scale, using bullet journaling, especially for the creative aspect. But I had a hard time sticking with any for very long and I got too caught up in the dopamine hit of just writing things down and not following through. The thing that works best for me is using the TickTick app, which is very customizable and can link my Google calendar and my work iCalendar. You can add due dates and reminders, tags for quick searching, and priority colored flags. It also has habit tracking, a pomodoro timer, Eisenhower matrix for organizing priorities, and a lot of options for how to view your tasks and appointments. When my brain gets bored, I switch up the interface and that keeps it fresh! And I store all my lists, my grocery list, meal planning, where I want to travel, books I want to read, you name it, on there as well! I know I sound like a paid shill for it (I am not), but it kinda blew my mind by including every task management and life hack system I had heard about, all in one place! I use Google calendar to stay on top of deadlines/appointments by setting multiple calendar reminders - typically one week in advance, one day in advance, and one hour in advance. That keeps in on top of my mind well enough (usually!) that I follow up in a timely manner, and it's linked to TickTick so I can see all of my calendars integrated in one place. ETA: I also have an acrylic rewriteable calendar magnetized to my fridge, where I write down all of the appointments for the month so my partner can see it, and add their stuff in. And if I get too overwhelmed by all of my lists and next actions, I choose the top 3 for the day, write it on a sticky and focus only on that until I finish them. Helps reduce the overwhelm, especially using a system that holds it ALL!"
"C:\Projects\Web\planner-tdah\research\reddit_data\reddit-adhdwomen-what_kind_of_planner_do_you_use.json","reddit-adhdwomen-what_kind_of_planner_do_you_use","1lq1347","t3_1lq1347","https://www.reddit.com/r/adhdwomen/comments/1lq1347/what_kind_of_planner_do_you_use/","adhdwomen","r/adhdwomen","What kind of planner do you use?","Whether it is a paper planner, app, online or whatever!! I want to hear which planners you guys use and what works for you! And has worked for you for a good amount of time:) I am fully aware that I can feel so much better by planning stuff, I just can't keep up with anything for more than two weeks. And now I'm done with college (forever ) and my structure is gone so it's more important than ever haha","General Question/Discussion","1751475387","2025-07-02T16:56:27+00:00","11","11","0.93","49","f3b68bc47fe41391","","reddit-adhdwomen-what_kind_of_planner_do_you_use:comment:n1a9wwt","comment","n1a9wwt","t1_n1a9wwt","https://www.reddit.com/r/adhdwomen/comments/1lq1347/what_kind_of_planner_do_you_use/n1a9wwt/","/r/adhdwomen/comments/1lq1347/what_kind_of_planner_do_you_use/n1a9wwt/","t1_n16j1mh","comment","n16j1mh","n16j1mh","1","false","n16j1mh > n1a9wwt","f3b68bc47fe41391","","","true","false","","1","1","0","0","0","1751625836","2025-07-04T10:43:56+00:00","false","False","","false","false","true","false","Wow that sounds really good! I'm going to try this out :)","Wow that sounds really good! I'm going to try this out :)","57","12","I have cycled between a wide variety of planners. I like the Panda planner and on a very different scale, using bullet journaling, especially for the creative aspect. But I had a hard time sticking with any for very long and I got too caught up in the dopamine hit of just writing things down and not following through. The thing that works best for me is using the TickTick app, which is very customizable and can link my Google calendar and my work iCalendar. You can add due dates and reminders, tags for quick searching, and priority colored flags. It also has habit tracking, a pomodoro timer, Eisenhower matrix for organizing priorities, and a lot of options for how to view your tasks and app…","I have cycled between a wide variety of planners. I like the Panda planner and on a very different scale, using bullet journaling, especially for the creative aspect. But I had a hard time sticking with any for very long and I got too caught up in the dopamine hit of just writing things down and not following through. The thing that works best for me is using the TickTick app, which is very customizable and can link my Google calendar and my work iCalendar. You can add due dates and reminders, tags for quick searching, and priority colored flags. It also has habit tracking, a pomodoro timer, Eisenhower matrix for organizing priorities, and a lot of options for how to view your tasks and app…","","false","false","","","","","0","[THREAD_TITLE]
What kind of planner do you use?

[THREAD_BODY]
Whether it is a paper planner, app, online or whatever!! I want to hear which planners you guys use and what works for you! And has worked for you for a good amount of time:) I am fully aware that I can feel so much better by planning stuff, I just can't keep up with anything for more than two weeks. And now I'm done with college (forever ) and my structure is gone so it's more important than ever haha

[PARENT_COMMENT_CONTEXT]
I have cycled between a wide variety of planners. I like the Panda planner and on a very different scale, using bullet journaling, especially for the creative aspect. But I had a hard time sticking with any for very long and I got too caught up in the dopamine hit of just writing things down and not following through. The thing that works best for me is using the TickTick app, which is very customizable and can link my Google calendar and my work iCalendar. You can add due dates and reminders, tags for quick searching, and priority colored flags. It also has habit tracking, a pomodoro timer, Eisenhower matrix for organizing priorities, and a lot of options for how to view your tasks and app…

[CURRENT_RECORD]
Wow that sounds really good! I'm going to try this out :)"
"C:\Projects\Web\planner-tdah\research\reddit_data\reddit-adhdwomen-what_kind_of_planner_do_you_use.json","reddit-adhdwomen-what_kind_of_planner_do_you_use","1lq1347","t3_1lq1347","https://www.reddit.com/r/adhdwomen/comments/1lq1347/what_kind_of_planner_do_you_use/","adhdwomen","r/adhdwomen","What kind of planner do you use?","Whether it is a paper planner, app, online or whatever!! I want to hear which planners you guys use and what works for you! And has worked for you for a good amount of time:) I am fully aware that I can feel so much better by planning stuff, I just can't keep up with anything for more than two weeks. And now I'm done with college (forever ) and my structure is gone so it's more important than ever haha","General Question/Discussion","1751475387","2025-07-02T16:56:27+00:00","11","11","0.93","49","f3b68bc47fe41391","","reddit-adhdwomen-what_kind_of_planner_do_you_use:comment:n0z28iu","comment","n0z28iu","t1_n0z28iu","https://www.reddit.com/r/adhdwomen/comments/1lq1347/what_kind_of_planner_do_you_use/n0z28iu/","/r/adhdwomen/comments/1lq1347/what_kind_of_planner_do_you_use/n0z28iu/","t3_1lq1347","post","","n0z28iu","0","true","n0z28iu","b420615302328c4d","","","false","false","","2","2","0","0","0","1751475704","2025-07-02T17:01:44+00:00","false","False","","false","false","true","false","Google Calendar is best interest think and most of my clients use gcal - its flexible, can add it to the background of your phone on android ad a widget to keep everything front and center, tasks are integrated etc. - from an adhd-er and adhd coach","Google Calendar is best interest think and most of my clients use gcal - its flexible, can add it to the background of your phone on android ad a widget to keep everything front and center, tasks are integrated etc. - from an adhd-er and adhd coach","248","47","","","","false","false","calendar","adhd | tasks","flexible","mentions_feature_or_solution | mentions_pain_or_friction | mentions_planner_or_system","28","[THREAD_TITLE]
What kind of planner do you use?

[THREAD_BODY]
Whether it is a paper planner, app, online or whatever!! I want to hear which planners you guys use and what works for you! And has worked for you for a good amount of time:) I am fully aware that I can feel so much better by planning stuff, I just can't keep up with anything for more than two weeks. And now I'm done with college (forever ) and my structure is gone so it's more important than ever haha

[CURRENT_RECORD]
Google Calendar is best interest think and most of my clients use gcal - its flexible, can add it to the background of your phone on android ad a widget to keep everything front and center, tasks are integrated etc. - from an adhd-er and adhd coach"
"C:\Projects\Web\planner-tdah\research\reddit_data\reddit-adhdwomen-what_kind_of_planner_do_you_use.json","reddit-adhdwomen-what_kind_of_planner_do_you_use","1lq1347","t3_1lq1347","https://www.reddit.com/r/adhdwomen/comments/1lq1347/what_kind_of_planner_do_you_use/","adhdwomen","r/adhdwomen","What kind of planner do you use?","Whether it is a paper planner, app, online or whatever!! I want to hear which planners you guys use and what works for you! And has worked for you for a good amount of time:) I am fully aware that I can feel so much better by planning stuff, I just can't keep up with anything for more than two weeks. And now I'm done with college (forever ) and my structure is gone so it's more important than ever haha","General Question/Discussion","1751475387","2025-07-02T16:56:27+00:00","11","11","0.93","49","f3b68bc47fe41391","","reddit-adhdwomen-what_kind_of_planner_do_you_use:comment:n1qxbl4","comment","n1qxbl4","t1_n1qxbl4","https://www.reddit.com/r/adhdwomen/comments/1lq1347/what_kind_of_planner_do_you_use/n1qxbl4/","/r/adhdwomen/comments/1lq1347/what_kind_of_planner_do_you_use/n1qxbl4/","t3_1lq1347","post","","n1qxbl4","0","true","n1qxbl4","cd91d9583c7f8957","","","false","false","","1","1","0","0","0","1751858352","2025-07-07T03:19:12+00:00","false","False","","false","false","true","false","i use apple calendar widget on every homepage i have. if i use paper or another method ill just forget it exists or lose it","i use apple calendar widget on every homepage i have. if i use paper or another method ill just forget it exists or lose it","123","25","","","","false","false","calendar | app","forget","","forgetfulness_or_time_signal | mentions_pain_or_friction | mentions_planner_or_system","31","[THREAD_TITLE]
What kind of planner do you use?

[THREAD_BODY]
Whether it is a paper planner, app, online or whatever!! I want to hear which planners you guys use and what works for you! And has worked for you for a good amount of time:) I am fully aware that I can feel so much better by planning stuff, I just can't keep up with anything for more than two weeks. And now I'm done with college (forever ) and my structure is gone so it's more important than ever haha

[CURRENT_RECORD]
i use apple calendar widget on every homepage i have. if i use paper or another method ill just forget it exists or lose it"
"C:\Projects\Web\planner-tdah\research\reddit_data\reddit-adhdwomen-what_kind_of_planner_do_you_use.json","reddit-adhdwomen-what_kind_of_planner_do_you_use","1lq1347","t3_1lq1347","https://www.reddit.com/r/adhdwomen/comments/1lq1347/what_kind_of_planner_do_you_use/","adhdwomen","r/adhdwomen","What kind of planner do you use?","Whether it is a paper planner, app, online or whatever!! I want to hear which planners you guys use and what works for you! And has worked for you for a good amount of time:) I am fully aware that I can feel so much better by planning stuff, I just can't keep up with anything for more than two weeks. And now I'm done with college (forever ) and my structure is gone so it's more important than ever haha","General Question/Discussion","1751475387","2025-07-02T16:56:27+00:00","11","11","0.93","49","f3b68bc47fe41391","","reddit-adhdwomen-what_kind_of_planner_do_you_use:comment:n424ac6","comment","n424ac6","t1_n424ac6","https://www.reddit.com/r/adhdwomen/comments/1lq1347/what_kind_of_planner_do_you_use/n424ac6/","/r/adhdwomen/comments/1lq1347/what_kind_of_planner_do_you_use/n424ac6/","t3_1lq1347","post","","n424ac6","0","true","n424ac6","4322e5bf805ba788","","","false","false","","1","1","0","0","0","1752958883","2025-07-19T21:01:23+00:00","false","False","","false","false","true","false","I have to use paper to bridge the gap between outlook for work and Google calendar for personal. I wish I could simply have a one of them show in the other, but alas, corporate security. simplified planner (https://www.emilyley.com/?tm=tc&ap=gads&aaid=adaozBcztBJ2S&cid=22035315345&agid=178042546931&aid=725945615035&kid=kwd-397783803555&kw=simplified%20planners&nw=g&dv=m&mt=e&pl=&twsource=google&twadid=725945615035&twcampaign=22035315345&twkwdid=kwd-397783803555&gadsource=1&gadcampaignid=22035315345&gbraid=0AAAAADn45AcET4q3z2dWZdMCLPBbQzoX8&gclid=Cj0KCQjwhO3DBhDkARIsANxrhTrfPpCSYygzN0FpWKiIJMlYBYf5jzlE3zFRv8D4H7FwkbmcneAo1zsaAgTkEALwwcB) This is the one. Lots of room to write appointments, as well as to do lists and tasks.","I have to use paper to bridge the gap between outlook for work and Google calendar for personal. I wish I could simply have a one of them show in the other, but alas, corporate security. simplified planner (https://www.emilyley.com/?tm=tc&ap=gads&aaid=adaozBcztBJ2S&cid=220353153…","731","57","","","https://www.emilyley.com/?tm=tc&ap=gads&aaid=adaozBcztBJ2S&cid=22035315345&agid=178042546931&aid=725945615035&kid=kwd-397783803555&kw=simplified%20planners&nw=g&dv=m&mt=e&pl=&twsource=google&twadid=725945615035&twcampaign=22035315345&twkwdid=kwd-397783803555&gadsource=1&gadcampaignid=22035315345&gbraid=0AAAAADn45AcET4q3z2dWZdMCLPBbQzoX8&gclid=Cj0KCQjwhO3DBhDkARIsANxrhTrfPpCSYygzN0FpWKiIJMlYBYf5jzlE3zFRv8D4H7FwkbmcneAo1zsaAgTkEALwwcB","true","false","planner | planners | plan | calendar | app | to do","tasks","appointments","contains_question | long_form_comment | mentions_feature_or_solution | mentions_pain_or_friction | mentions_planner_or_system","39","[THREAD_TITLE]
What kind of planner do you use?

[THREAD_BODY]
Whether it is a paper planner, app, online or whatever!! I want to hear which planners you guys use and what works for you! And has worked for you for a good amount of time:) I am fully aware that I can feel so much better by planning stuff, I just can't keep up with anything for more than two weeks. And now I'm done with college (forever ) and my structure is gone so it's more important than ever haha

[CURRENT_RECORD]
I have to use paper to bridge the gap between outlook for work and Google calendar for personal. I wish I could simply have a one of them show in the other, but alas, corporate security. simplified planner (https://www.emilyley.com/?tm=tc&ap=gads&aaid=adaozBcztBJ2S&cid=22035315345&agid=178042546931&aid=725945615035&kid=kwd-397783803555&kw=simplified%20planners&nw=g&dv=m&mt=e&pl=&twsource=google&twadid=725945615035&twcampaign=22035315345&twkwdid=kwd-397783803555&gadsource=1&gadcampaignid=22035315345&gbraid=0AAAAADn45AcET4q3z2dWZdMCLPBbQzoX8&gclid=Cj0KCQjwhO3DBhDkARIsANxrhTrfPpCSYygzN0FpWKiIJMlYBYf5jzlE3zFRv8D4H7FwkbmcneAo1zsaAgTkEALwwcB) This is the one. Lots of room to write appointments, as well as to do lists and tasks."
