"source_file","source_file_stem","thread_id","thread_fullname","thread_url","subreddit","subreddit_prefixed","thread_title","thread_selftext_clean","thread_flair","thread_created_utc","thread_created_iso","thread_score","thread_ups","thread_upvote_ratio","thread_num_comments","thread_author_hash","thread_author_public","record_id","record_type","comment_id","comment_fullname","comment_url","comment_permalink","parent_id_raw","parent_type","parent_comment_id","root_comment_id","depth","is_top_level","path_ids","author_hash","author_public","author_flair_text","is_submitter","stickied","distinguished","score","ups","downs","controversiality","reply_count_direct","created_utc","created_iso","edited","edited_utc","edited_iso","collapsed","locked","archived","score_hidden","body_clean","body_excerpt_280","body_length_chars","body_word_count","parent_body_excerpt","root_body_excerpt","text_urls","contains_question","contains_recommendation_language","planner_terms_found","pain_terms_found","feature_terms_found","signal_tags","relevance_score_0_100","text_for_ai"
"C:\Projects\Web\planner-tdah\research\reddit_data\reddit-nederlands-kakt_iedereen_ook_altijd_rond_1500_in.json","reddit-nederlands-kakt_iedereen_ook_altijd_rond_1500_in","1embj33","t3_1embj33","https://www.reddit.com/r/nederlands/comments/1embj33/kakt_iedereen_ook_altijd_rond_1500_in/","nederlands","r/nederlands","Kakt iedereen ook altijd rond 15:00 in?","Op school of op werk, rond een uur of 15:00 kak ik altijd ontzettend in. Heeft iedereen hier last van of ben ik in de minderheid? Edit: ik drink geen cafeïne-houdende drankjes Edit2: ja ik heb ADHD","","1723036615","2024-08-07T13:16:55+00:00","509","509","0.94","382","a341419102a9ef93","","reddit-nederlands-kakt_iedereen_ook_altijd_rond_1500_in:post:1embj33","thread_post","","","https://www.reddit.com/r/nederlands/comments/1embj33/kakt_iedereen_ook_altijd_rond_1500_in/","/r/nederlands/comments/1embj33/kakt_iedereen_ook_altijd_rond_1500_in/","","","","","","","","a341419102a9ef93","","","true","false","","509","509","0","","","1723036615","2024-08-07T13:16:55+00:00","1723052102","1723052102","2024-08-07T17:35:02+00:00","","false","false","false","Kakt iedereen ook altijd rond 15:00 in? Op school of op werk, rond een uur of 15:00 kak ik altijd ontzettend in. Heeft iedereen hier last van of ben ik in de minderheid? Edit: ik drink geen cafeïne-houdende drankjes Edit2: ja ik heb ADHD","Kakt iedereen ook altijd rond 15:00 in? Op school of op werk, rond een uur of 15:00 kak ik altijd ontzettend in. Heeft iedereen hier last van of ben ik in de minderheid? Edit: ik drink geen cafeïne-houdende drankjes Edit2: ja ik heb ADHD","237","44","","","","true","false","","adhd","","contains_question | mentions_pain_or_friction","30","[THREAD_TITLE]
Kakt iedereen ook altijd rond 15:00 in?

[THREAD_BODY]
Op school of op werk, rond een uur of 15:00 kak ik altijd ontzettend in. Heeft iedereen hier last van of ben ik in de minderheid? Edit: ik drink geen cafeïne-houdende drankjes Edit2: ja ik heb ADHD"
"C:\Projects\Web\planner-tdah\research\reddit_data\reddit-nederlands-kakt_iedereen_ook_altijd_rond_1500_in.json","reddit-nederlands-kakt_iedereen_ook_altijd_rond_1500_in","1embj33","t3_1embj33","https://www.reddit.com/r/nederlands/comments/1embj33/kakt_iedereen_ook_altijd_rond_1500_in/","nederlands","r/nederlands","Kakt iedereen ook altijd rond 15:00 in?","Op school of op werk, rond een uur of 15:00 kak ik altijd ontzettend in. Heeft iedereen hier last van of ben ik in de minderheid? Edit: ik drink geen cafeïne-houdende drankjes Edit2: ja ik heb ADHD","","1723036615","2024-08-07T13:16:55+00:00","509","509","0.94","382","a341419102a9ef93","","reddit-nederlands-kakt_iedereen_ook_altijd_rond_1500_in:comment:lgxtq2q","comment","lgxtq2q","t1_lgxtq2q","https://www.reddit.com/r/nederlands/comments/1embj33/kakt_iedereen_ook_altijd_rond_1500_in/lgxtq2q/","/r/nederlands/comments/1embj33/kakt_iedereen_ook_altijd_rond_1500_in/lgxtq2q/","t3_1embj33","post","","lgxtq2q","0","true","lgxtq2q","09f8942c16d1820d","","","false","false","","151","151","0","0","2","1723038940","2024-08-07T13:55:40+00:00","false","False","","false","false","false","false","Tussen 14:00 en 16:00 is werk voor mij echt ruk. Krijg geen kut gedaan. Maar na 16:00 komt de inspiratie nog even terug!","Tussen 14:00 en 16:00 is werk voor mij echt ruk. Krijg geen kut gedaan. Maar na 16:00 komt de inspiratie nog even terug!","120","23","","","","false","false","","","","","28","[THREAD_TITLE]
Kakt iedereen ook altijd rond 15:00 in?

[THREAD_BODY]
Op school of op werk, rond een uur of 15:00 kak ik altijd ontzettend in. Heeft iedereen hier last van of ben ik in de minderheid? Edit: ik drink geen cafeïne-houdende drankjes Edit2: ja ik heb ADHD

[CURRENT_RECORD]
Tussen 14:00 en 16:00 is werk voor mij echt ruk. Krijg geen kut gedaan. Maar na 16:00 komt de inspiratie nog even terug!"
"C:\Projects\Web\planner-tdah\research\reddit_data\reddit-nederlands-kakt_iedereen_ook_altijd_rond_1500_in.json","reddit-nederlands-kakt_iedereen_ook_altijd_rond_1500_in","1embj33","t3_1embj33","https://www.reddit.com/r/nederlands/comments/1embj33/kakt_iedereen_ook_altijd_rond_1500_in/","nederlands","r/nederlands","Kakt iedereen ook altijd rond 15:00 in?","Op school of op werk, rond een uur of 15:00 kak ik altijd ontzettend in. Heeft iedereen hier last van of ben ik in de minderheid? Edit: ik drink geen cafeïne-houdende drankjes Edit2: ja ik heb ADHD","","1723036615","2024-08-07T13:16:55+00:00","509","509","0.94","382","a341419102a9ef93","","reddit-nederlands-kakt_iedereen_ook_altijd_rond_1500_in:comment:lgynpan","comment","lgynpan","t1_lgynpan","https://www.reddit.com/r/nederlands/comments/1embj33/kakt_iedereen_ook_altijd_rond_1500_in/lgynpan/","/r/nederlands/comments/1embj33/kakt_iedereen_ook_altijd_rond_1500_in/lgynpan/","t1_lgxtq2q","comment","lgxtq2q","lgxtq2q","1","false","lgxtq2q > lgynpan","0761fccbb88da15a","","","false","false","","19","19","0","0","3","1723048448","2024-08-07T16:34:08+00:00","false","False","","false","false","false","false","Na 16:00? Dan hoor je gewoon allang weer in de auto te zitten.","Na 16:00? Dan hoor je gewoon allang weer in de auto te zitten.","62","13","Tussen 14:00 en 16:00 is werk voor mij echt ruk. Krijg geen kut gedaan. Maar na 16:00 komt de inspiratie nog even terug!","Tussen 14:00 en 16:00 is werk voor mij echt ruk. Krijg geen kut gedaan. Maar na 16:00 komt de inspiratie nog even terug!","","true","false","","","","contains_question","8","[THREAD_TITLE]
Kakt iedereen ook altijd rond 15:00 in?

[THREAD_BODY]
Op school of op werk, rond een uur of 15:00 kak ik altijd ontzettend in. Heeft iedereen hier last van of ben ik in de minderheid? Edit: ik drink geen cafeïne-houdende drankjes Edit2: ja ik heb ADHD

[PARENT_COMMENT_CONTEXT]
Tussen 14:00 en 16:00 is werk voor mij echt ruk. Krijg geen kut gedaan. Maar na 16:00 komt de inspiratie nog even terug!

[CURRENT_RECORD]
Na 16:00? Dan hoor je gewoon allang weer in de auto te zitten."
"C:\Projects\Web\planner-tdah\research\reddit_data\reddit-nederlands-kakt_iedereen_ook_altijd_rond_1500_in.json","reddit-nederlands-kakt_iedereen_ook_altijd_rond_1500_in","1embj33","t3_1embj33","https://www.reddit.com/r/nederlands/comments/1embj33/kakt_iedereen_ook_altijd_rond_1500_in/","nederlands","r/nederlands","Kakt iedereen ook altijd rond 15:00 in?","Op school of op werk, rond een uur of 15:00 kak ik altijd ontzettend in. Heeft iedereen hier last van of ben ik in de minderheid? Edit: ik drink geen cafeïne-houdende drankjes Edit2: ja ik heb ADHD","","1723036615","2024-08-07T13:16:55+00:00","509","509","0.94","382","a341419102a9ef93","","reddit-nederlands-kakt_iedereen_ook_altijd_rond_1500_in:comment:lgyx9sk","comment","lgyx9sk","t1_lgyx9sk","https://www.reddit.com/r/nederlands/comments/1embj33/kakt_iedereen_ook_altijd_rond_1500_in/lgyx9sk/","/r/nederlands/comments/1embj33/kakt_iedereen_ook_altijd_rond_1500_in/lgyx9sk/","t1_lgynpan","comment","lgynpan","lgxtq2q","2","false","lgxtq2q > lgynpan > lgyx9sk","e697ade72ef57cbe","","","false","false","","12","12","0","0","3","1723051348","2024-08-07T17:22:28+00:00","false","False","","false","false","false","false","Half 8 tot 4 is inderdaad veel chiller dan half 9 tot 5","Half 8 tot 4 is inderdaad veel chiller dan half 9 tot 5","55","13","Na 16:00? Dan hoor je gewoon allang weer in de auto te zitten.","Tussen 14:00 en 16:00 is werk voor mij echt ruk. Krijg geen kut gedaan. Maar na 16:00 komt de inspiratie nog even terug!","","false","false","","","","","8","[THREAD_TITLE]
Kakt iedereen ook altijd rond 15:00 in?

[THREAD_BODY]
Op school of op werk, rond een uur of 15:00 kak ik altijd ontzettend in. Heeft iedereen hier last van of ben ik in de minderheid? Edit: ik drink geen cafeïne-houdende drankjes Edit2: ja ik heb ADHD

[ROOT_COMMENT_CONTEXT]
Tussen 14:00 en 16:00 is werk voor mij echt ruk. Krijg geen kut gedaan. Maar na 16:00 komt de inspiratie nog even terug!

[PARENT_COMMENT_CONTEXT]
Na 16:00? Dan hoor je gewoon allang weer in de auto te zitten.

[CURRENT_RECORD]
Half 8 tot 4 is inderdaad veel chiller dan half 9 tot 5"
"C:\Projects\Web\planner-tdah\research\reddit_data\reddit-nederlands-kakt_iedereen_ook_altijd_rond_1500_in.json","reddit-nederlands-kakt_iedereen_ook_altijd_rond_1500_in","1embj33","t3_1embj33","https://www.reddit.com/r/nederlands/comments/1embj33/kakt_iedereen_ook_altijd_rond_1500_in/","nederlands","r/nederlands","Kakt iedereen ook altijd rond 15:00 in?","Op school of op werk, rond een uur of 15:00 kak ik altijd ontzettend in. Heeft iedereen hier last van of ben ik in de minderheid? Edit: ik drink geen cafeïne-houdende drankjes Edit2: ja ik heb ADHD","","1723036615","2024-08-07T13:16:55+00:00","509","509","0.94","382","a341419102a9ef93","","reddit-nederlands-kakt_iedereen_ook_altijd_rond_1500_in:comment:lgyznva","comment","lgyznva","t1_lgyznva","https://www.reddit.com/r/nederlands/comments/1embj33/kakt_iedereen_ook_altijd_rond_1500_in/lgyznva/","/r/nederlands/comments/1embj33/kakt_iedereen_ook_altijd_rond_1500_in/lgyznva/","t1_lgyx9sk","comment","lgyx9sk","lgxtq2q","3","false","lgxtq2q > lgynpan > lgyx9sk > lgyznva","c0fc1964dd8035a4","","","false","false","","17","17","0","0","3","1723052069","2024-08-07T17:34:29+00:00","false","False","","false","false","false","false","7 tot half 4 💪🏼","7 tot half 4 💪🏼","15","5","Half 8 tot 4 is inderdaad veel chiller dan half 9 tot 5","Tussen 14:00 en 16:00 is werk voor mij echt ruk. Krijg geen kut gedaan. Maar na 16:00 komt de inspiratie nog even terug!","","false","false","","","","","8","[THREAD_TITLE]
Kakt iedereen ook altijd rond 15:00 in?

[THREAD_BODY]
Op school of op werk, rond een uur of 15:00 kak ik altijd ontzettend in. Heeft iedereen hier last van of ben ik in de minderheid? Edit: ik drink geen cafeïne-houdende drankjes Edit2: ja ik heb ADHD

[ROOT_COMMENT_CONTEXT]
Tussen 14:00 en 16:00 is werk voor mij echt ruk. Krijg geen kut gedaan. Maar na 16:00 komt de inspiratie nog even terug!

[PARENT_COMMENT_CONTEXT]
Half 8 tot 4 is inderdaad veel chiller dan half 9 tot 5

[CURRENT_RECORD]
7 tot half 4 💪🏼"
"C:\Projects\Web\planner-tdah\research\reddit_data\reddit-nederlands-kakt_iedereen_ook_altijd_rond_1500_in.json","reddit-nederlands-kakt_iedereen_ook_altijd_rond_1500_in","1embj33","t3_1embj33","https://www.reddit.com/r/nederlands/comments/1embj33/kakt_iedereen_ook_altijd_rond_1500_in/","nederlands","r/nederlands","Kakt iedereen ook altijd rond 15:00 in?","Op school of op werk, rond een uur of 15:00 kak ik altijd ontzettend in. Heeft iedereen hier last van of ben ik in de minderheid? Edit: ik drink geen cafeïne-houdende drankjes Edit2: ja ik heb ADHD","","1723036615","2024-08-07T13:16:55+00:00","509","509","0.94","382","a341419102a9ef93","","reddit-nederlands-kakt_iedereen_ook_altijd_rond_1500_in:comment:lgz8at9","comment","lgz8at9","t1_lgz8at9","https://www.reddit.com/r/nederlands/comments/1embj33/kakt_iedereen_ook_altijd_rond_1500_in/lgz8at9/","/r/nederlands/comments/1embj33/kakt_iedereen_ook_altijd_rond_1500_in/lgz8at9/","t1_lgyznva","comment","lgyznva","lgxtq2q","4","false","lgxtq2q > lgynpan > lgyx9sk > lgyznva > lgz8at9","b5a231ad8abe973e","","","false","false","","18","18","0","0","0","1723054690","2024-08-07T18:18:10+00:00","false","False","","false","false","false","false","Ik krijg mezelf dus echt niet op tijd in bed om zo vroeg weer op m'n werk te zijn.","Ik krijg mezelf dus echt niet op tijd in bed om zo vroeg weer op m'n werk te zijn.","82","19","7 tot half 4 💪🏼","Tussen 14:00 en 16:00 is werk voor mij echt ruk. Krijg geen kut gedaan. Maar na 16:00 komt de inspiratie nog even terug!","","false","false","","","","","5","[THREAD_TITLE]
Kakt iedereen ook altijd rond 15:00 in?

[THREAD_BODY]
Op school of op werk, rond een uur of 15:00 kak ik altijd ontzettend in. Heeft iedereen hier last van of ben ik in de minderheid? Edit: ik drink geen cafeïne-houdende drankjes Edit2: ja ik heb ADHD

[ROOT_COMMENT_CONTEXT]
Tussen 14:00 en 16:00 is werk voor mij echt ruk. Krijg geen kut gedaan. Maar na 16:00 komt de inspiratie nog even terug!

[PARENT_COMMENT_CONTEXT]
7 tot half 4 💪🏼

[CURRENT_RECORD]
Ik krijg mezelf dus echt niet op tijd in bed om zo vroeg weer op m'n werk te zijn."
"C:\Projects\Web\planner-tdah\research\reddit_data\reddit-nederlands-kakt_iedereen_ook_altijd_rond_1500_in.json","reddit-nederlands-kakt_iedereen_ook_altijd_rond_1500_in","1embj33","t3_1embj33","https://www.reddit.com/r/nederlands/comments/1embj33/kakt_iedereen_ook_altijd_rond_1500_in/","nederlands","r/nederlands","Kakt iedereen ook altijd rond 15:00 in?","Op school of op werk, rond een uur of 15:00 kak ik altijd ontzettend in. Heeft iedereen hier last van of ben ik in de minderheid? Edit: ik drink geen cafeïne-houdende drankjes Edit2: ja ik heb ADHD","","1723036615","2024-08-07T13:16:55+00:00","509","509","0.94","382","a341419102a9ef93","","reddit-nederlands-kakt_iedereen_ook_altijd_rond_1500_in:comment:lgz8gty","comment","lgz8gty","t1_lgz8gty","https://www.reddit.com/r/nederlands/comments/1embj33/kakt_iedereen_ook_altijd_rond_1500_in/lgz8gty/","/r/nederlands/comments/1embj33/kakt_iedereen_ook_altijd_rond_1500_in/lgz8gty/","t1_lgyznva","comment","lgyznva","lgxtq2q","4","false","lgxtq2q > lgynpan > lgyx9sk > lgyznva > lgz8gty","7ba27522b82f0b30","","","false","false","","10","10","0","0","0","1723054741","2024-08-07T18:19:01+00:00","false","False","","false","false","false","false","6 tot 2 :] eer ik echt wakker ben zit mijn halve dag er al op","6 tot 2 :] eer ik echt wakker ben zit mijn halve dag er al op","61","16","7 tot half 4 💪🏼","Tussen 14:00 en 16:00 is werk voor mij echt ruk. Krijg geen kut gedaan. Maar na 16:00 komt de inspiratie nog even terug!","","false","false","","","","","5","[THREAD_TITLE]
Kakt iedereen ook altijd rond 15:00 in?

[THREAD_BODY]
Op school of op werk, rond een uur of 15:00 kak ik altijd ontzettend in. Heeft iedereen hier last van of ben ik in de minderheid? Edit: ik drink geen cafeïne-houdende drankjes Edit2: ja ik heb ADHD

[ROOT_COMMENT_CONTEXT]
Tussen 14:00 en 16:00 is werk voor mij echt ruk. Krijg geen kut gedaan. Maar na 16:00 komt de inspiratie nog even terug!

[PARENT_COMMENT_CONTEXT]
7 tot half 4 💪🏼

[CURRENT_RECORD]
6 tot 2 :] eer ik echt wakker ben zit mijn halve dag er al op"
"C:\Projects\Web\planner-tdah\research\reddit_data\reddit-nederlands-kakt_iedereen_ook_altijd_rond_1500_in.json","reddit-nederlands-kakt_iedereen_ook_altijd_rond_1500_in","1embj33","t3_1embj33","https://www.reddit.com/r/nederlands/comments/1embj33/kakt_iedereen_ook_altijd_rond_1500_in/","nederlands","r/nederlands","Kakt iedereen ook altijd rond 15:00 in?","Op school of op werk, rond een uur of 15:00 kak ik altijd ontzettend in. Heeft iedereen hier last van of ben ik in de minderheid? Edit: ik drink geen cafeïne-houdende drankjes Edit2: ja ik heb ADHD","","1723036615","2024-08-07T13:16:55+00:00","509","509","0.94","382","a341419102a9ef93","","reddit-nederlands-kakt_iedereen_ook_altijd_rond_1500_in:comment:lgzcty0","comment","lgzcty0","t1_lgzcty0","https://www.reddit.com/r/nederlands/comments/1embj33/kakt_iedereen_ook_altijd_rond_1500_in/lgzcty0/","/r/nederlands/comments/1embj33/kakt_iedereen_ook_altijd_rond_1500_in/lgzcty0/","t1_lgyx9sk","comment","lgyx9sk","lgxtq2q","3","false","lgxtq2q > lgynpan > lgyx9sk > lgzcty0","598b86a16196686f","","Live vanuit uw grootmoeder's glibbergrotje","false","false","","5","5","0","0","1","1723056070","2024-08-07T18:41:10+00:00","false","False","","false","false","false","false","Voor de bouwvak had het bedrijf waar ik werk vijf maanden geexperimenteerd met werktijden van 7:00 tot 16:45, en vrijdagmorgen 4 uren. Dat zou men aan moeten sporen om vrijdag vrij te nemen ivm bezuinigingen. Wat een kuttijd om te stoppen met de werkdag. Stelletje rammelpanda's.","Voor de bouwvak had het bedrijf waar ik werk vijf maanden geexperimenteerd met werktijden van 7:00 tot 16:45, en vrijdagmorgen 4 uren. Dat zou men aan moeten sporen om vrijdag vrij te nemen ivm bezuinigingen. Wat een kuttijd om te stoppen met de werkdag. Stelletje rammelpanda's.","279","46","Half 8 tot 4 is inderdaad veel chiller dan half 9 tot 5","Tussen 14:00 en 16:00 is werk voor mij echt ruk. Krijg geen kut gedaan. Maar na 16:00 komt de inspiratie nog even terug!","","false","false","","","","","18","[THREAD_TITLE]
Kakt iedereen ook altijd rond 15:00 in?

[THREAD_BODY]
Op school of op werk, rond een uur of 15:00 kak ik altijd ontzettend in. Heeft iedereen hier last van of ben ik in de minderheid? Edit: ik drink geen cafeïne-houdende drankjes Edit2: ja ik heb ADHD

[ROOT_COMMENT_CONTEXT]
Tussen 14:00 en 16:00 is werk voor mij echt ruk. Krijg geen kut gedaan. Maar na 16:00 komt de inspiratie nog even terug!

[PARENT_COMMENT_CONTEXT]
Half 8 tot 4 is inderdaad veel chiller dan half 9 tot 5

[CURRENT_RECORD]
Voor de bouwvak had het bedrijf waar ik werk vijf maanden geexperimenteerd met werktijden van 7:00 tot 16:45, en vrijdagmorgen 4 uren. Dat zou men aan moeten sporen om vrijdag vrij te nemen ivm bezuinigingen. Wat een kuttijd om te stoppen met de werkdag. Stelletje rammelpanda's."
"C:\Projects\Web\planner-tdah\research\reddit_data\reddit-nederlands-kakt_iedereen_ook_altijd_rond_1500_in.json","reddit-nederlands-kakt_iedereen_ook_altijd_rond_1500_in","1embj33","t3_1embj33","https://www.reddit.com/r/nederlands/comments/1embj33/kakt_iedereen_ook_altijd_rond_1500_in/","nederlands","r/nederlands","Kakt iedereen ook altijd rond 15:00 in?","Op school of op werk, rond een uur of 15:00 kak ik altijd ontzettend in. Heeft iedereen hier last van of ben ik in de minderheid? Edit: ik drink geen cafeïne-houdende drankjes Edit2: ja ik heb ADHD","","1723036615","2024-08-07T13:16:55+00:00","509","509","0.94","382","a341419102a9ef93","","reddit-nederlands-kakt_iedereen_ook_altijd_rond_1500_in:comment:lh42t7i","comment","lh42t7i","t1_lh42t7i","https://www.reddit.com/r/nederlands/comments/1embj33/kakt_iedereen_ook_altijd_rond_1500_in/lh42t7i/","/r/nederlands/comments/1embj33/kakt_iedereen_ook_altijd_rond_1500_in/lh42t7i/","t1_lgzcty0","comment","lgzcty0","lgxtq2q","4","false","lgxtq2q > lgynpan > lgyx9sk > lgzcty0 > lh42t7i","d744db23c4edf707","","","false","false","","5","5","0","0","0","1723127469","2024-08-08T14:31:09+00:00","false","False","","false","false","false","false",">Stelletje rammelpanda's. Ja, die ga ik onthouden voor overleggen waar managment bij is.",">Stelletje rammelpanda's. Ja, die ga ik onthouden voor overleggen waar managment bij is.","88","13","Voor de bouwvak had het bedrijf waar ik werk vijf maanden geexperimenteerd met werktijden van 7:00 tot 16:45, en vrijdagmorgen 4 uren. Dat zou men aan moeten sporen om vrijdag vrij te nemen ivm bezuinigingen. Wat een kuttijd om te stoppen met de werkdag. Stelletje rammelpanda's.","Tussen 14:00 en 16:00 is werk voor mij echt ruk. Krijg geen kut gedaan. Maar na 16:00 komt de inspiratie nog even terug!","","false","false","","","","","5","[THREAD_TITLE]
Kakt iedereen ook altijd rond 15:00 in?

[THREAD_BODY]
Op school of op werk, rond een uur of 15:00 kak ik altijd ontzettend in. Heeft iedereen hier last van of ben ik in de minderheid? Edit: ik drink geen cafeïne-houdende drankjes Edit2: ja ik heb ADHD

[ROOT_COMMENT_CONTEXT]
Tussen 14:00 en 16:00 is werk voor mij echt ruk. Krijg geen kut gedaan. Maar na 16:00 komt de inspiratie nog even terug!

[PARENT_COMMENT_CONTEXT]
Voor de bouwvak had het bedrijf waar ik werk vijf maanden geexperimenteerd met werktijden van 7:00 tot 16:45, en vrijdagmorgen 4 uren. Dat zou men aan moeten sporen om vrijdag vrij te nemen ivm bezuinigingen. Wat een kuttijd om te stoppen met de werkdag. Stelletje rammelpanda's.

[CURRENT_RECORD]
>Stelletje rammelpanda's. Ja, die ga ik onthouden voor overleggen waar managment bij is."
"C:\Projects\Web\planner-tdah\research\reddit_data\reddit-nederlands-kakt_iedereen_ook_altijd_rond_1500_in.json","reddit-nederlands-kakt_iedereen_ook_altijd_rond_1500_in","1embj33","t3_1embj33","https://www.reddit.com/r/nederlands/comments/1embj33/kakt_iedereen_ook_altijd_rond_1500_in/","nederlands","r/nederlands","Kakt iedereen ook altijd rond 15:00 in?","Op school of op werk, rond een uur of 15:00 kak ik altijd ontzettend in. Heeft iedereen hier last van of ben ik in de minderheid? Edit: ik drink geen cafeïne-houdende drankjes Edit2: ja ik heb ADHD","","1723036615","2024-08-07T13:16:55+00:00","509","509","0.94","382","a341419102a9ef93","","reddit-nederlands-kakt_iedereen_ook_altijd_rond_1500_in:comment:lgz3sac","comment","lgz3sac","t1_lgz3sac","https://www.reddit.com/r/nederlands/comments/1embj33/kakt_iedereen_ook_altijd_rond_1500_in/lgz3sac/","/r/nederlands/comments/1embj33/kakt_iedereen_ook_altijd_rond_1500_in/lgz3sac/","t1_lgynpan","comment","lgynpan","lgxtq2q","2","false","lgxtq2q > lgynpan > lgz3sac","09f8942c16d1820d","","","false","false","","3","3","0","0","1","1723053312","2024-08-07T17:55:12+00:00","false","False","","false","false","false","false","Ik woon 300m van mijn werk vandaan, dus dat is een beetje overdreven lang in de auto zitten.","Ik woon 300m van mijn werk vandaan, dus dat is een beetje overdreven lang in de auto zitten.","92","18","Na 16:00? Dan hoor je gewoon allang weer in de auto te zitten.","Tussen 14:00 en 16:00 is werk voor mij echt ruk. Krijg geen kut gedaan. Maar na 16:00 komt de inspiratie nog even terug!","","false","false","","","","","3","[THREAD_TITLE]
Kakt iedereen ook altijd rond 15:00 in?

[THREAD_BODY]
Op school of op werk, rond een uur of 15:00 kak ik altijd ontzettend in. Heeft iedereen hier last van of ben ik in de minderheid? Edit: ik drink geen cafeïne-houdende drankjes Edit2: ja ik heb ADHD

[ROOT_COMMENT_CONTEXT]
Tussen 14:00 en 16:00 is werk voor mij echt ruk. Krijg geen kut gedaan. Maar na 16:00 komt de inspiratie nog even terug!

[PARENT_COMMENT_CONTEXT]
Na 16:00? Dan hoor je gewoon allang weer in de auto te zitten.

[CURRENT_RECORD]
Ik woon 300m van mijn werk vandaan, dus dat is een beetje overdreven lang in de auto zitten."
"C:\Projects\Web\planner-tdah\research\reddit_data\reddit-nederlands-kakt_iedereen_ook_altijd_rond_1500_in.json","reddit-nederlands-kakt_iedereen_ook_altijd_rond_1500_in","1embj33","t3_1embj33","https://www.reddit.com/r/nederlands/comments/1embj33/kakt_iedereen_ook_altijd_rond_1500_in/","nederlands","r/nederlands","Kakt iedereen ook altijd rond 15:00 in?","Op school of op werk, rond een uur of 15:00 kak ik altijd ontzettend in. Heeft iedereen hier last van of ben ik in de minderheid? Edit: ik drink geen cafeïne-houdende drankjes Edit2: ja ik heb ADHD","","1723036615","2024-08-07T13:16:55+00:00","509","509","0.94","382","a341419102a9ef93","","reddit-nederlands-kakt_iedereen_ook_altijd_rond_1500_in:comment:lgz3xwb","comment","lgz3xwb","t1_lgz3xwb","https://www.reddit.com/r/nederlands/comments/1embj33/kakt_iedereen_ook_altijd_rond_1500_in/lgz3xwb/","/r/nederlands/comments/1embj33/kakt_iedereen_ook_altijd_rond_1500_in/lgz3xwb/","t1_lgz3sac","comment","lgz3sac","lgxtq2q","3","false","lgxtq2q > lgynpan > lgz3sac > lgz3xwb","0761fccbb88da15a","","","false","false","","4","4","0","0","1","1723053359","2024-08-07T17:55:59+00:00","false","False","","false","false","false","false","In dat geval hoor je dan al uren thuis te zijn.","In dat geval hoor je dan al uren thuis te zijn.","47","11","Ik woon 300m van mijn werk vandaan, dus dat is een beetje overdreven lang in de auto zitten.","Tussen 14:00 en 16:00 is werk voor mij echt ruk. Krijg geen kut gedaan. Maar na 16:00 komt de inspiratie nog even terug!","","false","false","","","","","3","[THREAD_TITLE]
Kakt iedereen ook altijd rond 15:00 in?

[THREAD_BODY]
Op school of op werk, rond een uur of 15:00 kak ik altijd ontzettend in. Heeft iedereen hier last van of ben ik in de minderheid? Edit: ik drink geen cafeïne-houdende drankjes Edit2: ja ik heb ADHD

[ROOT_COMMENT_CONTEXT]
Tussen 14:00 en 16:00 is werk voor mij echt ruk. Krijg geen kut gedaan. Maar na 16:00 komt de inspiratie nog even terug!

[PARENT_COMMENT_CONTEXT]
Ik woon 300m van mijn werk vandaan, dus dat is een beetje overdreven lang in de auto zitten.

[CURRENT_RECORD]
In dat geval hoor je dan al uren thuis te zijn."
"C:\Projects\Web\planner-tdah\research\reddit_data\reddit-nederlands-kakt_iedereen_ook_altijd_rond_1500_in.json","reddit-nederlands-kakt_iedereen_ook_altijd_rond_1500_in","1embj33","t3_1embj33","https://www.reddit.com/r/nederlands/comments/1embj33/kakt_iedereen_ook_altijd_rond_1500_in/","nederlands","r/nederlands","Kakt iedereen ook altijd rond 15:00 in?","Op school of op werk, rond een uur of 15:00 kak ik altijd ontzettend in. Heeft iedereen hier last van of ben ik in de minderheid? Edit: ik drink geen cafeïne-houdende drankjes Edit2: ja ik heb ADHD","","1723036615","2024-08-07T13:16:55+00:00","509","509","0.94","382","a341419102a9ef93","","reddit-nederlands-kakt_iedereen_ook_altijd_rond_1500_in:comment:lgzae8w","comment","lgzae8w","t1_lgzae8w","https://www.reddit.com/r/nederlands/comments/1embj33/kakt_iedereen_ook_altijd_rond_1500_in/lgzae8w/","/r/nederlands/comments/1embj33/kakt_iedereen_ook_altijd_rond_1500_in/lgzae8w/","t1_lgz3xwb","comment","lgz3xwb","lgxtq2q","4","false","lgxtq2q > lgynpan > lgz3sac > lgz3xwb > lgzae8w","bb7a777b45be4057","","","false","false","","2","2","0","0","0","1723055328","2024-08-07T18:28:48+00:00","false","False","","false","false","false","false","hoe ""hoort"" het eigenlijk?","hoe ""hoort"" het eigenlijk?","26","4","In dat geval hoor je dan al uren thuis te zijn.","Tussen 14:00 en 16:00 is werk voor mij echt ruk. Krijg geen kut gedaan. Maar na 16:00 komt de inspiratie nog even terug!","","true","false","","","","contains_question","0","[THREAD_TITLE]
Kakt iedereen ook altijd rond 15:00 in?

[THREAD_BODY]
Op school of op werk, rond een uur of 15:00 kak ik altijd ontzettend in. Heeft iedereen hier last van of ben ik in de minderheid? Edit: ik drink geen cafeïne-houdende drankjes Edit2: ja ik heb ADHD

[ROOT_COMMENT_CONTEXT]
Tussen 14:00 en 16:00 is werk voor mij echt ruk. Krijg geen kut gedaan. Maar na 16:00 komt de inspiratie nog even terug!

[PARENT_COMMENT_CONTEXT]
In dat geval hoor je dan al uren thuis te zijn.

[CURRENT_RECORD]
hoe ""hoort"" het eigenlijk?"
"C:\Projects\Web\planner-tdah\research\reddit_data\reddit-nederlands-kakt_iedereen_ook_altijd_rond_1500_in.json","reddit-nederlands-kakt_iedereen_ook_altijd_rond_1500_in","1embj33","t3_1embj33","https://www.reddit.com/r/nederlands/comments/1embj33/kakt_iedereen_ook_altijd_rond_1500_in/","nederlands","r/nederlands","Kakt iedereen ook altijd rond 15:00 in?","Op school of op werk, rond een uur of 15:00 kak ik altijd ontzettend in. Heeft iedereen hier last van of ben ik in de minderheid? Edit: ik drink geen cafeïne-houdende drankjes Edit2: ja ik heb ADHD","","1723036615","2024-08-07T13:16:55+00:00","509","509","0.94","382","a341419102a9ef93","","reddit-nederlands-kakt_iedereen_ook_altijd_rond_1500_in:comment:lgzaa2q","comment","lgzaa2q","t1_lgzaa2q","https://www.reddit.com/r/nederlands/comments/1embj33/kakt_iedereen_ook_altijd_rond_1500_in/lgzaa2q/","/r/nederlands/comments/1embj33/kakt_iedereen_ook_altijd_rond_1500_in/lgzaa2q/","t1_lgxtq2q","comment","lgxtq2q","lgxtq2q","1","false","lgxtq2q > lgzaa2q","c9b50666f1b7710f","","","false","false","","3","3","0","0","0","1723055292","2024-08-07T18:28:12+00:00","false","False","","false","false","false","false","Ja dit heb ik ook. Vaak stop ik dan gewoon en werk 's avonds als kids op bed liggen nog max 2 uur. Super productief en lekker rustig, geen vragen van collega's 😈","Ja dit heb ik ook. Vaak stop ik dan gewoon en werk 's avonds als kids op bed liggen nog max 2 uur. Super productief en lekker rustig, geen vragen van collega's 😈","161","33","Tussen 14:00 en 16:00 is werk voor mij echt ruk. Krijg geen kut gedaan. Maar na 16:00 komt de inspiratie nog even terug!","Tussen 14:00 en 16:00 is werk voor mij echt ruk. Krijg geen kut gedaan. Maar na 16:00 komt de inspiratie nog even terug!","","false","false","","","","","10","[THREAD_TITLE]
Kakt iedereen ook altijd rond 15:00 in?

[THREAD_BODY]
Op school of op werk, rond een uur of 15:00 kak ik altijd ontzettend in. Heeft iedereen hier last van of ben ik in de minderheid? Edit: ik drink geen cafeïne-houdende drankjes Edit2: ja ik heb ADHD

[PARENT_COMMENT_CONTEXT]
Tussen 14:00 en 16:00 is werk voor mij echt ruk. Krijg geen kut gedaan. Maar na 16:00 komt de inspiratie nog even terug!

[CURRENT_RECORD]
Ja dit heb ik ook. Vaak stop ik dan gewoon en werk 's avonds als kids op bed liggen nog max 2 uur. Super productief en lekker rustig, geen vragen van collega's 😈"
"C:\Projects\Web\planner-tdah\research\reddit_data\reddit-nederlands-kakt_iedereen_ook_altijd_rond_1500_in.json","reddit-nederlands-kakt_iedereen_ook_altijd_rond_1500_in","1embj33","t3_1embj33","https://www.reddit.com/r/nederlands/comments/1embj33/kakt_iedereen_ook_altijd_rond_1500_in/","nederlands","r/nederlands","Kakt iedereen ook altijd rond 15:00 in?","Op school of op werk, rond een uur of 15:00 kak ik altijd ontzettend in. Heeft iedereen hier last van of ben ik in de minderheid? Edit: ik drink geen cafeïne-houdende drankjes Edit2: ja ik heb ADHD","","1723036615","2024-08-07T13:16:55+00:00","509","509","0.94","382","a341419102a9ef93","","reddit-nederlands-kakt_iedereen_ook_altijd_rond_1500_in:comment:lgxpfhs","comment","lgxpfhs","t1_lgxpfhs","https://www.reddit.com/r/nederlands/comments/1embj33/kakt_iedereen_ook_altijd_rond_1500_in/lgxpfhs/","/r/nederlands/comments/1embj33/kakt_iedereen_ook_altijd_rond_1500_in/lgxpfhs/","t3_1embj33","post","","lgxpfhs","0","true","lgxpfhs","7d0bad3ed03ab41a","","","false","false","","829","829","0","0","4","1723037429","2024-08-07T13:30:29+00:00","1723038049","1723038049","2024-08-07T13:40:49+00:00","false","false","false","false","Nice try Unilever! 😠 Opdonderen met je Cup-a-soup-revival propaganda!!","Nice try Unilever! 😠 Opdonderen met je Cup-a-soup-revival propaganda!!","70","9","","","","false","false","","","","","18","[THREAD_TITLE]
Kakt iedereen ook altijd rond 15:00 in?

[THREAD_BODY]
Op school of op werk, rond een uur of 15:00 kak ik altijd ontzettend in. Heeft iedereen hier last van of ben ik in de minderheid? Edit: ik drink geen cafeïne-houdende drankjes Edit2: ja ik heb ADHD

[CURRENT_RECORD]
Nice try Unilever! 😠 Opdonderen met je Cup-a-soup-revival propaganda!!"
"C:\Projects\Web\planner-tdah\research\reddit_data\reddit-nederlands-kakt_iedereen_ook_altijd_rond_1500_in.json","reddit-nederlands-kakt_iedereen_ook_altijd_rond_1500_in","1embj33","t3_1embj33","https://www.reddit.com/r/nederlands/comments/1embj33/kakt_iedereen_ook_altijd_rond_1500_in/","nederlands","r/nederlands","Kakt iedereen ook altijd rond 15:00 in?","Op school of op werk, rond een uur of 15:00 kak ik altijd ontzettend in. Heeft iedereen hier last van of ben ik in de minderheid? Edit: ik drink geen cafeïne-houdende drankjes Edit2: ja ik heb ADHD","","1723036615","2024-08-07T13:16:55+00:00","509","509","0.94","382","a341419102a9ef93","","reddit-nederlands-kakt_iedereen_ook_altijd_rond_1500_in:comment:lgxqzcv","comment","lgxqzcv","t1_lgxqzcv","https://www.reddit.com/r/nederlands/comments/1embj33/kakt_iedereen_ook_altijd_rond_1500_in/lgxqzcv/","/r/nederlands/comments/1embj33/kakt_iedereen_ook_altijd_rond_1500_in/lgxqzcv/","t1_lgxpfhs","comment","lgxpfhs","lgxpfhs","1","false","lgxpfhs > lgxqzcv","","","","false","false","","181","181","0","0","1","1723037992","2024-08-07T13:39:52+00:00","false","False","","false","false","false","false","NU EVEN NIET!!!!!","NU EVEN NIET!!!!!","17","3","Nice try Unilever! 😠 Opdonderen met je Cup-a-soup-revival propaganda!!","Nice try Unilever! 😠 Opdonderen met je Cup-a-soup-revival propaganda!!","","false","false","","","","","18","[THREAD_TITLE]
Kakt iedereen ook altijd rond 15:00 in?

[THREAD_BODY]
Op school of op werk, rond een uur of 15:00 kak ik altijd ontzettend in. Heeft iedereen hier last van of ben ik in de minderheid? Edit: ik drink geen cafeïne-houdende drankjes Edit2: ja ik heb ADHD

[PARENT_COMMENT_CONTEXT]
Nice try Unilever! 😠 Opdonderen met je Cup-a-soup-revival propaganda!!

[CURRENT_RECORD]
NU EVEN NIET!!!!!"
"C:\Projects\Web\planner-tdah\research\reddit_data\reddit-nederlands-kakt_iedereen_ook_altijd_rond_1500_in.json","reddit-nederlands-kakt_iedereen_ook_altijd_rond_1500_in","1embj33","t3_1embj33","https://www.reddit.com/r/nederlands/comments/1embj33/kakt_iedereen_ook_altijd_rond_1500_in/","nederlands","r/nederlands","Kakt iedereen ook altijd rond 15:00 in?","Op school of op werk, rond een uur of 15:00 kak ik altijd ontzettend in. Heeft iedereen hier last van of ben ik in de minderheid? Edit: ik drink geen cafeïne-houdende drankjes Edit2: ja ik heb ADHD","","1723036615","2024-08-07T13:16:55+00:00","509","509","0.94","382","a341419102a9ef93","","reddit-nederlands-kakt_iedereen_ook_altijd_rond_1500_in:comment:lgxz7e0","comment","lgxz7e0","t1_lgxz7e0","https://www.reddit.com/r/nederlands/comments/1embj33/kakt_iedereen_ook_altijd_rond_1500_in/lgxz7e0/","/r/nederlands/comments/1embj33/kakt_iedereen_ook_altijd_rond_1500_in/lgxz7e0/","t1_lgxqzcv","comment","lgxqzcv","lgxpfhs","2","false","lgxpfhs > lgxqzcv > lgxz7e0","9b0ec63e5d5f54ee","","","false","false","","69","69","0","0","1","1723040781","2024-08-07T14:26:21+00:00","false","False","","false","false","false","false","STELLETJE HUFTERS!!","STELLETJE HUFTERS!!","19","2","NU EVEN NIET!!!!!","Nice try Unilever! 😠 Opdonderen met je Cup-a-soup-revival propaganda!!","","false","false","","","","","18","[THREAD_TITLE]
Kakt iedereen ook altijd rond 15:00 in?

[THREAD_BODY]
Op school of op werk, rond een uur of 15:00 kak ik altijd ontzettend in. Heeft iedereen hier last van of ben ik in de minderheid? Edit: ik drink geen cafeïne-houdende drankjes Edit2: ja ik heb ADHD

[ROOT_COMMENT_CONTEXT]
Nice try Unilever! 😠 Opdonderen met je Cup-a-soup-revival propaganda!!

[PARENT_COMMENT_CONTEXT]
NU EVEN NIET!!!!!

[CURRENT_RECORD]
STELLETJE HUFTERS!!"
"C:\Projects\Web\planner-tdah\research\reddit_data\reddit-nederlands-kakt_iedereen_ook_altijd_rond_1500_in.json","reddit-nederlands-kakt_iedereen_ook_altijd_rond_1500_in","1embj33","t3_1embj33","https://www.reddit.com/r/nederlands/comments/1embj33/kakt_iedereen_ook_altijd_rond_1500_in/","nederlands","r/nederlands","Kakt iedereen ook altijd rond 15:00 in?","Op school of op werk, rond een uur of 15:00 kak ik altijd ontzettend in. Heeft iedereen hier last van of ben ik in de minderheid? Edit: ik drink geen cafeïne-houdende drankjes Edit2: ja ik heb ADHD","","1723036615","2024-08-07T13:16:55+00:00","509","509","0.94","382","a341419102a9ef93","","reddit-nederlands-kakt_iedereen_ook_altijd_rond_1500_in:comment:lgxzq5c","comment","lgxzq5c","t1_lgxzq5c","https://www.reddit.com/r/nederlands/comments/1embj33/kakt_iedereen_ook_altijd_rond_1500_in/lgxzq5c/","/r/nederlands/comments/1embj33/kakt_iedereen_ook_altijd_rond_1500_in/lgxzq5c/","t1_lgxz7e0","comment","lgxz7e0","lgxpfhs","3","false","lgxpfhs > lgxqzcv > lgxz7e0 > lgxzq5c","","","","false","false","","38","38","0","0","1","1723040953","2024-08-07T14:29:13+00:00","false","False","","false","false","false","false","Sjors, je bent een eikel.","Sjors, je bent een eikel.","25","5","STELLETJE HUFTERS!!","Nice try Unilever! 😠 Opdonderen met je Cup-a-soup-revival propaganda!!","","false","false","","","","","13","[THREAD_TITLE]
Kakt iedereen ook altijd rond 15:00 in?

[THREAD_BODY]
Op school of op werk, rond een uur of 15:00 kak ik altijd ontzettend in. Heeft iedereen hier last van of ben ik in de minderheid? Edit: ik drink geen cafeïne-houdende drankjes Edit2: ja ik heb ADHD

[ROOT_COMMENT_CONTEXT]
Nice try Unilever! 😠 Opdonderen met je Cup-a-soup-revival propaganda!!

[PARENT_COMMENT_CONTEXT]
STELLETJE HUFTERS!!

[CURRENT_RECORD]
Sjors, je bent een eikel."
"C:\Projects\Web\planner-tdah\research\reddit_data\reddit-nederlands-kakt_iedereen_ook_altijd_rond_1500_in.json","reddit-nederlands-kakt_iedereen_ook_altijd_rond_1500_in","1embj33","t3_1embj33","https://www.reddit.com/r/nederlands/comments/1embj33/kakt_iedereen_ook_altijd_rond_1500_in/","nederlands","r/nederlands","Kakt iedereen ook altijd rond 15:00 in?","Op school of op werk, rond een uur of 15:00 kak ik altijd ontzettend in. Heeft iedereen hier last van of ben ik in de minderheid? Edit: ik drink geen cafeïne-houdende drankjes Edit2: ja ik heb ADHD","","1723036615","2024-08-07T13:16:55+00:00","509","509","0.94","382","a341419102a9ef93","","reddit-nederlands-kakt_iedereen_ook_altijd_rond_1500_in:comment:lgyh2rj","comment","lgyh2rj","t1_lgyh2rj","https://www.reddit.com/r/nederlands/comments/1embj33/kakt_iedereen_ook_altijd_rond_1500_in/lgyh2rj/","/r/nederlands/comments/1embj33/kakt_iedereen_ook_altijd_rond_1500_in/lgyh2rj/","t1_lgxzq5c","comment","lgxzq5c","lgxpfhs","4","false","lgxpfhs > lgxqzcv > lgxz7e0 > lgxzq5c > lgyh2rj","46adf9c9067cdc1d","","","false","false","","17","17","0","0","2","1723046411","2024-08-07T16:00:11+00:00","false","False","","false","false","false","false","Kom maar , kom maar.","Kom maar , kom maar.","20","5","Sjors, je bent een eikel.","Nice try Unilever! 😠 Opdonderen met je Cup-a-soup-revival propaganda!!","","false","false","","","","","8","[THREAD_TITLE]
Kakt iedereen ook altijd rond 15:00 in?

[THREAD_BODY]
Op school of op werk, rond een uur of 15:00 kak ik altijd ontzettend in. Heeft iedereen hier last van of ben ik in de minderheid? Edit: ik drink geen cafeïne-houdende drankjes Edit2: ja ik heb ADHD

[ROOT_COMMENT_CONTEXT]
Nice try Unilever! 😠 Opdonderen met je Cup-a-soup-revival propaganda!!

[PARENT_COMMENT_CONTEXT]
Sjors, je bent een eikel.

[CURRENT_RECORD]
Kom maar , kom maar."
"C:\Projects\Web\planner-tdah\research\reddit_data\reddit-nederlands-kakt_iedereen_ook_altijd_rond_1500_in.json","reddit-nederlands-kakt_iedereen_ook_altijd_rond_1500_in","1embj33","t3_1embj33","https://www.reddit.com/r/nederlands/comments/1embj33/kakt_iedereen_ook_altijd_rond_1500_in/","nederlands","r/nederlands","Kakt iedereen ook altijd rond 15:00 in?","Op school of op werk, rond een uur of 15:00 kak ik altijd ontzettend in. Heeft iedereen hier last van of ben ik in de minderheid? Edit: ik drink geen cafeïne-houdende drankjes Edit2: ja ik heb ADHD","","1723036615","2024-08-07T13:16:55+00:00","509","509","0.94","382","a341419102a9ef93","","reddit-nederlands-kakt_iedereen_ook_altijd_rond_1500_in:comment:lgys2ss","comment","lgys2ss","t1_lgys2ss","https://www.reddit.com/r/nederlands/comments/1embj33/kakt_iedereen_ook_altijd_rond_1500_in/lgys2ss/","/r/nederlands/comments/1embj33/kakt_iedereen_ook_altijd_rond_1500_in/lgys2ss/","t1_lgyh2rj","comment","lgyh2rj","lgxpfhs","5","false","lgxpfhs > lgxqzcv > lgxz7e0 > lgxzq5c > lgyh2rj > lgys2ss","a9a617d25ebf80ad","","","false","false","","6","6","0","0","0","1723049778","2024-08-07T16:56:18+00:00","false","False","","false","false","false","false","Hier... is de hele afdeling... sabbatical!","Hier... is de hele afdeling... sabbatical!","42","6","Kom maar , kom maar.","Nice try Unilever! 😠 Opdonderen met je Cup-a-soup-revival propaganda!!","","false","false","","","","","5","[THREAD_TITLE]
Kakt iedereen ook altijd rond 15:00 in?

[THREAD_BODY]
Op school of op werk, rond een uur of 15:00 kak ik altijd ontzettend in. Heeft iedereen hier last van of ben ik in de minderheid? Edit: ik drink geen cafeïne-houdende drankjes Edit2: ja ik heb ADHD

[ROOT_COMMENT_CONTEXT]
Nice try Unilever! 😠 Opdonderen met je Cup-a-soup-revival propaganda!!

[PARENT_COMMENT_CONTEXT]
Kom maar , kom maar.

[CURRENT_RECORD]
Hier... is de hele afdeling... sabbatical!"
"C:\Projects\Web\planner-tdah\research\reddit_data\reddit-nederlands-kakt_iedereen_ook_altijd_rond_1500_in.json","reddit-nederlands-kakt_iedereen_ook_altijd_rond_1500_in","1embj33","t3_1embj33","https://www.reddit.com/r/nederlands/comments/1embj33/kakt_iedereen_ook_altijd_rond_1500_in/","nederlands","r/nederlands","Kakt iedereen ook altijd rond 15:00 in?","Op school of op werk, rond een uur of 15:00 kak ik altijd ontzettend in. Heeft iedereen hier last van of ben ik in de minderheid? Edit: ik drink geen cafeïne-houdende drankjes Edit2: ja ik heb ADHD","","1723036615","2024-08-07T13:16:55+00:00","509","509","0.94","382","a341419102a9ef93","","reddit-nederlands-kakt_iedereen_ook_altijd_rond_1500_in:comment:lgxqbyn","comment","lgxqbyn","t1_lgxqbyn","https://www.reddit.com/r/nederlands/comments/1embj33/kakt_iedereen_ook_altijd_rond_1500_in/lgxqbyn/","/r/nederlands/comments/1embj33/kakt_iedereen_ook_altijd_rond_1500_in/lgxqbyn/","t1_lgxpfhs","comment","lgxpfhs","lgxpfhs","1","false","lgxpfhs > lgxqbyn","4cd2ce4f1bc1ab06","","","false","false","","62","62","0","0","1","1723037758","2024-08-07T13:35:58+00:00","false","False","","false","false","false","false","Neenee das 4 uur. Dat zouden meer mensen moeten doen!","Neenee das 4 uur. Dat zouden meer mensen moeten doen!","53","10","Nice try Unilever! 😠 Opdonderen met je Cup-a-soup-revival propaganda!!","Nice try Unilever! 😠 Opdonderen met je Cup-a-soup-revival propaganda!!","","false","false","","","","","18","[THREAD_TITLE]
Kakt iedereen ook altijd rond 15:00 in?

[THREAD_BODY]
Op school of op werk, rond een uur of 15:00 kak ik altijd ontzettend in. Heeft iedereen hier last van of ben ik in de minderheid? Edit: ik drink geen cafeïne-houdende drankjes Edit2: ja ik heb ADHD

[PARENT_COMMENT_CONTEXT]
Nice try Unilever! 😠 Opdonderen met je Cup-a-soup-revival propaganda!!

[CURRENT_RECORD]
Neenee das 4 uur. Dat zouden meer mensen moeten doen!"
"C:\Projects\Web\planner-tdah\research\reddit_data\reddit-nederlands-kakt_iedereen_ook_altijd_rond_1500_in.json","reddit-nederlands-kakt_iedereen_ook_altijd_rond_1500_in","1embj33","t3_1embj33","https://www.reddit.com/r/nederlands/comments/1embj33/kakt_iedereen_ook_altijd_rond_1500_in/","nederlands","r/nederlands","Kakt iedereen ook altijd rond 15:00 in?","Op school of op werk, rond een uur of 15:00 kak ik altijd ontzettend in. Heeft iedereen hier last van of ben ik in de minderheid? Edit: ik drink geen cafeïne-houdende drankjes Edit2: ja ik heb ADHD","","1723036615","2024-08-07T13:16:55+00:00","509","509","0.94","382","a341419102a9ef93","","reddit-nederlands-kakt_iedereen_ook_altijd_rond_1500_in:comment:lgxxpao","comment","lgxxpao","t1_lgxxpao","https://www.reddit.com/r/nederlands/comments/1embj33/kakt_iedereen_ook_altijd_rond_1500_in/lgxxpao/","/r/nederlands/comments/1embj33/kakt_iedereen_ook_altijd_rond_1500_in/lgxxpao/","t1_lgxqbyn","comment","lgxqbyn","lgxpfhs","2","false","lgxpfhs > lgxqbyn > lgxxpao","87185f7f4879e527","","","false","false","","28","28","0","0","0","1723040287","2024-08-07T14:18:07+00:00","false","False","","false","false","false","false","Ff een half uurtje van mijn cup-a-soup genieten en dan naar huus","Ff een half uurtje van mijn cup-a-soup genieten en dan naar huus","64","12","Neenee das 4 uur. Dat zouden meer mensen moeten doen!","Nice try Unilever! 😠 Opdonderen met je Cup-a-soup-revival propaganda!!","","false","false","","","","","10","[THREAD_TITLE]
Kakt iedereen ook altijd rond 15:00 in?

[THREAD_BODY]
Op school of op werk, rond een uur of 15:00 kak ik altijd ontzettend in. Heeft iedereen hier last van of ben ik in de minderheid? Edit: ik drink geen cafeïne-houdende drankjes Edit2: ja ik heb ADHD

[ROOT_COMMENT_CONTEXT]
Nice try Unilever! 😠 Opdonderen met je Cup-a-soup-revival propaganda!!

[PARENT_COMMENT_CONTEXT]
Neenee das 4 uur. Dat zouden meer mensen moeten doen!

[CURRENT_RECORD]
Ff een half uurtje van mijn cup-a-soup genieten en dan naar huus"
"C:\Projects\Web\planner-tdah\research\reddit_data\reddit-nederlands-kakt_iedereen_ook_altijd_rond_1500_in.json","reddit-nederlands-kakt_iedereen_ook_altijd_rond_1500_in","1embj33","t3_1embj33","https://www.reddit.com/r/nederlands/comments/1embj33/kakt_iedereen_ook_altijd_rond_1500_in/","nederlands","r/nederlands","Kakt iedereen ook altijd rond 15:00 in?","Op school of op werk, rond een uur of 15:00 kak ik altijd ontzettend in. Heeft iedereen hier last van of ben ik in de minderheid? Edit: ik drink geen cafeïne-houdende drankjes Edit2: ja ik heb ADHD","","1723036615","2024-08-07T13:16:55+00:00","509","509","0.94","382","a341419102a9ef93","","reddit-nederlands-kakt_iedereen_ook_altijd_rond_1500_in:comment:lgxx5me","comment","lgxx5me","t1_lgxx5me","https://www.reddit.com/r/nederlands/comments/1embj33/kakt_iedereen_ook_altijd_rond_1500_in/lgxx5me/","/r/nederlands/comments/1embj33/kakt_iedereen_ook_altijd_rond_1500_in/lgxx5me/","t1_lgxpfhs","comment","lgxpfhs","lgxpfhs","1","false","lgxpfhs > lgxx5me","65d1dcdea7654038","","","false","false","","6","6","0","0","3","1723040102","2024-08-07T14:15:02+00:00","false","False","","false","false","false","false","Heeft Cup a soup zn beste tijd gehad?","Heeft Cup a soup zn beste tijd gehad?","37","8","Nice try Unilever! 😠 Opdonderen met je Cup-a-soup-revival propaganda!!","Nice try Unilever! 😠 Opdonderen met je Cup-a-soup-revival propaganda!!","","true","false","","","","contains_question","8","[THREAD_TITLE]
Kakt iedereen ook altijd rond 15:00 in?

[THREAD_BODY]
Op school of op werk, rond een uur of 15:00 kak ik altijd ontzettend in. Heeft iedereen hier last van of ben ik in de minderheid? Edit: ik drink geen cafeïne-houdende drankjes Edit2: ja ik heb ADHD

[PARENT_COMMENT_CONTEXT]
Nice try Unilever! 😠 Opdonderen met je Cup-a-soup-revival propaganda!!

[CURRENT_RECORD]
Heeft Cup a soup zn beste tijd gehad?"
"C:\Projects\Web\planner-tdah\research\reddit_data\reddit-nederlands-kakt_iedereen_ook_altijd_rond_1500_in.json","reddit-nederlands-kakt_iedereen_ook_altijd_rond_1500_in","1embj33","t3_1embj33","https://www.reddit.com/r/nederlands/comments/1embj33/kakt_iedereen_ook_altijd_rond_1500_in/","nederlands","r/nederlands","Kakt iedereen ook altijd rond 15:00 in?","Op school of op werk, rond een uur of 15:00 kak ik altijd ontzettend in. Heeft iedereen hier last van of ben ik in de minderheid? Edit: ik drink geen cafeïne-houdende drankjes Edit2: ja ik heb ADHD","","1723036615","2024-08-07T13:16:55+00:00","509","509","0.94","382","a341419102a9ef93","","reddit-nederlands-kakt_iedereen_ook_altijd_rond_1500_in:comment:lgxypjw","comment","lgxypjw","t1_lgxypjw","https://www.reddit.com/r/nederlands/comments/1embj33/kakt_iedereen_ook_altijd_rond_1500_in/lgxypjw/","/r/nederlands/comments/1embj33/kakt_iedereen_ook_altijd_rond_1500_in/lgxypjw/","t1_lgxx5me","comment","lgxx5me","lgxpfhs","2","false","lgxpfhs > lgxx5me > lgxypjw","80154c482cb20696","","","false","false","","28","28","0","0","2","1723040619","2024-08-07T14:23:39+00:00","false","False","","false","false","false","false","Ik hoop het. Zakje processed ellende.","Ik hoop het. Zakje processed ellende.","37","6","Heeft Cup a soup zn beste tijd gehad?","Nice try Unilever! 😠 Opdonderen met je Cup-a-soup-revival propaganda!!","","false","false","","","","","13","[THREAD_TITLE]
Kakt iedereen ook altijd rond 15:00 in?

[THREAD_BODY]
Op school of op werk, rond een uur of 15:00 kak ik altijd ontzettend in. Heeft iedereen hier last van of ben ik in de minderheid? Edit: ik drink geen cafeïne-houdende drankjes Edit2: ja ik heb ADHD

[ROOT_COMMENT_CONTEXT]
Nice try Unilever! 😠 Opdonderen met je Cup-a-soup-revival propaganda!!

[PARENT_COMMENT_CONTEXT]
Heeft Cup a soup zn beste tijd gehad?

[CURRENT_RECORD]
Ik hoop het. Zakje processed ellende."
"C:\Projects\Web\planner-tdah\research\reddit_data\reddit-nederlands-kakt_iedereen_ook_altijd_rond_1500_in.json","reddit-nederlands-kakt_iedereen_ook_altijd_rond_1500_in","1embj33","t3_1embj33","https://www.reddit.com/r/nederlands/comments/1embj33/kakt_iedereen_ook_altijd_rond_1500_in/","nederlands","r/nederlands","Kakt iedereen ook altijd rond 15:00 in?","Op school of op werk, rond een uur of 15:00 kak ik altijd ontzettend in. Heeft iedereen hier last van of ben ik in de minderheid? Edit: ik drink geen cafeïne-houdende drankjes Edit2: ja ik heb ADHD","","1723036615","2024-08-07T13:16:55+00:00","509","509","0.94","382","a341419102a9ef93","","reddit-nederlands-kakt_iedereen_ook_altijd_rond_1500_in:comment:lgyxl6a","comment","lgyxl6a","t1_lgyxl6a","https://www.reddit.com/r/nederlands/comments/1embj33/kakt_iedereen_ook_altijd_rond_1500_in/lgyxl6a/","/r/nederlands/comments/1embj33/kakt_iedereen_ook_altijd_rond_1500_in/lgyxl6a/","t1_lgybuo7","comment","lgybuo7","lgxpfhs","4","false","lgxpfhs > lgxx5me > lgxypjw > lgybuo7 > lgyxl6a","80154c482cb20696","","","false","false","","4","4","0","0","1","1723051444","2024-08-07T17:24:04+00:00","false","False","","false","false","false","false","https://imgur.com/a/bhYTWR8 Ik skip hem wel. Heb het jaren met regelmaat genuttigd op het werk maar het voegt naar mijn mening niks nuttigs toe qua voedingswaarden.","https://imgur.com/a/bhYTWR8 Ik skip hem wel. Heb het jaren met regelmaat genuttigd op het werk maar het voegt naar mijn mening niks nuttigs toe qua voedingswaarden.","164","25","[removed]","Nice try Unilever! 😠 Opdonderen met je Cup-a-soup-revival propaganda!!","https://imgur.com/a/bhYTWR8","false","false","","","","","13","[THREAD_TITLE]
Kakt iedereen ook altijd rond 15:00 in?

[THREAD_BODY]
Op school of op werk, rond een uur of 15:00 kak ik altijd ontzettend in. Heeft iedereen hier last van of ben ik in de minderheid? Edit: ik drink geen cafeïne-houdende drankjes Edit2: ja ik heb ADHD

[ROOT_COMMENT_CONTEXT]
Nice try Unilever! 😠 Opdonderen met je Cup-a-soup-revival propaganda!!

[PARENT_COMMENT_CONTEXT]
[removed]

[CURRENT_RECORD]
https://imgur.com/a/bhYTWR8 Ik skip hem wel. Heb het jaren met regelmaat genuttigd op het werk maar het voegt naar mijn mening niks nuttigs toe qua voedingswaarden."
"C:\Projects\Web\planner-tdah\research\reddit_data\reddit-nederlands-kakt_iedereen_ook_altijd_rond_1500_in.json","reddit-nederlands-kakt_iedereen_ook_altijd_rond_1500_in","1embj33","t3_1embj33","https://www.reddit.com/r/nederlands/comments/1embj33/kakt_iedereen_ook_altijd_rond_1500_in/","nederlands","r/nederlands","Kakt iedereen ook altijd rond 15:00 in?","Op school of op werk, rond een uur of 15:00 kak ik altijd ontzettend in. Heeft iedereen hier last van of ben ik in de minderheid? Edit: ik drink geen cafeïne-houdende drankjes Edit2: ja ik heb ADHD","","1723036615","2024-08-07T13:16:55+00:00","509","509","0.94","382","a341419102a9ef93","","reddit-nederlands-kakt_iedereen_ook_altijd_rond_1500_in:comment:lgzmkg7","comment","lgzmkg7","t1_lgzmkg7","https://www.reddit.com/r/nederlands/comments/1embj33/kakt_iedereen_ook_altijd_rond_1500_in/lgzmkg7/","/r/nederlands/comments/1embj33/kakt_iedereen_ook_altijd_rond_1500_in/lgzmkg7/","t1_lgz2xya","comment","lgz2xya","lgxpfhs","6","false","lgxpfhs > lgxx5me > lgxypjw > lgybuo7 > lgyxl6a > lgz2xya > lgzmkg7","86cb097abce7d149","","","false","false","","3","3","0","0","1","1723059057","2024-08-07T19:30:57+00:00","false","False","","false","false","false","false","Even los van Cup a Soup. Dat het gros van de producten dat overal verkrijgbaar is in het beste geval vrijwel geen voedingswaarde heeft en in het ergste geval ronduit bagger voor je is, vind je geen weerzinwekkende gedachte? Of dat de maatstaf is verschoven van 'eten doe je omdat het voedzaam is' naar, 'dit is eetbaar.'","Even los van Cup a Soup. Dat het gros van de producten dat overal verkrijgbaar is in het beste geval vrijwel geen voedingswaarde heeft en in het ergste geval ronduit bagger voor je is, vind je geen weerzinwekkende gedachte? Of dat de maatstaf is verschoven van 'eten doe je omdat…","320","57","[removed]","Nice try Unilever! 😠 Opdonderen met je Cup-a-soup-revival propaganda!!","","true","false","","","","contains_question","13","[THREAD_TITLE]
Kakt iedereen ook altijd rond 15:00 in?

[THREAD_BODY]
Op school of op werk, rond een uur of 15:00 kak ik altijd ontzettend in. Heeft iedereen hier last van of ben ik in de minderheid? Edit: ik drink geen cafeïne-houdende drankjes Edit2: ja ik heb ADHD

[ROOT_COMMENT_CONTEXT]
Nice try Unilever! 😠 Opdonderen met je Cup-a-soup-revival propaganda!!

[PARENT_COMMENT_CONTEXT]
[removed]

[CURRENT_RECORD]
Even los van Cup a Soup. Dat het gros van de producten dat overal verkrijgbaar is in het beste geval vrijwel geen voedingswaarde heeft en in het ergste geval ronduit bagger voor je is, vind je geen weerzinwekkende gedachte? Of dat de maatstaf is verschoven van 'eten doe je omdat het voedzaam is' naar, 'dit is eetbaar.'"
"C:\Projects\Web\planner-tdah\research\reddit_data\reddit-nederlands-kakt_iedereen_ook_altijd_rond_1500_in.json","reddit-nederlands-kakt_iedereen_ook_altijd_rond_1500_in","1embj33","t3_1embj33","https://www.reddit.com/r/nederlands/comments/1embj33/kakt_iedereen_ook_altijd_rond_1500_in/","nederlands","r/nederlands","Kakt iedereen ook altijd rond 15:00 in?","Op school of op werk, rond een uur of 15:00 kak ik altijd ontzettend in. Heeft iedereen hier last van of ben ik in de minderheid? Edit: ik drink geen cafeïne-houdende drankjes Edit2: ja ik heb ADHD","","1723036615","2024-08-07T13:16:55+00:00","509","509","0.94","382","a341419102a9ef93","","reddit-nederlands-kakt_iedereen_ook_altijd_rond_1500_in:comment:lgzs0wd","comment","lgzs0wd","t1_lgzs0wd","https://www.reddit.com/r/nederlands/comments/1embj33/kakt_iedereen_ook_altijd_rond_1500_in/lgzs0wd/","/r/nederlands/comments/1embj33/kakt_iedereen_ook_altijd_rond_1500_in/lgzs0wd/","t1_lgznync","comment","lgznync","lgxpfhs","8","false","lgxpfhs > lgxx5me > lgxypjw > lgybuo7 > lgyxl6a > lgz2xya > lgzmkg7 > lgznync > lgzs0wd","b9ab81cff998ed36","","","false","false","","3","3","0","0","0","1723060714","2024-08-07T19:58:34+00:00","false","False","","false","false","false","false","Ik snap je, maar sinds ik weet hoeveel eten impact heeft op functioneren van de hersens. Probeer ik er echt meer op te letten. Iedereen die junkfood dagen eet. En dan ineens een betere maaltijd met iig volledig groente etc. Voelt het energie verschil direct. Plus betere stemming. Het is gekoppeld aan geheugen enzv. Ik wil zo lang mogelijk helder blijven. Maar er hele tijd over lopen te stressen is geen leven. Pak dan cup a soep met toevoeging. Als mensen maar hun kinderen beschermen en moeite doen even gevaren te lezen..zij hebben geen keus.","Ik snap je, maar sinds ik weet hoeveel eten impact heeft op functioneren van de hersens. Probeer ik er echt meer op te letten. Iedereen die junkfood dagen eet. En dan ineens een betere maaltijd met iig volledig groente etc. Voelt het energie verschil direct. Plus betere stemming…","547","95","[removed]","Nice try Unilever! 😠 Opdonderen met je Cup-a-soup-revival propaganda!!","","false","false","","","","long_form_comment","20","[THREAD_TITLE]
Kakt iedereen ook altijd rond 15:00 in?

[THREAD_BODY]
Op school of op werk, rond een uur of 15:00 kak ik altijd ontzettend in. Heeft iedereen hier last van of ben ik in de minderheid? Edit: ik drink geen cafeïne-houdende drankjes Edit2: ja ik heb ADHD

[ROOT_COMMENT_CONTEXT]
Nice try Unilever! 😠 Opdonderen met je Cup-a-soup-revival propaganda!!

[PARENT_COMMENT_CONTEXT]
[removed]

[CURRENT_RECORD]
Ik snap je, maar sinds ik weet hoeveel eten impact heeft op functioneren van de hersens. Probeer ik er echt meer op te letten. Iedereen die junkfood dagen eet. En dan ineens een betere maaltijd met iig volledig groente etc. Voelt het energie verschil direct. Plus betere stemming. Het is gekoppeld aan geheugen enzv. Ik wil zo lang mogelijk helder blijven. Maar er hele tijd over lopen te stressen is geen leven. Pak dan cup a soep met toevoeging. Als mensen maar hun kinderen beschermen en moeite doen even gevaren te lezen..zij hebben geen keus."
"C:\Projects\Web\planner-tdah\research\reddit_data\reddit-nederlands-kakt_iedereen_ook_altijd_rond_1500_in.json","reddit-nederlands-kakt_iedereen_ook_altijd_rond_1500_in","1embj33","t3_1embj33","https://www.reddit.com/r/nederlands/comments/1embj33/kakt_iedereen_ook_altijd_rond_1500_in/","nederlands","r/nederlands","Kakt iedereen ook altijd rond 15:00 in?","Op school of op werk, rond een uur of 15:00 kak ik altijd ontzettend in. Heeft iedereen hier last van of ben ik in de minderheid? Edit: ik drink geen cafeïne-houdende drankjes Edit2: ja ik heb ADHD","","1723036615","2024-08-07T13:16:55+00:00","509","509","0.94","382","a341419102a9ef93","","reddit-nederlands-kakt_iedereen_ook_altijd_rond_1500_in:comment:lgzzvcz","comment","lgzzvcz","t1_lgzzvcz","https://www.reddit.com/r/nederlands/comments/1embj33/kakt_iedereen_ook_altijd_rond_1500_in/lgzzvcz/","/r/nederlands/comments/1embj33/kakt_iedereen_ook_altijd_rond_1500_in/lgzzvcz/","t1_lgznync","comment","lgznync","lgxpfhs","8","false","lgxpfhs > lgxx5me > lgxypjw > lgybuo7 > lgyxl6a > lgz2xya > lgzmkg7 > lgznync > lgzzvcz","0f0ae44a73a84553","","","false","false","","2","2","0","0","0","1723063099","2024-08-07T20:38:19+00:00","false","False","","false","false","false","false","Je onderschat de impact van reclame propaganda op de keuze van de doorsnee consument. Nu denk ik wel dat jij niet echt een doorsnee consument bent, want ik schat dat je net wat meer levenservaring hebt dan de doorsnee consument.","Je onderschat de impact van reclame propaganda op de keuze van de doorsnee consument. Nu denk ik wel dat jij niet echt een doorsnee consument bent, want ik schat dat je net wat meer levenservaring hebt dan de doorsnee consument.","228","40","[removed]","Nice try Unilever! 😠 Opdonderen met je Cup-a-soup-revival propaganda!!","","false","false","","","","","10","[THREAD_TITLE]
Kakt iedereen ook altijd rond 15:00 in?

[THREAD_BODY]
Op school of op werk, rond een uur of 15:00 kak ik altijd ontzettend in. Heeft iedereen hier last van of ben ik in de minderheid? Edit: ik drink geen cafeïne-houdende drankjes Edit2: ja ik heb ADHD

[ROOT_COMMENT_CONTEXT]
Nice try Unilever! 😠 Opdonderen met je Cup-a-soup-revival propaganda!!

[PARENT_COMMENT_CONTEXT]
[removed]

[CURRENT_RECORD]
Je onderschat de impact van reclame propaganda op de keuze van de doorsnee consument. Nu denk ik wel dat jij niet echt een doorsnee consument bent, want ik schat dat je net wat meer levenservaring hebt dan de doorsnee consument."
"C:\Projects\Web\planner-tdah\research\reddit_data\reddit-nederlands-kakt_iedereen_ook_altijd_rond_1500_in.json","reddit-nederlands-kakt_iedereen_ook_altijd_rond_1500_in","1embj33","t3_1embj33","https://www.reddit.com/r/nederlands/comments/1embj33/kakt_iedereen_ook_altijd_rond_1500_in/","nederlands","r/nederlands","Kakt iedereen ook altijd rond 15:00 in?","Op school of op werk, rond een uur of 15:00 kak ik altijd ontzettend in. Heeft iedereen hier last van of ben ik in de minderheid? Edit: ik drink geen cafeïne-houdende drankjes Edit2: ja ik heb ADHD","","1723036615","2024-08-07T13:16:55+00:00","509","509","0.94","382","a341419102a9ef93","","reddit-nederlands-kakt_iedereen_ook_altijd_rond_1500_in:comment:lgyd5jy","comment","lgyd5jy","t1_lgyd5jy","https://www.reddit.com/r/nederlands/comments/1embj33/kakt_iedereen_ook_altijd_rond_1500_in/lgyd5jy/","/r/nederlands/comments/1embj33/kakt_iedereen_ook_altijd_rond_1500_in/lgyd5jy/","t1_lgxx5me","comment","lgxx5me","lgxpfhs","2","false","lgxpfhs > lgxx5me > lgyd5jy","669f0665c4aad05b","","","false","false","","4","4","0","0","0","1723045212","2024-08-07T15:40:12+00:00","false","False","","false","false","false","false","Ik mis het eigenlijk wel. Herinneringen aan m’n stage begin dit millennium. Ik heb zelfs nog ergens een cup a soup mok met m’n naam er op.","Ik mis het eigenlijk wel. Herinneringen aan m’n stage begin dit millennium. Ik heb zelfs nog ergens een cup a soup mok met m’n naam er op.","138","27","Heeft Cup a soup zn beste tijd gehad?","Nice try Unilever! 😠 Opdonderen met je Cup-a-soup-revival propaganda!!","","false","false","","","","","10","[THREAD_TITLE]
Kakt iedereen ook altijd rond 15:00 in?

[THREAD_BODY]
Op school of op werk, rond een uur of 15:00 kak ik altijd ontzettend in. Heeft iedereen hier last van of ben ik in de minderheid? Edit: ik drink geen cafeïne-houdende drankjes Edit2: ja ik heb ADHD

[ROOT_COMMENT_CONTEXT]
Nice try Unilever! 😠 Opdonderen met je Cup-a-soup-revival propaganda!!

[PARENT_COMMENT_CONTEXT]
Heeft Cup a soup zn beste tijd gehad?

[CURRENT_RECORD]
Ik mis het eigenlijk wel. Herinneringen aan m’n stage begin dit millennium. Ik heb zelfs nog ergens een cup a soup mok met m’n naam er op."
"C:\Projects\Web\planner-tdah\research\reddit_data\reddit-nederlands-kakt_iedereen_ook_altijd_rond_1500_in.json","reddit-nederlands-kakt_iedereen_ook_altijd_rond_1500_in","1embj33","t3_1embj33","https://www.reddit.com/r/nederlands/comments/1embj33/kakt_iedereen_ook_altijd_rond_1500_in/","nederlands","r/nederlands","Kakt iedereen ook altijd rond 15:00 in?","Op school of op werk, rond een uur of 15:00 kak ik altijd ontzettend in. Heeft iedereen hier last van of ben ik in de minderheid? Edit: ik drink geen cafeïne-houdende drankjes Edit2: ja ik heb ADHD","","1723036615","2024-08-07T13:16:55+00:00","509","509","0.94","382","a341419102a9ef93","","reddit-nederlands-kakt_iedereen_ook_altijd_rond_1500_in:comment:lgxp3uc","comment","lgxp3uc","t1_lgxp3uc","https://www.reddit.com/r/nederlands/comments/1embj33/kakt_iedereen_ook_altijd_rond_1500_in/lgxp3uc/","/r/nederlands/comments/1embj33/kakt_iedereen_ook_altijd_rond_1500_in/lgxp3uc/","t3_1embj33","post","","lgxp3uc","0","true","lgxp3uc","e613691370fd82a5","","","false","false","","359","359","0","0","1","1723037311","2024-08-07T13:28:31+00:00","false","False","","false","false","false","false","Mijn scrollen op Reddit momenteel komt niet voort uit een bak energie en productiviteit....","Mijn scrollen op Reddit momenteel komt niet voort uit een bak energie en productiviteit....","91","14","","","","false","false","","","","","18","[THREAD_TITLE]
Kakt iedereen ook altijd rond 15:00 in?

[THREAD_BODY]
Op school of op werk, rond een uur of 15:00 kak ik altijd ontzettend in. Heeft iedereen hier last van of ben ik in de minderheid? Edit: ik drink geen cafeïne-houdende drankjes Edit2: ja ik heb ADHD

[CURRENT_RECORD]
Mijn scrollen op Reddit momenteel komt niet voort uit een bak energie en productiviteit...."
"C:\Projects\Web\planner-tdah\research\reddit_data\reddit-nederlands-kakt_iedereen_ook_altijd_rond_1500_in.json","reddit-nederlands-kakt_iedereen_ook_altijd_rond_1500_in","1embj33","t3_1embj33","https://www.reddit.com/r/nederlands/comments/1embj33/kakt_iedereen_ook_altijd_rond_1500_in/","nederlands","r/nederlands","Kakt iedereen ook altijd rond 15:00 in?","Op school of op werk, rond een uur of 15:00 kak ik altijd ontzettend in. Heeft iedereen hier last van of ben ik in de minderheid? Edit: ik drink geen cafeïne-houdende drankjes Edit2: ja ik heb ADHD","","1723036615","2024-08-07T13:16:55+00:00","509","509","0.94","382","a341419102a9ef93","","reddit-nederlands-kakt_iedereen_ook_altijd_rond_1500_in:comment:lgxue8m","comment","lgxue8m","t1_lgxue8m","https://www.reddit.com/r/nederlands/comments/1embj33/kakt_iedereen_ook_altijd_rond_1500_in/lgxue8m/","/r/nederlands/comments/1embj33/kakt_iedereen_ook_altijd_rond_1500_in/lgxue8m/","t1_lgxp3uc","comment","lgxp3uc","lgxp3uc","1","false","lgxp3uc > lgxue8m","3f0fdefed0e57435","","","false","false","","16","16","0","0","1","1723039167","2024-08-07T13:59:27+00:00","false","False","","false","false","false","false","Same","Same","4","1","Mijn scrollen op Reddit momenteel komt niet voort uit een bak energie en productiviteit....","Mijn scrollen op Reddit momenteel komt niet voort uit een bak energie en productiviteit....","","false","false","","","","","8","[THREAD_TITLE]
Kakt iedereen ook altijd rond 15:00 in?

[THREAD_BODY]
Op school of op werk, rond een uur of 15:00 kak ik altijd ontzettend in. Heeft iedereen hier last van of ben ik in de minderheid? Edit: ik drink geen cafeïne-houdende drankjes Edit2: ja ik heb ADHD

[PARENT_COMMENT_CONTEXT]
Mijn scrollen op Reddit momenteel komt niet voort uit een bak energie en productiviteit....

[CURRENT_RECORD]
Same"
"C:\Projects\Web\planner-tdah\research\reddit_data\reddit-nederlands-kakt_iedereen_ook_altijd_rond_1500_in.json","reddit-nederlands-kakt_iedereen_ook_altijd_rond_1500_in","1embj33","t3_1embj33","https://www.reddit.com/r/nederlands/comments/1embj33/kakt_iedereen_ook_altijd_rond_1500_in/","nederlands","r/nederlands","Kakt iedereen ook altijd rond 15:00 in?","Op school of op werk, rond een uur of 15:00 kak ik altijd ontzettend in. Heeft iedereen hier last van of ben ik in de minderheid? Edit: ik drink geen cafeïne-houdende drankjes Edit2: ja ik heb ADHD","","1723036615","2024-08-07T13:16:55+00:00","509","509","0.94","382","a341419102a9ef93","","reddit-nederlands-kakt_iedereen_ook_altijd_rond_1500_in:comment:lgz4s26","comment","lgz4s26","t1_lgz4s26","https://www.reddit.com/r/nederlands/comments/1embj33/kakt_iedereen_ook_altijd_rond_1500_in/lgz4s26/","/r/nederlands/comments/1embj33/kakt_iedereen_ook_altijd_rond_1500_in/lgz4s26/","t1_lgxue8m","comment","lgxue8m","lgxp3uc","2","false","lgxp3uc > lgxue8m > lgz4s26","d86a91e3c8d9cdd4","","","false","false","","2","2","0","0","1","1723053612","2024-08-07T18:00:12+00:00","false","False","","false","false","false","false","Same","Same","4","1","Same","Mijn scrollen op Reddit momenteel komt niet voort uit een bak energie en productiviteit....","","false","false","","","","","3","[THREAD_TITLE]
Kakt iedereen ook altijd rond 15:00 in?

[THREAD_BODY]
Op school of op werk, rond een uur of 15:00 kak ik altijd ontzettend in. Heeft iedereen hier last van of ben ik in de minderheid? Edit: ik drink geen cafeïne-houdende drankjes Edit2: ja ik heb ADHD

[ROOT_COMMENT_CONTEXT]
Mijn scrollen op Reddit momenteel komt niet voort uit een bak energie en productiviteit....

[PARENT_COMMENT_CONTEXT]
Same

[CURRENT_RECORD]
Same"
"C:\Projects\Web\planner-tdah\research\reddit_data\reddit-nederlands-kakt_iedereen_ook_altijd_rond_1500_in.json","reddit-nederlands-kakt_iedereen_ook_altijd_rond_1500_in","1embj33","t3_1embj33","https://www.reddit.com/r/nederlands/comments/1embj33/kakt_iedereen_ook_altijd_rond_1500_in/","nederlands","r/nederlands","Kakt iedereen ook altijd rond 15:00 in?","Op school of op werk, rond een uur of 15:00 kak ik altijd ontzettend in. Heeft iedereen hier last van of ben ik in de minderheid? Edit: ik drink geen cafeïne-houdende drankjes Edit2: ja ik heb ADHD","","1723036615","2024-08-07T13:16:55+00:00","509","509","0.94","382","a341419102a9ef93","","reddit-nederlands-kakt_iedereen_ook_altijd_rond_1500_in:comment:lh53ch1","comment","lh53ch1","t1_lh53ch1","https://www.reddit.com/r/nederlands/comments/1embj33/kakt_iedereen_ook_altijd_rond_1500_in/lh53ch1/","/r/nederlands/comments/1embj33/kakt_iedereen_ook_altijd_rond_1500_in/lh53ch1/","t1_lgz4s26","comment","lgz4s26","lgxp3uc","3","false","lgxp3uc > lgxue8m > lgz4s26 > lh53ch1","","","","false","false","","2","2","0","0","0","1723138737","2024-08-08T17:38:57+00:00","false","False","","false","false","false","false","Same shame","Same shame","10","2","Same","Mijn scrollen op Reddit momenteel komt niet voort uit een bak energie en productiviteit....","","false","false","","shame","","guilt_or_shame_signal | mentions_pain_or_friction","13","[THREAD_TITLE]
Kakt iedereen ook altijd rond 15:00 in?

[THREAD_BODY]
Op school of op werk, rond een uur of 15:00 kak ik altijd ontzettend in. Heeft iedereen hier last van of ben ik in de minderheid? Edit: ik drink geen cafeïne-houdende drankjes Edit2: ja ik heb ADHD

[ROOT_COMMENT_CONTEXT]
Mijn scrollen op Reddit momenteel komt niet voort uit een bak energie en productiviteit....

[PARENT_COMMENT_CONTEXT]
Same

[CURRENT_RECORD]
Same shame"
"C:\Projects\Web\planner-tdah\research\reddit_data\reddit-nederlands-kakt_iedereen_ook_altijd_rond_1500_in.json","reddit-nederlands-kakt_iedereen_ook_altijd_rond_1500_in","1embj33","t3_1embj33","https://www.reddit.com/r/nederlands/comments/1embj33/kakt_iedereen_ook_altijd_rond_1500_in/","nederlands","r/nederlands","Kakt iedereen ook altijd rond 15:00 in?","Op school of op werk, rond een uur of 15:00 kak ik altijd ontzettend in. Heeft iedereen hier last van of ben ik in de minderheid? Edit: ik drink geen cafeïne-houdende drankjes Edit2: ja ik heb ADHD","","1723036615","2024-08-07T13:16:55+00:00","509","509","0.94","382","a341419102a9ef93","","reddit-nederlands-kakt_iedereen_ook_altijd_rond_1500_in:comment:lgxojha","comment","lgxojha","t1_lgxojha","https://www.reddit.com/r/nederlands/comments/1embj33/kakt_iedereen_ook_altijd_rond_1500_in/lgxojha/","/r/nederlands/comments/1embj33/kakt_iedereen_ook_altijd_rond_1500_in/lgxojha/","t3_1embj33","post","","lgxojha","0","true","lgxojha","9036c76734baa5a8","","","false","false","","323","323","0","0","2","1723037104","2024-08-07T13:25:04+00:00","false","False","","false","false","false","false","Nee, maar ik kak dan ook al in zodra ik in de ochtend wakker word","Nee, maar ik kak dan ook al in zodra ik in de ochtend wakker word","65","15","","","","false","false","","","","","18","[THREAD_TITLE]
Kakt iedereen ook altijd rond 15:00 in?

[THREAD_BODY]
Op school of op werk, rond een uur of 15:00 kak ik altijd ontzettend in. Heeft iedereen hier last van of ben ik in de minderheid? Edit: ik drink geen cafeïne-houdende drankjes Edit2: ja ik heb ADHD

[CURRENT_RECORD]
Nee, maar ik kak dan ook al in zodra ik in de ochtend wakker word"
"C:\Projects\Web\planner-tdah\research\reddit_data\reddit-nederlands-kakt_iedereen_ook_altijd_rond_1500_in.json","reddit-nederlands-kakt_iedereen_ook_altijd_rond_1500_in","1embj33","t3_1embj33","https://www.reddit.com/r/nederlands/comments/1embj33/kakt_iedereen_ook_altijd_rond_1500_in/","nederlands","r/nederlands","Kakt iedereen ook altijd rond 15:00 in?","Op school of op werk, rond een uur of 15:00 kak ik altijd ontzettend in. Heeft iedereen hier last van of ben ik in de minderheid? Edit: ik drink geen cafeïne-houdende drankjes Edit2: ja ik heb ADHD","","1723036615","2024-08-07T13:16:55+00:00","509","509","0.94","382","a341419102a9ef93","","reddit-nederlands-kakt_iedereen_ook_altijd_rond_1500_in:comment:lgyd4pz","comment","lgyd4pz","t1_lgyd4pz","https://www.reddit.com/r/nederlands/comments/1embj33/kakt_iedereen_ook_altijd_rond_1500_in/lgyd4pz/","/r/nederlands/comments/1embj33/kakt_iedereen_ook_altijd_rond_1500_in/lgyd4pz/","t1_lgxojha","comment","lgxojha","lgxojha","1","false","lgxojha > lgyd4pz","ca8294cf63914a4c","","","false","false","","93","93","0","0","3","1723045205","2024-08-07T15:40:05+00:00","1723045586","1723045586","2024-08-07T15:46:26+00:00","false","false","false","false","Ik kak altijd rond 9 uur in de ochtend als ik op werk ben. Ik weet niet waarom ik altijd rond die tijd moet kakken, maar ik merk dat kakken op reguliere tijden een positief effect heeft op mijn stoelgang. Vreemd genoeg hoef ik als ik vrij ben soms een hele dag niet te kakken. Edit: oh ik las het verkeerd. nvm","Ik kak altijd rond 9 uur in de ochtend als ik op werk ben. Ik weet niet waarom ik altijd rond die tijd moet kakken, maar ik merk dat kakken op reguliere tijden een positief effect heeft op mijn stoelgang. Vreemd genoeg hoef ik als ik vrij ben soms een hele dag niet te kakken. Ed…","310","62","Nee, maar ik kak dan ook al in zodra ik in de ochtend wakker word","Nee, maar ik kak dan ook al in zodra ik in de ochtend wakker word","","false","false","","","","","28","[THREAD_TITLE]
Kakt iedereen ook altijd rond 15:00 in?

[THREAD_BODY]
Op school of op werk, rond een uur of 15:00 kak ik altijd ontzettend in. Heeft iedereen hier last van of ben ik in de minderheid? Edit: ik drink geen cafeïne-houdende drankjes Edit2: ja ik heb ADHD

[PARENT_COMMENT_CONTEXT]
Nee, maar ik kak dan ook al in zodra ik in de ochtend wakker word

[CURRENT_RECORD]
Ik kak altijd rond 9 uur in de ochtend als ik op werk ben. Ik weet niet waarom ik altijd rond die tijd moet kakken, maar ik merk dat kakken op reguliere tijden een positief effect heeft op mijn stoelgang. Vreemd genoeg hoef ik als ik vrij ben soms een hele dag niet te kakken. Edit: oh ik las het verkeerd. nvm"
"C:\Projects\Web\planner-tdah\research\reddit_data\reddit-nederlands-kakt_iedereen_ook_altijd_rond_1500_in.json","reddit-nederlands-kakt_iedereen_ook_altijd_rond_1500_in","1embj33","t3_1embj33","https://www.reddit.com/r/nederlands/comments/1embj33/kakt_iedereen_ook_altijd_rond_1500_in/","nederlands","r/nederlands","Kakt iedereen ook altijd rond 15:00 in?","Op school of op werk, rond een uur of 15:00 kak ik altijd ontzettend in. Heeft iedereen hier last van of ben ik in de minderheid? Edit: ik drink geen cafeïne-houdende drankjes Edit2: ja ik heb ADHD","","1723036615","2024-08-07T13:16:55+00:00","509","509","0.94","382","a341419102a9ef93","","reddit-nederlands-kakt_iedereen_ook_altijd_rond_1500_in:comment:lgyibtx","comment","lgyibtx","t1_lgyibtx","https://www.reddit.com/r/nederlands/comments/1embj33/kakt_iedereen_ook_altijd_rond_1500_in/lgyibtx/","/r/nederlands/comments/1embj33/kakt_iedereen_ook_altijd_rond_1500_in/lgyibtx/","t1_lgyd4pz","comment","lgyd4pz","lgxojha","2","false","lgxojha > lgyd4pz > lgyibtx","9036c76734baa5a8","","","false","false","","31","31","0","0","0","1723046799","2024-08-07T16:06:39+00:00","false","False","","false","false","false","false","Toch weer wat geleerd over iemands kakschema!","Toch weer wat geleerd over iemands kakschema!","45","7","Ik kak altijd rond 9 uur in de ochtend als ik op werk ben. Ik weet niet waarom ik altijd rond die tijd moet kakken, maar ik merk dat kakken op reguliere tijden een positief effect heeft op mijn stoelgang. Vreemd genoeg hoef ik als ik vrij ben soms een hele dag niet te kakken. Edit: oh ik las het verkeerd. nvm","Nee, maar ik kak dan ook al in zodra ik in de ochtend wakker word","","false","false","","","","","10","[THREAD_TITLE]
Kakt iedereen ook altijd rond 15:00 in?

[THREAD_BODY]
Op school of op werk, rond een uur of 15:00 kak ik altijd ontzettend in. Heeft iedereen hier last van of ben ik in de minderheid? Edit: ik drink geen cafeïne-houdende drankjes Edit2: ja ik heb ADHD

[ROOT_COMMENT_CONTEXT]
Nee, maar ik kak dan ook al in zodra ik in de ochtend wakker word

[PARENT_COMMENT_CONTEXT]
Ik kak altijd rond 9 uur in de ochtend als ik op werk ben. Ik weet niet waarom ik altijd rond die tijd moet kakken, maar ik merk dat kakken op reguliere tijden een positief effect heeft op mijn stoelgang. Vreemd genoeg hoef ik als ik vrij ben soms een hele dag niet te kakken. Edit: oh ik las het verkeerd. nvm

[CURRENT_RECORD]
Toch weer wat geleerd over iemands kakschema!"
"C:\Projects\Web\planner-tdah\research\reddit_data\reddit-nederlands-kakt_iedereen_ook_altijd_rond_1500_in.json","reddit-nederlands-kakt_iedereen_ook_altijd_rond_1500_in","1embj33","t3_1embj33","https://www.reddit.com/r/nederlands/comments/1embj33/kakt_iedereen_ook_altijd_rond_1500_in/","nederlands","r/nederlands","Kakt iedereen ook altijd rond 15:00 in?","Op school of op werk, rond een uur of 15:00 kak ik altijd ontzettend in. Heeft iedereen hier last van of ben ik in de minderheid? Edit: ik drink geen cafeïne-houdende drankjes Edit2: ja ik heb ADHD","","1723036615","2024-08-07T13:16:55+00:00","509","509","0.94","382","a341419102a9ef93","","reddit-nederlands-kakt_iedereen_ook_altijd_rond_1500_in:comment:lgymh41","comment","lgymh41","t1_lgymh41","https://www.reddit.com/r/nederlands/comments/1embj33/kakt_iedereen_ook_altijd_rond_1500_in/lgymh41/","/r/nederlands/comments/1embj33/kakt_iedereen_ook_altijd_rond_1500_in/lgymh41/","t1_lgyd4pz","comment","lgyd4pz","lgxojha","2","false","lgxojha > lgyd4pz > lgymh41","519940b4f76ab0fc","","","false","false","","4","4","0","0","2","1723048074","2024-08-07T16:27:54+00:00","false","False","","false","false","false","false","Kakken onder werktijd is wholesome","Kakken onder werktijd is wholesome","34","5","Ik kak altijd rond 9 uur in de ochtend als ik op werk ben. Ik weet niet waarom ik altijd rond die tijd moet kakken, maar ik merk dat kakken op reguliere tijden een positief effect heeft op mijn stoelgang. Vreemd genoeg hoef ik als ik vrij ben soms een hele dag niet te kakken. Edit: oh ik las het verkeerd. nvm","Nee, maar ik kak dan ook al in zodra ik in de ochtend wakker word","","false","false","","","","","3","[THREAD_TITLE]
Kakt iedereen ook altijd rond 15:00 in?

[THREAD_BODY]
Op school of op werk, rond een uur of 15:00 kak ik altijd ontzettend in. Heeft iedereen hier last van of ben ik in de minderheid? Edit: ik drink geen cafeïne-houdende drankjes Edit2: ja ik heb ADHD

[ROOT_COMMENT_CONTEXT]
Nee, maar ik kak dan ook al in zodra ik in de ochtend wakker word

[PARENT_COMMENT_CONTEXT]
Ik kak altijd rond 9 uur in de ochtend als ik op werk ben. Ik weet niet waarom ik altijd rond die tijd moet kakken, maar ik merk dat kakken op reguliere tijden een positief effect heeft op mijn stoelgang. Vreemd genoeg hoef ik als ik vrij ben soms een hele dag niet te kakken. Edit: oh ik las het verkeerd. nvm

[CURRENT_RECORD]
Kakken onder werktijd is wholesome"
"C:\Projects\Web\planner-tdah\research\reddit_data\reddit-nederlands-kakt_iedereen_ook_altijd_rond_1500_in.json","reddit-nederlands-kakt_iedereen_ook_altijd_rond_1500_in","1embj33","t3_1embj33","https://www.reddit.com/r/nederlands/comments/1embj33/kakt_iedereen_ook_altijd_rond_1500_in/","nederlands","r/nederlands","Kakt iedereen ook altijd rond 15:00 in?","Op school of op werk, rond een uur of 15:00 kak ik altijd ontzettend in. Heeft iedereen hier last van of ben ik in de minderheid? Edit: ik drink geen cafeïne-houdende drankjes Edit2: ja ik heb ADHD","","1723036615","2024-08-07T13:16:55+00:00","509","509","0.94","382","a341419102a9ef93","","reddit-nederlands-kakt_iedereen_ook_altijd_rond_1500_in:comment:lgyp337","comment","lgyp337","t1_lgyp337","https://www.reddit.com/r/nederlands/comments/1embj33/kakt_iedereen_ook_altijd_rond_1500_in/lgyp337/","/r/nederlands/comments/1embj33/kakt_iedereen_ook_altijd_rond_1500_in/lgyp337/","t1_lgymh41","comment","lgymh41","lgxojha","3","false","lgxojha > lgyd4pz > lgymh41 > lgyp337","ca8294cf63914a4c","","","false","false","","13","13","0","0","1","1723048873","2024-08-07T16:41:13+00:00","false","False","","false","false","false","false","Ik heb er geen tijd voor voordat ik weg ga ‘s ochtends. Plus de plee op werk is veel beter dan die thuis. We hebben zo’n minder valide plee die super ruim is met eigen wasbak en alles, alleen niemand die bij ons werkt is minder valide, dus is nooit bezet. Plus het is in de baas z’n tijd dus ik krijg betaald om te kakken. Win win win","Ik heb er geen tijd voor voordat ik weg ga ‘s ochtends. Plus de plee op werk is veel beter dan die thuis. We hebben zo’n minder valide plee die super ruim is met eigen wasbak en alles, alleen niemand die bij ons werkt is minder valide, dus is nooit bezet. Plus het is in de baas…","334","69","Kakken onder werktijd is wholesome","Nee, maar ik kak dan ook al in zodra ik in de ochtend wakker word","","false","false","","","","","18","[THREAD_TITLE]
Kakt iedereen ook altijd rond 15:00 in?

[THREAD_BODY]
Op school of op werk, rond een uur of 15:00 kak ik altijd ontzettend in. Heeft iedereen hier last van of ben ik in de minderheid? Edit: ik drink geen cafeïne-houdende drankjes Edit2: ja ik heb ADHD

[ROOT_COMMENT_CONTEXT]
Nee, maar ik kak dan ook al in zodra ik in de ochtend wakker word

[PARENT_COMMENT_CONTEXT]
Kakken onder werktijd is wholesome

[CURRENT_RECORD]
Ik heb er geen tijd voor voordat ik weg ga ‘s ochtends. Plus de plee op werk is veel beter dan die thuis. We hebben zo’n minder valide plee die super ruim is met eigen wasbak en alles, alleen niemand die bij ons werkt is minder valide, dus is nooit bezet. Plus het is in de baas z’n tijd dus ik krijg betaald om te kakken. Win win win"
"C:\Projects\Web\planner-tdah\research\reddit_data\reddit-nederlands-kakt_iedereen_ook_altijd_rond_1500_in.json","reddit-nederlands-kakt_iedereen_ook_altijd_rond_1500_in","1embj33","t3_1embj33","https://www.reddit.com/r/nederlands/comments/1embj33/kakt_iedereen_ook_altijd_rond_1500_in/","nederlands","r/nederlands","Kakt iedereen ook altijd rond 15:00 in?","Op school of op werk, rond een uur of 15:00 kak ik altijd ontzettend in. Heeft iedereen hier last van of ben ik in de minderheid? Edit: ik drink geen cafeïne-houdende drankjes Edit2: ja ik heb ADHD","","1723036615","2024-08-07T13:16:55+00:00","509","509","0.94","382","a341419102a9ef93","","reddit-nederlands-kakt_iedereen_ook_altijd_rond_1500_in:comment:lgys0ad","comment","lgys0ad","t1_lgys0ad","https://www.reddit.com/r/nederlands/comments/1embj33/kakt_iedereen_ook_altijd_rond_1500_in/lgys0ad/","/r/nederlands/comments/1embj33/kakt_iedereen_ook_altijd_rond_1500_in/lgys0ad/","t1_lgyp337","comment","lgyp337","lgxojha","4","false","lgxojha > lgyd4pz > lgymh41 > lgyp337 > lgys0ad","519940b4f76ab0fc","","","false","false","","5","5","0","0","0","1723049757","2024-08-07T16:55:57+00:00","false","False","","false","false","false","false","Je hebt apps waar je kan bijhouden hoeveel tijd je betaald kakt. Zomaar een tip!","Je hebt apps waar je kan bijhouden hoeveel tijd je betaald kakt. Zomaar een tip!","80","15","Ik heb er geen tijd voor voordat ik weg ga ‘s ochtends. Plus de plee op werk is veel beter dan die thuis. We hebben zo’n minder valide plee die super ruim is met eigen wasbak en alles, alleen niemand die bij ons werkt is minder valide, dus is nooit bezet. Plus het is in de baas z’n tijd dus ik krijg betaald om te kakken. Win win win","Nee, maar ik kak dan ook al in zodra ik in de ochtend wakker word","","false","false","app","","","mentions_planner_or_system","9","[THREAD_TITLE]
Kakt iedereen ook altijd rond 15:00 in?

[THREAD_BODY]
Op school of op werk, rond een uur of 15:00 kak ik altijd ontzettend in. Heeft iedereen hier last van of ben ik in de minderheid? Edit: ik drink geen cafeïne-houdende drankjes Edit2: ja ik heb ADHD

[ROOT_COMMENT_CONTEXT]
Nee, maar ik kak dan ook al in zodra ik in de ochtend wakker word

[PARENT_COMMENT_CONTEXT]
Ik heb er geen tijd voor voordat ik weg ga ‘s ochtends. Plus de plee op werk is veel beter dan die thuis. We hebben zo’n minder valide plee die super ruim is met eigen wasbak en alles, alleen niemand die bij ons werkt is minder valide, dus is nooit bezet. Plus het is in de baas z’n tijd dus ik krijg betaald om te kakken. Win win win

[CURRENT_RECORD]
Je hebt apps waar je kan bijhouden hoeveel tijd je betaald kakt. Zomaar een tip!"
"C:\Projects\Web\planner-tdah\research\reddit_data\reddit-nederlands-kakt_iedereen_ook_altijd_rond_1500_in.json","reddit-nederlands-kakt_iedereen_ook_altijd_rond_1500_in","1embj33","t3_1embj33","https://www.reddit.com/r/nederlands/comments/1embj33/kakt_iedereen_ook_altijd_rond_1500_in/","nederlands","r/nederlands","Kakt iedereen ook altijd rond 15:00 in?","Op school of op werk, rond een uur of 15:00 kak ik altijd ontzettend in. Heeft iedereen hier last van of ben ik in de minderheid? Edit: ik drink geen cafeïne-houdende drankjes Edit2: ja ik heb ADHD","","1723036615","2024-08-07T13:16:55+00:00","509","509","0.94","382","a341419102a9ef93","","reddit-nederlands-kakt_iedereen_ook_altijd_rond_1500_in:comment:lgz24z1","comment","lgz24z1","t1_lgz24z1","https://www.reddit.com/r/nederlands/comments/1embj33/kakt_iedereen_ook_altijd_rond_1500_in/lgz24z1/","/r/nederlands/comments/1embj33/kakt_iedereen_ook_altijd_rond_1500_in/lgz24z1/","t1_lgymh41","comment","lgymh41","lgxojha","3","false","lgxojha > lgyd4pz > lgymh41 > lgz24z1","0be150e67a425054","","Parkstad Auwhoer","false","false","","5","5","0","0","0","1723052821","2024-08-07T17:47:01+00:00","false","False","","false","false","false","false","Afhankelijk van hoeveel je betaald krijgt kan je op die manier ook nog eens stinkend rijk worden.","Afhankelijk van hoeveel je betaald krijgt kan je op die manier ook nog eens stinkend rijk worden.","97","17","Kakken onder werktijd is wholesome","Nee, maar ik kak dan ook al in zodra ik in de ochtend wakker word","","false","false","","","","","5","[THREAD_TITLE]
Kakt iedereen ook altijd rond 15:00 in?

[THREAD_BODY]
Op school of op werk, rond een uur of 15:00 kak ik altijd ontzettend in. Heeft iedereen hier last van of ben ik in de minderheid? Edit: ik drink geen cafeïne-houdende drankjes Edit2: ja ik heb ADHD

[ROOT_COMMENT_CONTEXT]
Nee, maar ik kak dan ook al in zodra ik in de ochtend wakker word

[PARENT_COMMENT_CONTEXT]
Kakken onder werktijd is wholesome

[CURRENT_RECORD]
Afhankelijk van hoeveel je betaald krijgt kan je op die manier ook nog eens stinkend rijk worden."
"C:\Projects\Web\planner-tdah\research\reddit_data\reddit-nederlands-kakt_iedereen_ook_altijd_rond_1500_in.json","reddit-nederlands-kakt_iedereen_ook_altijd_rond_1500_in","1embj33","t3_1embj33","https://www.reddit.com/r/nederlands/comments/1embj33/kakt_iedereen_ook_altijd_rond_1500_in/","nederlands","r/nederlands","Kakt iedereen ook altijd rond 15:00 in?","Op school of op werk, rond een uur of 15:00 kak ik altijd ontzettend in. Heeft iedereen hier last van of ben ik in de minderheid? Edit: ik drink geen cafeïne-houdende drankjes Edit2: ja ik heb ADHD","","1723036615","2024-08-07T13:16:55+00:00","509","509","0.94","382","a341419102a9ef93","","reddit-nederlands-kakt_iedereen_ook_altijd_rond_1500_in:comment:lgxovc5","comment","lgxovc5","t1_lgxovc5","https://www.reddit.com/r/nederlands/comments/1embj33/kakt_iedereen_ook_altijd_rond_1500_in/lgxovc5/","/r/nederlands/comments/1embj33/kakt_iedereen_ook_altijd_rond_1500_in/lgxovc5/","t3_1embj33","post","","lgxovc5","0","true","lgxovc5","a536d56bac1b421e","","","false","false","","128","128","0","0","2","1723037226","2024-08-07T13:27:06+00:00","false","False","","false","false","false","false","Ergens tussen 2 en 4 inderdaad, maar niet specifiek om 3 uur. Vandaag begon t al om 2 uur, maar ik loop de hele week ook al een beetje achter mensen aan die achter de feiten aan lopen. Planner zijn is leuk hoor, verder.","Ergens tussen 2 en 4 inderdaad, maar niet specifiek om 3 uur. Vandaag begon t al om 2 uur, maar ik loop de hele week ook al een beetje achter mensen aan die achter de feiten aan lopen. Planner zijn is leuk hoor, verder.","219","44","","","","false","false","planner | plan","","","mentions_planner_or_system","36","[THREAD_TITLE]
Kakt iedereen ook altijd rond 15:00 in?

[THREAD_BODY]
Op school of op werk, rond een uur of 15:00 kak ik altijd ontzettend in. Heeft iedereen hier last van of ben ik in de minderheid? Edit: ik drink geen cafeïne-houdende drankjes Edit2: ja ik heb ADHD

[CURRENT_RECORD]
Ergens tussen 2 en 4 inderdaad, maar niet specifiek om 3 uur. Vandaag begon t al om 2 uur, maar ik loop de hele week ook al een beetje achter mensen aan die achter de feiten aan lopen. Planner zijn is leuk hoor, verder."
"C:\Projects\Web\planner-tdah\research\reddit_data\reddit-nederlands-kakt_iedereen_ook_altijd_rond_1500_in.json","reddit-nederlands-kakt_iedereen_ook_altijd_rond_1500_in","1embj33","t3_1embj33","https://www.reddit.com/r/nederlands/comments/1embj33/kakt_iedereen_ook_altijd_rond_1500_in/","nederlands","r/nederlands","Kakt iedereen ook altijd rond 15:00 in?","Op school of op werk, rond een uur of 15:00 kak ik altijd ontzettend in. Heeft iedereen hier last van of ben ik in de minderheid? Edit: ik drink geen cafeïne-houdende drankjes Edit2: ja ik heb ADHD","","1723036615","2024-08-07T13:16:55+00:00","509","509","0.94","382","a341419102a9ef93","","reddit-nederlands-kakt_iedereen_ook_altijd_rond_1500_in:comment:lgxt6e8","comment","lgxt6e8","t1_lgxt6e8","https://www.reddit.com/r/nederlands/comments/1embj33/kakt_iedereen_ook_altijd_rond_1500_in/lgxt6e8/","/r/nederlands/comments/1embj33/kakt_iedereen_ook_altijd_rond_1500_in/lgxt6e8/","t1_lgxovc5","comment","lgxovc5","lgxovc5","1","false","lgxovc5 > lgxt6e8","d255859c78d2b500","","","false","false","","16","16","0","0","0","1723038752","2024-08-07T13:52:32+00:00","false","False","","false","false","false","false","Dit, tussen 2 en 4 uur. Ik moet soms echt m'n best doen om de focus te houden.","Dit, tussen 2 en 4 uur. Ik moet soms echt m'n best doen om de focus te houden.","78","18","Ergens tussen 2 en 4 inderdaad, maar niet specifiek om 3 uur. Vandaag begon t al om 2 uur, maar ik loop de hele week ook al een beetje achter mensen aan die achter de feiten aan lopen. Planner zijn is leuk hoor, verder.","Ergens tussen 2 en 4 inderdaad, maar niet specifiek om 3 uur. Vandaag begon t al om 2 uur, maar ik loop de hele week ook al een beetje achter mensen aan die achter de feiten aan lopen. Planner zijn is leuk hoor, verder.","","false","false","","","","","5","[THREAD_TITLE]
Kakt iedereen ook altijd rond 15:00 in?

[THREAD_BODY]
Op school of op werk, rond een uur of 15:00 kak ik altijd ontzettend in. Heeft iedereen hier last van of ben ik in de minderheid? Edit: ik drink geen cafeïne-houdende drankjes Edit2: ja ik heb ADHD

[PARENT_COMMENT_CONTEXT]
Ergens tussen 2 en 4 inderdaad, maar niet specifiek om 3 uur. Vandaag begon t al om 2 uur, maar ik loop de hele week ook al een beetje achter mensen aan die achter de feiten aan lopen. Planner zijn is leuk hoor, verder.

[CURRENT_RECORD]
Dit, tussen 2 en 4 uur. Ik moet soms echt m'n best doen om de focus te houden."
"C:\Projects\Web\planner-tdah\research\reddit_data\reddit-nederlands-kakt_iedereen_ook_altijd_rond_1500_in.json","reddit-nederlands-kakt_iedereen_ook_altijd_rond_1500_in","1embj33","t3_1embj33","https://www.reddit.com/r/nederlands/comments/1embj33/kakt_iedereen_ook_altijd_rond_1500_in/","nederlands","r/nederlands","Kakt iedereen ook altijd rond 15:00 in?","Op school of op werk, rond een uur of 15:00 kak ik altijd ontzettend in. Heeft iedereen hier last van of ben ik in de minderheid? Edit: ik drink geen cafeïne-houdende drankjes Edit2: ja ik heb ADHD","","1723036615","2024-08-07T13:16:55+00:00","509","509","0.94","382","a341419102a9ef93","","reddit-nederlands-kakt_iedereen_ook_altijd_rond_1500_in:comment:lgxrsd9","comment","lgxrsd9","t1_lgxrsd9","https://www.reddit.com/r/nederlands/comments/1embj33/kakt_iedereen_ook_altijd_rond_1500_in/lgxrsd9/","/r/nederlands/comments/1embj33/kakt_iedereen_ook_altijd_rond_1500_in/lgxrsd9/","t3_1embj33","post","","lgxrsd9","0","true","lgxrsd9","dd08d25bfb9ded9f","","","false","false","","106","106","0","0","2","1723038273","2024-08-07T13:44:33+00:00","false","False","","false","false","false","false","Ja we zijn niet gemaakt om 8 uur per dag te werken.","Ja we zijn niet gemaakt om 8 uur per dag te werken.","51","12","","","","false","false","","","","","18","[THREAD_TITLE]
Kakt iedereen ook altijd rond 15:00 in?

[THREAD_BODY]
Op school of op werk, rond een uur of 15:00 kak ik altijd ontzettend in. Heeft iedereen hier last van of ben ik in de minderheid? Edit: ik drink geen cafeïne-houdende drankjes Edit2: ja ik heb ADHD

[CURRENT_RECORD]
Ja we zijn niet gemaakt om 8 uur per dag te werken."
"C:\Projects\Web\planner-tdah\research\reddit_data\reddit-nederlands-kakt_iedereen_ook_altijd_rond_1500_in.json","reddit-nederlands-kakt_iedereen_ook_altijd_rond_1500_in","1embj33","t3_1embj33","https://www.reddit.com/r/nederlands/comments/1embj33/kakt_iedereen_ook_altijd_rond_1500_in/","nederlands","r/nederlands","Kakt iedereen ook altijd rond 15:00 in?","Op school of op werk, rond een uur of 15:00 kak ik altijd ontzettend in. Heeft iedereen hier last van of ben ik in de minderheid? Edit: ik drink geen cafeïne-houdende drankjes Edit2: ja ik heb ADHD","","1723036615","2024-08-07T13:16:55+00:00","509","509","0.94","382","a341419102a9ef93","","reddit-nederlands-kakt_iedereen_ook_altijd_rond_1500_in:comment:lgz9ayk","comment","lgz9ayk","t1_lgz9ayk","https://www.reddit.com/r/nederlands/comments/1embj33/kakt_iedereen_ook_altijd_rond_1500_in/lgz9ayk/","/r/nederlands/comments/1embj33/kakt_iedereen_ook_altijd_rond_1500_in/lgz9ayk/","t1_lgxrsd9","comment","lgxrsd9","lgxrsd9","1","false","lgxrsd9 > lgz9ayk","f31d60a48ce05a40","","","false","false","","59","59","0","0","0","1723054994","2024-08-07T18:23:14+00:00","false","False","","false","false","false","false","Dat zei mijn baas ook. Sindsdien werk ik er 10","Dat zei mijn baas ook. Sindsdien werk ik er 10","46","10","Ja we zijn niet gemaakt om 8 uur per dag te werken.","Ja we zijn niet gemaakt om 8 uur per dag te werken.","","false","false","","","","","15","[THREAD_TITLE]
Kakt iedereen ook altijd rond 15:00 in?

[THREAD_BODY]
Op school of op werk, rond een uur of 15:00 kak ik altijd ontzettend in. Heeft iedereen hier last van of ben ik in de minderheid? Edit: ik drink geen cafeïne-houdende drankjes Edit2: ja ik heb ADHD

[PARENT_COMMENT_CONTEXT]
Ja we zijn niet gemaakt om 8 uur per dag te werken.

[CURRENT_RECORD]
Dat zei mijn baas ook. Sindsdien werk ik er 10"
"C:\Projects\Web\planner-tdah\research\reddit_data\reddit-nederlands-kakt_iedereen_ook_altijd_rond_1500_in.json","reddit-nederlands-kakt_iedereen_ook_altijd_rond_1500_in","1embj33","t3_1embj33","https://www.reddit.com/r/nederlands/comments/1embj33/kakt_iedereen_ook_altijd_rond_1500_in/","nederlands","r/nederlands","Kakt iedereen ook altijd rond 15:00 in?","Op school of op werk, rond een uur of 15:00 kak ik altijd ontzettend in. Heeft iedereen hier last van of ben ik in de minderheid? Edit: ik drink geen cafeïne-houdende drankjes Edit2: ja ik heb ADHD","","1723036615","2024-08-07T13:16:55+00:00","509","509","0.94","382","a341419102a9ef93","","reddit-nederlands-kakt_iedereen_ook_altijd_rond_1500_in:comment:lgxq743","comment","lgxq743","t1_lgxq743","https://www.reddit.com/r/nederlands/comments/1embj33/kakt_iedereen_ook_altijd_rond_1500_in/lgxq743/","/r/nederlands/comments/1embj33/kakt_iedereen_ook_altijd_rond_1500_in/lgxq743/","t3_1embj33","post","","lgxq743","0","true","lgxq743","","","","false","false","","31","31","0","0","1","1723037710","2024-08-07T13:35:10+00:00","false","False","","false","false","false","false","Meestal rond 10:00","Meestal rond 10:00","18","3","","","","false","false","","","","","13","[THREAD_TITLE]
Kakt iedereen ook altijd rond 15:00 in?

[THREAD_BODY]
Op school of op werk, rond een uur of 15:00 kak ik altijd ontzettend in. Heeft iedereen hier last van of ben ik in de minderheid? Edit: ik drink geen cafeïne-houdende drankjes Edit2: ja ik heb ADHD

[CURRENT_RECORD]
Meestal rond 10:00"
"C:\Projects\Web\planner-tdah\research\reddit_data\reddit-nederlands-kakt_iedereen_ook_altijd_rond_1500_in.json","reddit-nederlands-kakt_iedereen_ook_altijd_rond_1500_in","1embj33","t3_1embj33","https://www.reddit.com/r/nederlands/comments/1embj33/kakt_iedereen_ook_altijd_rond_1500_in/","nederlands","r/nederlands","Kakt iedereen ook altijd rond 15:00 in?","Op school of op werk, rond een uur of 15:00 kak ik altijd ontzettend in. Heeft iedereen hier last van of ben ik in de minderheid? Edit: ik drink geen cafeïne-houdende drankjes Edit2: ja ik heb ADHD","","1723036615","2024-08-07T13:16:55+00:00","509","509","0.94","382","a341419102a9ef93","","reddit-nederlands-kakt_iedereen_ook_altijd_rond_1500_in:comment:lgxqkbo","comment","lgxqkbo","t1_lgxqkbo","https://www.reddit.com/r/nederlands/comments/1embj33/kakt_iedereen_ook_altijd_rond_1500_in/lgxqkbo/","/r/nederlands/comments/1embj33/kakt_iedereen_ook_altijd_rond_1500_in/lgxqkbo/","t3_1embj33","post","","lgxqkbo","0","true","lgxqkbo","e8c45620bff2d5fa","","","false","false","","155","155","0","0","3","1723037842","2024-08-07T13:37:22+00:00","false","False","","false","false","false","false","Ff sleutelpuntje er bij en dooooor","Ff sleutelpuntje er bij en dooooor","34","6","","","","false","false","","","","","18","[THREAD_TITLE]
Kakt iedereen ook altijd rond 15:00 in?

[THREAD_BODY]
Op school of op werk, rond een uur of 15:00 kak ik altijd ontzettend in. Heeft iedereen hier last van of ben ik in de minderheid? Edit: ik drink geen cafeïne-houdende drankjes Edit2: ja ik heb ADHD

[CURRENT_RECORD]
Ff sleutelpuntje er bij en dooooor"
"C:\Projects\Web\planner-tdah\research\reddit_data\reddit-nederlands-kakt_iedereen_ook_altijd_rond_1500_in.json","reddit-nederlands-kakt_iedereen_ook_altijd_rond_1500_in","1embj33","t3_1embj33","https://www.reddit.com/r/nederlands/comments/1embj33/kakt_iedereen_ook_altijd_rond_1500_in/","nederlands","r/nederlands","Kakt iedereen ook altijd rond 15:00 in?","Op school of op werk, rond een uur of 15:00 kak ik altijd ontzettend in. Heeft iedereen hier last van of ben ik in de minderheid? Edit: ik drink geen cafeïne-houdende drankjes Edit2: ja ik heb ADHD","","1723036615","2024-08-07T13:16:55+00:00","509","509","0.94","382","a341419102a9ef93","","reddit-nederlands-kakt_iedereen_ook_altijd_rond_1500_in:comment:lgxv1k7","comment","lgxv1k7","t1_lgxv1k7","https://www.reddit.com/r/nederlands/comments/1embj33/kakt_iedereen_ook_altijd_rond_1500_in/lgxv1k7/","/r/nederlands/comments/1embj33/kakt_iedereen_ook_altijd_rond_1500_in/lgxv1k7/","t1_lgxqkbo","comment","lgxqkbo","lgxqkbo","1","false","lgxqkbo > lgxv1k7","","","","false","false","","69","69","0","0","1","1723039389","2024-08-07T14:03:09+00:00","false","False","","false","false","false","false","Inkakken is bijnakken","Inkakken is bijnakken","21","3","Ff sleutelpuntje er bij en dooooor","Ff sleutelpuntje er bij en dooooor","","false","false","","","","","18","[THREAD_TITLE]
Kakt iedereen ook altijd rond 15:00 in?

[THREAD_BODY]
Op school of op werk, rond een uur of 15:00 kak ik altijd ontzettend in. Heeft iedereen hier last van of ben ik in de minderheid? Edit: ik drink geen cafeïne-houdende drankjes Edit2: ja ik heb ADHD

[PARENT_COMMENT_CONTEXT]
Ff sleutelpuntje er bij en dooooor

[CURRENT_RECORD]
Inkakken is bijnakken"
"C:\Projects\Web\planner-tdah\research\reddit_data\reddit-nederlands-kakt_iedereen_ook_altijd_rond_1500_in.json","reddit-nederlands-kakt_iedereen_ook_altijd_rond_1500_in","1embj33","t3_1embj33","https://www.reddit.com/r/nederlands/comments/1embj33/kakt_iedereen_ook_altijd_rond_1500_in/","nederlands","r/nederlands","Kakt iedereen ook altijd rond 15:00 in?","Op school of op werk, rond een uur of 15:00 kak ik altijd ontzettend in. Heeft iedereen hier last van of ben ik in de minderheid? Edit: ik drink geen cafeïne-houdende drankjes Edit2: ja ik heb ADHD","","1723036615","2024-08-07T13:16:55+00:00","509","509","0.94","382","a341419102a9ef93","","reddit-nederlands-kakt_iedereen_ook_altijd_rond_1500_in:comment:lgxxs7i","comment","lgxxs7i","t1_lgxxs7i","https://www.reddit.com/r/nederlands/comments/1embj33/kakt_iedereen_ook_altijd_rond_1500_in/lgxxs7i/","/r/nederlands/comments/1embj33/kakt_iedereen_ook_altijd_rond_1500_in/lgxxs7i/","t1_lgxv1k7","comment","lgxv1k7","lgxqkbo","2","false","lgxqkbo > lgxv1k7 > lgxxs7i","eaf3d7edeceee5a8","","","false","false","","38","38","0","0","2","1723040313","2024-08-07T14:18:33+00:00","false","False","","false","false","false","false","Overdoseren is ook doseren","Overdoseren is ook doseren","26","4","Inkakken is bijnakken","Ff sleutelpuntje er bij en dooooor","","false","false","","","","","13","[THREAD_TITLE]
Kakt iedereen ook altijd rond 15:00 in?

[THREAD_BODY]
Op school of op werk, rond een uur of 15:00 kak ik altijd ontzettend in. Heeft iedereen hier last van of ben ik in de minderheid? Edit: ik drink geen cafeïne-houdende drankjes Edit2: ja ik heb ADHD

[ROOT_COMMENT_CONTEXT]
Ff sleutelpuntje er bij en dooooor

[PARENT_COMMENT_CONTEXT]
Inkakken is bijnakken

[CURRENT_RECORD]
Overdoseren is ook doseren"
"C:\Projects\Web\planner-tdah\research\reddit_data\reddit-nederlands-kakt_iedereen_ook_altijd_rond_1500_in.json","reddit-nederlands-kakt_iedereen_ook_altijd_rond_1500_in","1embj33","t3_1embj33","https://www.reddit.com/r/nederlands/comments/1embj33/kakt_iedereen_ook_altijd_rond_1500_in/","nederlands","r/nederlands","Kakt iedereen ook altijd rond 15:00 in?","Op school of op werk, rond een uur of 15:00 kak ik altijd ontzettend in. Heeft iedereen hier last van of ben ik in de minderheid? Edit: ik drink geen cafeïne-houdende drankjes Edit2: ja ik heb ADHD","","1723036615","2024-08-07T13:16:55+00:00","509","509","0.94","382","a341419102a9ef93","","reddit-nederlands-kakt_iedereen_ook_altijd_rond_1500_in:comment:lgy4f58","comment","lgy4f58","t1_lgy4f58","https://www.reddit.com/r/nederlands/comments/1embj33/kakt_iedereen_ook_altijd_rond_1500_in/lgy4f58/","/r/nederlands/comments/1embj33/kakt_iedereen_ook_altijd_rond_1500_in/lgy4f58/","t1_lgxxs7i","comment","lgxxs7i","lgxqkbo","3","false","lgxqkbo > lgxv1k7 > lgxxs7i > lgy4f58","f1320a593359772a","","","false","false","","19","19","0","0","1","1723042468","2024-08-07T14:54:28+00:00","false","False","","false","false","false","false","Outgaan is ook hardgaan","Outgaan is ook hardgaan","23","4","Overdoseren is ook doseren","Ff sleutelpuntje er bij en dooooor","","false","false","","","","","8","[THREAD_TITLE]
Kakt iedereen ook altijd rond 15:00 in?

[THREAD_BODY]
Op school of op werk, rond een uur of 15:00 kak ik altijd ontzettend in. Heeft iedereen hier last van of ben ik in de minderheid? Edit: ik drink geen cafeïne-houdende drankjes Edit2: ja ik heb ADHD

[ROOT_COMMENT_CONTEXT]
Ff sleutelpuntje er bij en dooooor

[PARENT_COMMENT_CONTEXT]
Overdoseren is ook doseren

[CURRENT_RECORD]
Outgaan is ook hardgaan"
"C:\Projects\Web\planner-tdah\research\reddit_data\reddit-nederlands-kakt_iedereen_ook_altijd_rond_1500_in.json","reddit-nederlands-kakt_iedereen_ook_altijd_rond_1500_in","1embj33","t3_1embj33","https://www.reddit.com/r/nederlands/comments/1embj33/kakt_iedereen_ook_altijd_rond_1500_in/","nederlands","r/nederlands","Kakt iedereen ook altijd rond 15:00 in?","Op school of op werk, rond een uur of 15:00 kak ik altijd ontzettend in. Heeft iedereen hier last van of ben ik in de minderheid? Edit: ik drink geen cafeïne-houdende drankjes Edit2: ja ik heb ADHD","","1723036615","2024-08-07T13:16:55+00:00","509","509","0.94","382","a341419102a9ef93","","reddit-nederlands-kakt_iedereen_ook_altijd_rond_1500_in:comment:lgylm65","comment","lgylm65","t1_lgylm65","https://www.reddit.com/r/nederlands/comments/1embj33/kakt_iedereen_ook_altijd_rond_1500_in/lgylm65/","/r/nederlands/comments/1embj33/kakt_iedereen_ook_altijd_rond_1500_in/lgylm65/","t1_lgy4f58","comment","lgy4f58","lgxqkbo","4","false","lgxqkbo > lgxv1k7 > lgxxs7i > lgy4f58 > lgylm65","6fc52a79fafb0092","","","false","false","","10","10","0","0","0","1723047815","2024-08-07T16:23:35+00:00","false","False","","false","false","false","false","Verzuipen is ook zuipen","Verzuipen is ook zuipen","23","4","Outgaan is ook hardgaan","Ff sleutelpuntje er bij en dooooor","","false","false","","","","","5","[THREAD_TITLE]
Kakt iedereen ook altijd rond 15:00 in?

[THREAD_BODY]
Op school of op werk, rond een uur of 15:00 kak ik altijd ontzettend in. Heeft iedereen hier last van of ben ik in de minderheid? Edit: ik drink geen cafeïne-houdende drankjes Edit2: ja ik heb ADHD

[ROOT_COMMENT_CONTEXT]
Ff sleutelpuntje er bij en dooooor

[PARENT_COMMENT_CONTEXT]
Outgaan is ook hardgaan

[CURRENT_RECORD]
Verzuipen is ook zuipen"
"C:\Projects\Web\planner-tdah\research\reddit_data\reddit-nederlands-kakt_iedereen_ook_altijd_rond_1500_in.json","reddit-nederlands-kakt_iedereen_ook_altijd_rond_1500_in","1embj33","t3_1embj33","https://www.reddit.com/r/nederlands/comments/1embj33/kakt_iedereen_ook_altijd_rond_1500_in/","nederlands","r/nederlands","Kakt iedereen ook altijd rond 15:00 in?","Op school of op werk, rond een uur of 15:00 kak ik altijd ontzettend in. Heeft iedereen hier last van of ben ik in de minderheid? Edit: ik drink geen cafeïne-houdende drankjes Edit2: ja ik heb ADHD","","1723036615","2024-08-07T13:16:55+00:00","509","509","0.94","382","a341419102a9ef93","","reddit-nederlands-kakt_iedereen_ook_altijd_rond_1500_in:comment:lgxx1oh","comment","lgxx1oh","t1_lgxx1oh","https://www.reddit.com/r/nederlands/comments/1embj33/kakt_iedereen_ook_altijd_rond_1500_in/lgxx1oh/","/r/nederlands/comments/1embj33/kakt_iedereen_ook_altijd_rond_1500_in/lgxx1oh/","t1_lgxqkbo","comment","lgxqkbo","lgxqkbo","1","false","lgxqkbo > lgxx1oh","ccf4a399798ae088","","","false","false","","6","6","0","0","0","1723040066","2024-08-07T14:14:26+00:00","false","False","","false","false","false","false","Nak nak, strak in pak!","Nak nak, strak in pak!","22","5","Ff sleutelpuntje er bij en dooooor","Ff sleutelpuntje er bij en dooooor","","false","false","","","","","5","[THREAD_TITLE]
Kakt iedereen ook altijd rond 15:00 in?

[THREAD_BODY]
Op school of op werk, rond een uur of 15:00 kak ik altijd ontzettend in. Heeft iedereen hier last van of ben ik in de minderheid? Edit: ik drink geen cafeïne-houdende drankjes Edit2: ja ik heb ADHD

[PARENT_COMMENT_CONTEXT]
Ff sleutelpuntje er bij en dooooor

[CURRENT_RECORD]
Nak nak, strak in pak!"
"C:\Projects\Web\planner-tdah\research\reddit_data\reddit-nederlands-kakt_iedereen_ook_altijd_rond_1500_in.json","reddit-nederlands-kakt_iedereen_ook_altijd_rond_1500_in","1embj33","t3_1embj33","https://www.reddit.com/r/nederlands/comments/1embj33/kakt_iedereen_ook_altijd_rond_1500_in/","nederlands","r/nederlands","Kakt iedereen ook altijd rond 15:00 in?","Op school of op werk, rond een uur of 15:00 kak ik altijd ontzettend in. Heeft iedereen hier last van of ben ik in de minderheid? Edit: ik drink geen cafeïne-houdende drankjes Edit2: ja ik heb ADHD","","1723036615","2024-08-07T13:16:55+00:00","509","509","0.94","382","a341419102a9ef93","","reddit-nederlands-kakt_iedereen_ook_altijd_rond_1500_in:comment:lgxoty8","comment","lgxoty8","t1_lgxoty8","https://www.reddit.com/r/nederlands/comments/1embj33/kakt_iedereen_ook_altijd_rond_1500_in/lgxoty8/","/r/nederlands/comments/1embj33/kakt_iedereen_ook_altijd_rond_1500_in/lgxoty8/","t3_1embj33","post","","lgxoty8","0","true","lgxoty8","93a1baecc4c687de","","","false","false","","24","24","0","0","2","1723037212","2024-08-07T13:26:52+00:00","false","False","","false","false","false","false","Het komt in vlagen, maar rond 3 uur is dat bakkie pleur erg welkom.","Het komt in vlagen, maar rond 3 uur is dat bakkie pleur erg welkom.","67","14","","","","false","false","","","","","13","[THREAD_TITLE]
Kakt iedereen ook altijd rond 15:00 in?

[THREAD_BODY]
Op school of op werk, rond een uur of 15:00 kak ik altijd ontzettend in. Heeft iedereen hier last van of ben ik in de minderheid? Edit: ik drink geen cafeïne-houdende drankjes Edit2: ja ik heb ADHD

[CURRENT_RECORD]
Het komt in vlagen, maar rond 3 uur is dat bakkie pleur erg welkom."
"C:\Projects\Web\planner-tdah\research\reddit_data\reddit-nederlands-kakt_iedereen_ook_altijd_rond_1500_in.json","reddit-nederlands-kakt_iedereen_ook_altijd_rond_1500_in","1embj33","t3_1embj33","https://www.reddit.com/r/nederlands/comments/1embj33/kakt_iedereen_ook_altijd_rond_1500_in/","nederlands","r/nederlands","Kakt iedereen ook altijd rond 15:00 in?","Op school of op werk, rond een uur of 15:00 kak ik altijd ontzettend in. Heeft iedereen hier last van of ben ik in de minderheid? Edit: ik drink geen cafeïne-houdende drankjes Edit2: ja ik heb ADHD","","1723036615","2024-08-07T13:16:55+00:00","509","509","0.94","382","a341419102a9ef93","","reddit-nederlands-kakt_iedereen_ook_altijd_rond_1500_in:comment:lgxpssp","comment","lgxpssp","t1_lgxpssp","https://www.reddit.com/r/nederlands/comments/1embj33/kakt_iedereen_ook_altijd_rond_1500_in/lgxpssp/","/r/nederlands/comments/1embj33/kakt_iedereen_ook_altijd_rond_1500_in/lgxpssp/","t1_lgxoty8","comment","lgxoty8","lgxoty8","1","false","lgxoty8 > lgxpssp","b2a43a430a806db6","","","false","false","","22","22","0","0","2","1723037565","2024-08-07T13:32:45+00:00","false","False","","false","false","false","false","Om 2 uur kan er ook al eentje in, en 1 uur ook wel, begin van de middag lust ik er wel eentje, uurtje daarvoor ook, rond tienen kunnen er wel twee in, 9 uur als ik aankom op werk gaan er zeker ook wel 3 door, en dan nog 2 bij het ontbijt","Om 2 uur kan er ook al eentje in, en 1 uur ook wel, begin van de middag lust ik er wel eentje, uurtje daarvoor ook, rond tienen kunnen er wel twee in, 9 uur als ik aankom op werk gaan er zeker ook wel 3 door, en dan nog 2 bij het ontbijt","237","54","Het komt in vlagen, maar rond 3 uur is dat bakkie pleur erg welkom.","Het komt in vlagen, maar rond 3 uur is dat bakkie pleur erg welkom.","","false","false","","","","","23","[THREAD_TITLE]
Kakt iedereen ook altijd rond 15:00 in?

[THREAD_BODY]
Op school of op werk, rond een uur of 15:00 kak ik altijd ontzettend in. Heeft iedereen hier last van of ben ik in de minderheid? Edit: ik drink geen cafeïne-houdende drankjes Edit2: ja ik heb ADHD

[PARENT_COMMENT_CONTEXT]
Het komt in vlagen, maar rond 3 uur is dat bakkie pleur erg welkom.

[CURRENT_RECORD]
Om 2 uur kan er ook al eentje in, en 1 uur ook wel, begin van de middag lust ik er wel eentje, uurtje daarvoor ook, rond tienen kunnen er wel twee in, 9 uur als ik aankom op werk gaan er zeker ook wel 3 door, en dan nog 2 bij het ontbijt"
"C:\Projects\Web\planner-tdah\research\reddit_data\reddit-nederlands-kakt_iedereen_ook_altijd_rond_1500_in.json","reddit-nederlands-kakt_iedereen_ook_altijd_rond_1500_in","1embj33","t3_1embj33","https://www.reddit.com/r/nederlands/comments/1embj33/kakt_iedereen_ook_altijd_rond_1500_in/","nederlands","r/nederlands","Kakt iedereen ook altijd rond 15:00 in?","Op school of op werk, rond een uur of 15:00 kak ik altijd ontzettend in. Heeft iedereen hier last van of ben ik in de minderheid? Edit: ik drink geen cafeïne-houdende drankjes Edit2: ja ik heb ADHD","","1723036615","2024-08-07T13:16:55+00:00","509","509","0.94","382","a341419102a9ef93","","reddit-nederlands-kakt_iedereen_ook_altijd_rond_1500_in:comment:lgzmkzg","comment","lgzmkzg","t1_lgzmkzg","https://www.reddit.com/r/nederlands/comments/1embj33/kakt_iedereen_ook_altijd_rond_1500_in/lgzmkzg/","/r/nederlands/comments/1embj33/kakt_iedereen_ook_altijd_rond_1500_in/lgzmkzg/","t1_lgxpssp","comment","lgxpssp","lgxoty8","2","false","lgxoty8 > lgxpssp > lgzmkzg","785919af19316edc","","","false","false","","5","5","0","0","1","1723059062","2024-08-07T19:31:02+00:00","false","False","","false","false","false","false","Wat is je record? Hier 18 espresso voordat ik sterretjes begon te zien!","Wat is je record? Hier 18 espresso voordat ik sterretjes begon te zien!","71","13","Om 2 uur kan er ook al eentje in, en 1 uur ook wel, begin van de middag lust ik er wel eentje, uurtje daarvoor ook, rond tienen kunnen er wel twee in, 9 uur als ik aankom op werk gaan er zeker ook wel 3 door, en dan nog 2 bij het ontbijt","Het komt in vlagen, maar rond 3 uur is dat bakkie pleur erg welkom.","","true","false","","","","contains_question","8","[THREAD_TITLE]
Kakt iedereen ook altijd rond 15:00 in?

[THREAD_BODY]
Op school of op werk, rond een uur of 15:00 kak ik altijd ontzettend in. Heeft iedereen hier last van of ben ik in de minderheid? Edit: ik drink geen cafeïne-houdende drankjes Edit2: ja ik heb ADHD

[ROOT_COMMENT_CONTEXT]
Het komt in vlagen, maar rond 3 uur is dat bakkie pleur erg welkom.

[PARENT_COMMENT_CONTEXT]
Om 2 uur kan er ook al eentje in, en 1 uur ook wel, begin van de middag lust ik er wel eentje, uurtje daarvoor ook, rond tienen kunnen er wel twee in, 9 uur als ik aankom op werk gaan er zeker ook wel 3 door, en dan nog 2 bij het ontbijt

[CURRENT_RECORD]
Wat is je record? Hier 18 espresso voordat ik sterretjes begon te zien!"
"C:\Projects\Web\planner-tdah\research\reddit_data\reddit-nederlands-kakt_iedereen_ook_altijd_rond_1500_in.json","reddit-nederlands-kakt_iedereen_ook_altijd_rond_1500_in","1embj33","t3_1embj33","https://www.reddit.com/r/nederlands/comments/1embj33/kakt_iedereen_ook_altijd_rond_1500_in/","nederlands","r/nederlands","Kakt iedereen ook altijd rond 15:00 in?","Op school of op werk, rond een uur of 15:00 kak ik altijd ontzettend in. Heeft iedereen hier last van of ben ik in de minderheid? Edit: ik drink geen cafeïne-houdende drankjes Edit2: ja ik heb ADHD","","1723036615","2024-08-07T13:16:55+00:00","509","509","0.94","382","a341419102a9ef93","","reddit-nederlands-kakt_iedereen_ook_altijd_rond_1500_in:comment:lgzmpr3","comment","lgzmpr3","t1_lgzmpr3","https://www.reddit.com/r/nederlands/comments/1embj33/kakt_iedereen_ook_altijd_rond_1500_in/lgzmpr3/","/r/nederlands/comments/1embj33/kakt_iedereen_ook_altijd_rond_1500_in/lgzmpr3/","t1_lgzmkzg","comment","lgzmkzg","lgxoty8","3","false","lgxoty8 > lgxpssp > lgzmkzg > lgzmpr3","b2a43a430a806db6","","","false","false","","4","4","0","0","0","1723059102","2024-08-07T19:31:42+00:00","false","False","","false","false","false","false","Meer cafeïne = minder sterretjes, gewoon doorgaan","Meer cafeïne = minder sterretjes, gewoon doorgaan","49","7","Wat is je record? Hier 18 espresso voordat ik sterretjes begon te zien!","Het komt in vlagen, maar rond 3 uur is dat bakkie pleur erg welkom.","","false","false","","","","","0","[THREAD_TITLE]
Kakt iedereen ook altijd rond 15:00 in?

[THREAD_BODY]
Op school of op werk, rond een uur of 15:00 kak ik altijd ontzettend in. Heeft iedereen hier last van of ben ik in de minderheid? Edit: ik drink geen cafeïne-houdende drankjes Edit2: ja ik heb ADHD

[ROOT_COMMENT_CONTEXT]
Het komt in vlagen, maar rond 3 uur is dat bakkie pleur erg welkom.

[PARENT_COMMENT_CONTEXT]
Wat is je record? Hier 18 espresso voordat ik sterretjes begon te zien!

[CURRENT_RECORD]
Meer cafeïne = minder sterretjes, gewoon doorgaan"
"C:\Projects\Web\planner-tdah\research\reddit_data\reddit-nederlands-kakt_iedereen_ook_altijd_rond_1500_in.json","reddit-nederlands-kakt_iedereen_ook_altijd_rond_1500_in","1embj33","t3_1embj33","https://www.reddit.com/r/nederlands/comments/1embj33/kakt_iedereen_ook_altijd_rond_1500_in/","nederlands","r/nederlands","Kakt iedereen ook altijd rond 15:00 in?","Op school of op werk, rond een uur of 15:00 kak ik altijd ontzettend in. Heeft iedereen hier last van of ben ik in de minderheid? Edit: ik drink geen cafeïne-houdende drankjes Edit2: ja ik heb ADHD","","1723036615","2024-08-07T13:16:55+00:00","509","509","0.94","382","a341419102a9ef93","","reddit-nederlands-kakt_iedereen_ook_altijd_rond_1500_in:comment:lgy1dpm","comment","lgy1dpm","t1_lgy1dpm","https://www.reddit.com/r/nederlands/comments/1embj33/kakt_iedereen_ook_altijd_rond_1500_in/lgy1dpm/","/r/nederlands/comments/1embj33/kakt_iedereen_ook_altijd_rond_1500_in/lgy1dpm/","t3_1embj33","post","","lgy1dpm","0","true","lgy1dpm","4c5fd0c7c08a5a77","","","false","false","","22","22","0","0","2","1723041493","2024-08-07T14:38:13+00:00","false","False","","false","false","false","false","Ik kak op werk of school niet zo vaak in Als ik eenmaal thuis ven dan stort Ik echter zo hard in dat ik echt niets meer kan. T is echt helemaal kut","Ik kak op werk of school niet zo vaak in Als ik eenmaal thuis ven dan stort Ik echter zo hard in dat ik echt niets meer kan. T is echt helemaal kut","147","33","","","","false","false","","","","","23","[THREAD_TITLE]
Kakt iedereen ook altijd rond 15:00 in?

[THREAD_BODY]
Op school of op werk, rond een uur of 15:00 kak ik altijd ontzettend in. Heeft iedereen hier last van of ben ik in de minderheid? Edit: ik drink geen cafeïne-houdende drankjes Edit2: ja ik heb ADHD

[CURRENT_RECORD]
Ik kak op werk of school niet zo vaak in Als ik eenmaal thuis ven dan stort Ik echter zo hard in dat ik echt niets meer kan. T is echt helemaal kut"
"C:\Projects\Web\planner-tdah\research\reddit_data\reddit-nederlands-kakt_iedereen_ook_altijd_rond_1500_in.json","reddit-nederlands-kakt_iedereen_ook_altijd_rond_1500_in","1embj33","t3_1embj33","https://www.reddit.com/r/nederlands/comments/1embj33/kakt_iedereen_ook_altijd_rond_1500_in/","nederlands","r/nederlands","Kakt iedereen ook altijd rond 15:00 in?","Op school of op werk, rond een uur of 15:00 kak ik altijd ontzettend in. Heeft iedereen hier last van of ben ik in de minderheid? Edit: ik drink geen cafeïne-houdende drankjes Edit2: ja ik heb ADHD","","1723036615","2024-08-07T13:16:55+00:00","509","509","0.94","382","a341419102a9ef93","","reddit-nederlands-kakt_iedereen_ook_altijd_rond_1500_in:comment:lgzm9ec","comment","lgzm9ec","t1_lgzm9ec","https://www.reddit.com/r/nederlands/comments/1embj33/kakt_iedereen_ook_altijd_rond_1500_in/lgzm9ec/","/r/nederlands/comments/1embj33/kakt_iedereen_ook_altijd_rond_1500_in/lgzm9ec/","t1_lgy1dpm","comment","lgy1dpm","lgy1dpm","1","false","lgy1dpm > lgzm9ec","785919af19316edc","","","false","false","","11","11","0","0","0","1723058964","2024-08-07T19:29:24+00:00","false","False","","false","false","false","false","Tijdens de lockdowns heb ik de edele kunst van het wegrotten op de bank geleerd en nu is dat alles waar mijn lichaam naar verlangt na een dag werken. Motivatie en vooral energie voor hobby’s is er gewoon niet meer.","Tijdens de lockdowns heb ik de edele kunst van het wegrotten op de bank geleerd en nu is dat alles waar mijn lichaam naar verlangt na een dag werken. Motivatie en vooral energie voor hobby’s is er gewoon niet meer.","214","40","Ik kak op werk of school niet zo vaak in Als ik eenmaal thuis ven dan stort Ik echter zo hard in dat ik echt niets meer kan. T is echt helemaal kut","Ik kak op werk of school niet zo vaak in Als ik eenmaal thuis ven dan stort Ik echter zo hard in dat ik echt niets meer kan. T is echt helemaal kut","","false","false","","","","","15","[THREAD_TITLE]
Kakt iedereen ook altijd rond 15:00 in?

[THREAD_BODY]
Op school of op werk, rond een uur of 15:00 kak ik altijd ontzettend in. Heeft iedereen hier last van of ben ik in de minderheid? Edit: ik drink geen cafeïne-houdende drankjes Edit2: ja ik heb ADHD

[PARENT_COMMENT_CONTEXT]
Ik kak op werk of school niet zo vaak in Als ik eenmaal thuis ven dan stort Ik echter zo hard in dat ik echt niets meer kan. T is echt helemaal kut

[CURRENT_RECORD]
Tijdens de lockdowns heb ik de edele kunst van het wegrotten op de bank geleerd en nu is dat alles waar mijn lichaam naar verlangt na een dag werken. Motivatie en vooral energie voor hobby’s is er gewoon niet meer."
"C:\Projects\Web\planner-tdah\research\reddit_data\reddit-nederlands-kakt_iedereen_ook_altijd_rond_1500_in.json","reddit-nederlands-kakt_iedereen_ook_altijd_rond_1500_in","1embj33","t3_1embj33","https://www.reddit.com/r/nederlands/comments/1embj33/kakt_iedereen_ook_altijd_rond_1500_in/","nederlands","r/nederlands","Kakt iedereen ook altijd rond 15:00 in?","Op school of op werk, rond een uur of 15:00 kak ik altijd ontzettend in. Heeft iedereen hier last van of ben ik in de minderheid? Edit: ik drink geen cafeïne-houdende drankjes Edit2: ja ik heb ADHD","","1723036615","2024-08-07T13:16:55+00:00","509","509","0.94","382","a341419102a9ef93","","reddit-nederlands-kakt_iedereen_ook_altijd_rond_1500_in:comment:lgxq80n","comment","lgxq80n","t1_lgxq80n","https://www.reddit.com/r/nederlands/comments/1embj33/kakt_iedereen_ook_altijd_rond_1500_in/lgxq80n/","/r/nederlands/comments/1embj33/kakt_iedereen_ook_altijd_rond_1500_in/lgxq80n/","t3_1embj33","post","","lgxq80n","0","true","lgxq80n","","","","false","false","","141","141","0","0","5","1723037719","2024-08-07T13:35:19+00:00","false","False","","false","false","false","false","In tegenstelling tot wat velen denken komt dit niet door het lunchen (after lunch dip) maar is het een natuurlijk fenomeen in het zenuwstelsel. Zelfs de Romeinen deden dat al met hun “sexta hora” (het zesde uur). Zes uur na de zonsopgang deden zij standaard een dutje, het is een normaal en natuurlijk iets om dat te doen en erg gezond. Wij doen dat niet want werk. Ongeveer zes uur na aanvang kakken we in en overrulen we die momenten met koffie en hersenprikkeling, waarmee de weg naar burnout wordt geopend. Geef dus toe aan je sexta hora en doe een dutje. Als je baas dan klaagt geef je aan dat je aan je gezondheid werkt.","In tegenstelling tot wat velen denken komt dit niet door het lunchen (after lunch dip) maar is het een natuurlijk fenomeen in het zenuwstelsel. Zelfs de Romeinen deden dat al met hun “sexta hora” (het zesde uur). Zes uur na de zonsopgang deden zij standaard een dutje, het is een…","626","116","","","","false","false","","","","long_form_comment","42","[THREAD_TITLE]
Kakt iedereen ook altijd rond 15:00 in?

[THREAD_BODY]
Op school of op werk, rond een uur of 15:00 kak ik altijd ontzettend in. Heeft iedereen hier last van of ben ik in de minderheid? Edit: ik drink geen cafeïne-houdende drankjes Edit2: ja ik heb ADHD

[CURRENT_RECORD]
In tegenstelling tot wat velen denken komt dit niet door het lunchen (after lunch dip) maar is het een natuurlijk fenomeen in het zenuwstelsel. Zelfs de Romeinen deden dat al met hun “sexta hora” (het zesde uur). Zes uur na de zonsopgang deden zij standaard een dutje, het is een normaal en natuurlijk iets om dat te doen en erg gezond. Wij doen dat niet want werk. Ongeveer zes uur na aanvang kakken we in en overrulen we die momenten met koffie en hersenprikkeling, waarmee de weg naar burnout wordt geopend. Geef dus toe aan je sexta hora en doe een dutje. Als je baas dan klaagt geef je aan dat je aan je gezondheid werkt."
"C:\Projects\Web\planner-tdah\research\reddit_data\reddit-nederlands-kakt_iedereen_ook_altijd_rond_1500_in.json","reddit-nederlands-kakt_iedereen_ook_altijd_rond_1500_in","1embj33","t3_1embj33","https://www.reddit.com/r/nederlands/comments/1embj33/kakt_iedereen_ook_altijd_rond_1500_in/","nederlands","r/nederlands","Kakt iedereen ook altijd rond 15:00 in?","Op school of op werk, rond een uur of 15:00 kak ik altijd ontzettend in. Heeft iedereen hier last van of ben ik in de minderheid? Edit: ik drink geen cafeïne-houdende drankjes Edit2: ja ik heb ADHD","","1723036615","2024-08-07T13:16:55+00:00","509","509","0.94","382","a341419102a9ef93","","reddit-nederlands-kakt_iedereen_ook_altijd_rond_1500_in:comment:lgxr8kc","comment","lgxr8kc","t1_lgxr8kc","https://www.reddit.com/r/nederlands/comments/1embj33/kakt_iedereen_ook_altijd_rond_1500_in/lgxr8kc/","/r/nederlands/comments/1embj33/kakt_iedereen_ook_altijd_rond_1500_in/lgxr8kc/","t1_lgxq80n","comment","lgxq80n","lgxq80n","1","false","lgxq80n > lgxr8kc","330ac6efef513cbc","","","false","false","","33","33","0","0","1","1723038080","2024-08-07T13:41:20+00:00","false","False","","false","false","false","false","Is het niet sws ook dat 50% van de mensen vroeg kan functioneren en 50% pas later in de ochtend tot dieper in de nacht?","Is het niet sws ook dat 50% van de mensen vroeg kan functioneren en 50% pas later in de ochtend tot dieper in de nacht?","119","25","In tegenstelling tot wat velen denken komt dit niet door het lunchen (after lunch dip) maar is het een natuurlijk fenomeen in het zenuwstelsel. Zelfs de Romeinen deden dat al met hun “sexta hora” (het zesde uur). Zes uur na de zonsopgang deden zij standaard een dutje, het is een normaal en natuurlijk iets om dat te doen en erg gezond. Wij doen dat niet want werk. Ongeveer zes uur na aanvang kakken we in en overrulen we die momenten met koffie en hersenprikkeling, waarmee de weg naar burnout wordt geopend. Geef dus toe aan je sexta hora en doe een dutje. Als je baas dan klaagt geef je aan dat je aan je gezondheid werkt.","In tegenstelling tot wat velen denken komt dit niet door het lunchen (after lunch dip) maar is het een natuurlijk fenomeen in het zenuwstelsel. Zelfs de Romeinen deden dat al met hun “sexta hora” (het zesde uur). Zes uur na de zonsopgang deden zij standaard een dutje, het is een normaal en natuurlijk iets om dat te doen en erg gezond. Wij doen dat niet want werk. Ongeveer zes uur na aanvang kakken we in en overrulen we die momenten met koffie en hersenprikkeling, waarmee de weg naar burnout wordt geopend. Geef dus toe aan je sexta hora en doe een dutje. Als je baas dan klaagt geef je aan dat je aan je gezondheid werkt.","","true","false","","","","contains_question","23","[THREAD_TITLE]
Kakt iedereen ook altijd rond 15:00 in?

[THREAD_BODY]
Op school of op werk, rond een uur of 15:00 kak ik altijd ontzettend in. Heeft iedereen hier last van of ben ik in de minderheid? Edit: ik drink geen cafeïne-houdende drankjes Edit2: ja ik heb ADHD

[PARENT_COMMENT_CONTEXT]
In tegenstelling tot wat velen denken komt dit niet door het lunchen (after lunch dip) maar is het een natuurlijk fenomeen in het zenuwstelsel. Zelfs de Romeinen deden dat al met hun “sexta hora” (het zesde uur). Zes uur na de zonsopgang deden zij standaard een dutje, het is een normaal en natuurlijk iets om dat te doen en erg gezond. Wij doen dat niet want werk. Ongeveer zes uur na aanvang kakken we in en overrulen we die momenten met koffie en hersenprikkeling, waarmee de weg naar burnout wordt geopend. Geef dus toe aan je sexta hora en doe een dutje. Als je baas dan klaagt geef je aan dat je aan je gezondheid werkt.

[CURRENT_RECORD]
Is het niet sws ook dat 50% van de mensen vroeg kan functioneren en 50% pas later in de ochtend tot dieper in de nacht?"
"C:\Projects\Web\planner-tdah\research\reddit_data\reddit-nederlands-kakt_iedereen_ook_altijd_rond_1500_in.json","reddit-nederlands-kakt_iedereen_ook_altijd_rond_1500_in","1embj33","t3_1embj33","https://www.reddit.com/r/nederlands/comments/1embj33/kakt_iedereen_ook_altijd_rond_1500_in/","nederlands","r/nederlands","Kakt iedereen ook altijd rond 15:00 in?","Op school of op werk, rond een uur of 15:00 kak ik altijd ontzettend in. Heeft iedereen hier last van of ben ik in de minderheid? Edit: ik drink geen cafeïne-houdende drankjes Edit2: ja ik heb ADHD","","1723036615","2024-08-07T13:16:55+00:00","509","509","0.94","382","a341419102a9ef93","","reddit-nederlands-kakt_iedereen_ook_altijd_rond_1500_in:comment:lgxvwv2","comment","lgxvwv2","t1_lgxvwv2","https://www.reddit.com/r/nederlands/comments/1embj33/kakt_iedereen_ook_altijd_rond_1500_in/lgxvwv2/","/r/nederlands/comments/1embj33/kakt_iedereen_ook_altijd_rond_1500_in/lgxvwv2/","t1_lgxr8kc","comment","lgxr8kc","lgxq80n","2","false","lgxq80n > lgxr8kc > lgxvwv2","d4313db07b319570","","","false","false","","31","31","0","0","3","1723039685","2024-08-07T14:08:05+00:00","false","False","","false","false","false","false","Die percentages zijn niet helemaal gelijk, maar idd zijn er aanwijzingen dat ochtend- en avondmensen echt bestaan, waarschijnlijk evolutionair ingesteld omdat het handig was om altijd iemand wakker te hebben om de wacht te houden","Die percentages zijn niet helemaal gelijk, maar idd zijn er aanwijzingen dat ochtend- en avondmensen echt bestaan, waarschijnlijk evolutionair ingesteld omdat het handig was om altijd iemand wakker te hebben om de wacht te houden","229","35","Is het niet sws ook dat 50% van de mensen vroeg kan functioneren en 50% pas later in de ochtend tot dieper in de nacht?","In tegenstelling tot wat velen denken komt dit niet door het lunchen (after lunch dip) maar is het een natuurlijk fenomeen in het zenuwstelsel. Zelfs de Romeinen deden dat al met hun “sexta hora” (het zesde uur). Zes uur na de zonsopgang deden zij standaard een dutje, het is een normaal en natuurlijk iets om dat te doen en erg gezond. Wij doen dat niet want werk. Ongeveer zes uur na aanvang kakken we in en overrulen we die momenten met koffie en hersenprikkeling, waarmee de weg naar burnout wordt geopend. Geef dus toe aan je sexta hora en doe een dutje. Als je baas dan klaagt geef je aan dat je aan je gezondheid werkt.","","false","false","","","","","23","[THREAD_TITLE]
Kakt iedereen ook altijd rond 15:00 in?

[THREAD_BODY]
Op school of op werk, rond een uur of 15:00 kak ik altijd ontzettend in. Heeft iedereen hier last van of ben ik in de minderheid? Edit: ik drink geen cafeïne-houdende drankjes Edit2: ja ik heb ADHD

[ROOT_COMMENT_CONTEXT]
In tegenstelling tot wat velen denken komt dit niet door het lunchen (after lunch dip) maar is het een natuurlijk fenomeen in het zenuwstelsel. Zelfs de Romeinen deden dat al met hun “sexta hora” (het zesde uur). Zes uur na de zonsopgang deden zij standaard een dutje, het is een normaal en natuurlijk iets om dat te doen en erg gezond. Wij doen dat niet want werk. Ongeveer zes uur na aanvang kakken we in en overrulen we die momenten met koffie en hersenprikkeling, waarmee de weg naar burnout wordt geopend. Geef dus toe aan je sexta hora en doe een dutje. Als je baas dan klaagt geef je aan dat je aan je gezondheid werkt.

[PARENT_COMMENT_CONTEXT]
Is het niet sws ook dat 50% van de mensen vroeg kan functioneren en 50% pas later in de ochtend tot dieper in de nacht?

[CURRENT_RECORD]
Die percentages zijn niet helemaal gelijk, maar idd zijn er aanwijzingen dat ochtend- en avondmensen echt bestaan, waarschijnlijk evolutionair ingesteld omdat het handig was om altijd iemand wakker te hebben om de wacht te houden"
"C:\Projects\Web\planner-tdah\research\reddit_data\reddit-nederlands-kakt_iedereen_ook_altijd_rond_1500_in.json","reddit-nederlands-kakt_iedereen_ook_altijd_rond_1500_in","1embj33","t3_1embj33","https://www.reddit.com/r/nederlands/comments/1embj33/kakt_iedereen_ook_altijd_rond_1500_in/","nederlands","r/nederlands","Kakt iedereen ook altijd rond 15:00 in?","Op school of op werk, rond een uur of 15:00 kak ik altijd ontzettend in. Heeft iedereen hier last van of ben ik in de minderheid? Edit: ik drink geen cafeïne-houdende drankjes Edit2: ja ik heb ADHD","","1723036615","2024-08-07T13:16:55+00:00","509","509","0.94","382","a341419102a9ef93","","reddit-nederlands-kakt_iedereen_ook_altijd_rond_1500_in:comment:lgxwcsw","comment","lgxwcsw","t1_lgxwcsw","https://www.reddit.com/r/nederlands/comments/1embj33/kakt_iedereen_ook_altijd_rond_1500_in/lgxwcsw/","/r/nederlands/comments/1embj33/kakt_iedereen_ook_altijd_rond_1500_in/lgxwcsw/","t1_lgxvwv2","comment","lgxvwv2","lgxq80n","3","false","lgxq80n > lgxr8kc > lgxvwv2 > lgxwcsw","330ac6efef513cbc","","","false","false","","4","4","0","0","0","1723039834","2024-08-07T14:10:34+00:00","false","False","","false","false","false","false","Ik weet wel dat jongeren vaker naar avond schuiven omdat ze zelfstandiger zijn en er meer tijd is om voor de echt kleine kinderen te zorgen.","Ik weet wel dat jongeren vaker naar avond schuiven omdat ze zelfstandiger zijn en er meer tijd is om voor de echt kleine kinderen te zorgen.","140","26","Die percentages zijn niet helemaal gelijk, maar idd zijn er aanwijzingen dat ochtend- en avondmensen echt bestaan, waarschijnlijk evolutionair ingesteld omdat het handig was om altijd iemand wakker te hebben om de wacht te houden","In tegenstelling tot wat velen denken komt dit niet door het lunchen (after lunch dip) maar is het een natuurlijk fenomeen in het zenuwstelsel. Zelfs de Romeinen deden dat al met hun “sexta hora” (het zesde uur). Zes uur na de zonsopgang deden zij standaard een dutje, het is een normaal en natuurlijk iets om dat te doen en erg gezond. Wij doen dat niet want werk. Ongeveer zes uur na aanvang kakken we in en overrulen we die momenten met koffie en hersenprikkeling, waarmee de weg naar burnout wordt geopend. Geef dus toe aan je sexta hora en doe een dutje. Als je baas dan klaagt geef je aan dat je aan je gezondheid werkt.","","false","false","","","","","10","[THREAD_TITLE]
Kakt iedereen ook altijd rond 15:00 in?

[THREAD_BODY]
Op school of op werk, rond een uur of 15:00 kak ik altijd ontzettend in. Heeft iedereen hier last van of ben ik in de minderheid? Edit: ik drink geen cafeïne-houdende drankjes Edit2: ja ik heb ADHD

[ROOT_COMMENT_CONTEXT]
In tegenstelling tot wat velen denken komt dit niet door het lunchen (after lunch dip) maar is het een natuurlijk fenomeen in het zenuwstelsel. Zelfs de Romeinen deden dat al met hun “sexta hora” (het zesde uur). Zes uur na de zonsopgang deden zij standaard een dutje, het is een normaal en natuurlijk iets om dat te doen en erg gezond. Wij doen dat niet want werk. Ongeveer zes uur na aanvang kakken we in en overrulen we die momenten met koffie en hersenprikkeling, waarmee de weg naar burnout wordt geopend. Geef dus toe aan je sexta hora en doe een dutje. Als je baas dan klaagt geef je aan dat je aan je gezondheid werkt.

[PARENT_COMMENT_CONTEXT]
Die percentages zijn niet helemaal gelijk, maar idd zijn er aanwijzingen dat ochtend- en avondmensen echt bestaan, waarschijnlijk evolutionair ingesteld omdat het handig was om altijd iemand wakker te hebben om de wacht te houden

[CURRENT_RECORD]
Ik weet wel dat jongeren vaker naar avond schuiven omdat ze zelfstandiger zijn en er meer tijd is om voor de echt kleine kinderen te zorgen."
"C:\Projects\Web\planner-tdah\research\reddit_data\reddit-nederlands-kakt_iedereen_ook_altijd_rond_1500_in.json","reddit-nederlands-kakt_iedereen_ook_altijd_rond_1500_in","1embj33","t3_1embj33","https://www.reddit.com/r/nederlands/comments/1embj33/kakt_iedereen_ook_altijd_rond_1500_in/","nederlands","r/nederlands","Kakt iedereen ook altijd rond 15:00 in?","Op school of op werk, rond een uur of 15:00 kak ik altijd ontzettend in. Heeft iedereen hier last van of ben ik in de minderheid? Edit: ik drink geen cafeïne-houdende drankjes Edit2: ja ik heb ADHD","","1723036615","2024-08-07T13:16:55+00:00","509","509","0.94","382","a341419102a9ef93","","reddit-nederlands-kakt_iedereen_ook_altijd_rond_1500_in:comment:lh2847r","comment","lh2847r","t1_lh2847r","https://www.reddit.com/r/nederlands/comments/1embj33/kakt_iedereen_ook_altijd_rond_1500_in/lh2847r/","/r/nederlands/comments/1embj33/kakt_iedereen_ook_altijd_rond_1500_in/lh2847r/","t1_lgxvwv2","comment","lgxvwv2","lgxq80n","3","false","lgxq80n > lgxr8kc > lgxvwv2 > lh2847r","05c365dd6e63f5a7","","","false","false","","2","2","0","0","0","1723093360","2024-08-08T05:02:40+00:00","false","False","","false","false","false","false","Yep, chronotypes is de term ervoor.","Yep, chronotypes is de term ervoor.","35","6","Die percentages zijn niet helemaal gelijk, maar idd zijn er aanwijzingen dat ochtend- en avondmensen echt bestaan, waarschijnlijk evolutionair ingesteld omdat het handig was om altijd iemand wakker te hebben om de wacht te houden","In tegenstelling tot wat velen denken komt dit niet door het lunchen (after lunch dip) maar is het een natuurlijk fenomeen in het zenuwstelsel. Zelfs de Romeinen deden dat al met hun “sexta hora” (het zesde uur). Zes uur na de zonsopgang deden zij standaard een dutje, het is een normaal en natuurlijk iets om dat te doen en erg gezond. Wij doen dat niet want werk. Ongeveer zes uur na aanvang kakken we in en overrulen we die momenten met koffie en hersenprikkeling, waarmee de weg naar burnout wordt geopend. Geef dus toe aan je sexta hora en doe een dutje. Als je baas dan klaagt geef je aan dat je aan je gezondheid werkt.","","false","false","","","","","0","[THREAD_TITLE]
Kakt iedereen ook altijd rond 15:00 in?

[THREAD_BODY]
Op school of op werk, rond een uur of 15:00 kak ik altijd ontzettend in. Heeft iedereen hier last van of ben ik in de minderheid? Edit: ik drink geen cafeïne-houdende drankjes Edit2: ja ik heb ADHD

[ROOT_COMMENT_CONTEXT]
In tegenstelling tot wat velen denken komt dit niet door het lunchen (after lunch dip) maar is het een natuurlijk fenomeen in het zenuwstelsel. Zelfs de Romeinen deden dat al met hun “sexta hora” (het zesde uur). Zes uur na de zonsopgang deden zij standaard een dutje, het is een normaal en natuurlijk iets om dat te doen en erg gezond. Wij doen dat niet want werk. Ongeveer zes uur na aanvang kakken we in en overrulen we die momenten met koffie en hersenprikkeling, waarmee de weg naar burnout wordt geopend. Geef dus toe aan je sexta hora en doe een dutje. Als je baas dan klaagt geef je aan dat je aan je gezondheid werkt.

[PARENT_COMMENT_CONTEXT]
Die percentages zijn niet helemaal gelijk, maar idd zijn er aanwijzingen dat ochtend- en avondmensen echt bestaan, waarschijnlijk evolutionair ingesteld omdat het handig was om altijd iemand wakker te hebben om de wacht te houden

[CURRENT_RECORD]
Yep, chronotypes is de term ervoor."
"C:\Projects\Web\planner-tdah\research\reddit_data\reddit-nederlands-kakt_iedereen_ook_altijd_rond_1500_in.json","reddit-nederlands-kakt_iedereen_ook_altijd_rond_1500_in","1embj33","t3_1embj33","https://www.reddit.com/r/nederlands/comments/1embj33/kakt_iedereen_ook_altijd_rond_1500_in/","nederlands","r/nederlands","Kakt iedereen ook altijd rond 15:00 in?","Op school of op werk, rond een uur of 15:00 kak ik altijd ontzettend in. Heeft iedereen hier last van of ben ik in de minderheid? Edit: ik drink geen cafeïne-houdende drankjes Edit2: ja ik heb ADHD","","1723036615","2024-08-07T13:16:55+00:00","509","509","0.94","382","a341419102a9ef93","","reddit-nederlands-kakt_iedereen_ook_altijd_rond_1500_in:comment:lgxrcju","comment","lgxrcju","t1_lgxrcju","https://www.reddit.com/r/nederlands/comments/1embj33/kakt_iedereen_ook_altijd_rond_1500_in/lgxrcju/","/r/nederlands/comments/1embj33/kakt_iedereen_ook_altijd_rond_1500_in/lgxrcju/","t1_lgxq80n","comment","lgxq80n","lgxq80n","1","false","lgxq80n > lgxrcju","6dcdbf4f32a1c3fa","","'ben niet je psycholoog","false","false","","59","59","0","0","0","1723038119","2024-08-07T13:41:59+00:00","false","False","","false","false","false","false","Veel van die romeinen doen dat nog steeds, maar noemen het siësta","Veel van die romeinen doen dat nog steeds, maar noemen het siësta","65","12","In tegenstelling tot wat velen denken komt dit niet door het lunchen (after lunch dip) maar is het een natuurlijk fenomeen in het zenuwstelsel. Zelfs de Romeinen deden dat al met hun “sexta hora” (het zesde uur). Zes uur na de zonsopgang deden zij standaard een dutje, het is een normaal en natuurlijk iets om dat te doen en erg gezond. Wij doen dat niet want werk. Ongeveer zes uur na aanvang kakken we in en overrulen we die momenten met koffie en hersenprikkeling, waarmee de weg naar burnout wordt geopend. Geef dus toe aan je sexta hora en doe een dutje. Als je baas dan klaagt geef je aan dat je aan je gezondheid werkt.","In tegenstelling tot wat velen denken komt dit niet door het lunchen (after lunch dip) maar is het een natuurlijk fenomeen in het zenuwstelsel. Zelfs de Romeinen deden dat al met hun “sexta hora” (het zesde uur). Zes uur na de zonsopgang deden zij standaard een dutje, het is een normaal en natuurlijk iets om dat te doen en erg gezond. Wij doen dat niet want werk. Ongeveer zes uur na aanvang kakken we in en overrulen we die momenten met koffie en hersenprikkeling, waarmee de weg naar burnout wordt geopend. Geef dus toe aan je sexta hora en doe een dutje. Als je baas dan klaagt geef je aan dat je aan je gezondheid werkt.","","false","false","","","","","15","[THREAD_TITLE]
Kakt iedereen ook altijd rond 15:00 in?

[THREAD_BODY]
Op school of op werk, rond een uur of 15:00 kak ik altijd ontzettend in. Heeft iedereen hier last van of ben ik in de minderheid? Edit: ik drink geen cafeïne-houdende drankjes Edit2: ja ik heb ADHD

[PARENT_COMMENT_CONTEXT]
In tegenstelling tot wat velen denken komt dit niet door het lunchen (after lunch dip) maar is het een natuurlijk fenomeen in het zenuwstelsel. Zelfs de Romeinen deden dat al met hun “sexta hora” (het zesde uur). Zes uur na de zonsopgang deden zij standaard een dutje, het is een normaal en natuurlijk iets om dat te doen en erg gezond. Wij doen dat niet want werk. Ongeveer zes uur na aanvang kakken we in en overrulen we die momenten met koffie en hersenprikkeling, waarmee de weg naar burnout wordt geopend. Geef dus toe aan je sexta hora en doe een dutje. Als je baas dan klaagt geef je aan dat je aan je gezondheid werkt.

[CURRENT_RECORD]
Veel van die romeinen doen dat nog steeds, maar noemen het siësta"
"C:\Projects\Web\planner-tdah\research\reddit_data\reddit-nederlands-kakt_iedereen_ook_altijd_rond_1500_in.json","reddit-nederlands-kakt_iedereen_ook_altijd_rond_1500_in","1embj33","t3_1embj33","https://www.reddit.com/r/nederlands/comments/1embj33/kakt_iedereen_ook_altijd_rond_1500_in/","nederlands","r/nederlands","Kakt iedereen ook altijd rond 15:00 in?","Op school of op werk, rond een uur of 15:00 kak ik altijd ontzettend in. Heeft iedereen hier last van of ben ik in de minderheid? Edit: ik drink geen cafeïne-houdende drankjes Edit2: ja ik heb ADHD","","1723036615","2024-08-07T13:16:55+00:00","509","509","0.94","382","a341419102a9ef93","","reddit-nederlands-kakt_iedereen_ook_altijd_rond_1500_in:comment:lgykyb0","comment","lgykyb0","t1_lgykyb0","https://www.reddit.com/r/nederlands/comments/1embj33/kakt_iedereen_ook_altijd_rond_1500_in/lgykyb0/","/r/nederlands/comments/1embj33/kakt_iedereen_ook_altijd_rond_1500_in/lgykyb0/","t1_lgxq80n","comment","lgxq80n","lgxq80n","1","false","lgxq80n > lgykyb0","cb4c1509aac9d33e","","","false","false","","10","10","0","0","1","1723047613","2024-08-07T16:20:13+00:00","1723048198","1723048198","2024-08-07T16:29:58+00:00","false","false","false","false","Ten eerste 6 uur na zonsopgang in Rome is niet 15:00 maar meestal rond een uur of 12. Ten tweede is de siesta nog steeds gebruikelijk in veel zuidelijke landen en heeft niet te maken met eten, maar met de temperatuur (en natuurlijk worden dan maaltijden daar ook op afgestemd). De dip die OP beschrijft is gewoon te wijten aan een dip in de bloedsuikerspiegel en dit wordt beinvloedt door hoeveel je eet, wat je eet, en je individuele metabolisme. Dit is welbekend, onderzocht, en wetenschappelijk onderbouwd.","Ten eerste 6 uur na zonsopgang in Rome is niet 15:00 maar meestal rond een uur of 12. Ten tweede is de siesta nog steeds gebruikelijk in veel zuidelijke landen en heeft niet te maken met eten, maar met de temperatuur (en natuurlijk worden dan maaltijden daar ook op afgestemd). D…","509","87","In tegenstelling tot wat velen denken komt dit niet door het lunchen (after lunch dip) maar is het een natuurlijk fenomeen in het zenuwstelsel. Zelfs de Romeinen deden dat al met hun “sexta hora” (het zesde uur). Zes uur na de zonsopgang deden zij standaard een dutje, het is een normaal en natuurlijk iets om dat te doen en erg gezond. Wij doen dat niet want werk. Ongeveer zes uur na aanvang kakken we in en overrulen we die momenten met koffie en hersenprikkeling, waarmee de weg naar burnout wordt geopend. Geef dus toe aan je sexta hora en doe een dutje. Als je baas dan klaagt geef je aan dat je aan je gezondheid werkt.","In tegenstelling tot wat velen denken komt dit niet door het lunchen (after lunch dip) maar is het een natuurlijk fenomeen in het zenuwstelsel. Zelfs de Romeinen deden dat al met hun “sexta hora” (het zesde uur). Zes uur na de zonsopgang deden zij standaard een dutje, het is een normaal en natuurlijk iets om dat te doen en erg gezond. Wij doen dat niet want werk. Ongeveer zes uur na aanvang kakken we in en overrulen we die momenten met koffie en hersenprikkeling, waarmee de weg naar burnout wordt geopend. Geef dus toe aan je sexta hora en doe een dutje. Als je baas dan klaagt geef je aan dat je aan je gezondheid werkt.","","false","false","app","","","long_form_comment | mentions_planner_or_system","32","[THREAD_TITLE]
Kakt iedereen ook altijd rond 15:00 in?

[THREAD_BODY]
Op school of op werk, rond een uur of 15:00 kak ik altijd ontzettend in. Heeft iedereen hier last van of ben ik in de minderheid? Edit: ik drink geen cafeïne-houdende drankjes Edit2: ja ik heb ADHD

[PARENT_COMMENT_CONTEXT]
In tegenstelling tot wat velen denken komt dit niet door het lunchen (after lunch dip) maar is het een natuurlijk fenomeen in het zenuwstelsel. Zelfs de Romeinen deden dat al met hun “sexta hora” (het zesde uur). Zes uur na de zonsopgang deden zij standaard een dutje, het is een normaal en natuurlijk iets om dat te doen en erg gezond. Wij doen dat niet want werk. Ongeveer zes uur na aanvang kakken we in en overrulen we die momenten met koffie en hersenprikkeling, waarmee de weg naar burnout wordt geopend. Geef dus toe aan je sexta hora en doe een dutje. Als je baas dan klaagt geef je aan dat je aan je gezondheid werkt.

[CURRENT_RECORD]
Ten eerste 6 uur na zonsopgang in Rome is niet 15:00 maar meestal rond een uur of 12. Ten tweede is de siesta nog steeds gebruikelijk in veel zuidelijke landen en heeft niet te maken met eten, maar met de temperatuur (en natuurlijk worden dan maaltijden daar ook op afgestemd). De dip die OP beschrijft is gewoon te wijten aan een dip in de bloedsuikerspiegel en dit wordt beinvloedt door hoeveel je eet, wat je eet, en je individuele metabolisme. Dit is welbekend, onderzocht, en wetenschappelijk onderbouwd."
"C:\Projects\Web\planner-tdah\research\reddit_data\reddit-nederlands-kakt_iedereen_ook_altijd_rond_1500_in.json","reddit-nederlands-kakt_iedereen_ook_altijd_rond_1500_in","1embj33","t3_1embj33","https://www.reddit.com/r/nederlands/comments/1embj33/kakt_iedereen_ook_altijd_rond_1500_in/","nederlands","r/nederlands","Kakt iedereen ook altijd rond 15:00 in?","Op school of op werk, rond een uur of 15:00 kak ik altijd ontzettend in. Heeft iedereen hier last van of ben ik in de minderheid? Edit: ik drink geen cafeïne-houdende drankjes Edit2: ja ik heb ADHD","","1723036615","2024-08-07T13:16:55+00:00","509","509","0.94","382","a341419102a9ef93","","reddit-nederlands-kakt_iedereen_ook_altijd_rond_1500_in:comment:lgzba02","comment","lgzba02","t1_lgzba02","https://www.reddit.com/r/nederlands/comments/1embj33/kakt_iedereen_ook_altijd_rond_1500_in/lgzba02/","/r/nederlands/comments/1embj33/kakt_iedereen_ook_altijd_rond_1500_in/lgzba02/","t1_lgykyb0","comment","lgykyb0","lgxq80n","2","false","lgxq80n > lgykyb0 > lgzba02","","","","false","false","","8","8","0","0","0","1723055598","2024-08-07T18:33:18+00:00","false","False","","false","false","false","false","Je bent je ervan bewust dat zonsopgang en -ondergang per seizoen andere tijden heeft hoop ik. En voor de rest: zie mijn andere comment.","Je bent je ervan bewust dat zonsopgang en -ondergang per seizoen andere tijden heeft hoop ik. En voor de rest: zie mijn andere comment.","135","24","Ten eerste 6 uur na zonsopgang in Rome is niet 15:00 maar meestal rond een uur of 12. Ten tweede is de siesta nog steeds gebruikelijk in veel zuidelijke landen en heeft niet te maken met eten, maar met de temperatuur (en natuurlijk worden dan maaltijden daar ook op afgestemd). De dip die OP beschrijft is gewoon te wijten aan een dip in de bloedsuikerspiegel en dit wordt beinvloedt door hoeveel je eet, wat je eet, en je individuele metabolisme. Dit is welbekend, onderzocht, en wetenschappelijk onderbouwd.","In tegenstelling tot wat velen denken komt dit niet door het lunchen (after lunch dip) maar is het een natuurlijk fenomeen in het zenuwstelsel. Zelfs de Romeinen deden dat al met hun “sexta hora” (het zesde uur). Zes uur na de zonsopgang deden zij standaard een dutje, het is een normaal en natuurlijk iets om dat te doen en erg gezond. Wij doen dat niet want werk. Ongeveer zes uur na aanvang kakken we in en overrulen we die momenten met koffie en hersenprikkeling, waarmee de weg naar burnout wordt geopend. Geef dus toe aan je sexta hora en doe een dutje. Als je baas dan klaagt geef je aan dat je aan je gezondheid werkt.","","false","false","","","","","15","[THREAD_TITLE]
Kakt iedereen ook altijd rond 15:00 in?

[THREAD_BODY]
Op school of op werk, rond een uur of 15:00 kak ik altijd ontzettend in. Heeft iedereen hier last van of ben ik in de minderheid? Edit: ik drink geen cafeïne-houdende drankjes Edit2: ja ik heb ADHD

[ROOT_COMMENT_CONTEXT]
In tegenstelling tot wat velen denken komt dit niet door het lunchen (after lunch dip) maar is het een natuurlijk fenomeen in het zenuwstelsel. Zelfs de Romeinen deden dat al met hun “sexta hora” (het zesde uur). Zes uur na de zonsopgang deden zij standaard een dutje, het is een normaal en natuurlijk iets om dat te doen en erg gezond. Wij doen dat niet want werk. Ongeveer zes uur na aanvang kakken we in en overrulen we die momenten met koffie en hersenprikkeling, waarmee de weg naar burnout wordt geopend. Geef dus toe aan je sexta hora en doe een dutje. Als je baas dan klaagt geef je aan dat je aan je gezondheid werkt.

[PARENT_COMMENT_CONTEXT]
Ten eerste 6 uur na zonsopgang in Rome is niet 15:00 maar meestal rond een uur of 12. Ten tweede is de siesta nog steeds gebruikelijk in veel zuidelijke landen en heeft niet te maken met eten, maar met de temperatuur (en natuurlijk worden dan maaltijden daar ook op afgestemd). De dip die OP beschrijft is gewoon te wijten aan een dip in de bloedsuikerspiegel en dit wordt beinvloedt door hoeveel je eet, wat je eet, en je individuele metabolisme. Dit is welbekend, onderzocht, en wetenschappelijk onderbouwd.

[CURRENT_RECORD]
Je bent je ervan bewust dat zonsopgang en -ondergang per seizoen andere tijden heeft hoop ik. En voor de rest: zie mijn andere comment."
"C:\Projects\Web\planner-tdah\research\reddit_data\reddit-nederlands-kakt_iedereen_ook_altijd_rond_1500_in.json","reddit-nederlands-kakt_iedereen_ook_altijd_rond_1500_in","1embj33","t3_1embj33","https://www.reddit.com/r/nederlands/comments/1embj33/kakt_iedereen_ook_altijd_rond_1500_in/","nederlands","r/nederlands","Kakt iedereen ook altijd rond 15:00 in?","Op school of op werk, rond een uur of 15:00 kak ik altijd ontzettend in. Heeft iedereen hier last van of ben ik in de minderheid? Edit: ik drink geen cafeïne-houdende drankjes Edit2: ja ik heb ADHD","","1723036615","2024-08-07T13:16:55+00:00","509","509","0.94","382","a341419102a9ef93","","reddit-nederlands-kakt_iedereen_ook_altijd_rond_1500_in:comment:lgxr4pt","comment","lgxr4pt","t1_lgxr4pt","https://www.reddit.com/r/nederlands/comments/1embj33/kakt_iedereen_ook_altijd_rond_1500_in/lgxr4pt/","/r/nederlands/comments/1embj33/kakt_iedereen_ook_altijd_rond_1500_in/lgxr4pt/","t1_lgxq80n","comment","lgxq80n","lgxq80n","1","false","lgxq80n > lgxr4pt","f208226d17cb13b5","","","false","false","","10","10","0","1","1","1723038043","2024-08-07T13:40:43+00:00","false","False","","false","false","false","false","lol, nee. Leuke anekdote, maar de middagdip is ontzettend beinvloed door je voeding. Zware carb-rijke maaltijden veroorzaken een flinke dip in je bloedsuikerspiegel. Zie je ook regelmatig na het avondeten.","lol, nee. Leuke anekdote, maar de middagdip is ontzettend beinvloed door je voeding. Zware carb-rijke maaltijden veroorzaken een flinke dip in je bloedsuikerspiegel. Zie je ook regelmatig na het avondeten.","205","30","In tegenstelling tot wat velen denken komt dit niet door het lunchen (after lunch dip) maar is het een natuurlijk fenomeen in het zenuwstelsel. Zelfs de Romeinen deden dat al met hun “sexta hora” (het zesde uur). Zes uur na de zonsopgang deden zij standaard een dutje, het is een normaal en natuurlijk iets om dat te doen en erg gezond. Wij doen dat niet want werk. Ongeveer zes uur na aanvang kakken we in en overrulen we die momenten met koffie en hersenprikkeling, waarmee de weg naar burnout wordt geopend. Geef dus toe aan je sexta hora en doe een dutje. Als je baas dan klaagt geef je aan dat je aan je gezondheid werkt.","In tegenstelling tot wat velen denken komt dit niet door het lunchen (after lunch dip) maar is het een natuurlijk fenomeen in het zenuwstelsel. Zelfs de Romeinen deden dat al met hun “sexta hora” (het zesde uur). Zes uur na de zonsopgang deden zij standaard een dutje, het is een normaal en natuurlijk iets om dat te doen en erg gezond. Wij doen dat niet want werk. Ongeveer zes uur na aanvang kakken we in en overrulen we die momenten met koffie en hersenprikkeling, waarmee de weg naar burnout wordt geopend. Geef dus toe aan je sexta hora en doe een dutje. Als je baas dan klaagt geef je aan dat je aan je gezondheid werkt.","","false","false","","","","","18","[THREAD_TITLE]
Kakt iedereen ook altijd rond 15:00 in?

[THREAD_BODY]
Op school of op werk, rond een uur of 15:00 kak ik altijd ontzettend in. Heeft iedereen hier last van of ben ik in de minderheid? Edit: ik drink geen cafeïne-houdende drankjes Edit2: ja ik heb ADHD

[PARENT_COMMENT_CONTEXT]
In tegenstelling tot wat velen denken komt dit niet door het lunchen (after lunch dip) maar is het een natuurlijk fenomeen in het zenuwstelsel. Zelfs de Romeinen deden dat al met hun “sexta hora” (het zesde uur). Zes uur na de zonsopgang deden zij standaard een dutje, het is een normaal en natuurlijk iets om dat te doen en erg gezond. Wij doen dat niet want werk. Ongeveer zes uur na aanvang kakken we in en overrulen we die momenten met koffie en hersenprikkeling, waarmee de weg naar burnout wordt geopend. Geef dus toe aan je sexta hora en doe een dutje. Als je baas dan klaagt geef je aan dat je aan je gezondheid werkt.

[CURRENT_RECORD]
lol, nee. Leuke anekdote, maar de middagdip is ontzettend beinvloed door je voeding. Zware carb-rijke maaltijden veroorzaken een flinke dip in je bloedsuikerspiegel. Zie je ook regelmatig na het avondeten."
"C:\Projects\Web\planner-tdah\research\reddit_data\reddit-nederlands-kakt_iedereen_ook_altijd_rond_1500_in.json","reddit-nederlands-kakt_iedereen_ook_altijd_rond_1500_in","1embj33","t3_1embj33","https://www.reddit.com/r/nederlands/comments/1embj33/kakt_iedereen_ook_altijd_rond_1500_in/","nederlands","r/nederlands","Kakt iedereen ook altijd rond 15:00 in?","Op school of op werk, rond een uur of 15:00 kak ik altijd ontzettend in. Heeft iedereen hier last van of ben ik in de minderheid? Edit: ik drink geen cafeïne-houdende drankjes Edit2: ja ik heb ADHD","","1723036615","2024-08-07T13:16:55+00:00","509","509","0.94","382","a341419102a9ef93","","reddit-nederlands-kakt_iedereen_ook_altijd_rond_1500_in:comment:lgxudh8","comment","lgxudh8","t1_lgxudh8","https://www.reddit.com/r/nederlands/comments/1embj33/kakt_iedereen_ook_altijd_rond_1500_in/lgxudh8/","/r/nederlands/comments/1embj33/kakt_iedereen_ook_altijd_rond_1500_in/lgxudh8/","t1_lgxr4pt","comment","lgxr4pt","lgxq80n","2","false","lgxq80n > lgxr4pt > lgxudh8","","","","false","false","","52","52","0","0","2","1723039160","2024-08-07T13:59:20+00:00","false","False","","false","false","false","false","In het boek “je vermoeidheid te lijf” van GZ psycholoog Annemarieke Fleming worden wetenschappelijke bronnen aangehaald waaruit blijkt dat ook mensen die lichte maaltijden eten bij de lunch net zo hard instorten. De invloed van de lunch is dus lang niet zo groot als gedacht en dat is niet anekdotisch.","In het boek “je vermoeidheid te lijf” van GZ psycholoog Annemarieke Fleming worden wetenschappelijke bronnen aangehaald waaruit blijkt dat ook mensen die lichte maaltijden eten bij de lunch net zo hard instorten. De invloed van de lunch is dus lang niet zo groot als gedacht en d…","302","50","lol, nee. Leuke anekdote, maar de middagdip is ontzettend beinvloed door je voeding. Zware carb-rijke maaltijden veroorzaken een flinke dip in je bloedsuikerspiegel. Zie je ook regelmatig na het avondeten.","In tegenstelling tot wat velen denken komt dit niet door het lunchen (after lunch dip) maar is het een natuurlijk fenomeen in het zenuwstelsel. Zelfs de Romeinen deden dat al met hun “sexta hora” (het zesde uur). Zes uur na de zonsopgang deden zij standaard een dutje, het is een normaal en natuurlijk iets om dat te doen en erg gezond. Wij doen dat niet want werk. Ongeveer zes uur na aanvang kakken we in en overrulen we die momenten met koffie en hersenprikkeling, waarmee de weg naar burnout wordt geopend. Geef dus toe aan je sexta hora en doe een dutje. Als je baas dan klaagt geef je aan dat je aan je gezondheid werkt.","","false","false","app","","","mentions_planner_or_system","32","[THREAD_TITLE]
Kakt iedereen ook altijd rond 15:00 in?

[THREAD_BODY]
Op school of op werk, rond een uur of 15:00 kak ik altijd ontzettend in. Heeft iedereen hier last van of ben ik in de minderheid? Edit: ik drink geen cafeïne-houdende drankjes Edit2: ja ik heb ADHD

[ROOT_COMMENT_CONTEXT]
In tegenstelling tot wat velen denken komt dit niet door het lunchen (after lunch dip) maar is het een natuurlijk fenomeen in het zenuwstelsel. Zelfs de Romeinen deden dat al met hun “sexta hora” (het zesde uur). Zes uur na de zonsopgang deden zij standaard een dutje, het is een normaal en natuurlijk iets om dat te doen en erg gezond. Wij doen dat niet want werk. Ongeveer zes uur na aanvang kakken we in en overrulen we die momenten met koffie en hersenprikkeling, waarmee de weg naar burnout wordt geopend. Geef dus toe aan je sexta hora en doe een dutje. Als je baas dan klaagt geef je aan dat je aan je gezondheid werkt.

[PARENT_COMMENT_CONTEXT]
lol, nee. Leuke anekdote, maar de middagdip is ontzettend beinvloed door je voeding. Zware carb-rijke maaltijden veroorzaken een flinke dip in je bloedsuikerspiegel. Zie je ook regelmatig na het avondeten.

[CURRENT_RECORD]
In het boek “je vermoeidheid te lijf” van GZ psycholoog Annemarieke Fleming worden wetenschappelijke bronnen aangehaald waaruit blijkt dat ook mensen die lichte maaltijden eten bij de lunch net zo hard instorten. De invloed van de lunch is dus lang niet zo groot als gedacht en dat is niet anekdotisch."
"C:\Projects\Web\planner-tdah\research\reddit_data\reddit-nederlands-kakt_iedereen_ook_altijd_rond_1500_in.json","reddit-nederlands-kakt_iedereen_ook_altijd_rond_1500_in","1embj33","t3_1embj33","https://www.reddit.com/r/nederlands/comments/1embj33/kakt_iedereen_ook_altijd_rond_1500_in/","nederlands","r/nederlands","Kakt iedereen ook altijd rond 15:00 in?","Op school of op werk, rond een uur of 15:00 kak ik altijd ontzettend in. Heeft iedereen hier last van of ben ik in de minderheid? Edit: ik drink geen cafeïne-houdende drankjes Edit2: ja ik heb ADHD","","1723036615","2024-08-07T13:16:55+00:00","509","509","0.94","382","a341419102a9ef93","","reddit-nederlands-kakt_iedereen_ook_altijd_rond_1500_in:comment:lgxx4nx","comment","lgxx4nx","t1_lgxx4nx","https://www.reddit.com/r/nederlands/comments/1embj33/kakt_iedereen_ook_altijd_rond_1500_in/lgxx4nx/","/r/nederlands/comments/1embj33/kakt_iedereen_ook_altijd_rond_1500_in/lgxx4nx/","t1_lgxudh8","comment","lgxudh8","lgxq80n","3","false","lgxq80n > lgxr4pt > lgxudh8 > lgxx4nx","f208226d17cb13b5","","","false","false","","6","6","0","1","2","1723040093","2024-08-07T14:14:53+00:00","1723040280","1723040280","2024-08-07T14:18:00+00:00","false","false","false","false","Welk onderzoek is dat? Ik heb wat rondgegoogled, maar kan het specifieke onderzoek niet vinden. Het boek is overigens gefocussed op kanker en COVID-herstel, dus wel specifieker dan een simpele klacht over een middagdippie. ChatGTP zegt hierover: ""Hoewel het boek niet expliciet de wetenschappelijke onderzoeken vermeldt die aantonen dat mensen die lichte maaltijden eten bij de lunch net zo hard instorten als degenen die zwaardere maaltijden eten, bespreekt Fleming wel algemene principes en wetenschappelijke basis over vermoeidheid en energiemanagement."" In je eerste post breng je het alsof het 100% aan het zenuwstelsel ligt, niet aan voeding. In je reactie zeg je al dat ""de invloed van lunch lang niet zo groot is"". Dit zijn wel twee volkomen verschillende reacties. Ik geloof best dat het niet 100% aan voeding ligt, maar bv 70 tot 80%. PS: Omdat de Romeinen iets deden, betekend het niet gelijk dat het gezond is trouwens. Hun voeding bestond voornamelijk uit zwaardere graanproducten, niet bepaald gevarieerd. Een middagdutje vind ik acceptabel als je 65+ bent, maar op jongere leeftijd hoop ik toch genoeg energie te hebben en gezond te leven dit te voorkomen. (Puur mijn eigen perspectief, hierin staat iedereen anders natuurlijk)","Welk onderzoek is dat? Ik heb wat rondgegoogled, maar kan het specifieke onderzoek niet vinden. Het boek is overigens gefocussed op kanker en COVID-herstel, dus wel specifieker dan een simpele klacht over een middagdippie. ChatGTP zegt hierover: ""Hoewel het boek niet expliciet d…","1242","195","In het boek “je vermoeidheid te lijf” van GZ psycholoog Annemarieke Fleming worden wetenschappelijke bronnen aangehaald waaruit blijkt dat ook mensen die lichte maaltijden eten bij de lunch net zo hard instorten. De invloed van de lunch is dus lang niet zo groot als gedacht en dat is niet anekdotisch.","In tegenstelling tot wat velen denken komt dit niet door het lunchen (after lunch dip) maar is het een natuurlijk fenomeen in het zenuwstelsel. Zelfs de Romeinen deden dat al met hun “sexta hora” (het zesde uur). Zes uur na de zonsopgang deden zij standaard een dutje, het is een normaal en natuurlijk iets om dat te doen en erg gezond. Wij doen dat niet want werk. Ongeveer zes uur na aanvang kakken we in en overrulen we die momenten met koffie en hersenprikkeling, waarmee de weg naar burnout wordt geopend. Geef dus toe aan je sexta hora en doe een dutje. Als je baas dan klaagt geef je aan dat je aan je gezondheid werkt.","","true","false","app","","","contains_question | long_form_comment | mentions_planner_or_system","42","[THREAD_TITLE]
Kakt iedereen ook altijd rond 15:00 in?

[THREAD_BODY]
Op school of op werk, rond een uur of 15:00 kak ik altijd ontzettend in. Heeft iedereen hier last van of ben ik in de minderheid? Edit: ik drink geen cafeïne-houdende drankjes Edit2: ja ik heb ADHD

[ROOT_COMMENT_CONTEXT]
In tegenstelling tot wat velen denken komt dit niet door het lunchen (after lunch dip) maar is het een natuurlijk fenomeen in het zenuwstelsel. Zelfs de Romeinen deden dat al met hun “sexta hora” (het zesde uur). Zes uur na de zonsopgang deden zij standaard een dutje, het is een normaal en natuurlijk iets om dat te doen en erg gezond. Wij doen dat niet want werk. Ongeveer zes uur na aanvang kakken we in en overrulen we die momenten met koffie en hersenprikkeling, waarmee de weg naar burnout wordt geopend. Geef dus toe aan je sexta hora en doe een dutje. Als je baas dan klaagt geef je aan dat je aan je gezondheid werkt.

[PARENT_COMMENT_CONTEXT]
In het boek “je vermoeidheid te lijf” van GZ psycholoog Annemarieke Fleming worden wetenschappelijke bronnen aangehaald waaruit blijkt dat ook mensen die lichte maaltijden eten bij de lunch net zo hard instorten. De invloed van de lunch is dus lang niet zo groot als gedacht en dat is niet anekdotisch.

[CURRENT_RECORD]
Welk onderzoek is dat? Ik heb wat rondgegoogled, maar kan het specifieke onderzoek niet vinden. Het boek is overigens gefocussed op kanker en COVID-herstel, dus wel specifieker dan een simpele klacht over een middagdippie. ChatGTP zegt hierover: ""Hoewel het boek niet expliciet de wetenschappelijke onderzoeken vermeldt die aantonen dat mensen die lichte maaltijden eten bij de lunch net zo hard instorten als degenen die zwaardere maaltijden eten, bespreekt Fleming wel algemene principes en wetenschappelijke basis over vermoeidheid en energiemanagement."" In je eerste post breng je het alsof het 100% aan het zenuwstelsel ligt, niet aan voeding. In je reactie zeg je al dat ""de invloed van lunch lang niet zo groot is"". Dit zijn wel twee volkomen verschillende reacties. Ik geloof best dat het niet 100% aan voeding ligt, maar bv 70 tot 80%. PS: Omdat de Romeinen iets deden, betekend het niet gelijk dat het gezond is trouwens. Hun voeding bestond voornamelijk uit zwaardere graanproducten, niet bepaald gevarieerd. Een middagdutje vind ik acceptabel als je 65+ bent, maar op jongere leeftijd hoop ik toch genoeg energie te hebben en gezond te leven dit te voorkomen. (Puur mijn eigen perspectief, hierin staat iedereen anders natuurlijk)"
"C:\Projects\Web\planner-tdah\research\reddit_data\reddit-nederlands-kakt_iedereen_ook_altijd_rond_1500_in.json","reddit-nederlands-kakt_iedereen_ook_altijd_rond_1500_in","1embj33","t3_1embj33","https://www.reddit.com/r/nederlands/comments/1embj33/kakt_iedereen_ook_altijd_rond_1500_in/","nederlands","r/nederlands","Kakt iedereen ook altijd rond 15:00 in?","Op school of op werk, rond een uur of 15:00 kak ik altijd ontzettend in. Heeft iedereen hier last van of ben ik in de minderheid? Edit: ik drink geen cafeïne-houdende drankjes Edit2: ja ik heb ADHD","","1723036615","2024-08-07T13:16:55+00:00","509","509","0.94","382","a341419102a9ef93","","reddit-nederlands-kakt_iedereen_ook_altijd_rond_1500_in:comment:lgyi4kx","comment","lgyi4kx","t1_lgyi4kx","https://www.reddit.com/r/nederlands/comments/1embj33/kakt_iedereen_ook_altijd_rond_1500_in/lgyi4kx/","/r/nederlands/comments/1embj33/kakt_iedereen_ook_altijd_rond_1500_in/lgyi4kx/","t1_lgxx4nx","comment","lgxx4nx","lgxq80n","4","false","lgxq80n > lgxr4pt > lgxudh8 > lgxx4nx > lgyi4kx","cb4c1509aac9d33e","","","false","false","","2","2","0","1","1","1723046737","2024-08-07T16:05:37+00:00","false","False","","false","false","false","false","Hilarisch weer dat je gedownvote wordt voor een goed onderbouwde mening.","Hilarisch weer dat je gedownvote wordt voor een goed onderbouwde mening.","72","11","Welk onderzoek is dat? Ik heb wat rondgegoogled, maar kan het specifieke onderzoek niet vinden. Het boek is overigens gefocussed op kanker en COVID-herstel, dus wel specifieker dan een simpele klacht over een middagdippie. ChatGTP zegt hierover: ""Hoewel het boek niet expliciet de wetenschappelijke onderzoeken vermeldt die aantonen dat mensen die lichte maaltijden eten bij de lunch net zo hard instorten als degenen die zwaardere maaltijden eten, bespreekt Fleming wel algemene principes en wetenschappelijke basis over vermoeidheid en energiemanagement."" In je eerste post breng je het alsof het 100% aan het zenuwstelsel ligt, niet aan voeding. In je reactie zeg je al dat ""de invloed van lunch…","In tegenstelling tot wat velen denken komt dit niet door het lunchen (after lunch dip) maar is het een natuurlijk fenomeen in het zenuwstelsel. Zelfs de Romeinen deden dat al met hun “sexta hora” (het zesde uur). Zes uur na de zonsopgang deden zij standaard een dutje, het is een normaal en natuurlijk iets om dat te doen en erg gezond. Wij doen dat niet want werk. Ongeveer zes uur na aanvang kakken we in en overrulen we die momenten met koffie en hersenprikkeling, waarmee de weg naar burnout wordt geopend. Geef dus toe aan je sexta hora en doe een dutje. Als je baas dan klaagt geef je aan dat je aan je gezondheid werkt.","","false","false","","","","","3","[THREAD_TITLE]
Kakt iedereen ook altijd rond 15:00 in?

[THREAD_BODY]
Op school of op werk, rond een uur of 15:00 kak ik altijd ontzettend in. Heeft iedereen hier last van of ben ik in de minderheid? Edit: ik drink geen cafeïne-houdende drankjes Edit2: ja ik heb ADHD

[ROOT_COMMENT_CONTEXT]
In tegenstelling tot wat velen denken komt dit niet door het lunchen (after lunch dip) maar is het een natuurlijk fenomeen in het zenuwstelsel. Zelfs de Romeinen deden dat al met hun “sexta hora” (het zesde uur). Zes uur na de zonsopgang deden zij standaard een dutje, het is een normaal en natuurlijk iets om dat te doen en erg gezond. Wij doen dat niet want werk. Ongeveer zes uur na aanvang kakken we in en overrulen we die momenten met koffie en hersenprikkeling, waarmee de weg naar burnout wordt geopend. Geef dus toe aan je sexta hora en doe een dutje. Als je baas dan klaagt geef je aan dat je aan je gezondheid werkt.

[PARENT_COMMENT_CONTEXT]
Welk onderzoek is dat? Ik heb wat rondgegoogled, maar kan het specifieke onderzoek niet vinden. Het boek is overigens gefocussed op kanker en COVID-herstel, dus wel specifieker dan een simpele klacht over een middagdippie. ChatGTP zegt hierover: ""Hoewel het boek niet expliciet de wetenschappelijke onderzoeken vermeldt die aantonen dat mensen die lichte maaltijden eten bij de lunch net zo hard instorten als degenen die zwaardere maaltijden eten, bespreekt Fleming wel algemene principes en wetenschappelijke basis over vermoeidheid en energiemanagement."" In je eerste post breng je het alsof het 100% aan het zenuwstelsel ligt, niet aan voeding. In je reactie zeg je al dat ""de invloed van lunch…

[CURRENT_RECORD]
Hilarisch weer dat je gedownvote wordt voor een goed onderbouwde mening."
"C:\Projects\Web\planner-tdah\research\reddit_data\reddit-nederlands-kakt_iedereen_ook_altijd_rond_1500_in.json","reddit-nederlands-kakt_iedereen_ook_altijd_rond_1500_in","1embj33","t3_1embj33","https://www.reddit.com/r/nederlands/comments/1embj33/kakt_iedereen_ook_altijd_rond_1500_in/","nederlands","r/nederlands","Kakt iedereen ook altijd rond 15:00 in?","Op school of op werk, rond een uur of 15:00 kak ik altijd ontzettend in. Heeft iedereen hier last van of ben ik in de minderheid? Edit: ik drink geen cafeïne-houdende drankjes Edit2: ja ik heb ADHD","","1723036615","2024-08-07T13:16:55+00:00","509","509","0.94","382","a341419102a9ef93","","reddit-nederlands-kakt_iedereen_ook_altijd_rond_1500_in:comment:lgzanrn","comment","lgzanrn","t1_lgzanrn","https://www.reddit.com/r/nederlands/comments/1embj33/kakt_iedereen_ook_altijd_rond_1500_in/lgzanrn/","/r/nederlands/comments/1embj33/kakt_iedereen_ook_altijd_rond_1500_in/lgzanrn/","t1_lgyi4kx","comment","lgyi4kx","lgxq80n","5","false","lgxq80n > lgxr4pt > lgxudh8 > lgxx4nx > lgyi4kx > lgzanrn","bb7a777b45be4057","","","false","false","","5","5","0","0","0","1723055408","2024-08-07T18:30:08+00:00","false","False","","false","false","false","false","Ik vind chatGPT geen goede onderbouwing","Ik vind chatGPT geen goede onderbouwing","39","6","Hilarisch weer dat je gedownvote wordt voor een goed onderbouwde mening.","In tegenstelling tot wat velen denken komt dit niet door het lunchen (after lunch dip) maar is het een natuurlijk fenomeen in het zenuwstelsel. Zelfs de Romeinen deden dat al met hun “sexta hora” (het zesde uur). Zes uur na de zonsopgang deden zij standaard een dutje, het is een normaal en natuurlijk iets om dat te doen en erg gezond. Wij doen dat niet want werk. Ongeveer zes uur na aanvang kakken we in en overrulen we die momenten met koffie en hersenprikkeling, waarmee de weg naar burnout wordt geopend. Geef dus toe aan je sexta hora en doe een dutje. Als je baas dan klaagt geef je aan dat je aan je gezondheid werkt.","","false","false","","","","","5","[THREAD_TITLE]
Kakt iedereen ook altijd rond 15:00 in?

[THREAD_BODY]
Op school of op werk, rond een uur of 15:00 kak ik altijd ontzettend in. Heeft iedereen hier last van of ben ik in de minderheid? Edit: ik drink geen cafeïne-houdende drankjes Edit2: ja ik heb ADHD

[ROOT_COMMENT_CONTEXT]
In tegenstelling tot wat velen denken komt dit niet door het lunchen (after lunch dip) maar is het een natuurlijk fenomeen in het zenuwstelsel. Zelfs de Romeinen deden dat al met hun “sexta hora” (het zesde uur). Zes uur na de zonsopgang deden zij standaard een dutje, het is een normaal en natuurlijk iets om dat te doen en erg gezond. Wij doen dat niet want werk. Ongeveer zes uur na aanvang kakken we in en overrulen we die momenten met koffie en hersenprikkeling, waarmee de weg naar burnout wordt geopend. Geef dus toe aan je sexta hora en doe een dutje. Als je baas dan klaagt geef je aan dat je aan je gezondheid werkt.

[PARENT_COMMENT_CONTEXT]
Hilarisch weer dat je gedownvote wordt voor een goed onderbouwde mening.

[CURRENT_RECORD]
Ik vind chatGPT geen goede onderbouwing"
"C:\Projects\Web\planner-tdah\research\reddit_data\reddit-nederlands-kakt_iedereen_ook_altijd_rond_1500_in.json","reddit-nederlands-kakt_iedereen_ook_altijd_rond_1500_in","1embj33","t3_1embj33","https://www.reddit.com/r/nederlands/comments/1embj33/kakt_iedereen_ook_altijd_rond_1500_in/","nederlands","r/nederlands","Kakt iedereen ook altijd rond 15:00 in?","Op school of op werk, rond een uur of 15:00 kak ik altijd ontzettend in. Heeft iedereen hier last van of ben ik in de minderheid? Edit: ik drink geen cafeïne-houdende drankjes Edit2: ja ik heb ADHD","","1723036615","2024-08-07T13:16:55+00:00","509","509","0.94","382","a341419102a9ef93","","reddit-nederlands-kakt_iedereen_ook_altijd_rond_1500_in:comment:lgxwur3","comment","lgxwur3","t1_lgxwur3","https://www.reddit.com/r/nederlands/comments/1embj33/kakt_iedereen_ook_altijd_rond_1500_in/lgxwur3/","/r/nederlands/comments/1embj33/kakt_iedereen_ook_altijd_rond_1500_in/lgxwur3/","t3_1embj33","post","","lgxwur3","0","true","lgxwur3","411b56f1358ebcc3","","","false","false","","13","13","0","0","0","1723040001","2024-08-07T14:13:21+00:00","false","False","","false","false","false","false","Ik heb meestal een dip tussen 8.00 en 17.00....","Ik heb meestal een dip tussen 8.00 en 17.00....","47","9","","","","false","false","","","","","5","[THREAD_TITLE]
Kakt iedereen ook altijd rond 15:00 in?

[THREAD_BODY]
Op school of op werk, rond een uur of 15:00 kak ik altijd ontzettend in. Heeft iedereen hier last van of ben ik in de minderheid? Edit: ik drink geen cafeïne-houdende drankjes Edit2: ja ik heb ADHD

[CURRENT_RECORD]
Ik heb meestal een dip tussen 8.00 en 17.00...."
"C:\Projects\Web\planner-tdah\research\reddit_data\reddit-nederlands-kakt_iedereen_ook_altijd_rond_1500_in.json","reddit-nederlands-kakt_iedereen_ook_altijd_rond_1500_in","1embj33","t3_1embj33","https://www.reddit.com/r/nederlands/comments/1embj33/kakt_iedereen_ook_altijd_rond_1500_in/","nederlands","r/nederlands","Kakt iedereen ook altijd rond 15:00 in?","Op school of op werk, rond een uur of 15:00 kak ik altijd ontzettend in. Heeft iedereen hier last van of ben ik in de minderheid? Edit: ik drink geen cafeïne-houdende drankjes Edit2: ja ik heb ADHD","","1723036615","2024-08-07T13:16:55+00:00","509","509","0.94","382","a341419102a9ef93","","reddit-nederlands-kakt_iedereen_ook_altijd_rond_1500_in:comment:lgxzr6f","comment","lgxzr6f","t1_lgxzr6f","https://www.reddit.com/r/nederlands/comments/1embj33/kakt_iedereen_ook_altijd_rond_1500_in/lgxzr6f/","/r/nederlands/comments/1embj33/kakt_iedereen_ook_altijd_rond_1500_in/lgxzr6f/","t3_1embj33","post","","lgxzr6f","0","true","lgxzr6f","d0772c6eb4b3bec7","","","false","false","","12","12","0","0","0","1723040962","2024-08-07T14:29:22+00:00","false","False","","false","false","false","false","Ik begin meestal s’ochtends met “ah joh, genoeg tijd vandaag. Komt allemaal af, lekker rustig aan doen” En rond 3 uur ben ik mijn productiefst met “shit, shit dit moet nog allemaal voor morgen af”.","Ik begin meestal s’ochtends met “ah joh, genoeg tijd vandaag. Komt allemaal af, lekker rustig aan doen” En rond 3 uur ben ik mijn productiefst met “shit, shit dit moet nog allemaal voor morgen af”.","197","35","","","","false","false","","","","","15","[THREAD_TITLE]
Kakt iedereen ook altijd rond 15:00 in?

[THREAD_BODY]
Op school of op werk, rond een uur of 15:00 kak ik altijd ontzettend in. Heeft iedereen hier last van of ben ik in de minderheid? Edit: ik drink geen cafeïne-houdende drankjes Edit2: ja ik heb ADHD

[CURRENT_RECORD]
Ik begin meestal s’ochtends met “ah joh, genoeg tijd vandaag. Komt allemaal af, lekker rustig aan doen” En rond 3 uur ben ik mijn productiefst met “shit, shit dit moet nog allemaal voor morgen af”."
"C:\Projects\Web\planner-tdah\research\reddit_data\reddit-nederlands-kakt_iedereen_ook_altijd_rond_1500_in.json","reddit-nederlands-kakt_iedereen_ook_altijd_rond_1500_in","1embj33","t3_1embj33","https://www.reddit.com/r/nederlands/comments/1embj33/kakt_iedereen_ook_altijd_rond_1500_in/","nederlands","r/nederlands","Kakt iedereen ook altijd rond 15:00 in?","Op school of op werk, rond een uur of 15:00 kak ik altijd ontzettend in. Heeft iedereen hier last van of ben ik in de minderheid? Edit: ik drink geen cafeïne-houdende drankjes Edit2: ja ik heb ADHD","","1723036615","2024-08-07T13:16:55+00:00","509","509","0.94","382","a341419102a9ef93","","reddit-nederlands-kakt_iedereen_ook_altijd_rond_1500_in:comment:lgza2oe","comment","lgza2oe","t1_lgza2oe","https://www.reddit.com/r/nederlands/comments/1embj33/kakt_iedereen_ook_altijd_rond_1500_in/lgza2oe/","/r/nederlands/comments/1embj33/kakt_iedereen_ook_altijd_rond_1500_in/lgza2oe/","t3_1embj33","post","","lgza2oe","0","true","lgza2oe","2da6e8f046e5cdaa","","","false","false","","11","11","0","0","2","1723055229","2024-08-07T18:27:09+00:00","false","False","","false","false","false","false","Ja absoluut. Ik heb daarom ook nooit begrepen waarom werkgevers 4x9 een goed idee vinden. Dat extra uurtje levert precies 0 productiviteit op.","Ja absoluut. Ik heb daarom ook nooit begrepen waarom werkgevers 4x9 een goed idee vinden. Dat extra uurtje levert precies 0 productiviteit op.","142","23","","","","false","false","","","","","18","[THREAD_TITLE]
Kakt iedereen ook altijd rond 15:00 in?

[THREAD_BODY]
Op school of op werk, rond een uur of 15:00 kak ik altijd ontzettend in. Heeft iedereen hier last van of ben ik in de minderheid? Edit: ik drink geen cafeïne-houdende drankjes Edit2: ja ik heb ADHD

[CURRENT_RECORD]
Ja absoluut. Ik heb daarom ook nooit begrepen waarom werkgevers 4x9 een goed idee vinden. Dat extra uurtje levert precies 0 productiviteit op."
"C:\Projects\Web\planner-tdah\research\reddit_data\reddit-nederlands-kakt_iedereen_ook_altijd_rond_1500_in.json","reddit-nederlands-kakt_iedereen_ook_altijd_rond_1500_in","1embj33","t3_1embj33","https://www.reddit.com/r/nederlands/comments/1embj33/kakt_iedereen_ook_altijd_rond_1500_in/","nederlands","r/nederlands","Kakt iedereen ook altijd rond 15:00 in?","Op school of op werk, rond een uur of 15:00 kak ik altijd ontzettend in. Heeft iedereen hier last van of ben ik in de minderheid? Edit: ik drink geen cafeïne-houdende drankjes Edit2: ja ik heb ADHD","","1723036615","2024-08-07T13:16:55+00:00","509","509","0.94","382","a341419102a9ef93","","reddit-nederlands-kakt_iedereen_ook_altijd_rond_1500_in:comment:lh091ys","comment","lh091ys","t1_lh091ys","https://www.reddit.com/r/nederlands/comments/1embj33/kakt_iedereen_ook_altijd_rond_1500_in/lh091ys/","/r/nederlands/comments/1embj33/kakt_iedereen_ook_altijd_rond_1500_in/lh091ys/","t1_lgza2oe","comment","lgza2oe","lgza2oe","1","false","lgza2oe > lh091ys","","","","false","false","","3","3","0","0","0","1723065958","2024-08-07T21:25:58+00:00","false","False","","false","false","false","false","4x9 en 4x8 is inderdaad pretty much hetzelfde en veel werkgevers staan het ook niet meer toe. Ik moet steeds vaker 4.5 dagen werken voor 36u. Op zich logisch want iedereen die 4x9 werkt weet dondersgoed dat ze eigenlijk 4x8 werken maar extra salaris krijgen. Maar t voelt jammer.","4x9 en 4x8 is inderdaad pretty much hetzelfde en veel werkgevers staan het ook niet meer toe. Ik moet steeds vaker 4.5 dagen werken voor 36u. Op zich logisch want iedereen die 4x9 werkt weet dondersgoed dat ze eigenlijk 4x8 werken maar extra salaris krijgen. Maar t voelt jammer.","279","49","Ja absoluut. Ik heb daarom ook nooit begrepen waarom werkgevers 4x9 een goed idee vinden. Dat extra uurtje levert precies 0 productiviteit op.","Ja absoluut. Ik heb daarom ook nooit begrepen waarom werkgevers 4x9 een goed idee vinden. Dat extra uurtje levert precies 0 productiviteit op.","","false","false","","","","","10","[THREAD_TITLE]
Kakt iedereen ook altijd rond 15:00 in?

[THREAD_BODY]
Op school of op werk, rond een uur of 15:00 kak ik altijd ontzettend in. Heeft iedereen hier last van of ben ik in de minderheid? Edit: ik drink geen cafeïne-houdende drankjes Edit2: ja ik heb ADHD

[PARENT_COMMENT_CONTEXT]
Ja absoluut. Ik heb daarom ook nooit begrepen waarom werkgevers 4x9 een goed idee vinden. Dat extra uurtje levert precies 0 productiviteit op.

[CURRENT_RECORD]
4x9 en 4x8 is inderdaad pretty much hetzelfde en veel werkgevers staan het ook niet meer toe. Ik moet steeds vaker 4.5 dagen werken voor 36u. Op zich logisch want iedereen die 4x9 werkt weet dondersgoed dat ze eigenlijk 4x8 werken maar extra salaris krijgen. Maar t voelt jammer."
"C:\Projects\Web\planner-tdah\research\reddit_data\reddit-nederlands-kakt_iedereen_ook_altijd_rond_1500_in.json","reddit-nederlands-kakt_iedereen_ook_altijd_rond_1500_in","1embj33","t3_1embj33","https://www.reddit.com/r/nederlands/comments/1embj33/kakt_iedereen_ook_altijd_rond_1500_in/","nederlands","r/nederlands","Kakt iedereen ook altijd rond 15:00 in?","Op school of op werk, rond een uur of 15:00 kak ik altijd ontzettend in. Heeft iedereen hier last van of ben ik in de minderheid? Edit: ik drink geen cafeïne-houdende drankjes Edit2: ja ik heb ADHD","","1723036615","2024-08-07T13:16:55+00:00","509","509","0.94","382","a341419102a9ef93","","reddit-nederlands-kakt_iedereen_ook_altijd_rond_1500_in:comment:lgzywwp","comment","lgzywwp","t1_lgzywwp","https://www.reddit.com/r/nederlands/comments/1embj33/kakt_iedereen_ook_altijd_rond_1500_in/lgzywwp/","/r/nederlands/comments/1embj33/kakt_iedereen_ook_altijd_rond_1500_in/lgzywwp/","t1_lgza2oe","comment","lgza2oe","lgza2oe","1","false","lgza2oe > lgzywwp","9e9c7ac53aff6bb6","","","false","false","","2","2","0","0","0","1723062805","2024-08-07T20:33:25+00:00","false","False","","false","false","false","false","Oneens. De 2x2 dagen geeft mij net de motivatie om even af te ronden. Ik heb altijd een vrije dag gehad, of ik kijk uit naar een vrije dag.","Oneens. De 2x2 dagen geeft mij net de motivatie om even af te ronden. Ik heb altijd een vrije dag gehad, of ik kijk uit naar een vrije dag.","139","29","Ja absoluut. Ik heb daarom ook nooit begrepen waarom werkgevers 4x9 een goed idee vinden. Dat extra uurtje levert precies 0 productiviteit op.","Ja absoluut. Ik heb daarom ook nooit begrepen waarom werkgevers 4x9 een goed idee vinden. Dat extra uurtje levert precies 0 productiviteit op.","","false","false","","","","","10","[THREAD_TITLE]
Kakt iedereen ook altijd rond 15:00 in?

[THREAD_BODY]
Op school of op werk, rond een uur of 15:00 kak ik altijd ontzettend in. Heeft iedereen hier last van of ben ik in de minderheid? Edit: ik drink geen cafeïne-houdende drankjes Edit2: ja ik heb ADHD

[PARENT_COMMENT_CONTEXT]
Ja absoluut. Ik heb daarom ook nooit begrepen waarom werkgevers 4x9 een goed idee vinden. Dat extra uurtje levert precies 0 productiviteit op.

[CURRENT_RECORD]
Oneens. De 2x2 dagen geeft mij net de motivatie om even af te ronden. Ik heb altijd een vrije dag gehad, of ik kijk uit naar een vrije dag."
"C:\Projects\Web\planner-tdah\research\reddit_data\reddit-nederlands-kakt_iedereen_ook_altijd_rond_1500_in.json","reddit-nederlands-kakt_iedereen_ook_altijd_rond_1500_in","1embj33","t3_1embj33","https://www.reddit.com/r/nederlands/comments/1embj33/kakt_iedereen_ook_altijd_rond_1500_in/","nederlands","r/nederlands","Kakt iedereen ook altijd rond 15:00 in?","Op school of op werk, rond een uur of 15:00 kak ik altijd ontzettend in. Heeft iedereen hier last van of ben ik in de minderheid? Edit: ik drink geen cafeïne-houdende drankjes Edit2: ja ik heb ADHD","","1723036615","2024-08-07T13:16:55+00:00","509","509","0.94","382","a341419102a9ef93","","reddit-nederlands-kakt_iedereen_ook_altijd_rond_1500_in:comment:lgxraeb","comment","lgxraeb","t1_lgxraeb","https://www.reddit.com/r/nederlands/comments/1embj33/kakt_iedereen_ook_altijd_rond_1500_in/lgxraeb/","/r/nederlands/comments/1embj33/kakt_iedereen_ook_altijd_rond_1500_in/lgxraeb/","t3_1embj33","post","","lgxraeb","0","true","lgxraeb","0373c08e1e957ae2","","De enige echte","false","false","","44","44","0","0","1","1723038098","2024-08-07T13:41:38+00:00","false","False","","false","false","false","false","Dat vind ik ook zo ideaal aan thuis werken, ik kan de tijd die ik werk plannen rondom de momenten dat ik qua energie goed zit. 7:00 tot 10:30, zeker als niemand mij te vroeg stoort op de dag zijn voor mij echt gouden uurtjes. Als alles mee zit krijg ik op een ochtend thuis meer werk gedaan dan soms op een hele dag op kantoor. Tussen 10:00 en 11:00 neem ik meestal ergens mijn ontbijt en doe ik wat rustig aan. Daarna komt meestal de tijd dat ik continu gestoord word voor teams meetings. Meestal zit ik op rond deze tijd op mijn andere scherm op Reddit of heb ik een potje Civilisation open staan. Rond 13:00 neem ik vaak een lange lunch. Minimaal een uur. Als ik mezelf ertoe kan zetten ga ik in deze tijd ook naar de Fitness. Kost extra tijd, maar meestal zorgt dat er wel voor dat ik daarna meer energie heb om door te werken. Hierna werk ik meestal van 14:00 tot 17:30-19:00, afhankelijk hoe ik me voel of wat er nodig is. Goed, mijn werkdag duurt zo wel van 7:00 tot 19:00, maar ik heb vaak effectief minder dan 8 uur gewerkt terwijl ik voor meer dan een volle kantoordag aan werk verzet heb.","Dat vind ik ook zo ideaal aan thuis werken, ik kan de tijd die ik werk plannen rondom de momenten dat ik qua energie goed zit. 7:00 tot 10:30, zeker als niemand mij te vroeg stoort op de dag zijn voor mij echt gouden uurtjes. Als alles mee zit krijg ik op een ochtend thuis meer…","1099","212","","","","false","false","plan","","","long_form_comment | mentions_planner_or_system","47","[THREAD_TITLE]
Kakt iedereen ook altijd rond 15:00 in?

[THREAD_BODY]
Op school of op werk, rond een uur of 15:00 kak ik altijd ontzettend in. Heeft iedereen hier last van of ben ik in de minderheid? Edit: ik drink geen cafeïne-houdende drankjes Edit2: ja ik heb ADHD

[CURRENT_RECORD]
Dat vind ik ook zo ideaal aan thuis werken, ik kan de tijd die ik werk plannen rondom de momenten dat ik qua energie goed zit. 7:00 tot 10:30, zeker als niemand mij te vroeg stoort op de dag zijn voor mij echt gouden uurtjes. Als alles mee zit krijg ik op een ochtend thuis meer werk gedaan dan soms op een hele dag op kantoor. Tussen 10:00 en 11:00 neem ik meestal ergens mijn ontbijt en doe ik wat rustig aan. Daarna komt meestal de tijd dat ik continu gestoord word voor teams meetings. Meestal zit ik op rond deze tijd op mijn andere scherm op Reddit of heb ik een potje Civilisation open staan. Rond 13:00 neem ik vaak een lange lunch. Minimaal een uur. Als ik mezelf ertoe kan zetten ga ik in deze tijd ook naar de Fitness. Kost extra tijd, maar meestal zorgt dat er wel voor dat ik daarna meer energie heb om door te werken. Hierna werk ik meestal van 14:00 tot 17:30-19:00, afhankelijk hoe ik me voel of wat er nodig is. Goed, mijn werkdag duurt zo wel van 7:00 tot 19:00, maar ik heb vaak effectief minder dan 8 uur gewerkt terwijl ik voor meer dan een volle kantoordag aan werk verzet heb."
"C:\Projects\Web\planner-tdah\research\reddit_data\reddit-nederlands-kakt_iedereen_ook_altijd_rond_1500_in.json","reddit-nederlands-kakt_iedereen_ook_altijd_rond_1500_in","1embj33","t3_1embj33","https://www.reddit.com/r/nederlands/comments/1embj33/kakt_iedereen_ook_altijd_rond_1500_in/","nederlands","r/nederlands","Kakt iedereen ook altijd rond 15:00 in?","Op school of op werk, rond een uur of 15:00 kak ik altijd ontzettend in. Heeft iedereen hier last van of ben ik in de minderheid? Edit: ik drink geen cafeïne-houdende drankjes Edit2: ja ik heb ADHD","","1723036615","2024-08-07T13:16:55+00:00","509","509","0.94","382","a341419102a9ef93","","reddit-nederlands-kakt_iedereen_ook_altijd_rond_1500_in:comment:lgxwnpu","comment","lgxwnpu","t1_lgxwnpu","https://www.reddit.com/r/nederlands/comments/1embj33/kakt_iedereen_ook_altijd_rond_1500_in/lgxwnpu/","/r/nederlands/comments/1embj33/kakt_iedereen_ook_altijd_rond_1500_in/lgxwnpu/","t1_lgxraeb","comment","lgxraeb","lgxraeb","1","false","lgxraeb > lgxwnpu","d08234132069fea0","","","false","false","","30","30","0","0","1","1723039935","2024-08-07T14:12:15+00:00","false","False","","false","false","false","false","Als ik thuis werk, ga ik inderdaad ook vreselijk tekeer tot een uur of 11. Met een beetje geluk ben ik dan eigenlijk door mijn dagelijkse taken heen en hoef ik alleen nog vergaderingen bij te wonen. Na de lunch rustig aan, vergaderingetje hier en daar en na 4 ben ik er nog, maar doe ik meer het huishouden. Werk altijd af, ik rustig de avond in. Geen stress.","Als ik thuis werk, ga ik inderdaad ook vreselijk tekeer tot een uur of 11. Met een beetje geluk ben ik dan eigenlijk door mijn dagelijkse taken heen en hoef ik alleen nog vergaderingen bij te wonen. Na de lunch rustig aan, vergaderingetje hier en daar en na 4 ben ik er nog, maar…","359","69","Dat vind ik ook zo ideaal aan thuis werken, ik kan de tijd die ik werk plannen rondom de momenten dat ik qua energie goed zit. 7:00 tot 10:30, zeker als niemand mij te vroeg stoort op de dag zijn voor mij echt gouden uurtjes. Als alles mee zit krijg ik op een ochtend thuis meer werk gedaan dan soms op een hele dag op kantoor. Tussen 10:00 en 11:00 neem ik meestal ergens mijn ontbijt en doe ik wat rustig aan. Daarna komt meestal de tijd dat ik continu gestoord word voor teams meetings. Meestal zit ik op rond deze tijd op mijn andere scherm op Reddit of heb ik een potje Civilisation open staan. Rond 13:00 neem ik vaak een lange lunch. Minimaal een uur. Als ik mezelf ertoe kan zetten ga ik in…","Dat vind ik ook zo ideaal aan thuis werken, ik kan de tijd die ik werk plannen rondom de momenten dat ik qua energie goed zit. 7:00 tot 10:30, zeker als niemand mij te vroeg stoort op de dag zijn voor mij echt gouden uurtjes. Als alles mee zit krijg ik op een ochtend thuis meer werk gedaan dan soms op een hele dag op kantoor. Tussen 10:00 en 11:00 neem ik meestal ergens mijn ontbijt en doe ik wat rustig aan. Daarna komt meestal de tijd dat ik continu gestoord word voor teams meetings. Meestal zit ik op rond deze tijd op mijn andere scherm op Reddit of heb ik een potje Civilisation open staan. Rond 13:00 neem ik vaak een lange lunch. Minimaal een uur. Als ik mezelf ertoe kan zetten ga ik in…","","false","false","","","","","23","[THREAD_TITLE]
Kakt iedereen ook altijd rond 15:00 in?

[THREAD_BODY]
Op school of op werk, rond een uur of 15:00 kak ik altijd ontzettend in. Heeft iedereen hier last van of ben ik in de minderheid? Edit: ik drink geen cafeïne-houdende drankjes Edit2: ja ik heb ADHD

[PARENT_COMMENT_CONTEXT]
Dat vind ik ook zo ideaal aan thuis werken, ik kan de tijd die ik werk plannen rondom de momenten dat ik qua energie goed zit. 7:00 tot 10:30, zeker als niemand mij te vroeg stoort op de dag zijn voor mij echt gouden uurtjes. Als alles mee zit krijg ik op een ochtend thuis meer werk gedaan dan soms op een hele dag op kantoor. Tussen 10:00 en 11:00 neem ik meestal ergens mijn ontbijt en doe ik wat rustig aan. Daarna komt meestal de tijd dat ik continu gestoord word voor teams meetings. Meestal zit ik op rond deze tijd op mijn andere scherm op Reddit of heb ik een potje Civilisation open staan. Rond 13:00 neem ik vaak een lange lunch. Minimaal een uur. Als ik mezelf ertoe kan zetten ga ik in…

[CURRENT_RECORD]
Als ik thuis werk, ga ik inderdaad ook vreselijk tekeer tot een uur of 11. Met een beetje geluk ben ik dan eigenlijk door mijn dagelijkse taken heen en hoef ik alleen nog vergaderingen bij te wonen. Na de lunch rustig aan, vergaderingetje hier en daar en na 4 ben ik er nog, maar doe ik meer het huishouden. Werk altijd af, ik rustig de avond in. Geen stress."
"C:\Projects\Web\planner-tdah\research\reddit_data\reddit-nederlands-kakt_iedereen_ook_altijd_rond_1500_in.json","reddit-nederlands-kakt_iedereen_ook_altijd_rond_1500_in","1embj33","t3_1embj33","https://www.reddit.com/r/nederlands/comments/1embj33/kakt_iedereen_ook_altijd_rond_1500_in/","nederlands","r/nederlands","Kakt iedereen ook altijd rond 15:00 in?","Op school of op werk, rond een uur of 15:00 kak ik altijd ontzettend in. Heeft iedereen hier last van of ben ik in de minderheid? Edit: ik drink geen cafeïne-houdende drankjes Edit2: ja ik heb ADHD","","1723036615","2024-08-07T13:16:55+00:00","509","509","0.94","382","a341419102a9ef93","","reddit-nederlands-kakt_iedereen_ook_altijd_rond_1500_in:comment:lgy0jt5","comment","lgy0jt5","t1_lgy0jt5","https://www.reddit.com/r/nederlands/comments/1embj33/kakt_iedereen_ook_altijd_rond_1500_in/lgy0jt5/","/r/nederlands/comments/1embj33/kakt_iedereen_ook_altijd_rond_1500_in/lgy0jt5/","t1_lgxwnpu","comment","lgxwnpu","lgxraeb","2","false","lgxraeb > lgxwnpu > lgy0jt5","5b70e0d18501070e","","","false","false","","9","9","0","0","0","1723041220","2024-08-07T14:33:40+00:00","false","False","","false","false","false","false","Jij snapt hem.","Jij snapt hem.","14","3","Als ik thuis werk, ga ik inderdaad ook vreselijk tekeer tot een uur of 11. Met een beetje geluk ben ik dan eigenlijk door mijn dagelijkse taken heen en hoef ik alleen nog vergaderingen bij te wonen. Na de lunch rustig aan, vergaderingetje hier en daar en na 4 ben ik er nog, maar doe ik meer het huishouden. Werk altijd af, ik rustig de avond in. Geen stress.","Dat vind ik ook zo ideaal aan thuis werken, ik kan de tijd die ik werk plannen rondom de momenten dat ik qua energie goed zit. 7:00 tot 10:30, zeker als niemand mij te vroeg stoort op de dag zijn voor mij echt gouden uurtjes. Als alles mee zit krijg ik op een ochtend thuis meer werk gedaan dan soms op een hele dag op kantoor. Tussen 10:00 en 11:00 neem ik meestal ergens mijn ontbijt en doe ik wat rustig aan. Daarna komt meestal de tijd dat ik continu gestoord word voor teams meetings. Meestal zit ik op rond deze tijd op mijn andere scherm op Reddit of heb ik een potje Civilisation open staan. Rond 13:00 neem ik vaak een lange lunch. Minimaal een uur. Als ik mezelf ertoe kan zetten ga ik in…","","false","false","","","","","5","[THREAD_TITLE]
Kakt iedereen ook altijd rond 15:00 in?

[THREAD_BODY]
Op school of op werk, rond een uur of 15:00 kak ik altijd ontzettend in. Heeft iedereen hier last van of ben ik in de minderheid? Edit: ik drink geen cafeïne-houdende drankjes Edit2: ja ik heb ADHD

[ROOT_COMMENT_CONTEXT]
Dat vind ik ook zo ideaal aan thuis werken, ik kan de tijd die ik werk plannen rondom de momenten dat ik qua energie goed zit. 7:00 tot 10:30, zeker als niemand mij te vroeg stoort op de dag zijn voor mij echt gouden uurtjes. Als alles mee zit krijg ik op een ochtend thuis meer werk gedaan dan soms op een hele dag op kantoor. Tussen 10:00 en 11:00 neem ik meestal ergens mijn ontbijt en doe ik wat rustig aan. Daarna komt meestal de tijd dat ik continu gestoord word voor teams meetings. Meestal zit ik op rond deze tijd op mijn andere scherm op Reddit of heb ik een potje Civilisation open staan. Rond 13:00 neem ik vaak een lange lunch. Minimaal een uur. Als ik mezelf ertoe kan zetten ga ik in…

[PARENT_COMMENT_CONTEXT]
Als ik thuis werk, ga ik inderdaad ook vreselijk tekeer tot een uur of 11. Met een beetje geluk ben ik dan eigenlijk door mijn dagelijkse taken heen en hoef ik alleen nog vergaderingen bij te wonen. Na de lunch rustig aan, vergaderingetje hier en daar en na 4 ben ik er nog, maar doe ik meer het huishouden. Werk altijd af, ik rustig de avond in. Geen stress.

[CURRENT_RECORD]
Jij snapt hem."
"C:\Projects\Web\planner-tdah\research\reddit_data\reddit-nederlands-kakt_iedereen_ook_altijd_rond_1500_in.json","reddit-nederlands-kakt_iedereen_ook_altijd_rond_1500_in","1embj33","t3_1embj33","https://www.reddit.com/r/nederlands/comments/1embj33/kakt_iedereen_ook_altijd_rond_1500_in/","nederlands","r/nederlands","Kakt iedereen ook altijd rond 15:00 in?","Op school of op werk, rond een uur of 15:00 kak ik altijd ontzettend in. Heeft iedereen hier last van of ben ik in de minderheid? Edit: ik drink geen cafeïne-houdende drankjes Edit2: ja ik heb ADHD","","1723036615","2024-08-07T13:16:55+00:00","509","509","0.94","382","a341419102a9ef93","","reddit-nederlands-kakt_iedereen_ook_altijd_rond_1500_in:comment:lgxzitb","comment","lgxzitb","t1_lgxzitb","https://www.reddit.com/r/nederlands/comments/1embj33/kakt_iedereen_ook_altijd_rond_1500_in/lgxzitb/","/r/nederlands/comments/1embj33/kakt_iedereen_ook_altijd_rond_1500_in/lgxzitb/","t3_1embj33","post","","lgxzitb","0","true","lgxzitb","ab9a6bc8aa394011","","","false","false","","9","9","0","0","0","1723040886","2024-08-07T14:28:06+00:00","false","False","","false","false","false","false","Mijn dag is vanaf 5:30 tot 21:30 een en al inkak.","Mijn dag is vanaf 5:30 tot 21:30 een en al inkak.","49","11","","","","false","false","","","","","5","[THREAD_TITLE]
Kakt iedereen ook altijd rond 15:00 in?

[THREAD_BODY]
Op school of op werk, rond een uur of 15:00 kak ik altijd ontzettend in. Heeft iedereen hier last van of ben ik in de minderheid? Edit: ik drink geen cafeïne-houdende drankjes Edit2: ja ik heb ADHD

[CURRENT_RECORD]
Mijn dag is vanaf 5:30 tot 21:30 een en al inkak."
"C:\Projects\Web\planner-tdah\research\reddit_data\reddit-nederlands-kakt_iedereen_ook_altijd_rond_1500_in.json","reddit-nederlands-kakt_iedereen_ook_altijd_rond_1500_in","1embj33","t3_1embj33","https://www.reddit.com/r/nederlands/comments/1embj33/kakt_iedereen_ook_altijd_rond_1500_in/","nederlands","r/nederlands","Kakt iedereen ook altijd rond 15:00 in?","Op school of op werk, rond een uur of 15:00 kak ik altijd ontzettend in. Heeft iedereen hier last van of ben ik in de minderheid? Edit: ik drink geen cafeïne-houdende drankjes Edit2: ja ik heb ADHD","","1723036615","2024-08-07T13:16:55+00:00","509","509","0.94","382","a341419102a9ef93","","reddit-nederlands-kakt_iedereen_ook_altijd_rond_1500_in:comment:lgxv1jw","comment","lgxv1jw","t1_lgxv1jw","https://www.reddit.com/r/nederlands/comments/1embj33/kakt_iedereen_ook_altijd_rond_1500_in/lgxv1jw/","/r/nederlands/comments/1embj33/kakt_iedereen_ook_altijd_rond_1500_in/lgxv1jw/","t3_1embj33","post","","lgxv1jw","0","true","lgxv1jw","ef3c0e35bed2720d","","","false","false","","9","9","0","0","1","1723039389","2024-08-07T14:03:09+00:00","false","False","","false","false","false","false","Ik kak meestal in rond 10 uur. Dan neem ik pauze tot iemand mij wakker belt op teams, doe ff wat werk en dan rond 15:00 neem ik vrij omdat de meeste collega’s rond die tijd toch ingekakt zijn. Thuiswerken is mooi","Ik kak meestal in rond 10 uur. Dan neem ik pauze tot iemand mij wakker belt op teams, doe ff wat werk en dan rond 15:00 neem ik vrij omdat de meeste collega’s rond die tijd toch ingekakt zijn. Thuiswerken is mooi","212","42","","","","false","false","","","","","18","[THREAD_TITLE]
Kakt iedereen ook altijd rond 15:00 in?

[THREAD_BODY]
Op school of op werk, rond een uur of 15:00 kak ik altijd ontzettend in. Heeft iedereen hier last van of ben ik in de minderheid? Edit: ik drink geen cafeïne-houdende drankjes Edit2: ja ik heb ADHD

[CURRENT_RECORD]
Ik kak meestal in rond 10 uur. Dan neem ik pauze tot iemand mij wakker belt op teams, doe ff wat werk en dan rond 15:00 neem ik vrij omdat de meeste collega’s rond die tijd toch ingekakt zijn. Thuiswerken is mooi"
"C:\Projects\Web\planner-tdah\research\reddit_data\reddit-nederlands-kakt_iedereen_ook_altijd_rond_1500_in.json","reddit-nederlands-kakt_iedereen_ook_altijd_rond_1500_in","1embj33","t3_1embj33","https://www.reddit.com/r/nederlands/comments/1embj33/kakt_iedereen_ook_altijd_rond_1500_in/","nederlands","r/nederlands","Kakt iedereen ook altijd rond 15:00 in?","Op school of op werk, rond een uur of 15:00 kak ik altijd ontzettend in. Heeft iedereen hier last van of ben ik in de minderheid? Edit: ik drink geen cafeïne-houdende drankjes Edit2: ja ik heb ADHD","","1723036615","2024-08-07T13:16:55+00:00","509","509","0.94","382","a341419102a9ef93","","reddit-nederlands-kakt_iedereen_ook_altijd_rond_1500_in:comment:lgzatrz","comment","lgzatrz","t1_lgzatrz","https://www.reddit.com/r/nederlands/comments/1embj33/kakt_iedereen_ook_altijd_rond_1500_in/lgzatrz/","/r/nederlands/comments/1embj33/kakt_iedereen_ook_altijd_rond_1500_in/lgzatrz/","t1_lgxv1jw","comment","lgxv1jw","lgxv1jw","1","false","lgxv1jw > lgzatrz","bb7a777b45be4057","","","false","false","","2","2","0","0","1","1723055460","2024-08-07T18:31:00+00:00","false","False","","false","false","false","false","wat voor werk doe je voel je je niet schuldig over thuiswerken? thanks","wat voor werk doe je voel je je niet schuldig over thuiswerken? thanks","70","13","Ik kak meestal in rond 10 uur. Dan neem ik pauze tot iemand mij wakker belt op teams, doe ff wat werk en dan rond 15:00 neem ik vrij omdat de meeste collega’s rond die tijd toch ingekakt zijn. Thuiswerken is mooi","Ik kak meestal in rond 10 uur. Dan neem ik pauze tot iemand mij wakker belt op teams, doe ff wat werk en dan rond 15:00 neem ik vrij omdat de meeste collega’s rond die tijd toch ingekakt zijn. Thuiswerken is mooi","","true","false","","","","contains_question","3","[THREAD_TITLE]
Kakt iedereen ook altijd rond 15:00 in?

[THREAD_BODY]
Op school of op werk, rond een uur of 15:00 kak ik altijd ontzettend in. Heeft iedereen hier last van of ben ik in de minderheid? Edit: ik drink geen cafeïne-houdende drankjes Edit2: ja ik heb ADHD

[PARENT_COMMENT_CONTEXT]
Ik kak meestal in rond 10 uur. Dan neem ik pauze tot iemand mij wakker belt op teams, doe ff wat werk en dan rond 15:00 neem ik vrij omdat de meeste collega’s rond die tijd toch ingekakt zijn. Thuiswerken is mooi

[CURRENT_RECORD]
wat voor werk doe je voel je je niet schuldig over thuiswerken? thanks"
"C:\Projects\Web\planner-tdah\research\reddit_data\reddit-nederlands-kakt_iedereen_ook_altijd_rond_1500_in.json","reddit-nederlands-kakt_iedereen_ook_altijd_rond_1500_in","1embj33","t3_1embj33","https://www.reddit.com/r/nederlands/comments/1embj33/kakt_iedereen_ook_altijd_rond_1500_in/","nederlands","r/nederlands","Kakt iedereen ook altijd rond 15:00 in?","Op school of op werk, rond een uur of 15:00 kak ik altijd ontzettend in. Heeft iedereen hier last van of ben ik in de minderheid? Edit: ik drink geen cafeïne-houdende drankjes Edit2: ja ik heb ADHD","","1723036615","2024-08-07T13:16:55+00:00","509","509","0.94","382","a341419102a9ef93","","reddit-nederlands-kakt_iedereen_ook_altijd_rond_1500_in:comment:lgzwkgw","comment","lgzwkgw","t1_lgzwkgw","https://www.reddit.com/r/nederlands/comments/1embj33/kakt_iedereen_ook_altijd_rond_1500_in/lgzwkgw/","/r/nederlands/comments/1embj33/kakt_iedereen_ook_altijd_rond_1500_in/lgzwkgw/","t1_lgzatrz","comment","lgzatrz","lgxv1jw","2","false","lgxv1jw > lgzatrz > lgzwkgw","ef3c0e35bed2720d","","","false","false","","3","3","0","0","1","1723062097","2024-08-07T20:21:37+00:00","false","False","","false","false","false","false","Thuiswerken is het beste wat me is overkomen in mijn leven, daar voel ik me absoluut niet schuldig over :p Ik ben IT specialist bij een groot bedrijf. Voor mijn werk is het van belang dat solutions op het juiste tijdstip worden geleverd niet dat je van 9 tot 5 aanwezig bent. Als je planning goed is en je hebt de jarenlange ervaring die ik heb dan kun je het jezelf meestal best makkelijk maken.","Thuiswerken is het beste wat me is overkomen in mijn leven, daar voel ik me absoluut niet schuldig over :p Ik ben IT specialist bij een groot bedrijf. Voor mijn werk is het van belang dat solutions op het juiste tijdstip worden geleverd niet dat je van 9 tot 5 aanwezig bent. Als…","396","75","wat voor werk doe je voel je je niet schuldig over thuiswerken? thanks","Ik kak meestal in rond 10 uur. Dan neem ik pauze tot iemand mij wakker belt op teams, doe ff wat werk en dan rond 15:00 neem ik vrij omdat de meeste collega’s rond die tijd toch ingekakt zijn. Thuiswerken is mooi","","false","false","plan | planning","","","mentions_planner_or_system","21","[THREAD_TITLE]
Kakt iedereen ook altijd rond 15:00 in?

[THREAD_BODY]
Op school of op werk, rond een uur of 15:00 kak ik altijd ontzettend in. Heeft iedereen hier last van of ben ik in de minderheid? Edit: ik drink geen cafeïne-houdende drankjes Edit2: ja ik heb ADHD

[ROOT_COMMENT_CONTEXT]
Ik kak meestal in rond 10 uur. Dan neem ik pauze tot iemand mij wakker belt op teams, doe ff wat werk en dan rond 15:00 neem ik vrij omdat de meeste collega’s rond die tijd toch ingekakt zijn. Thuiswerken is mooi

[PARENT_COMMENT_CONTEXT]
wat voor werk doe je voel je je niet schuldig over thuiswerken? thanks

[CURRENT_RECORD]
Thuiswerken is het beste wat me is overkomen in mijn leven, daar voel ik me absoluut niet schuldig over :p Ik ben IT specialist bij een groot bedrijf. Voor mijn werk is het van belang dat solutions op het juiste tijdstip worden geleverd niet dat je van 9 tot 5 aanwezig bent. Als je planning goed is en je hebt de jarenlange ervaring die ik heb dan kun je het jezelf meestal best makkelijk maken."
"C:\Projects\Web\planner-tdah\research\reddit_data\reddit-nederlands-kakt_iedereen_ook_altijd_rond_1500_in.json","reddit-nederlands-kakt_iedereen_ook_altijd_rond_1500_in","1embj33","t3_1embj33","https://www.reddit.com/r/nederlands/comments/1embj33/kakt_iedereen_ook_altijd_rond_1500_in/","nederlands","r/nederlands","Kakt iedereen ook altijd rond 15:00 in?","Op school of op werk, rond een uur of 15:00 kak ik altijd ontzettend in. Heeft iedereen hier last van of ben ik in de minderheid? Edit: ik drink geen cafeïne-houdende drankjes Edit2: ja ik heb ADHD","","1723036615","2024-08-07T13:16:55+00:00","509","509","0.94","382","a341419102a9ef93","","reddit-nederlands-kakt_iedereen_ook_altijd_rond_1500_in:comment:lgzgjun","comment","lgzgjun","t1_lgzgjun","https://www.reddit.com/r/nederlands/comments/1embj33/kakt_iedereen_ook_altijd_rond_1500_in/lgzgjun/","/r/nederlands/comments/1embj33/kakt_iedereen_ook_altijd_rond_1500_in/lgzgjun/","t3_1embj33","post","","lgzgjun","0","true","lgzgjun","153f2bb38cb5bd47","","Ik wil kaas","false","false","","7","7","0","0","1","1723057199","2024-08-07T18:59:59+00:00","false","False","","false","false","false","false","Oh oh oh dat weet ik!! En het antwoord is vrij simpel, als je een beetje biologie kent. Disclaimer, er zullen ongetwijfeld uitzonderingen zijn op de theorie achter deze verklaring, maar het principe is als volgt: Lunch bestaat voor de meeste mensen uit een koolhydraatrijke maaltijd. Of dat nou brood is, koekjes, crackers, of fruit is. De gemeende deler is: koolhydraten. Wat gebeurt er als je een koolhydraatrijke maaltijd eet zonder eerst vezels te eten? Juist, je bloodsuiker knalt omhoog. Het gevolg: Oh ja, insuline komt je bloed in en gaat aan de slag om je bloedsuiker omlaag te halen (en stiekem onnodige suikers in je vet op te slaan, v'dikkeme) Maar u/tenpostman, waarom kak ik dan in? Als je veel koolhydraten zonder vezels binnen een korte tijd consumeert, is het hellingspercentage van de stijging van je bloedsuiker over tijd relatief hoog. En omdat zsm weer naar je baseline te krijgen wordt er in die omstandigheid vaak iets te veel insuline in je bloed geknald door je lichaam. Wat gebeurt er dan? Je schiet tijdelijk onder de baseline van je lichaams gewenste bloedsuiker, waardoor je je een beetje moe, suf, en concentratieloos voelt. Stel je eet vezels voordat je carbs eet, dan is de stijging over tijd veel minder dan als je dat niet doet. En zo geef je dan je lichaam dus meer tijd om accuraat in te schatten hoe veel insuline je nodig hebt om je bloedsuiker weer te verlagen. ( voor de geïnteresseerden: de reden is ietwat omstreden vgm, maar denk je in dat vezels je verteringssysteem in een beschermend stofje coaten, om zo de opname te vertragen). De meeste mensen eten tegenwoordig ook maar weinig whole foods. En de koolhydraten die je via ultra processed eten binnenkrijgt neem je an sich al sneller op dan als je bijv. Een appel eet, met desimpele reden dat het eten al ""geprocessed"" is, dus het zoeft door je lichaam als je kakkie na een bakkie espresso (denk ik dan, ik drink geen koffie dus geen idee of dit zo is lol). Ik kan hier wel een anecdote gaan vertellen over dat ik mijn twee witte bolletjes met ham en kaas heb vervangen door vezelrijk spul (denk omgebrande amandelen ofzo), en dat ik sindsdien eigenlijk geen inkakker meer ervaar na de lunch, maar ik persoonlijk vind de biologische theorie erachter veel interessanter! Bij vragen of onjuistheden hoor ik het graag. Ik ben zeker geen expert op dit gebied, maar ik ben vorig jaar deze rabbit hole ingedoken nadat ook ik mij een paar uurtjes na de lunch altijd voelde inkakker.","Oh oh oh dat weet ik!! En het antwoord is vrij simpel, als je een beetje biologie kent. Disclaimer, er zullen ongetwijfeld uitzonderingen zijn op de theorie achter deze verklaring, maar het principe is als volgt: Lunch bestaat voor de meeste mensen uit een koolhydraatrijke maalt…","2472","430","","","","true","false","app","","","contains_question | long_form_comment | mentions_planner_or_system","42","[THREAD_TITLE]
Kakt iedereen ook altijd rond 15:00 in?

[THREAD_BODY]
Op school of op werk, rond een uur of 15:00 kak ik altijd ontzettend in. Heeft iedereen hier last van of ben ik in de minderheid? Edit: ik drink geen cafeïne-houdende drankjes Edit2: ja ik heb ADHD

[CURRENT_RECORD]
Oh oh oh dat weet ik!! En het antwoord is vrij simpel, als je een beetje biologie kent. Disclaimer, er zullen ongetwijfeld uitzonderingen zijn op de theorie achter deze verklaring, maar het principe is als volgt: Lunch bestaat voor de meeste mensen uit een koolhydraatrijke maaltijd. Of dat nou brood is, koekjes, crackers, of fruit is. De gemeende deler is: koolhydraten. Wat gebeurt er als je een koolhydraatrijke maaltijd eet zonder eerst vezels te eten? Juist, je bloodsuiker knalt omhoog. Het gevolg: Oh ja, insuline komt je bloed in en gaat aan de slag om je bloedsuiker omlaag te halen (en stiekem onnodige suikers in je vet op te slaan, v'dikkeme) Maar u/tenpostman, waarom kak ik dan in? Als je veel koolhydraten zonder vezels binnen een korte tijd consumeert, is het hellingspercentage van de stijging van je bloedsuiker over tijd relatief hoog. En omdat zsm weer naar je baseline te krijgen wordt er in die omstandigheid vaak iets te veel insuline in je bloed geknald door je lichaam. Wat gebeurt er dan? Je schiet tijdelijk onder de baseline van je lichaams gewenste bloedsuiker, waardoor je je een beetje moe, suf, en concentratieloos voelt. Stel je eet vezels voordat je carbs eet, dan is de stijging over tijd veel minder dan als je dat niet doet. En zo geef je dan je lichaam dus meer tijd om accuraat in te schatten hoe veel insuline je nodig hebt om je bloedsuiker weer te verlagen. ( voor de geïnteresseerden: de reden is ietwat omstreden vgm, maar denk je in dat vezels je verteringssysteem in een beschermend stofje coaten, om zo de opname te vertragen). De meeste mensen eten tegenwoordig ook maar weinig whole foods. En de koolhydraten die je via ultra processed eten binnenkrijgt neem je an sich al sneller op dan als je bijv. Een appel eet, met desimpele reden dat het eten al ""geprocessed"" is, dus het zoeft door je lichaam als je kakkie na een bakkie espresso (denk ik dan, ik drink geen koffie dus geen idee of dit zo is lol). Ik kan hier wel een anecdote gaan vertellen over dat ik mijn twee witte bolletjes met ham en kaas heb vervangen door vezelrijk spul (denk omgebrande amandelen ofzo), en dat ik sindsdien eigenlijk geen inkakker meer ervaar na de lunch, maar ik persoonlijk vind de biologische theorie erachter veel interessanter! Bij vragen of onjuistheden hoor ik het graag. Ik ben zeker geen expert op dit gebied, maar ik ben vorig jaar deze rabbit hole ingedoken nadat ook ik mij een paar uurtjes na de lunch altijd voelde inkakker."
"C:\Projects\Web\planner-tdah\research\reddit_data\reddit-nederlands-kakt_iedereen_ook_altijd_rond_1500_in.json","reddit-nederlands-kakt_iedereen_ook_altijd_rond_1500_in","1embj33","t3_1embj33","https://www.reddit.com/r/nederlands/comments/1embj33/kakt_iedereen_ook_altijd_rond_1500_in/","nederlands","r/nederlands","Kakt iedereen ook altijd rond 15:00 in?","Op school of op werk, rond een uur of 15:00 kak ik altijd ontzettend in. Heeft iedereen hier last van of ben ik in de minderheid? Edit: ik drink geen cafeïne-houdende drankjes Edit2: ja ik heb ADHD","","1723036615","2024-08-07T13:16:55+00:00","509","509","0.94","382","a341419102a9ef93","","reddit-nederlands-kakt_iedereen_ook_altijd_rond_1500_in:comment:lgxrcfw","comment","lgxrcfw","t1_lgxrcfw","https://www.reddit.com/r/nederlands/comments/1embj33/kakt_iedereen_ook_altijd_rond_1500_in/lgxrcfw/","/r/nederlands/comments/1embj33/kakt_iedereen_ook_altijd_rond_1500_in/lgxrcfw/","t3_1embj33","post","","lgxrcfw","0","true","lgxrcfw","2baaee9c9acc1686","","","false","false","","7","7","0","0","0","1723038118","2024-08-07T13:41:58+00:00","false","False","","false","false","false","false","14.59 meestal","14.59 meestal","13","2","","","","false","false","","","","","5","[THREAD_TITLE]
Kakt iedereen ook altijd rond 15:00 in?

[THREAD_BODY]
Op school of op werk, rond een uur of 15:00 kak ik altijd ontzettend in. Heeft iedereen hier last van of ben ik in de minderheid? Edit: ik drink geen cafeïne-houdende drankjes Edit2: ja ik heb ADHD

[CURRENT_RECORD]
14.59 meestal"
"C:\Projects\Web\planner-tdah\research\reddit_data\reddit-nederlands-kakt_iedereen_ook_altijd_rond_1500_in.json","reddit-nederlands-kakt_iedereen_ook_altijd_rond_1500_in","1embj33","t3_1embj33","https://www.reddit.com/r/nederlands/comments/1embj33/kakt_iedereen_ook_altijd_rond_1500_in/","nederlands","r/nederlands","Kakt iedereen ook altijd rond 15:00 in?","Op school of op werk, rond een uur of 15:00 kak ik altijd ontzettend in. Heeft iedereen hier last van of ben ik in de minderheid? Edit: ik drink geen cafeïne-houdende drankjes Edit2: ja ik heb ADHD","","1723036615","2024-08-07T13:16:55+00:00","509","509","0.94","382","a341419102a9ef93","","reddit-nederlands-kakt_iedereen_ook_altijd_rond_1500_in:comment:lgygajs","comment","lgygajs","t1_lgygajs","https://www.reddit.com/r/nederlands/comments/1embj33/kakt_iedereen_ook_altijd_rond_1500_in/lgygajs/","/r/nederlands/comments/1embj33/kakt_iedereen_ook_altijd_rond_1500_in/lgygajs/","t3_1embj33","post","","lgygajs","0","true","lgygajs","5356e2918ffad4c5","","","false","false","","5","5","0","0","1","1723046172","2024-08-07T15:56:12+00:00","false","False","","false","false","false","false","Veel mensen met ADHD hebben dit just fyi, niet dat jij dit hebt maar die kakken in door dopamine levels elke dag rond t zelfde tijdstip","Veel mensen met ADHD hebben dit just fyi, niet dat jij dit hebt maar die kakken in door dopamine levels elke dag rond t zelfde tijdstip","135","26","","","","false","false","","adhd","","mentions_pain_or_friction","23","[THREAD_TITLE]
Kakt iedereen ook altijd rond 15:00 in?

[THREAD_BODY]
Op school of op werk, rond een uur of 15:00 kak ik altijd ontzettend in. Heeft iedereen hier last van of ben ik in de minderheid? Edit: ik drink geen cafeïne-houdende drankjes Edit2: ja ik heb ADHD

[CURRENT_RECORD]
Veel mensen met ADHD hebben dit just fyi, niet dat jij dit hebt maar die kakken in door dopamine levels elke dag rond t zelfde tijdstip"
"C:\Projects\Web\planner-tdah\research\reddit_data\reddit-nederlands-kakt_iedereen_ook_altijd_rond_1500_in.json","reddit-nederlands-kakt_iedereen_ook_altijd_rond_1500_in","1embj33","t3_1embj33","https://www.reddit.com/r/nederlands/comments/1embj33/kakt_iedereen_ook_altijd_rond_1500_in/","nederlands","r/nederlands","Kakt iedereen ook altijd rond 15:00 in?","Op school of op werk, rond een uur of 15:00 kak ik altijd ontzettend in. Heeft iedereen hier last van of ben ik in de minderheid? Edit: ik drink geen cafeïne-houdende drankjes Edit2: ja ik heb ADHD","","1723036615","2024-08-07T13:16:55+00:00","509","509","0.94","382","a341419102a9ef93","","reddit-nederlands-kakt_iedereen_ook_altijd_rond_1500_in:comment:lgysjye","comment","lgysjye","t1_lgysjye","https://www.reddit.com/r/nederlands/comments/1embj33/kakt_iedereen_ook_altijd_rond_1500_in/lgysjye/","/r/nederlands/comments/1embj33/kakt_iedereen_ook_altijd_rond_1500_in/lgysjye/","t1_lgygajs","comment","lgygajs","lgygajs","1","false","lgygajs > lgysjye","","","","false","false","","2","2","0","0","1","1723049920","2024-08-07T16:58:40+00:00","false","False","","false","false","false","false","Na 3 uur ben ik niet meer productief haha","Na 3 uur ben ik niet meer productief haha","41","9","Veel mensen met ADHD hebben dit just fyi, niet dat jij dit hebt maar die kakken in door dopamine levels elke dag rond t zelfde tijdstip","Veel mensen met ADHD hebben dit just fyi, niet dat jij dit hebt maar die kakken in door dopamine levels elke dag rond t zelfde tijdstip","","false","false","","","","","3","[THREAD_TITLE]
Kakt iedereen ook altijd rond 15:00 in?

[THREAD_BODY]
Op school of op werk, rond een uur of 15:00 kak ik altijd ontzettend in. Heeft iedereen hier last van of ben ik in de minderheid? Edit: ik drink geen cafeïne-houdende drankjes Edit2: ja ik heb ADHD

[PARENT_COMMENT_CONTEXT]
Veel mensen met ADHD hebben dit just fyi, niet dat jij dit hebt maar die kakken in door dopamine levels elke dag rond t zelfde tijdstip

[CURRENT_RECORD]
Na 3 uur ben ik niet meer productief haha"
"C:\Projects\Web\planner-tdah\research\reddit_data\reddit-nederlands-kakt_iedereen_ook_altijd_rond_1500_in.json","reddit-nederlands-kakt_iedereen_ook_altijd_rond_1500_in","1embj33","t3_1embj33","https://www.reddit.com/r/nederlands/comments/1embj33/kakt_iedereen_ook_altijd_rond_1500_in/","nederlands","r/nederlands","Kakt iedereen ook altijd rond 15:00 in?","Op school of op werk, rond een uur of 15:00 kak ik altijd ontzettend in. Heeft iedereen hier last van of ben ik in de minderheid? Edit: ik drink geen cafeïne-houdende drankjes Edit2: ja ik heb ADHD","","1723036615","2024-08-07T13:16:55+00:00","509","509","0.94","382","a341419102a9ef93","","reddit-nederlands-kakt_iedereen_ook_altijd_rond_1500_in:comment:lgxu2an","comment","lgxu2an","t1_lgxu2an","https://www.reddit.com/r/nederlands/comments/1embj33/kakt_iedereen_ook_altijd_rond_1500_in/lgxu2an/","/r/nederlands/comments/1embj33/kakt_iedereen_ook_altijd_rond_1500_in/lgxu2an/","t3_1embj33","post","","lgxu2an","0","true","lgxu2an","9eda7b568f0b5b24","","","false","false","","4","4","0","0","0","1723039054","2024-08-07T13:57:34+00:00","false","False","","false","false","false","false","Als ik de hele dag op kantoor moet zitten eigenlijk direct zodra ik ga zitten. Wat een trieste kutplek is dat.","Als ik de hele dag op kantoor moet zitten eigenlijk direct zodra ik ga zitten. Wat een trieste kutplek is dat.","110","21","","","","false","false","","","","","10","[THREAD_TITLE]
Kakt iedereen ook altijd rond 15:00 in?

[THREAD_BODY]
Op school of op werk, rond een uur of 15:00 kak ik altijd ontzettend in. Heeft iedereen hier last van of ben ik in de minderheid? Edit: ik drink geen cafeïne-houdende drankjes Edit2: ja ik heb ADHD

[CURRENT_RECORD]
Als ik de hele dag op kantoor moet zitten eigenlijk direct zodra ik ga zitten. Wat een trieste kutplek is dat."
"C:\Projects\Web\planner-tdah\research\reddit_data\reddit-nederlands-kakt_iedereen_ook_altijd_rond_1500_in.json","reddit-nederlands-kakt_iedereen_ook_altijd_rond_1500_in","1embj33","t3_1embj33","https://www.reddit.com/r/nederlands/comments/1embj33/kakt_iedereen_ook_altijd_rond_1500_in/","nederlands","r/nederlands","Kakt iedereen ook altijd rond 15:00 in?","Op school of op werk, rond een uur of 15:00 kak ik altijd ontzettend in. Heeft iedereen hier last van of ben ik in de minderheid? Edit: ik drink geen cafeïne-houdende drankjes Edit2: ja ik heb ADHD","","1723036615","2024-08-07T13:16:55+00:00","509","509","0.94","382","a341419102a9ef93","","reddit-nederlands-kakt_iedereen_ook_altijd_rond_1500_in:comment:lgxqulp","comment","lgxqulp","t1_lgxqulp","https://www.reddit.com/r/nederlands/comments/1embj33/kakt_iedereen_ook_altijd_rond_1500_in/lgxqulp/","/r/nederlands/comments/1embj33/kakt_iedereen_ook_altijd_rond_1500_in/lgxqulp/","t3_1embj33","post","","lgxqulp","0","true","lgxqulp","89bff33fc50beb55","","Het wat het is.","false","false","","10","10","0","0","0","1723037944","2024-08-07T13:39:04+00:00","false","False","","false","false","false","false","Nee maar ik kak meestal wel rond dat uur. En vaak ook een serieuze drol.","Nee maar ik kak meestal wel rond dat uur. En vaak ook een serieuze drol.","72","15","","","","false","false","","","","","5","[THREAD_TITLE]
Kakt iedereen ook altijd rond 15:00 in?

[THREAD_BODY]
Op school of op werk, rond een uur of 15:00 kak ik altijd ontzettend in. Heeft iedereen hier last van of ben ik in de minderheid? Edit: ik drink geen cafeïne-houdende drankjes Edit2: ja ik heb ADHD

[CURRENT_RECORD]
Nee maar ik kak meestal wel rond dat uur. En vaak ook een serieuze drol."
"C:\Projects\Web\planner-tdah\research\reddit_data\reddit-nederlands-kakt_iedereen_ook_altijd_rond_1500_in.json","reddit-nederlands-kakt_iedereen_ook_altijd_rond_1500_in","1embj33","t3_1embj33","https://www.reddit.com/r/nederlands/comments/1embj33/kakt_iedereen_ook_altijd_rond_1500_in/","nederlands","r/nederlands","Kakt iedereen ook altijd rond 15:00 in?","Op school of op werk, rond een uur of 15:00 kak ik altijd ontzettend in. Heeft iedereen hier last van of ben ik in de minderheid? Edit: ik drink geen cafeïne-houdende drankjes Edit2: ja ik heb ADHD","","1723036615","2024-08-07T13:16:55+00:00","509","509","0.94","382","a341419102a9ef93","","reddit-nederlands-kakt_iedereen_ook_altijd_rond_1500_in:comment:lgxqiyd","comment","lgxqiyd","t1_lgxqiyd","https://www.reddit.com/r/nederlands/comments/1embj33/kakt_iedereen_ook_altijd_rond_1500_in/lgxqiyd/","/r/nederlands/comments/1embj33/kakt_iedereen_ook_altijd_rond_1500_in/lgxqiyd/","t3_1embj33","post","","lgxqiyd","0","true","lgxqiyd","2215088a6d7aad6e","","","false","false","","3","3","0","0","0","1723037828","2024-08-07T13:37:08+00:00","false","False","","false","false","false","false","Na 6 uur werken meestal","Na 6 uur werken meestal","23","5","","","","false","false","","","","","0","[THREAD_TITLE]
Kakt iedereen ook altijd rond 15:00 in?

[THREAD_BODY]
Op school of op werk, rond een uur of 15:00 kak ik altijd ontzettend in. Heeft iedereen hier last van of ben ik in de minderheid? Edit: ik drink geen cafeïne-houdende drankjes Edit2: ja ik heb ADHD

[CURRENT_RECORD]
Na 6 uur werken meestal"
"C:\Projects\Web\planner-tdah\research\reddit_data\reddit-nederlands-kakt_iedereen_ook_altijd_rond_1500_in.json","reddit-nederlands-kakt_iedereen_ook_altijd_rond_1500_in","1embj33","t3_1embj33","https://www.reddit.com/r/nederlands/comments/1embj33/kakt_iedereen_ook_altijd_rond_1500_in/","nederlands","r/nederlands","Kakt iedereen ook altijd rond 15:00 in?","Op school of op werk, rond een uur of 15:00 kak ik altijd ontzettend in. Heeft iedereen hier last van of ben ik in de minderheid? Edit: ik drink geen cafeïne-houdende drankjes Edit2: ja ik heb ADHD","","1723036615","2024-08-07T13:16:55+00:00","509","509","0.94","382","a341419102a9ef93","","reddit-nederlands-kakt_iedereen_ook_altijd_rond_1500_in:comment:lgxsfld","comment","lgxsfld","t1_lgxsfld","https://www.reddit.com/r/nederlands/comments/1embj33/kakt_iedereen_ook_altijd_rond_1500_in/lgxsfld/","/r/nederlands/comments/1embj33/kakt_iedereen_ook_altijd_rond_1500_in/lgxsfld/","t3_1embj33","post","","lgxsfld","0","true","lgxsfld","4a19d4fc6fc3af6e","","","false","false","","3","3","0","0","2","1723038496","2024-08-07T13:48:16+00:00","false","False","","false","false","false","false","Niet meer sinds ik geen suiker meer eet voor 12 uur","Niet meer sinds ik geen suiker meer eet voor 12 uur","51","11","","","","false","false","","","","","3","[THREAD_TITLE]
Kakt iedereen ook altijd rond 15:00 in?

[THREAD_BODY]
Op school of op werk, rond een uur of 15:00 kak ik altijd ontzettend in. Heeft iedereen hier last van of ben ik in de minderheid? Edit: ik drink geen cafeïne-houdende drankjes Edit2: ja ik heb ADHD

[CURRENT_RECORD]
Niet meer sinds ik geen suiker meer eet voor 12 uur"
"C:\Projects\Web\planner-tdah\research\reddit_data\reddit-nederlands-kakt_iedereen_ook_altijd_rond_1500_in.json","reddit-nederlands-kakt_iedereen_ook_altijd_rond_1500_in","1embj33","t3_1embj33","https://www.reddit.com/r/nederlands/comments/1embj33/kakt_iedereen_ook_altijd_rond_1500_in/","nederlands","r/nederlands","Kakt iedereen ook altijd rond 15:00 in?","Op school of op werk, rond een uur of 15:00 kak ik altijd ontzettend in. Heeft iedereen hier last van of ben ik in de minderheid? Edit: ik drink geen cafeïne-houdende drankjes Edit2: ja ik heb ADHD","","1723036615","2024-08-07T13:16:55+00:00","509","509","0.94","382","a341419102a9ef93","","reddit-nederlands-kakt_iedereen_ook_altijd_rond_1500_in:comment:lgyv2r9","comment","lgyv2r9","t1_lgyv2r9","https://www.reddit.com/r/nederlands/comments/1embj33/kakt_iedereen_ook_altijd_rond_1500_in/lgyv2r9/","/r/nederlands/comments/1embj33/kakt_iedereen_ook_altijd_rond_1500_in/lgyv2r9/","t1_lgxsfld","comment","lgxsfld","lgxsfld","1","false","lgxsfld > lgyv2r9","2204b741bcaa6941","","gepromoot","false","false","","3","3","0","0","0","1723050688","2024-08-07T17:11:28+00:00","false","False","","false","false","false","false","Niet meer sinds ik nagenoeg geen suiker meer eet","Niet meer sinds ik nagenoeg geen suiker meer eet","48","9","Niet meer sinds ik geen suiker meer eet voor 12 uur","Niet meer sinds ik geen suiker meer eet voor 12 uur","","false","false","","","","","0","[THREAD_TITLE]
Kakt iedereen ook altijd rond 15:00 in?

[THREAD_BODY]
Op school of op werk, rond een uur of 15:00 kak ik altijd ontzettend in. Heeft iedereen hier last van of ben ik in de minderheid? Edit: ik drink geen cafeïne-houdende drankjes Edit2: ja ik heb ADHD

[PARENT_COMMENT_CONTEXT]
Niet meer sinds ik geen suiker meer eet voor 12 uur

[CURRENT_RECORD]
Niet meer sinds ik nagenoeg geen suiker meer eet"
"C:\Projects\Web\planner-tdah\research\reddit_data\reddit-nederlands-kakt_iedereen_ook_altijd_rond_1500_in.json","reddit-nederlands-kakt_iedereen_ook_altijd_rond_1500_in","1embj33","t3_1embj33","https://www.reddit.com/r/nederlands/comments/1embj33/kakt_iedereen_ook_altijd_rond_1500_in/","nederlands","r/nederlands","Kakt iedereen ook altijd rond 15:00 in?","Op school of op werk, rond een uur of 15:00 kak ik altijd ontzettend in. Heeft iedereen hier last van of ben ik in de minderheid? Edit: ik drink geen cafeïne-houdende drankjes Edit2: ja ik heb ADHD","","1723036615","2024-08-07T13:16:55+00:00","509","509","0.94","382","a341419102a9ef93","","reddit-nederlands-kakt_iedereen_ook_altijd_rond_1500_in:comment:lgxt87h","comment","lgxt87h","t1_lgxt87h","https://www.reddit.com/r/nederlands/comments/1embj33/kakt_iedereen_ook_altijd_rond_1500_in/lgxt87h/","/r/nederlands/comments/1embj33/kakt_iedereen_ook_altijd_rond_1500_in/lgxt87h/","t3_1embj33","post","","lgxt87h","0","true","lgxt87h","6e7996fff0f8341d","","","false","false","","3","3","0","0","0","1723038770","2024-08-07T13:52:50+00:00","false","False","","false","false","false","false","Ik kak altijd om 3 uur, maakt niet waar ik moet kakken","Ik kak altijd om 3 uur, maakt niet waar ik moet kakken","54","12","","","","false","false","","","","","0","[THREAD_TITLE]
Kakt iedereen ook altijd rond 15:00 in?

[THREAD_BODY]
Op school of op werk, rond een uur of 15:00 kak ik altijd ontzettend in. Heeft iedereen hier last van of ben ik in de minderheid? Edit: ik drink geen cafeïne-houdende drankjes Edit2: ja ik heb ADHD

[CURRENT_RECORD]
Ik kak altijd om 3 uur, maakt niet waar ik moet kakken"
"C:\Projects\Web\planner-tdah\research\reddit_data\reddit-nederlands-kakt_iedereen_ook_altijd_rond_1500_in.json","reddit-nederlands-kakt_iedereen_ook_altijd_rond_1500_in","1embj33","t3_1embj33","https://www.reddit.com/r/nederlands/comments/1embj33/kakt_iedereen_ook_altijd_rond_1500_in/","nederlands","r/nederlands","Kakt iedereen ook altijd rond 15:00 in?","Op school of op werk, rond een uur of 15:00 kak ik altijd ontzettend in. Heeft iedereen hier last van of ben ik in de minderheid? Edit: ik drink geen cafeïne-houdende drankjes Edit2: ja ik heb ADHD","","1723036615","2024-08-07T13:16:55+00:00","509","509","0.94","382","a341419102a9ef93","","reddit-nederlands-kakt_iedereen_ook_altijd_rond_1500_in:comment:lgxud46","comment","lgxud46","t1_lgxud46","https://www.reddit.com/r/nederlands/comments/1embj33/kakt_iedereen_ook_altijd_rond_1500_in/lgxud46/","/r/nederlands/comments/1embj33/kakt_iedereen_ook_altijd_rond_1500_in/lgxud46/","t3_1embj33","post","","lgxud46","0","true","lgxud46","3f9b733c3d24d08a","","","false","false","","3","3","0","0","0","1723039157","2024-08-07T13:59:17+00:00","false","False","","false","false","false","false","Ik kak altijd rond 9:30. Rond 9:45 heb ik (standup) meeting. Dus dat is soms heel vervelend.","Ik kak altijd rond 9:30. Rond 9:45 heb ik (standup) meeting. Dus dat is soms heel vervelend.","92","17","","","","false","false","","","","","0","[THREAD_TITLE]
Kakt iedereen ook altijd rond 15:00 in?

[THREAD_BODY]
Op school of op werk, rond een uur of 15:00 kak ik altijd ontzettend in. Heeft iedereen hier last van of ben ik in de minderheid? Edit: ik drink geen cafeïne-houdende drankjes Edit2: ja ik heb ADHD

[CURRENT_RECORD]
Ik kak altijd rond 9:30. Rond 9:45 heb ik (standup) meeting. Dus dat is soms heel vervelend."
"C:\Projects\Web\planner-tdah\research\reddit_data\reddit-nederlands-kakt_iedereen_ook_altijd_rond_1500_in.json","reddit-nederlands-kakt_iedereen_ook_altijd_rond_1500_in","1embj33","t3_1embj33","https://www.reddit.com/r/nederlands/comments/1embj33/kakt_iedereen_ook_altijd_rond_1500_in/","nederlands","r/nederlands","Kakt iedereen ook altijd rond 15:00 in?","Op school of op werk, rond een uur of 15:00 kak ik altijd ontzettend in. Heeft iedereen hier last van of ben ik in de minderheid? Edit: ik drink geen cafeïne-houdende drankjes Edit2: ja ik heb ADHD","","1723036615","2024-08-07T13:16:55+00:00","509","509","0.94","382","a341419102a9ef93","","reddit-nederlands-kakt_iedereen_ook_altijd_rond_1500_in:comment:lgy5d7q","comment","lgy5d7q","t1_lgy5d7q","https://www.reddit.com/r/nederlands/comments/1embj33/kakt_iedereen_ook_altijd_rond_1500_in/lgy5d7q/","/r/nederlands/comments/1embj33/kakt_iedereen_ook_altijd_rond_1500_in/lgy5d7q/","t3_1embj33","post","","lgy5d7q","0","true","lgy5d7q","e3cbd2505ec2d17d","","","false","false","","3","3","0","0","0","1723042769","2024-08-07T14:59:29+00:00","false","False","","false","false","false","false","Sochtends ben ik altijd het meest productief. Dan plan ik mijn werk, middagen zijn voor vergaderingen en overleg. Heerlijk wanneer ik inkak, wat socials en overleggen / creatieve sessies. Merk dat dit voor mij de beste combi is (al ontkom ik niet aan de ochtend standups helaas).","Sochtends ben ik altijd het meest productief. Dan plan ik mijn werk, middagen zijn voor vergaderingen en overleg. Heerlijk wanneer ik inkak, wat socials en overleggen / creatieve sessies. Merk dat dit voor mij de beste combi is (al ontkom ik niet aan de ochtend standups helaas).","279","47","","","","false","false","plan","","","mentions_planner_or_system","14","[THREAD_TITLE]
Kakt iedereen ook altijd rond 15:00 in?

[THREAD_BODY]
Op school of op werk, rond een uur of 15:00 kak ik altijd ontzettend in. Heeft iedereen hier last van of ben ik in de minderheid? Edit: ik drink geen cafeïne-houdende drankjes Edit2: ja ik heb ADHD

[CURRENT_RECORD]
Sochtends ben ik altijd het meest productief. Dan plan ik mijn werk, middagen zijn voor vergaderingen en overleg. Heerlijk wanneer ik inkak, wat socials en overleggen / creatieve sessies. Merk dat dit voor mij de beste combi is (al ontkom ik niet aan de ochtend standups helaas)."
"C:\Projects\Web\planner-tdah\research\reddit_data\reddit-nederlands-kakt_iedereen_ook_altijd_rond_1500_in.json","reddit-nederlands-kakt_iedereen_ook_altijd_rond_1500_in","1embj33","t3_1embj33","https://www.reddit.com/r/nederlands/comments/1embj33/kakt_iedereen_ook_altijd_rond_1500_in/","nederlands","r/nederlands","Kakt iedereen ook altijd rond 15:00 in?","Op school of op werk, rond een uur of 15:00 kak ik altijd ontzettend in. Heeft iedereen hier last van of ben ik in de minderheid? Edit: ik drink geen cafeïne-houdende drankjes Edit2: ja ik heb ADHD","","1723036615","2024-08-07T13:16:55+00:00","509","509","0.94","382","a341419102a9ef93","","reddit-nederlands-kakt_iedereen_ook_altijd_rond_1500_in:comment:lgztztp","comment","lgztztp","t1_lgztztp","https://www.reddit.com/r/nederlands/comments/1embj33/kakt_iedereen_ook_altijd_rond_1500_in/lgztztp/","/r/nederlands/comments/1embj33/kakt_iedereen_ook_altijd_rond_1500_in/lgztztp/","t3_1embj33","post","","lgztztp","0","true","lgztztp","ac8168d22cf6aef3","","","false","false","","3","3","0","0","0","1723061318","2024-08-07T20:08:38+00:00","false","False","","false","false","false","false","Dit is een welbekend fenomeen. Als mensen, zijn de meesten van ons van 's ochtends tot 's avonds onafgebroken wakker (uitzonderingen daar gelaten). De meeste zoogdieren doen echter aan polyfasische slaap, namelijk, het nemen van meerdere dutjes door de dag heen, en een kortere rust 's nachts. Hoewel mensen dit dus niet doen, was dit in het verleden wel zo. Ook al is ons circadiaan ritme hier tegenwoordig redelijk aan gewend, is het redelijk normaal om halverwege de middag even in te kakken, aangezien dit voor de primitieve mens vaak een dutmoment was. Ik heb een aantal jaar in Spanje gewoond, waar men (vooral in het zuiden) vaak nog wel een ""siesta"" houdt. Hierbij komt regelmatig een turno partido, een verdeling van de werkdag in twee delen. Veel winkels en zaken gaan dicht, en men gaat naar huis om te rusten of slapen. Daarna, vaak rond een uur of vijf, gaan veel mensen weer terug aan het werk tot acht of negen uur 's avonds. Daarna komt het avondeten, en veel mensen gaan doordeweeks dan ook pas slapen rond een uur of twaalf. Een vrijwel perfect voorbeeld van polyfasische slaap.","Dit is een welbekend fenomeen. Als mensen, zijn de meesten van ons van 's ochtends tot 's avonds onafgebroken wakker (uitzonderingen daar gelaten). De meeste zoogdieren doen echter aan polyfasische slaap, namelijk, het nemen van meerdere dutjes door de dag heen, en een kortere r…","1096","190","","","","false","false","","","","long_form_comment","30","[THREAD_TITLE]
Kakt iedereen ook altijd rond 15:00 in?

[THREAD_BODY]
Op school of op werk, rond een uur of 15:00 kak ik altijd ontzettend in. Heeft iedereen hier last van of ben ik in de minderheid? Edit: ik drink geen cafeïne-houdende drankjes Edit2: ja ik heb ADHD

[CURRENT_RECORD]
Dit is een welbekend fenomeen. Als mensen, zijn de meesten van ons van 's ochtends tot 's avonds onafgebroken wakker (uitzonderingen daar gelaten). De meeste zoogdieren doen echter aan polyfasische slaap, namelijk, het nemen van meerdere dutjes door de dag heen, en een kortere rust 's nachts. Hoewel mensen dit dus niet doen, was dit in het verleden wel zo. Ook al is ons circadiaan ritme hier tegenwoordig redelijk aan gewend, is het redelijk normaal om halverwege de middag even in te kakken, aangezien dit voor de primitieve mens vaak een dutmoment was. Ik heb een aantal jaar in Spanje gewoond, waar men (vooral in het zuiden) vaak nog wel een ""siesta"" houdt. Hierbij komt regelmatig een turno partido, een verdeling van de werkdag in twee delen. Veel winkels en zaken gaan dicht, en men gaat naar huis om te rusten of slapen. Daarna, vaak rond een uur of vijf, gaan veel mensen weer terug aan het werk tot acht of negen uur 's avonds. Daarna komt het avondeten, en veel mensen gaan doordeweeks dan ook pas slapen rond een uur of twaalf. Een vrijwel perfect voorbeeld van polyfasische slaap."
"C:\Projects\Web\planner-tdah\research\reddit_data\reddit-nederlands-kakt_iedereen_ook_altijd_rond_1500_in.json","reddit-nederlands-kakt_iedereen_ook_altijd_rond_1500_in","1embj33","t3_1embj33","https://www.reddit.com/r/nederlands/comments/1embj33/kakt_iedereen_ook_altijd_rond_1500_in/","nederlands","r/nederlands","Kakt iedereen ook altijd rond 15:00 in?","Op school of op werk, rond een uur of 15:00 kak ik altijd ontzettend in. Heeft iedereen hier last van of ben ik in de minderheid? Edit: ik drink geen cafeïne-houdende drankjes Edit2: ja ik heb ADHD","","1723036615","2024-08-07T13:16:55+00:00","509","509","0.94","382","a341419102a9ef93","","reddit-nederlands-kakt_iedereen_ook_altijd_rond_1500_in:comment:lgxs1zz","comment","lgxs1zz","t1_lgxs1zz","https://www.reddit.com/r/nederlands/comments/1embj33/kakt_iedereen_ook_altijd_rond_1500_in/lgxs1zz/","/r/nederlands/comments/1embj33/kakt_iedereen_ook_altijd_rond_1500_in/lgxs1zz/","t3_1embj33","post","","lgxs1zz","0","true","lgxs1zz","7be74a76dd81e9a7","","","false","false","","5","5","0","0","1","1723038365","2024-08-07T13:46:05+00:00","false","False","","false","false","false","false","The afternoon crash. Ik heb ooit een keer vernomen dat het kan komen doordat je je koffie binnen 2 uur opdrinkt vanaf het moment dat je wakker bent.","The afternoon crash. Ik heb ooit een keer vernomen dat het kan komen doordat je je koffie binnen 2 uur opdrinkt vanaf het moment dat je wakker bent.","148","28","","","","false","false","","","","","18","[THREAD_TITLE]
Kakt iedereen ook altijd rond 15:00 in?

[THREAD_BODY]
Op school of op werk, rond een uur of 15:00 kak ik altijd ontzettend in. Heeft iedereen hier last van of ben ik in de minderheid? Edit: ik drink geen cafeïne-houdende drankjes Edit2: ja ik heb ADHD

[CURRENT_RECORD]
The afternoon crash. Ik heb ooit een keer vernomen dat het kan komen doordat je je koffie binnen 2 uur opdrinkt vanaf het moment dat je wakker bent."
"C:\Projects\Web\planner-tdah\research\reddit_data\reddit-nederlands-kakt_iedereen_ook_altijd_rond_1500_in.json","reddit-nederlands-kakt_iedereen_ook_altijd_rond_1500_in","1embj33","t3_1embj33","https://www.reddit.com/r/nederlands/comments/1embj33/kakt_iedereen_ook_altijd_rond_1500_in/","nederlands","r/nederlands","Kakt iedereen ook altijd rond 15:00 in?","Op school of op werk, rond een uur of 15:00 kak ik altijd ontzettend in. Heeft iedereen hier last van of ben ik in de minderheid? Edit: ik drink geen cafeïne-houdende drankjes Edit2: ja ik heb ADHD","","1723036615","2024-08-07T13:16:55+00:00","509","509","0.94","382","a341419102a9ef93","","reddit-nederlands-kakt_iedereen_ook_altijd_rond_1500_in:comment:lgy5aah","comment","lgy5aah","t1_lgy5aah","https://www.reddit.com/r/nederlands/comments/1embj33/kakt_iedereen_ook_altijd_rond_1500_in/lgy5aah/","/r/nederlands/comments/1embj33/kakt_iedereen_ook_altijd_rond_1500_in/lgy5aah/","t1_lgxs1zz","comment","lgxs1zz","lgxs1zz","1","false","lgxs1zz > lgy5aah","96e2c3277e99dc60","","","false","false","","10","10","0","0","0","1723042744","2024-08-07T14:59:04+00:00","false","False","","false","false","false","false","Ik drink geen koffie en heb het ook","Ik drink geen koffie en heb het ook","35","8","The afternoon crash. Ik heb ooit een keer vernomen dat het kan komen doordat je je koffie binnen 2 uur opdrinkt vanaf het moment dat je wakker bent.","The afternoon crash. Ik heb ooit een keer vernomen dat het kan komen doordat je je koffie binnen 2 uur opdrinkt vanaf het moment dat je wakker bent.","","false","false","","","","","5","[THREAD_TITLE]
Kakt iedereen ook altijd rond 15:00 in?

[THREAD_BODY]
Op school of op werk, rond een uur of 15:00 kak ik altijd ontzettend in. Heeft iedereen hier last van of ben ik in de minderheid? Edit: ik drink geen cafeïne-houdende drankjes Edit2: ja ik heb ADHD

[PARENT_COMMENT_CONTEXT]
The afternoon crash. Ik heb ooit een keer vernomen dat het kan komen doordat je je koffie binnen 2 uur opdrinkt vanaf het moment dat je wakker bent.

[CURRENT_RECORD]
Ik drink geen koffie en heb het ook"
"C:\Projects\Web\planner-tdah\research\reddit_data\reddit-nederlands-kakt_iedereen_ook_altijd_rond_1500_in.json","reddit-nederlands-kakt_iedereen_ook_altijd_rond_1500_in","1embj33","t3_1embj33","https://www.reddit.com/r/nederlands/comments/1embj33/kakt_iedereen_ook_altijd_rond_1500_in/","nederlands","r/nederlands","Kakt iedereen ook altijd rond 15:00 in?","Op school of op werk, rond een uur of 15:00 kak ik altijd ontzettend in. Heeft iedereen hier last van of ben ik in de minderheid? Edit: ik drink geen cafeïne-houdende drankjes Edit2: ja ik heb ADHD","","1723036615","2024-08-07T13:16:55+00:00","509","509","0.94","382","a341419102a9ef93","","reddit-nederlands-kakt_iedereen_ook_altijd_rond_1500_in:comment:lgxqna0","comment","lgxqna0","t1_lgxqna0","https://www.reddit.com/r/nederlands/comments/1embj33/kakt_iedereen_ook_altijd_rond_1500_in/lgxqna0/","/r/nederlands/comments/1embj33/kakt_iedereen_ook_altijd_rond_1500_in/lgxqna0/","t3_1embj33","post","","lgxqna0","0","true","lgxqna0","aa48ad7ae3bec083","","","false","false","","2","2","0","0","0","1723037871","2024-08-07T13:37:51+00:00","false","False","","false","false","false","false","Jup, right on time vandaag!","Jup, right on time vandaag!","27","5","","","","false","false","","time","","forgetfulness_or_time_signal | mentions_pain_or_friction","13","[THREAD_TITLE]
Kakt iedereen ook altijd rond 15:00 in?

[THREAD_BODY]
Op school of op werk, rond een uur of 15:00 kak ik altijd ontzettend in. Heeft iedereen hier last van of ben ik in de minderheid? Edit: ik drink geen cafeïne-houdende drankjes Edit2: ja ik heb ADHD

[CURRENT_RECORD]
Jup, right on time vandaag!"
"C:\Projects\Web\planner-tdah\research\reddit_data\reddit-nederlands-kakt_iedereen_ook_altijd_rond_1500_in.json","reddit-nederlands-kakt_iedereen_ook_altijd_rond_1500_in","1embj33","t3_1embj33","https://www.reddit.com/r/nederlands/comments/1embj33/kakt_iedereen_ook_altijd_rond_1500_in/","nederlands","r/nederlands","Kakt iedereen ook altijd rond 15:00 in?","Op school of op werk, rond een uur of 15:00 kak ik altijd ontzettend in. Heeft iedereen hier last van of ben ik in de minderheid? Edit: ik drink geen cafeïne-houdende drankjes Edit2: ja ik heb ADHD","","1723036615","2024-08-07T13:16:55+00:00","509","509","0.94","382","a341419102a9ef93","","reddit-nederlands-kakt_iedereen_ook_altijd_rond_1500_in:comment:lgxsdmc","comment","lgxsdmc","t1_lgxsdmc","https://www.reddit.com/r/nederlands/comments/1embj33/kakt_iedereen_ook_altijd_rond_1500_in/lgxsdmc/","/r/nederlands/comments/1embj33/kakt_iedereen_ook_altijd_rond_1500_in/lgxsdmc/","t3_1embj33","post","","lgxsdmc","0","true","lgxsdmc","658fd417671402c1","","","false","false","","2","2","0","0","0","1723038477","2024-08-07T13:47:57+00:00","false","False","","false","false","false","false","joah","joah","4","1","","","","false","false","","","","","0","[THREAD_TITLE]
Kakt iedereen ook altijd rond 15:00 in?

[THREAD_BODY]
Op school of op werk, rond een uur of 15:00 kak ik altijd ontzettend in. Heeft iedereen hier last van of ben ik in de minderheid? Edit: ik drink geen cafeïne-houdende drankjes Edit2: ja ik heb ADHD

[CURRENT_RECORD]
joah"
"C:\Projects\Web\planner-tdah\research\reddit_data\reddit-nederlands-kakt_iedereen_ook_altijd_rond_1500_in.json","reddit-nederlands-kakt_iedereen_ook_altijd_rond_1500_in","1embj33","t3_1embj33","https://www.reddit.com/r/nederlands/comments/1embj33/kakt_iedereen_ook_altijd_rond_1500_in/","nederlands","r/nederlands","Kakt iedereen ook altijd rond 15:00 in?","Op school of op werk, rond een uur of 15:00 kak ik altijd ontzettend in. Heeft iedereen hier last van of ben ik in de minderheid? Edit: ik drink geen cafeïne-houdende drankjes Edit2: ja ik heb ADHD","","1723036615","2024-08-07T13:16:55+00:00","509","509","0.94","382","a341419102a9ef93","","reddit-nederlands-kakt_iedereen_ook_altijd_rond_1500_in:comment:lgxtf8j","comment","lgxtf8j","t1_lgxtf8j","https://www.reddit.com/r/nederlands/comments/1embj33/kakt_iedereen_ook_altijd_rond_1500_in/lgxtf8j/","/r/nederlands/comments/1embj33/kakt_iedereen_ook_altijd_rond_1500_in/lgxtf8j/","t3_1embj33","post","","lgxtf8j","0","true","lgxtf8j","7836d742dacb8b81","","","false","false","","2","2","0","0","0","1723038837","2024-08-07T13:53:57+00:00","false","False","","false","false","false","false","Ja en rond 11 uur. Liefst doe ik op beide tijden een dutje. Maar ik ben ook 31 weken zwanger 😅","Ja en rond 11 uur. Liefst doe ik op beide tijden een dutje. Maar ik ben ook 31 weken zwanger 😅","94","21","","","","false","false","","","","","10","[THREAD_TITLE]
Kakt iedereen ook altijd rond 15:00 in?

[THREAD_BODY]
Op school of op werk, rond een uur of 15:00 kak ik altijd ontzettend in. Heeft iedereen hier last van of ben ik in de minderheid? Edit: ik drink geen cafeïne-houdende drankjes Edit2: ja ik heb ADHD

[CURRENT_RECORD]
Ja en rond 11 uur. Liefst doe ik op beide tijden een dutje. Maar ik ben ook 31 weken zwanger 😅"
"C:\Projects\Web\planner-tdah\research\reddit_data\reddit-nederlands-kakt_iedereen_ook_altijd_rond_1500_in.json","reddit-nederlands-kakt_iedereen_ook_altijd_rond_1500_in","1embj33","t3_1embj33","https://www.reddit.com/r/nederlands/comments/1embj33/kakt_iedereen_ook_altijd_rond_1500_in/","nederlands","r/nederlands","Kakt iedereen ook altijd rond 15:00 in?","Op school of op werk, rond een uur of 15:00 kak ik altijd ontzettend in. Heeft iedereen hier last van of ben ik in de minderheid? Edit: ik drink geen cafeïne-houdende drankjes Edit2: ja ik heb ADHD","","1723036615","2024-08-07T13:16:55+00:00","509","509","0.94","382","a341419102a9ef93","","reddit-nederlands-kakt_iedereen_ook_altijd_rond_1500_in:comment:lgxvwd3","comment","lgxvwd3","t1_lgxvwd3","https://www.reddit.com/r/nederlands/comments/1embj33/kakt_iedereen_ook_altijd_rond_1500_in/lgxvwd3/","/r/nederlands/comments/1embj33/kakt_iedereen_ook_altijd_rond_1500_in/lgxvwd3/","t3_1embj33","post","","lgxvwd3","0","true","lgxvwd3","db9b73148b6e8afc","","","false","false","","2","2","0","0","0","1723039680","2024-08-07T14:08:00+00:00","false","False","","false","false","false","false","Nog een laatste koffie rond 14.00 en weinig suiker eten helpt","Nog een laatste koffie rond 14.00 en weinig suiker eten helpt","61","11","","","","false","false","","","","","0","[THREAD_TITLE]
Kakt iedereen ook altijd rond 15:00 in?

[THREAD_BODY]
Op school of op werk, rond een uur of 15:00 kak ik altijd ontzettend in. Heeft iedereen hier last van of ben ik in de minderheid? Edit: ik drink geen cafeïne-houdende drankjes Edit2: ja ik heb ADHD

[CURRENT_RECORD]
Nog een laatste koffie rond 14.00 en weinig suiker eten helpt"
"C:\Projects\Web\planner-tdah\research\reddit_data\reddit-nederlands-kakt_iedereen_ook_altijd_rond_1500_in.json","reddit-nederlands-kakt_iedereen_ook_altijd_rond_1500_in","1embj33","t3_1embj33","https://www.reddit.com/r/nederlands/comments/1embj33/kakt_iedereen_ook_altijd_rond_1500_in/","nederlands","r/nederlands","Kakt iedereen ook altijd rond 15:00 in?","Op school of op werk, rond een uur of 15:00 kak ik altijd ontzettend in. Heeft iedereen hier last van of ben ik in de minderheid? Edit: ik drink geen cafeïne-houdende drankjes Edit2: ja ik heb ADHD","","1723036615","2024-08-07T13:16:55+00:00","509","509","0.94","382","a341419102a9ef93","","reddit-nederlands-kakt_iedereen_ook_altijd_rond_1500_in:comment:lgxw01m","comment","lgxw01m","t1_lgxw01m","https://www.reddit.com/r/nederlands/comments/1embj33/kakt_iedereen_ook_altijd_rond_1500_in/lgxw01m/","/r/nederlands/comments/1embj33/kakt_iedereen_ook_altijd_rond_1500_in/lgxw01m/","t3_1embj33","post","","lgxw01m","0","true","lgxw01m","4e46dd26a6b266ab","","","false","false","","2","2","0","0","0","1723039715","2024-08-07T14:08:35+00:00","false","False","","false","false","false","false","Als ik niet inkak dan komt er na 15:00 in elk geval niks meer uit mijn handen nee. Volgens mij is dat bij iedereen wel zo","Als ik niet inkak dan komt er na 15:00 in elk geval niks meer uit mijn handen nee. Volgens mij is dat bij iedereen wel zo","121","26","","","","false","false","","","","","10","[THREAD_TITLE]
Kakt iedereen ook altijd rond 15:00 in?

[THREAD_BODY]
Op school of op werk, rond een uur of 15:00 kak ik altijd ontzettend in. Heeft iedereen hier last van of ben ik in de minderheid? Edit: ik drink geen cafeïne-houdende drankjes Edit2: ja ik heb ADHD

[CURRENT_RECORD]
Als ik niet inkak dan komt er na 15:00 in elk geval niks meer uit mijn handen nee. Volgens mij is dat bij iedereen wel zo"
"C:\Projects\Web\planner-tdah\research\reddit_data\reddit-nederlands-kakt_iedereen_ook_altijd_rond_1500_in.json","reddit-nederlands-kakt_iedereen_ook_altijd_rond_1500_in","1embj33","t3_1embj33","https://www.reddit.com/r/nederlands/comments/1embj33/kakt_iedereen_ook_altijd_rond_1500_in/","nederlands","r/nederlands","Kakt iedereen ook altijd rond 15:00 in?","Op school of op werk, rond een uur of 15:00 kak ik altijd ontzettend in. Heeft iedereen hier last van of ben ik in de minderheid? Edit: ik drink geen cafeïne-houdende drankjes Edit2: ja ik heb ADHD","","1723036615","2024-08-07T13:16:55+00:00","509","509","0.94","382","a341419102a9ef93","","reddit-nederlands-kakt_iedereen_ook_altijd_rond_1500_in:comment:lgxw7bw","comment","lgxw7bw","t1_lgxw7bw","https://www.reddit.com/r/nederlands/comments/1embj33/kakt_iedereen_ook_altijd_rond_1500_in/lgxw7bw/","/r/nederlands/comments/1embj33/kakt_iedereen_ook_altijd_rond_1500_in/lgxw7bw/","t3_1embj33","post","","lgxw7bw","0","true","lgxw7bw","7e094f6e842b86e9","","","false","false","","2","2","0","0","1","1723039783","2024-08-07T14:09:43+00:00","false","False","","false","false","false","false","Drink je toevallig koffie vroeg op de ochtend? Hoe ik het begrijp is dat koffie de opname remt van hormonen die moeheid veroorzaken. Zodra de koffie uitwerkt worden al die hormonen opgenomen waardoor je opeens moe wordt","Drink je toevallig koffie vroeg op de ochtend? Hoe ik het begrijp is dat koffie de opname remt van hormonen die moeheid veroorzaken. Zodra de koffie uitwerkt worden al die hormonen opgenomen waardoor je opeens moe wordt","219","37","","","","true","false","","","","contains_question","13","[THREAD_TITLE]
Kakt iedereen ook altijd rond 15:00 in?

[THREAD_BODY]
Op school of op werk, rond een uur of 15:00 kak ik altijd ontzettend in. Heeft iedereen hier last van of ben ik in de minderheid? Edit: ik drink geen cafeïne-houdende drankjes Edit2: ja ik heb ADHD

[CURRENT_RECORD]
Drink je toevallig koffie vroeg op de ochtend? Hoe ik het begrijp is dat koffie de opname remt van hormonen die moeheid veroorzaken. Zodra de koffie uitwerkt worden al die hormonen opgenomen waardoor je opeens moe wordt"
"C:\Projects\Web\planner-tdah\research\reddit_data\reddit-nederlands-kakt_iedereen_ook_altijd_rond_1500_in.json","reddit-nederlands-kakt_iedereen_ook_altijd_rond_1500_in","1embj33","t3_1embj33","https://www.reddit.com/r/nederlands/comments/1embj33/kakt_iedereen_ook_altijd_rond_1500_in/","nederlands","r/nederlands","Kakt iedereen ook altijd rond 15:00 in?","Op school of op werk, rond een uur of 15:00 kak ik altijd ontzettend in. Heeft iedereen hier last van of ben ik in de minderheid? Edit: ik drink geen cafeïne-houdende drankjes Edit2: ja ik heb ADHD","","1723036615","2024-08-07T13:16:55+00:00","509","509","0.94","382","a341419102a9ef93","","reddit-nederlands-kakt_iedereen_ook_altijd_rond_1500_in:comment:lh020d7","comment","lh020d7","t1_lh020d7","https://www.reddit.com/r/nederlands/comments/1embj33/kakt_iedereen_ook_altijd_rond_1500_in/lh020d7/","/r/nederlands/comments/1embj33/kakt_iedereen_ook_altijd_rond_1500_in/lh020d7/","t1_lgxw7bw","comment","lgxw7bw","lgxw7bw","1","false","lgxw7bw > lh020d7","9e9c7ac53aff6bb6","","","false","false","","2","2","0","0","0","1723063756","2024-08-07T20:49:16+00:00","false","False","","false","false","false","false","Wat als je de hele dag aan koffie infuus zit","Wat als je de hele dag aan koffie infuus zit","44","10","Drink je toevallig koffie vroeg op de ochtend? Hoe ik het begrijp is dat koffie de opname remt van hormonen die moeheid veroorzaken. Zodra de koffie uitwerkt worden al die hormonen opgenomen waardoor je opeens moe wordt","Drink je toevallig koffie vroeg op de ochtend? Hoe ik het begrijp is dat koffie de opname remt van hormonen die moeheid veroorzaken. Zodra de koffie uitwerkt worden al die hormonen opgenomen waardoor je opeens moe wordt","","false","false","","","","","0","[THREAD_TITLE]
Kakt iedereen ook altijd rond 15:00 in?

[THREAD_BODY]
Op school of op werk, rond een uur of 15:00 kak ik altijd ontzettend in. Heeft iedereen hier last van of ben ik in de minderheid? Edit: ik drink geen cafeïne-houdende drankjes Edit2: ja ik heb ADHD

[PARENT_COMMENT_CONTEXT]
Drink je toevallig koffie vroeg op de ochtend? Hoe ik het begrijp is dat koffie de opname remt van hormonen die moeheid veroorzaken. Zodra de koffie uitwerkt worden al die hormonen opgenomen waardoor je opeens moe wordt

[CURRENT_RECORD]
Wat als je de hele dag aan koffie infuus zit"
"C:\Projects\Web\planner-tdah\research\reddit_data\reddit-nederlands-kakt_iedereen_ook_altijd_rond_1500_in.json","reddit-nederlands-kakt_iedereen_ook_altijd_rond_1500_in","1embj33","t3_1embj33","https://www.reddit.com/r/nederlands/comments/1embj33/kakt_iedereen_ook_altijd_rond_1500_in/","nederlands","r/nederlands","Kakt iedereen ook altijd rond 15:00 in?","Op school of op werk, rond een uur of 15:00 kak ik altijd ontzettend in. Heeft iedereen hier last van of ben ik in de minderheid? Edit: ik drink geen cafeïne-houdende drankjes Edit2: ja ik heb ADHD","","1723036615","2024-08-07T13:16:55+00:00","509","509","0.94","382","a341419102a9ef93","","reddit-nederlands-kakt_iedereen_ook_altijd_rond_1500_in:comment:lgy0zw3","comment","lgy0zw3","t1_lgy0zw3","https://www.reddit.com/r/nederlands/comments/1embj33/kakt_iedereen_ook_altijd_rond_1500_in/lgy0zw3/","/r/nederlands/comments/1embj33/kakt_iedereen_ook_altijd_rond_1500_in/lgy0zw3/","t3_1embj33","post","","lgy0zw3","0","true","lgy0zw3","14a223fdf1e82825","","","false","false","","2","2","0","0","0","1723041369","2024-08-07T14:36:09+00:00","false","False","","false","false","false","false","Die begint bij mij iets eerder. Zo rond 06:30 wanneer de wekker gaat.","Die begint bij mij iets eerder. Zo rond 06:30 wanneer de wekker gaat.","69","13","","","","false","false","","","","","0","[THREAD_TITLE]
Kakt iedereen ook altijd rond 15:00 in?

[THREAD_BODY]
Op school of op werk, rond een uur of 15:00 kak ik altijd ontzettend in. Heeft iedereen hier last van of ben ik in de minderheid? Edit: ik drink geen cafeïne-houdende drankjes Edit2: ja ik heb ADHD

[CURRENT_RECORD]
Die begint bij mij iets eerder. Zo rond 06:30 wanneer de wekker gaat."
"C:\Projects\Web\planner-tdah\research\reddit_data\reddit-nederlands-kakt_iedereen_ook_altijd_rond_1500_in.json","reddit-nederlands-kakt_iedereen_ook_altijd_rond_1500_in","1embj33","t3_1embj33","https://www.reddit.com/r/nederlands/comments/1embj33/kakt_iedereen_ook_altijd_rond_1500_in/","nederlands","r/nederlands","Kakt iedereen ook altijd rond 15:00 in?","Op school of op werk, rond een uur of 15:00 kak ik altijd ontzettend in. Heeft iedereen hier last van of ben ik in de minderheid? Edit: ik drink geen cafeïne-houdende drankjes Edit2: ja ik heb ADHD","","1723036615","2024-08-07T13:16:55+00:00","509","509","0.94","382","a341419102a9ef93","","reddit-nederlands-kakt_iedereen_ook_altijd_rond_1500_in:comment:lgyctm5","comment","lgyctm5","t1_lgyctm5","https://www.reddit.com/r/nederlands/comments/1embj33/kakt_iedereen_ook_altijd_rond_1500_in/lgyctm5/","/r/nederlands/comments/1embj33/kakt_iedereen_ook_altijd_rond_1500_in/lgyctm5/","t3_1embj33","post","","lgyctm5","0","true","lgyctm5","","","","false","false","","2","2","0","0","0","1723045109","2024-08-07T15:38:29+00:00","false","False","","false","false","false","false","Nee, rond 15:00 begin ik net een beetje wakker te worden.","Nee, rond 15:00 begin ik net een beetje wakker te worden.","57","11","","","","false","false","","","","","0","[THREAD_TITLE]
Kakt iedereen ook altijd rond 15:00 in?

[THREAD_BODY]
Op school of op werk, rond een uur of 15:00 kak ik altijd ontzettend in. Heeft iedereen hier last van of ben ik in de minderheid? Edit: ik drink geen cafeïne-houdende drankjes Edit2: ja ik heb ADHD

[CURRENT_RECORD]
Nee, rond 15:00 begin ik net een beetje wakker te worden."
"C:\Projects\Web\planner-tdah\research\reddit_data\reddit-nederlands-kakt_iedereen_ook_altijd_rond_1500_in.json","reddit-nederlands-kakt_iedereen_ook_altijd_rond_1500_in","1embj33","t3_1embj33","https://www.reddit.com/r/nederlands/comments/1embj33/kakt_iedereen_ook_altijd_rond_1500_in/","nederlands","r/nederlands","Kakt iedereen ook altijd rond 15:00 in?","Op school of op werk, rond een uur of 15:00 kak ik altijd ontzettend in. Heeft iedereen hier last van of ben ik in de minderheid? Edit: ik drink geen cafeïne-houdende drankjes Edit2: ja ik heb ADHD","","1723036615","2024-08-07T13:16:55+00:00","509","509","0.94","382","a341419102a9ef93","","reddit-nederlands-kakt_iedereen_ook_altijd_rond_1500_in:comment:lgyi7ix","comment","lgyi7ix","t1_lgyi7ix","https://www.reddit.com/r/nederlands/comments/1embj33/kakt_iedereen_ook_altijd_rond_1500_in/lgyi7ix/","/r/nederlands/comments/1embj33/kakt_iedereen_ook_altijd_rond_1500_in/lgyi7ix/","t3_1embj33","post","","lgyi7ix","0","true","lgyi7ix","a74a4b4a3925251f","","","false","false","","2","2","0","0","0","1723046762","2024-08-07T16:06:02+00:00","false","False","","false","false","false","false","Ja, vroeger ook zeer ernstig, bleek diabetes type 2 te hebben. Reguleer tegenwoordig mn suiker beter, inkak is beduidend minder. Ff wat eten rond 3 uur is een goeie oplossing.","Ja, vroeger ook zeer ernstig, bleek diabetes type 2 te hebben. Reguleer tegenwoordig mn suiker beter, inkak is beduidend minder. Ff wat eten rond 3 uur is een goeie oplossing.","175","30","","","","false","false","","","","","10","[THREAD_TITLE]
Kakt iedereen ook altijd rond 15:00 in?

[THREAD_BODY]
Op school of op werk, rond een uur of 15:00 kak ik altijd ontzettend in. Heeft iedereen hier last van of ben ik in de minderheid? Edit: ik drink geen cafeïne-houdende drankjes Edit2: ja ik heb ADHD

[CURRENT_RECORD]
Ja, vroeger ook zeer ernstig, bleek diabetes type 2 te hebben. Reguleer tegenwoordig mn suiker beter, inkak is beduidend minder. Ff wat eten rond 3 uur is een goeie oplossing."
"C:\Projects\Web\planner-tdah\research\reddit_data\reddit-nederlands-kakt_iedereen_ook_altijd_rond_1500_in.json","reddit-nederlands-kakt_iedereen_ook_altijd_rond_1500_in","1embj33","t3_1embj33","https://www.reddit.com/r/nederlands/comments/1embj33/kakt_iedereen_ook_altijd_rond_1500_in/","nederlands","r/nederlands","Kakt iedereen ook altijd rond 15:00 in?","Op school of op werk, rond een uur of 15:00 kak ik altijd ontzettend in. Heeft iedereen hier last van of ben ik in de minderheid? Edit: ik drink geen cafeïne-houdende drankjes Edit2: ja ik heb ADHD","","1723036615","2024-08-07T13:16:55+00:00","509","509","0.94","382","a341419102a9ef93","","reddit-nederlands-kakt_iedereen_ook_altijd_rond_1500_in:comment:lgz9lai","comment","lgz9lai","t1_lgz9lai","https://www.reddit.com/r/nederlands/comments/1embj33/kakt_iedereen_ook_altijd_rond_1500_in/lgz9lai/","/r/nederlands/comments/1embj33/kakt_iedereen_ook_altijd_rond_1500_in/lgz9lai/","t3_1embj33","post","","lgz9lai","0","true","lgz9lai","698e64407c8b19af","","","false","false","","2","2","0","0","0","1723055082","2024-08-07T18:24:42+00:00","false","False","","false","false","false","false","Ik denk dat het te maken heeft met het eten. Want met de lunch neem je eten in en dan een paar uur daarna kak je in. Dieren hebben dit ook met eten :)","Ik denk dat het te maken heeft met het eten. Want met de lunch neem je eten in en dan een paar uur daarna kak je in. Dieren hebben dit ook met eten :)","150","34","","","","false","false","","","","","10","[THREAD_TITLE]
Kakt iedereen ook altijd rond 15:00 in?

[THREAD_BODY]
Op school of op werk, rond een uur of 15:00 kak ik altijd ontzettend in. Heeft iedereen hier last van of ben ik in de minderheid? Edit: ik drink geen cafeïne-houdende drankjes Edit2: ja ik heb ADHD

[CURRENT_RECORD]
Ik denk dat het te maken heeft met het eten. Want met de lunch neem je eten in en dan een paar uur daarna kak je in. Dieren hebben dit ook met eten :)"
"C:\Projects\Web\planner-tdah\research\reddit_data\reddit-nederlands-kakt_iedereen_ook_altijd_rond_1500_in.json","reddit-nederlands-kakt_iedereen_ook_altijd_rond_1500_in","1embj33","t3_1embj33","https://www.reddit.com/r/nederlands/comments/1embj33/kakt_iedereen_ook_altijd_rond_1500_in/","nederlands","r/nederlands","Kakt iedereen ook altijd rond 15:00 in?","Op school of op werk, rond een uur of 15:00 kak ik altijd ontzettend in. Heeft iedereen hier last van of ben ik in de minderheid? Edit: ik drink geen cafeïne-houdende drankjes Edit2: ja ik heb ADHD","","1723036615","2024-08-07T13:16:55+00:00","509","509","0.94","382","a341419102a9ef93","","reddit-nederlands-kakt_iedereen_ook_altijd_rond_1500_in:comment:lgzmnry","comment","lgzmnry","t1_lgzmnry","https://www.reddit.com/r/nederlands/comments/1embj33/kakt_iedereen_ook_altijd_rond_1500_in/lgzmnry/","/r/nederlands/comments/1embj33/kakt_iedereen_ook_altijd_rond_1500_in/lgzmnry/","t3_1embj33","post","","lgzmnry","0","true","lgzmnry","39d911fb57958847","","","false","false","","2","2","0","0","0","1723059085","2024-08-07T19:31:25+00:00","false","False","","false","false","false","false","Inkakken is bijpakken pakt nog meer koffie","Inkakken is bijpakken pakt nog meer koffie","42","7","","","","false","false","","","","","0","[THREAD_TITLE]
Kakt iedereen ook altijd rond 15:00 in?

[THREAD_BODY]
Op school of op werk, rond een uur of 15:00 kak ik altijd ontzettend in. Heeft iedereen hier last van of ben ik in de minderheid? Edit: ik drink geen cafeïne-houdende drankjes Edit2: ja ik heb ADHD

[CURRENT_RECORD]
Inkakken is bijpakken pakt nog meer koffie"
"C:\Projects\Web\planner-tdah\research\reddit_data\reddit-nederlands-kakt_iedereen_ook_altijd_rond_1500_in.json","reddit-nederlands-kakt_iedereen_ook_altijd_rond_1500_in","1embj33","t3_1embj33","https://www.reddit.com/r/nederlands/comments/1embj33/kakt_iedereen_ook_altijd_rond_1500_in/","nederlands","r/nederlands","Kakt iedereen ook altijd rond 15:00 in?","Op school of op werk, rond een uur of 15:00 kak ik altijd ontzettend in. Heeft iedereen hier last van of ben ik in de minderheid? Edit: ik drink geen cafeïne-houdende drankjes Edit2: ja ik heb ADHD","","1723036615","2024-08-07T13:16:55+00:00","509","509","0.94","382","a341419102a9ef93","","reddit-nederlands-kakt_iedereen_ook_altijd_rond_1500_in:comment:lh02dmy","comment","lh02dmy","t1_lh02dmy","https://www.reddit.com/r/nederlands/comments/1embj33/kakt_iedereen_ook_altijd_rond_1500_in/lh02dmy/","/r/nederlands/comments/1embj33/kakt_iedereen_ook_altijd_rond_1500_in/lh02dmy/","t3_1embj33","post","","lh02dmy","0","true","lh02dmy","49486f891d67e40d","","","false","false","","2","2","0","0","0","1723063869","2024-08-07T20:51:09+00:00","false","False","","false","false","false","false","stop met suikers.","stop met suikers.","17","3","","","","false","false","","","","","0","[THREAD_TITLE]
Kakt iedereen ook altijd rond 15:00 in?

[THREAD_BODY]
Op school of op werk, rond een uur of 15:00 kak ik altijd ontzettend in. Heeft iedereen hier last van of ben ik in de minderheid? Edit: ik drink geen cafeïne-houdende drankjes Edit2: ja ik heb ADHD

[CURRENT_RECORD]
stop met suikers."
"C:\Projects\Web\planner-tdah\research\reddit_data\reddit-nederlands-kakt_iedereen_ook_altijd_rond_1500_in.json","reddit-nederlands-kakt_iedereen_ook_altijd_rond_1500_in","1embj33","t3_1embj33","https://www.reddit.com/r/nederlands/comments/1embj33/kakt_iedereen_ook_altijd_rond_1500_in/","nederlands","r/nederlands","Kakt iedereen ook altijd rond 15:00 in?","Op school of op werk, rond een uur of 15:00 kak ik altijd ontzettend in. Heeft iedereen hier last van of ben ik in de minderheid? Edit: ik drink geen cafeïne-houdende drankjes Edit2: ja ik heb ADHD","","1723036615","2024-08-07T13:16:55+00:00","509","509","0.94","382","a341419102a9ef93","","reddit-nederlands-kakt_iedereen_ook_altijd_rond_1500_in:comment:lh06590","comment","lh06590","t1_lh06590","https://www.reddit.com/r/nederlands/comments/1embj33/kakt_iedereen_ook_altijd_rond_1500_in/lh06590/","/r/nederlands/comments/1embj33/kakt_iedereen_ook_altijd_rond_1500_in/lh06590/","t3_1embj33","post","","lh06590","0","true","lh06590","","","","false","false","","2","2","0","0","0","1723065031","2024-08-07T21:10:31+00:00","false","False","","false","false","false","false","Ik heb ook ADHD en heb hier ook last van, maar alleen als ik zit. Het zit hem vooral in dat ADHD gedeelte. Toen ik nog zittend werk deed, kakte ik altijd in, en zo kwam ik erachter dat dit niets voor mij is. Zitten, luisteren, naar een scherm of schrift kijken, prikkel links en rechts, honderdduizenden gedachten... nope! Ik ben gemaakt voor fysiek werk. Het is wat het is.","Ik heb ook ADHD en heb hier ook last van, maar alleen als ik zit. Het zit hem vooral in dat ADHD gedeelte. Toen ik nog zittend werk deed, kakte ik altijd in, en zo kwam ik erachter dat dit niets voor mij is. Zitten, luisteren, naar een scherm of schrift kijken, prikkel links en…","374","70","","","","false","false","","adhd","","mentions_pain_or_friction","15","[THREAD_TITLE]
Kakt iedereen ook altijd rond 15:00 in?

[THREAD_BODY]
Op school of op werk, rond een uur of 15:00 kak ik altijd ontzettend in. Heeft iedereen hier last van of ben ik in de minderheid? Edit: ik drink geen cafeïne-houdende drankjes Edit2: ja ik heb ADHD

[CURRENT_RECORD]
Ik heb ook ADHD en heb hier ook last van, maar alleen als ik zit. Het zit hem vooral in dat ADHD gedeelte. Toen ik nog zittend werk deed, kakte ik altijd in, en zo kwam ik erachter dat dit niets voor mij is. Zitten, luisteren, naar een scherm of schrift kijken, prikkel links en rechts, honderdduizenden gedachten... nope! Ik ben gemaakt voor fysiek werk. Het is wat het is."
"C:\Projects\Web\planner-tdah\research\reddit_data\reddit-nederlands-kakt_iedereen_ook_altijd_rond_1500_in.json","reddit-nederlands-kakt_iedereen_ook_altijd_rond_1500_in","1embj33","t3_1embj33","https://www.reddit.com/r/nederlands/comments/1embj33/kakt_iedereen_ook_altijd_rond_1500_in/","nederlands","r/nederlands","Kakt iedereen ook altijd rond 15:00 in?","Op school of op werk, rond een uur of 15:00 kak ik altijd ontzettend in. Heeft iedereen hier last van of ben ik in de minderheid? Edit: ik drink geen cafeïne-houdende drankjes Edit2: ja ik heb ADHD","","1723036615","2024-08-07T13:16:55+00:00","509","509","0.94","382","a341419102a9ef93","","reddit-nederlands-kakt_iedereen_ook_altijd_rond_1500_in:comment:lh0ckml","comment","lh0ckml","t1_lh0ckml","https://www.reddit.com/r/nederlands/comments/1embj33/kakt_iedereen_ook_altijd_rond_1500_in/lh0ckml/","/r/nederlands/comments/1embj33/kakt_iedereen_ook_altijd_rond_1500_in/lh0ckml/","t3_1embj33","post","","lh0ckml","0","true","lh0ckml","13e092d4ac1962c0","","","false","false","","2","2","0","0","0","1723067101","2024-08-07T21:45:01+00:00","false","False","","false","false","false","false","Je bent een uur te vroeg. Het is toch 4 uur cup a soup en niet 3 uur?","Je bent een uur te vroeg. Het is toch 4 uur cup a soup en niet 3 uur?","69","18","","","","true","false","","","","contains_question","0","[THREAD_TITLE]
Kakt iedereen ook altijd rond 15:00 in?

[THREAD_BODY]
Op school of op werk, rond een uur of 15:00 kak ik altijd ontzettend in. Heeft iedereen hier last van of ben ik in de minderheid? Edit: ik drink geen cafeïne-houdende drankjes Edit2: ja ik heb ADHD

[CURRENT_RECORD]
Je bent een uur te vroeg. Het is toch 4 uur cup a soup en niet 3 uur?"
"C:\Projects\Web\planner-tdah\research\reddit_data\reddit-nederlands-kakt_iedereen_ook_altijd_rond_1500_in.json","reddit-nederlands-kakt_iedereen_ook_altijd_rond_1500_in","1embj33","t3_1embj33","https://www.reddit.com/r/nederlands/comments/1embj33/kakt_iedereen_ook_altijd_rond_1500_in/","nederlands","r/nederlands","Kakt iedereen ook altijd rond 15:00 in?","Op school of op werk, rond een uur of 15:00 kak ik altijd ontzettend in. Heeft iedereen hier last van of ben ik in de minderheid? Edit: ik drink geen cafeïne-houdende drankjes Edit2: ja ik heb ADHD","","1723036615","2024-08-07T13:16:55+00:00","509","509","0.94","382","a341419102a9ef93","","reddit-nederlands-kakt_iedereen_ook_altijd_rond_1500_in:comment:lh2khmn","comment","lh2khmn","t1_lh2khmn","https://www.reddit.com/r/nederlands/comments/1embj33/kakt_iedereen_ook_altijd_rond_1500_in/lh2khmn/","/r/nederlands/comments/1embj33/kakt_iedereen_ook_altijd_rond_1500_in/lh2khmn/","t3_1embj33","post","","lh2khmn","0","true","lh2khmn","ca6a60876330abe5","","","false","false","","2","2","0","0","0","1723100617","2024-08-08T07:03:37+00:00","false","False","","false","false","false","false","Ik ben nu al ingekakt. Komt ook wel omdat het mn laatste dag is voor mn vakantie en het mega rustig is op werk de afgelopen dagen","Ik ben nu al ingekakt. Komt ook wel omdat het mn laatste dag is voor mn vakantie en het mega rustig is op werk de afgelopen dagen","129","27","","","","false","false","","","","","10","[THREAD_TITLE]
Kakt iedereen ook altijd rond 15:00 in?

[THREAD_BODY]
Op school of op werk, rond een uur of 15:00 kak ik altijd ontzettend in. Heeft iedereen hier last van of ben ik in de minderheid? Edit: ik drink geen cafeïne-houdende drankjes Edit2: ja ik heb ADHD

[CURRENT_RECORD]
Ik ben nu al ingekakt. Komt ook wel omdat het mn laatste dag is voor mn vakantie en het mega rustig is op werk de afgelopen dagen"
"C:\Projects\Web\planner-tdah\research\reddit_data\reddit-nederlands-kakt_iedereen_ook_altijd_rond_1500_in.json","reddit-nederlands-kakt_iedereen_ook_altijd_rond_1500_in","1embj33","t3_1embj33","https://www.reddit.com/r/nederlands/comments/1embj33/kakt_iedereen_ook_altijd_rond_1500_in/","nederlands","r/nederlands","Kakt iedereen ook altijd rond 15:00 in?","Op school of op werk, rond een uur of 15:00 kak ik altijd ontzettend in. Heeft iedereen hier last van of ben ik in de minderheid? Edit: ik drink geen cafeïne-houdende drankjes Edit2: ja ik heb ADHD","","1723036615","2024-08-07T13:16:55+00:00","509","509","0.94","382","a341419102a9ef93","","reddit-nederlands-kakt_iedereen_ook_altijd_rond_1500_in:comment:lh2li3h","comment","lh2li3h","t1_lh2li3h","https://www.reddit.com/r/nederlands/comments/1embj33/kakt_iedereen_ook_altijd_rond_1500_in/lh2li3h/","/r/nederlands/comments/1embj33/kakt_iedereen_ook_altijd_rond_1500_in/lh2li3h/","t3_1embj33","post","","lh2li3h","0","true","lh2li3h","e510124463b6862c","","","false","false","","2","2","0","0","0","1723101264","2024-08-08T07:14:24+00:00","false","False","","false","false","false","false","Adhd vaart wel bij proteinerijk dieet. Stop met koolhydraten.","Adhd vaart wel bij proteinerijk dieet. Stop met koolhydraten.","61","9","","","","false","false","","adhd","","mentions_pain_or_friction","5","[THREAD_TITLE]
Kakt iedereen ook altijd rond 15:00 in?

[THREAD_BODY]
Op school of op werk, rond een uur of 15:00 kak ik altijd ontzettend in. Heeft iedereen hier last van of ben ik in de minderheid? Edit: ik drink geen cafeïne-houdende drankjes Edit2: ja ik heb ADHD

[CURRENT_RECORD]
Adhd vaart wel bij proteinerijk dieet. Stop met koolhydraten."
"C:\Projects\Web\planner-tdah\research\reddit_data\reddit-nederlands-kakt_iedereen_ook_altijd_rond_1500_in.json","reddit-nederlands-kakt_iedereen_ook_altijd_rond_1500_in","1embj33","t3_1embj33","https://www.reddit.com/r/nederlands/comments/1embj33/kakt_iedereen_ook_altijd_rond_1500_in/","nederlands","r/nederlands","Kakt iedereen ook altijd rond 15:00 in?","Op school of op werk, rond een uur of 15:00 kak ik altijd ontzettend in. Heeft iedereen hier last van of ben ik in de minderheid? Edit: ik drink geen cafeïne-houdende drankjes Edit2: ja ik heb ADHD","","1723036615","2024-08-07T13:16:55+00:00","509","509","0.94","382","a341419102a9ef93","","reddit-nederlands-kakt_iedereen_ook_altijd_rond_1500_in:comment:lh2mpvf","comment","lh2mpvf","t1_lh2mpvf","https://www.reddit.com/r/nederlands/comments/1embj33/kakt_iedereen_ook_altijd_rond_1500_in/lh2mpvf/","/r/nederlands/comments/1embj33/kakt_iedereen_ook_altijd_rond_1500_in/lh2mpvf/","t3_1embj33","post","","lh2mpvf","0","true","lh2mpvf","6ce118c9d9a0bb22","","","false","false","","2","2","0","0","0","1723102048","2024-08-08T07:27:28+00:00","false","False","","false","false","false","false","Meer water drinken! Misschien drink je te weinig. Na de lunch heeft je lichaam veel vocht nodig om de energie uit je eten te halen die er in zit.","Meer water drinken! Misschien drink je te weinig. Na de lunch heeft je lichaam veel vocht nodig om de energie uit je eten te halen die er in zit.","145","29","","","","false","false","","","","","10","[THREAD_TITLE]
Kakt iedereen ook altijd rond 15:00 in?

[THREAD_BODY]
Op school of op werk, rond een uur of 15:00 kak ik altijd ontzettend in. Heeft iedereen hier last van of ben ik in de minderheid? Edit: ik drink geen cafeïne-houdende drankjes Edit2: ja ik heb ADHD

[CURRENT_RECORD]
Meer water drinken! Misschien drink je te weinig. Na de lunch heeft je lichaam veel vocht nodig om de energie uit je eten te halen die er in zit."
"C:\Projects\Web\planner-tdah\research\reddit_data\reddit-nederlands-kakt_iedereen_ook_altijd_rond_1500_in.json","reddit-nederlands-kakt_iedereen_ook_altijd_rond_1500_in","1embj33","t3_1embj33","https://www.reddit.com/r/nederlands/comments/1embj33/kakt_iedereen_ook_altijd_rond_1500_in/","nederlands","r/nederlands","Kakt iedereen ook altijd rond 15:00 in?","Op school of op werk, rond een uur of 15:00 kak ik altijd ontzettend in. Heeft iedereen hier last van of ben ik in de minderheid? Edit: ik drink geen cafeïne-houdende drankjes Edit2: ja ik heb ADHD","","1723036615","2024-08-07T13:16:55+00:00","509","509","0.94","382","a341419102a9ef93","","reddit-nederlands-kakt_iedereen_ook_altijd_rond_1500_in:comment:lh2nwh6","comment","lh2nwh6","t1_lh2nwh6","https://www.reddit.com/r/nederlands/comments/1embj33/kakt_iedereen_ook_altijd_rond_1500_in/lh2nwh6/","/r/nederlands/comments/1embj33/kakt_iedereen_ook_altijd_rond_1500_in/lh2nwh6/","t3_1embj33","post","","lh2nwh6","0","true","lh2nwh6","e946fbaadd1ba284","","","false","false","","2","2","0","0","0","1723102825","2024-08-08T07:40:25+00:00","false","False","","false","false","false","false","Grappig, ik heb dat ook en ik denk altijd: als ik sterf is dat om 15 uur want dan ben ik op mijn zwakst...","Grappig, ik heb dat ook en ik denk altijd: als ik sterf is dat om 15 uur want dan ben ik op mijn zwakst...","106","24","","","","false","false","app","","","mentions_planner_or_system","14","[THREAD_TITLE]
Kakt iedereen ook altijd rond 15:00 in?

[THREAD_BODY]
Op school of op werk, rond een uur of 15:00 kak ik altijd ontzettend in. Heeft iedereen hier last van of ben ik in de minderheid? Edit: ik drink geen cafeïne-houdende drankjes Edit2: ja ik heb ADHD

[CURRENT_RECORD]
Grappig, ik heb dat ook en ik denk altijd: als ik sterf is dat om 15 uur want dan ben ik op mijn zwakst..."
"C:\Projects\Web\planner-tdah\research\reddit_data\reddit-nederlands-kakt_iedereen_ook_altijd_rond_1500_in.json","reddit-nederlands-kakt_iedereen_ook_altijd_rond_1500_in","1embj33","t3_1embj33","https://www.reddit.com/r/nederlands/comments/1embj33/kakt_iedereen_ook_altijd_rond_1500_in/","nederlands","r/nederlands","Kakt iedereen ook altijd rond 15:00 in?","Op school of op werk, rond een uur of 15:00 kak ik altijd ontzettend in. Heeft iedereen hier last van of ben ik in de minderheid? Edit: ik drink geen cafeïne-houdende drankjes Edit2: ja ik heb ADHD","","1723036615","2024-08-07T13:16:55+00:00","509","509","0.94","382","a341419102a9ef93","","reddit-nederlands-kakt_iedereen_ook_altijd_rond_1500_in:comment:lh2nzm5","comment","lh2nzm5","t1_lh2nzm5","https://www.reddit.com/r/nederlands/comments/1embj33/kakt_iedereen_ook_altijd_rond_1500_in/lh2nzm5/","/r/nederlands/comments/1embj33/kakt_iedereen_ook_altijd_rond_1500_in/lh2nzm5/","t3_1embj33","post","","lh2nzm5","0","true","lh2nzm5","822db24687bff163","","","false","false","","2","2","0","0","0","1723102883","2024-08-08T07:41:23+00:00","false","False","","false","false","false","false","Oh ik dacht dat het over kakken ging, het ideale moment om op Reddit te kijken","Oh ik dacht dat het over kakken ging, het ideale moment om op Reddit te kijken","78","16","","","","false","false","","","","","0","[THREAD_TITLE]
Kakt iedereen ook altijd rond 15:00 in?

[THREAD_BODY]
Op school of op werk, rond een uur of 15:00 kak ik altijd ontzettend in. Heeft iedereen hier last van of ben ik in de minderheid? Edit: ik drink geen cafeïne-houdende drankjes Edit2: ja ik heb ADHD

[CURRENT_RECORD]
Oh ik dacht dat het over kakken ging, het ideale moment om op Reddit te kijken"
"C:\Projects\Web\planner-tdah\research\reddit_data\reddit-nederlands-kakt_iedereen_ook_altijd_rond_1500_in.json","reddit-nederlands-kakt_iedereen_ook_altijd_rond_1500_in","1embj33","t3_1embj33","https://www.reddit.com/r/nederlands/comments/1embj33/kakt_iedereen_ook_altijd_rond_1500_in/","nederlands","r/nederlands","Kakt iedereen ook altijd rond 15:00 in?","Op school of op werk, rond een uur of 15:00 kak ik altijd ontzettend in. Heeft iedereen hier last van of ben ik in de minderheid? Edit: ik drink geen cafeïne-houdende drankjes Edit2: ja ik heb ADHD","","1723036615","2024-08-07T13:16:55+00:00","509","509","0.94","382","a341419102a9ef93","","reddit-nederlands-kakt_iedereen_ook_altijd_rond_1500_in:comment:lh2qt4a","comment","lh2qt4a","t1_lh2qt4a","https://www.reddit.com/r/nederlands/comments/1embj33/kakt_iedereen_ook_altijd_rond_1500_in/lh2qt4a/","/r/nederlands/comments/1embj33/kakt_iedereen_ook_altijd_rond_1500_in/lh2qt4a/","t3_1embj33","post","","lh2qt4a","0","true","lh2qt4a","b466f0e7378dc57d","","","false","false","","2","2","0","0","0","1723104730","2024-08-08T08:12:10+00:00","false","False","","false","false","false","false","Haha, hier ben ik super energiek in de ochtend, vanaf 06.00 uur en stort ik in na 14h. Inmiddels geleerd dat als ik iets wil doen, het echt tussen 06 en 14 moet.","Haha, hier ben ik super energiek in de ochtend, vanaf 06.00 uur en stort ik in na 14h. Inmiddels geleerd dat als ik iets wil doen, het echt tussen 06 en 14 moet.","161","33","","","","false","false","","","","","10","[THREAD_TITLE]
Kakt iedereen ook altijd rond 15:00 in?

[THREAD_BODY]
Op school of op werk, rond een uur of 15:00 kak ik altijd ontzettend in. Heeft iedereen hier last van of ben ik in de minderheid? Edit: ik drink geen cafeïne-houdende drankjes Edit2: ja ik heb ADHD

[CURRENT_RECORD]
Haha, hier ben ik super energiek in de ochtend, vanaf 06.00 uur en stort ik in na 14h. Inmiddels geleerd dat als ik iets wil doen, het echt tussen 06 en 14 moet."
"C:\Projects\Web\planner-tdah\research\reddit_data\reddit-nederlands-kakt_iedereen_ook_altijd_rond_1500_in.json","reddit-nederlands-kakt_iedereen_ook_altijd_rond_1500_in","1embj33","t3_1embj33","https://www.reddit.com/r/nederlands/comments/1embj33/kakt_iedereen_ook_altijd_rond_1500_in/","nederlands","r/nederlands","Kakt iedereen ook altijd rond 15:00 in?","Op school of op werk, rond een uur of 15:00 kak ik altijd ontzettend in. Heeft iedereen hier last van of ben ik in de minderheid? Edit: ik drink geen cafeïne-houdende drankjes Edit2: ja ik heb ADHD","","1723036615","2024-08-07T13:16:55+00:00","509","509","0.94","382","a341419102a9ef93","","reddit-nederlands-kakt_iedereen_ook_altijd_rond_1500_in:comment:lgye0bz","comment","lgye0bz","t1_lgye0bz","https://www.reddit.com/r/nederlands/comments/1embj33/kakt_iedereen_ook_altijd_rond_1500_in/lgye0bz/","/r/nederlands/comments/1embj33/kakt_iedereen_ook_altijd_rond_1500_in/lgye0bz/","t3_1embj33","post","","lgye0bz","0","true","lgye0bz","536fd6ae58637238","","","false","false","","2","2","0","0","0","1723045475","2024-08-07T15:44:35+00:00","false","False","","false","false","false","false","Ik wordt eigenlijk pas wakker om 3 uur. Tenzij ik school/werk heb. Dan heb ik het om 3 uur wel gehad. Ik heb adhd en autisme dus mijn biologisch ritme is anders.","Ik wordt eigenlijk pas wakker om 3 uur. Tenzij ik school/werk heb. Dan heb ik het om 3 uur wel gehad. Ik heb adhd en autisme dus mijn biologisch ritme is anders.","161","32","","","","false","false","","adhd","","mentions_pain_or_friction","15","[THREAD_TITLE]
Kakt iedereen ook altijd rond 15:00 in?

[THREAD_BODY]
Op school of op werk, rond een uur of 15:00 kak ik altijd ontzettend in. Heeft iedereen hier last van of ben ik in de minderheid? Edit: ik drink geen cafeïne-houdende drankjes Edit2: ja ik heb ADHD

[CURRENT_RECORD]
Ik wordt eigenlijk pas wakker om 3 uur. Tenzij ik school/werk heb. Dan heb ik het om 3 uur wel gehad. Ik heb adhd en autisme dus mijn biologisch ritme is anders."
"C:\Projects\Web\planner-tdah\research\reddit_data\reddit-nederlands-kakt_iedereen_ook_altijd_rond_1500_in.json","reddit-nederlands-kakt_iedereen_ook_altijd_rond_1500_in","1embj33","t3_1embj33","https://www.reddit.com/r/nederlands/comments/1embj33/kakt_iedereen_ook_altijd_rond_1500_in/","nederlands","r/nederlands","Kakt iedereen ook altijd rond 15:00 in?","Op school of op werk, rond een uur of 15:00 kak ik altijd ontzettend in. Heeft iedereen hier last van of ben ik in de minderheid? Edit: ik drink geen cafeïne-houdende drankjes Edit2: ja ik heb ADHD","","1723036615","2024-08-07T13:16:55+00:00","509","509","0.94","382","a341419102a9ef93","","reddit-nederlands-kakt_iedereen_ook_altijd_rond_1500_in:comment:lgye6hw","comment","lgye6hw","t1_lgye6hw","https://www.reddit.com/r/nederlands/comments/1embj33/kakt_iedereen_ook_altijd_rond_1500_in/lgye6hw/","/r/nederlands/comments/1embj33/kakt_iedereen_ook_altijd_rond_1500_in/lgye6hw/","t3_1embj33","post","","lgye6hw","0","true","lgye6hw","5076c687bc93fdae","","","false","false","","3","3","0","0","1","1723045527","2024-08-07T15:45:27+00:00","false","False","","false","false","false","false","Edit: probeer eens een lunch zonder koolhydraten maar rijk aan proteïne. Kopje koffie erbij kan zelfs. Je zult zien dat die hele lunch dip wegblijft. Heb mn hele leven last gehad van die middag dip totdat ik eens een dag meedeed met mn ma en dr keto dieet. Opgeblazen gevoel bleef weg, somber gevoel bleef weg, en het fijnste, de gigantische vage dip in energie 2 uur na lunchtijd.","Edit: probeer eens een lunch zonder koolhydraten maar rijk aan proteïne. Kopje koffie erbij kan zelfs. Je zult zien dat die hele lunch dip wegblijft. Heb mn hele leven last gehad van die middag dip totdat ik eens een dag meedeed met mn ma en dr keto dieet. Opgeblazen gevoel blee…","381","69","","","","false","false","","","","","13","[THREAD_TITLE]
Kakt iedereen ook altijd rond 15:00 in?

[THREAD_BODY]
Op school of op werk, rond een uur of 15:00 kak ik altijd ontzettend in. Heeft iedereen hier last van of ben ik in de minderheid? Edit: ik drink geen cafeïne-houdende drankjes Edit2: ja ik heb ADHD

[CURRENT_RECORD]
Edit: probeer eens een lunch zonder koolhydraten maar rijk aan proteïne. Kopje koffie erbij kan zelfs. Je zult zien dat die hele lunch dip wegblijft. Heb mn hele leven last gehad van die middag dip totdat ik eens een dag meedeed met mn ma en dr keto dieet. Opgeblazen gevoel bleef weg, somber gevoel bleef weg, en het fijnste, de gigantische vage dip in energie 2 uur na lunchtijd."
"C:\Projects\Web\planner-tdah\research\reddit_data\reddit-nederlands-kakt_iedereen_ook_altijd_rond_1500_in.json","reddit-nederlands-kakt_iedereen_ook_altijd_rond_1500_in","1embj33","t3_1embj33","https://www.reddit.com/r/nederlands/comments/1embj33/kakt_iedereen_ook_altijd_rond_1500_in/","nederlands","r/nederlands","Kakt iedereen ook altijd rond 15:00 in?","Op school of op werk, rond een uur of 15:00 kak ik altijd ontzettend in. Heeft iedereen hier last van of ben ik in de minderheid? Edit: ik drink geen cafeïne-houdende drankjes Edit2: ja ik heb ADHD","","1723036615","2024-08-07T13:16:55+00:00","509","509","0.94","382","a341419102a9ef93","","reddit-nederlands-kakt_iedereen_ook_altijd_rond_1500_in:comment:lh4h0pb","comment","lh4h0pb","t1_lh4h0pb","https://www.reddit.com/r/nederlands/comments/1embj33/kakt_iedereen_ook_altijd_rond_1500_in/lh4h0pb/","/r/nederlands/comments/1embj33/kakt_iedereen_ook_altijd_rond_1500_in/lh4h0pb/","t1_lgye6hw","comment","lgye6hw","lgye6hw","1","false","lgye6hw > lh4h0pb","4c6782d3c05e4eb7","","","false","false","","2","2","0","0","0","1723131923","2024-08-08T15:45:23+00:00","false","False","","false","false","false","false","Ik kan dit uit volle borst beamen. Altijd last gehad van een dip na m’n lunch. Ik ben sinds een jaar begonnen met heel gefaseerd eten door de dag heen met weinig koolhydraten. Gewoon om de 2 uur een klein beetje eten ipv tijdens de lunch wat meer. Heb sindsdien bijna nooit meer last van dipjes door de dag heen. Ook adhd, mijn redenering was dat m’n kop vrij veel energie nodig heeft om alles qua prikkels een beetje te trekken en als m’n maag veel te verduren heeft, dat m’n kop dan minder trekt. Doet voor mij persoonlijk echt wonderen.","Ik kan dit uit volle borst beamen. Altijd last gehad van een dip na m’n lunch. Ik ben sinds een jaar begonnen met heel gefaseerd eten door de dag heen met weinig koolhydraten. Gewoon om de 2 uur een klein beetje eten ipv tijdens de lunch wat meer. Heb sindsdien bijna nooit meer…","539","101","Edit: probeer eens een lunch zonder koolhydraten maar rijk aan proteïne. Kopje koffie erbij kan zelfs. Je zult zien dat die hele lunch dip wegblijft. Heb mn hele leven last gehad van die middag dip totdat ik eens een dag meedeed met mn ma en dr keto dieet. Opgeblazen gevoel bleef weg, somber gevoel bleef weg, en het fijnste, de gigantische vage dip in energie 2 uur na lunchtijd.","Edit: probeer eens een lunch zonder koolhydraten maar rijk aan proteïne. Kopje koffie erbij kan zelfs. Je zult zien dat die hele lunch dip wegblijft. Heb mn hele leven last gehad van die middag dip totdat ik eens een dag meedeed met mn ma en dr keto dieet. Opgeblazen gevoel bleef weg, somber gevoel bleef weg, en het fijnste, de gigantische vage dip in energie 2 uur na lunchtijd.","","false","false","","adhd","","long_form_comment | mentions_pain_or_friction","25","[THREAD_TITLE]
Kakt iedereen ook altijd rond 15:00 in?

[THREAD_BODY]
Op school of op werk, rond een uur of 15:00 kak ik altijd ontzettend in. Heeft iedereen hier last van of ben ik in de minderheid? Edit: ik drink geen cafeïne-houdende drankjes Edit2: ja ik heb ADHD

[PARENT_COMMENT_CONTEXT]
Edit: probeer eens een lunch zonder koolhydraten maar rijk aan proteïne. Kopje koffie erbij kan zelfs. Je zult zien dat die hele lunch dip wegblijft. Heb mn hele leven last gehad van die middag dip totdat ik eens een dag meedeed met mn ma en dr keto dieet. Opgeblazen gevoel bleef weg, somber gevoel bleef weg, en het fijnste, de gigantische vage dip in energie 2 uur na lunchtijd.

[CURRENT_RECORD]
Ik kan dit uit volle borst beamen. Altijd last gehad van een dip na m’n lunch. Ik ben sinds een jaar begonnen met heel gefaseerd eten door de dag heen met weinig koolhydraten. Gewoon om de 2 uur een klein beetje eten ipv tijdens de lunch wat meer. Heb sindsdien bijna nooit meer last van dipjes door de dag heen. Ook adhd, mijn redenering was dat m’n kop vrij veel energie nodig heeft om alles qua prikkels een beetje te trekken en als m’n maag veel te verduren heeft, dat m’n kop dan minder trekt. Doet voor mij persoonlijk echt wonderen."
"C:\Projects\Web\planner-tdah\research\reddit_data\reddit-nederlands-kakt_iedereen_ook_altijd_rond_1500_in.json","reddit-nederlands-kakt_iedereen_ook_altijd_rond_1500_in","1embj33","t3_1embj33","https://www.reddit.com/r/nederlands/comments/1embj33/kakt_iedereen_ook_altijd_rond_1500_in/","nederlands","r/nederlands","Kakt iedereen ook altijd rond 15:00 in?","Op school of op werk, rond een uur of 15:00 kak ik altijd ontzettend in. Heeft iedereen hier last van of ben ik in de minderheid? Edit: ik drink geen cafeïne-houdende drankjes Edit2: ja ik heb ADHD","","1723036615","2024-08-07T13:16:55+00:00","509","509","0.94","382","a341419102a9ef93","","reddit-nederlands-kakt_iedereen_ook_altijd_rond_1500_in:comment:lgxs94d","comment","lgxs94d","t1_lgxs94d","https://www.reddit.com/r/nederlands/comments/1embj33/kakt_iedereen_ook_altijd_rond_1500_in/lgxs94d/","/r/nederlands/comments/1embj33/kakt_iedereen_ook_altijd_rond_1500_in/lgxs94d/","t3_1embj33","post","","lgxs94d","0","true","lgxs94d","e5f164b7321ffe27","","","false","false","","1","1","0","0","2","1723038433","2024-08-07T13:47:13+00:00","false","False","","false","false","false","false","Hier had ik ook jarenlang last van. Nu ik gestopt ben met koffie (en andere caffeine) heb ik er geen last meer van en is mijn energieniveau redelijk constant de hele dag.","Hier had ik ook jarenlang last van. Nu ik gestopt ben met koffie (en andere caffeine) heb ik er geen last meer van en is mijn energieniveau redelijk constant de hele dag.","170","32","","","","false","false","","","","","13","[THREAD_TITLE]
Kakt iedereen ook altijd rond 15:00 in?

[THREAD_BODY]
Op school of op werk, rond een uur of 15:00 kak ik altijd ontzettend in. Heeft iedereen hier last van of ben ik in de minderheid? Edit: ik drink geen cafeïne-houdende drankjes Edit2: ja ik heb ADHD

[CURRENT_RECORD]
Hier had ik ook jarenlang last van. Nu ik gestopt ben met koffie (en andere caffeine) heb ik er geen last meer van en is mijn energieniveau redelijk constant de hele dag."
"C:\Projects\Web\planner-tdah\research\reddit_data\reddit-nederlands-kakt_iedereen_ook_altijd_rond_1500_in.json","reddit-nederlands-kakt_iedereen_ook_altijd_rond_1500_in","1embj33","t3_1embj33","https://www.reddit.com/r/nederlands/comments/1embj33/kakt_iedereen_ook_altijd_rond_1500_in/","nederlands","r/nederlands","Kakt iedereen ook altijd rond 15:00 in?","Op school of op werk, rond een uur of 15:00 kak ik altijd ontzettend in. Heeft iedereen hier last van of ben ik in de minderheid? Edit: ik drink geen cafeïne-houdende drankjes Edit2: ja ik heb ADHD","","1723036615","2024-08-07T13:16:55+00:00","509","509","0.94","382","a341419102a9ef93","","reddit-nederlands-kakt_iedereen_ook_altijd_rond_1500_in:comment:lgxtylt","comment","lgxtylt","t1_lgxtylt","https://www.reddit.com/r/nederlands/comments/1embj33/kakt_iedereen_ook_altijd_rond_1500_in/lgxtylt/","/r/nederlands/comments/1embj33/kakt_iedereen_ook_altijd_rond_1500_in/lgxtylt/","t1_lgxs94d","comment","lgxs94d","lgxs94d","1","false","lgxs94d > lgxtylt","a341419102a9ef93","","","true","false","","7","7","0","0","1","1723039019","2024-08-07T13:56:59+00:00","false","False","","false","false","false","false","Ik drink eigenlijk nooit koffie. :)","Ik drink eigenlijk nooit koffie. :)","35","6","Hier had ik ook jarenlang last van. Nu ik gestopt ben met koffie (en andere caffeine) heb ik er geen last meer van en is mijn energieniveau redelijk constant de hele dag.","Hier had ik ook jarenlang last van. Nu ik gestopt ben met koffie (en andere caffeine) heb ik er geen last meer van en is mijn energieniveau redelijk constant de hele dag.","","false","false","","","","","8","[THREAD_TITLE]
Kakt iedereen ook altijd rond 15:00 in?

[THREAD_BODY]
Op school of op werk, rond een uur of 15:00 kak ik altijd ontzettend in. Heeft iedereen hier last van of ben ik in de minderheid? Edit: ik drink geen cafeïne-houdende drankjes Edit2: ja ik heb ADHD

[PARENT_COMMENT_CONTEXT]
Hier had ik ook jarenlang last van. Nu ik gestopt ben met koffie (en andere caffeine) heb ik er geen last meer van en is mijn energieniveau redelijk constant de hele dag.

[CURRENT_RECORD]
Ik drink eigenlijk nooit koffie. :)"
"C:\Projects\Web\planner-tdah\research\reddit_data\reddit-nederlands-kakt_iedereen_ook_altijd_rond_1500_in.json","reddit-nederlands-kakt_iedereen_ook_altijd_rond_1500_in","1embj33","t3_1embj33","https://www.reddit.com/r/nederlands/comments/1embj33/kakt_iedereen_ook_altijd_rond_1500_in/","nederlands","r/nederlands","Kakt iedereen ook altijd rond 15:00 in?","Op school of op werk, rond een uur of 15:00 kak ik altijd ontzettend in. Heeft iedereen hier last van of ben ik in de minderheid? Edit: ik drink geen cafeïne-houdende drankjes Edit2: ja ik heb ADHD","","1723036615","2024-08-07T13:16:55+00:00","509","509","0.94","382","a341419102a9ef93","","reddit-nederlands-kakt_iedereen_ook_altijd_rond_1500_in:comment:lgxwlj1","comment","lgxwlj1","t1_lgxwlj1","https://www.reddit.com/r/nederlands/comments/1embj33/kakt_iedereen_ook_altijd_rond_1500_in/lgxwlj1/","/r/nederlands/comments/1embj33/kakt_iedereen_ook_altijd_rond_1500_in/lgxwlj1/","t1_lgxtylt","comment","lgxtylt","lgxs94d","2","false","lgxs94d > lgxtylt > lgxwlj1","e5f164b7321ffe27","","","false","false","","2","2","0","0","0","1723039915","2024-08-07T14:11:55+00:00","false","False","","false","false","false","false","Kan ook van energiedrankjes komen. Als je die ook niet drinkt, dan zal je dip in ieder geval niet caffeine gerelateerd zijn.","Kan ook van energiedrankjes komen. Als je die ook niet drinkt, dan zal je dip in ieder geval niet caffeine gerelateerd zijn.","124","22","Ik drink eigenlijk nooit koffie. :)","Hier had ik ook jarenlang last van. Nu ik gestopt ben met koffie (en andere caffeine) heb ik er geen last meer van en is mijn energieniveau redelijk constant de hele dag.","","false","false","","","","","10","[THREAD_TITLE]
Kakt iedereen ook altijd rond 15:00 in?

[THREAD_BODY]
Op school of op werk, rond een uur of 15:00 kak ik altijd ontzettend in. Heeft iedereen hier last van of ben ik in de minderheid? Edit: ik drink geen cafeïne-houdende drankjes Edit2: ja ik heb ADHD

[ROOT_COMMENT_CONTEXT]
Hier had ik ook jarenlang last van. Nu ik gestopt ben met koffie (en andere caffeine) heb ik er geen last meer van en is mijn energieniveau redelijk constant de hele dag.

[PARENT_COMMENT_CONTEXT]
Ik drink eigenlijk nooit koffie. :)

[CURRENT_RECORD]
Kan ook van energiedrankjes komen. Als je die ook niet drinkt, dan zal je dip in ieder geval niet caffeine gerelateerd zijn."
"C:\Projects\Web\planner-tdah\research\reddit_data\reddit-nederlands-kakt_iedereen_ook_altijd_rond_1500_in.json","reddit-nederlands-kakt_iedereen_ook_altijd_rond_1500_in","1embj33","t3_1embj33","https://www.reddit.com/r/nederlands/comments/1embj33/kakt_iedereen_ook_altijd_rond_1500_in/","nederlands","r/nederlands","Kakt iedereen ook altijd rond 15:00 in?","Op school of op werk, rond een uur of 15:00 kak ik altijd ontzettend in. Heeft iedereen hier last van of ben ik in de minderheid? Edit: ik drink geen cafeïne-houdende drankjes Edit2: ja ik heb ADHD","","1723036615","2024-08-07T13:16:55+00:00","509","509","0.94","382","a341419102a9ef93","","reddit-nederlands-kakt_iedereen_ook_altijd_rond_1500_in:comment:lgxtbkc","comment","lgxtbkc","t1_lgxtbkc","https://www.reddit.com/r/nederlands/comments/1embj33/kakt_iedereen_ook_altijd_rond_1500_in/lgxtbkc/","/r/nederlands/comments/1embj33/kakt_iedereen_ook_altijd_rond_1500_in/lgxtbkc/","t3_1embj33","post","","lgxtbkc","0","true","lgxtbkc","6734d560eec0be7a","","","false","false","","1","1","0","0","0","1723038802","2024-08-07T13:53:22+00:00","false","False","","false","false","false","false","Kwartiertje lopen en een cola","Kwartiertje lopen en een cola","29","5","","","","false","false","","","","","0","[THREAD_TITLE]
Kakt iedereen ook altijd rond 15:00 in?

[THREAD_BODY]
Op school of op werk, rond een uur of 15:00 kak ik altijd ontzettend in. Heeft iedereen hier last van of ben ik in de minderheid? Edit: ik drink geen cafeïne-houdende drankjes Edit2: ja ik heb ADHD

[CURRENT_RECORD]
Kwartiertje lopen en een cola"
"C:\Projects\Web\planner-tdah\research\reddit_data\reddit-nederlands-kakt_iedereen_ook_altijd_rond_1500_in.json","reddit-nederlands-kakt_iedereen_ook_altijd_rond_1500_in","1embj33","t3_1embj33","https://www.reddit.com/r/nederlands/comments/1embj33/kakt_iedereen_ook_altijd_rond_1500_in/","nederlands","r/nederlands","Kakt iedereen ook altijd rond 15:00 in?","Op school of op werk, rond een uur of 15:00 kak ik altijd ontzettend in. Heeft iedereen hier last van of ben ik in de minderheid? Edit: ik drink geen cafeïne-houdende drankjes Edit2: ja ik heb ADHD","","1723036615","2024-08-07T13:16:55+00:00","509","509","0.94","382","a341419102a9ef93","","reddit-nederlands-kakt_iedereen_ook_altijd_rond_1500_in:comment:lgxtirx","comment","lgxtirx","t1_lgxtirx","https://www.reddit.com/r/nederlands/comments/1embj33/kakt_iedereen_ook_altijd_rond_1500_in/lgxtirx/","/r/nederlands/comments/1embj33/kakt_iedereen_ook_altijd_rond_1500_in/lgxtirx/","t3_1embj33","post","","lgxtirx","0","true","lgxtirx","8684ea098f2cd09a","","","false","false","","1","1","0","0","0","1723038871","2024-08-07T13:54:31+00:00","false","False","","false","false","false","false","Komt bekend voor! In de ochtend ben je productief. S'middags niet meer. In Spanje weten ze het al te goed","Komt bekend voor! In de ochtend ben je productief. S'middags niet meer. In Spanje weten ze het al te goed","105","20","","","","false","false","","","","","10","[THREAD_TITLE]
Kakt iedereen ook altijd rond 15:00 in?

[THREAD_BODY]
Op school of op werk, rond een uur of 15:00 kak ik altijd ontzettend in. Heeft iedereen hier last van of ben ik in de minderheid? Edit: ik drink geen cafeïne-houdende drankjes Edit2: ja ik heb ADHD

[CURRENT_RECORD]
Komt bekend voor! In de ochtend ben je productief. S'middags niet meer. In Spanje weten ze het al te goed"
"C:\Projects\Web\planner-tdah\research\reddit_data\reddit-nederlands-kakt_iedereen_ook_altijd_rond_1500_in.json","reddit-nederlands-kakt_iedereen_ook_altijd_rond_1500_in","1embj33","t3_1embj33","https://www.reddit.com/r/nederlands/comments/1embj33/kakt_iedereen_ook_altijd_rond_1500_in/","nederlands","r/nederlands","Kakt iedereen ook altijd rond 15:00 in?","Op school of op werk, rond een uur of 15:00 kak ik altijd ontzettend in. Heeft iedereen hier last van of ben ik in de minderheid? Edit: ik drink geen cafeïne-houdende drankjes Edit2: ja ik heb ADHD","","1723036615","2024-08-07T13:16:55+00:00","509","509","0.94","382","a341419102a9ef93","","reddit-nederlands-kakt_iedereen_ook_altijd_rond_1500_in:comment:lgxu4cz","comment","lgxu4cz","t1_lgxu4cz","https://www.reddit.com/r/nederlands/comments/1embj33/kakt_iedereen_ook_altijd_rond_1500_in/lgxu4cz/","/r/nederlands/comments/1embj33/kakt_iedereen_ook_altijd_rond_1500_in/lgxu4cz/","t3_1embj33","post","","lgxu4cz","0","true","lgxu4cz","3f345e3bb413277f","","","false","false","","1","1","0","0","1","1723039074","2024-08-07T13:57:54+00:00","false","False","","false","false","false","false","3 uur Cupasoup!","3 uur Cupasoup!","15","3","","","","false","false","","","","","3","[THREAD_TITLE]
Kakt iedereen ook altijd rond 15:00 in?

[THREAD_BODY]
Op school of op werk, rond een uur of 15:00 kak ik altijd ontzettend in. Heeft iedereen hier last van of ben ik in de minderheid? Edit: ik drink geen cafeïne-houdende drankjes Edit2: ja ik heb ADHD

[CURRENT_RECORD]
3 uur Cupasoup!"
"C:\Projects\Web\planner-tdah\research\reddit_data\reddit-nederlands-kakt_iedereen_ook_altijd_rond_1500_in.json","reddit-nederlands-kakt_iedereen_ook_altijd_rond_1500_in","1embj33","t3_1embj33","https://www.reddit.com/r/nederlands/comments/1embj33/kakt_iedereen_ook_altijd_rond_1500_in/","nederlands","r/nederlands","Kakt iedereen ook altijd rond 15:00 in?","Op school of op werk, rond een uur of 15:00 kak ik altijd ontzettend in. Heeft iedereen hier last van of ben ik in de minderheid? Edit: ik drink geen cafeïne-houdende drankjes Edit2: ja ik heb ADHD","","1723036615","2024-08-07T13:16:55+00:00","509","509","0.94","382","a341419102a9ef93","","reddit-nederlands-kakt_iedereen_ook_altijd_rond_1500_in:comment:lgxue5r","comment","lgxue5r","t1_lgxue5r","https://www.reddit.com/r/nederlands/comments/1embj33/kakt_iedereen_ook_altijd_rond_1500_in/lgxue5r/","/r/nederlands/comments/1embj33/kakt_iedereen_ook_altijd_rond_1500_in/lgxue5r/","t3_1embj33","post","","lgxue5r","0","true","lgxue5r","db8265a3619f1340","","","false","false","","1","1","0","0","0","1723039166","2024-08-07T13:59:26+00:00","false","False","","false","false","false","false","Hangt er vanaf hoelaat ik op moet staan. Als ik (volgens mijn normale slaap ritme) om 8 uur wakker wordt kan ik tot 4 door. Als ik voor m’n studie om 8:30 aanwezig moet zijn en m’n wekker om 6 uur gaat ben ik rond 11 klaar met m’n dag.","Hangt er vanaf hoelaat ik op moet staan. Als ik (volgens mijn normale slaap ritme) om 8 uur wakker wordt kan ik tot 4 door. Als ik voor m’n studie om 8:30 aanwezig moet zijn en m’n wekker om 6 uur gaat ben ik rond 11 klaar met m’n dag.","235","50","","","","false","false","","","","","10","[THREAD_TITLE]
Kakt iedereen ook altijd rond 15:00 in?

[THREAD_BODY]
Op school of op werk, rond een uur of 15:00 kak ik altijd ontzettend in. Heeft iedereen hier last van of ben ik in de minderheid? Edit: ik drink geen cafeïne-houdende drankjes Edit2: ja ik heb ADHD

[CURRENT_RECORD]
Hangt er vanaf hoelaat ik op moet staan. Als ik (volgens mijn normale slaap ritme) om 8 uur wakker wordt kan ik tot 4 door. Als ik voor m’n studie om 8:30 aanwezig moet zijn en m’n wekker om 6 uur gaat ben ik rond 11 klaar met m’n dag."
"C:\Projects\Web\planner-tdah\research\reddit_data\reddit-nederlands-kakt_iedereen_ook_altijd_rond_1500_in.json","reddit-nederlands-kakt_iedereen_ook_altijd_rond_1500_in","1embj33","t3_1embj33","https://www.reddit.com/r/nederlands/comments/1embj33/kakt_iedereen_ook_altijd_rond_1500_in/","nederlands","r/nederlands","Kakt iedereen ook altijd rond 15:00 in?","Op school of op werk, rond een uur of 15:00 kak ik altijd ontzettend in. Heeft iedereen hier last van of ben ik in de minderheid? Edit: ik drink geen cafeïne-houdende drankjes Edit2: ja ik heb ADHD","","1723036615","2024-08-07T13:16:55+00:00","509","509","0.94","382","a341419102a9ef93","","reddit-nederlands-kakt_iedereen_ook_altijd_rond_1500_in:comment:lgxvllm","comment","lgxvllm","t1_lgxvllm","https://www.reddit.com/r/nederlands/comments/1embj33/kakt_iedereen_ook_altijd_rond_1500_in/lgxvllm/","/r/nederlands/comments/1embj33/kakt_iedereen_ook_altijd_rond_1500_in/lgxvllm/","t3_1embj33","post","","lgxvllm","0","true","lgxvllm","7960e92ed6dbdbcf","","","false","false","","1","1","0","0","0","1723039578","2024-08-07T14:06:18+00:00","false","False","","false","false","false","false","Pauze nemen en naar buiten gaan","Pauze nemen en naar buiten gaan","31","6","","","","false","false","","","","","0","[THREAD_TITLE]
Kakt iedereen ook altijd rond 15:00 in?

[THREAD_BODY]
Op school of op werk, rond een uur of 15:00 kak ik altijd ontzettend in. Heeft iedereen hier last van of ben ik in de minderheid? Edit: ik drink geen cafeïne-houdende drankjes Edit2: ja ik heb ADHD

[CURRENT_RECORD]
Pauze nemen en naar buiten gaan"
"C:\Projects\Web\planner-tdah\research\reddit_data\reddit-nederlands-kakt_iedereen_ook_altijd_rond_1500_in.json","reddit-nederlands-kakt_iedereen_ook_altijd_rond_1500_in","1embj33","t3_1embj33","https://www.reddit.com/r/nederlands/comments/1embj33/kakt_iedereen_ook_altijd_rond_1500_in/","nederlands","r/nederlands","Kakt iedereen ook altijd rond 15:00 in?","Op school of op werk, rond een uur of 15:00 kak ik altijd ontzettend in. Heeft iedereen hier last van of ben ik in de minderheid? Edit: ik drink geen cafeïne-houdende drankjes Edit2: ja ik heb ADHD","","1723036615","2024-08-07T13:16:55+00:00","509","509","0.94","382","a341419102a9ef93","","reddit-nederlands-kakt_iedereen_ook_altijd_rond_1500_in:comment:lgxx38d","comment","lgxx38d","t1_lgxx38d","https://www.reddit.com/r/nederlands/comments/1embj33/kakt_iedereen_ook_altijd_rond_1500_in/lgxx38d/","/r/nederlands/comments/1embj33/kakt_iedereen_ook_altijd_rond_1500_in/lgxx38d/","t3_1embj33","post","","lgxx38d","0","true","lgxx38d","5bd50e22ad1c6b93","","","false","false","","1","1","0","0","0","1723040080","2024-08-07T14:14:40+00:00","false","False","","false","false","false","false","Voordeel van thuis werken, even dutje doen.","Voordeel van thuis werken, even dutje doen.","43","7","","","","false","false","","","","","0","[THREAD_TITLE]
Kakt iedereen ook altijd rond 15:00 in?

[THREAD_BODY]
Op school of op werk, rond een uur of 15:00 kak ik altijd ontzettend in. Heeft iedereen hier last van of ben ik in de minderheid? Edit: ik drink geen cafeïne-houdende drankjes Edit2: ja ik heb ADHD

[CURRENT_RECORD]
Voordeel van thuis werken, even dutje doen."
"C:\Projects\Web\planner-tdah\research\reddit_data\reddit-nederlands-kakt_iedereen_ook_altijd_rond_1500_in.json","reddit-nederlands-kakt_iedereen_ook_altijd_rond_1500_in","1embj33","t3_1embj33","https://www.reddit.com/r/nederlands/comments/1embj33/kakt_iedereen_ook_altijd_rond_1500_in/","nederlands","r/nederlands","Kakt iedereen ook altijd rond 15:00 in?","Op school of op werk, rond een uur of 15:00 kak ik altijd ontzettend in. Heeft iedereen hier last van of ben ik in de minderheid? Edit: ik drink geen cafeïne-houdende drankjes Edit2: ja ik heb ADHD","","1723036615","2024-08-07T13:16:55+00:00","509","509","0.94","382","a341419102a9ef93","","reddit-nederlands-kakt_iedereen_ook_altijd_rond_1500_in:comment:lgxx5mz","comment","lgxx5mz","t1_lgxx5mz","https://www.reddit.com/r/nederlands/comments/1embj33/kakt_iedereen_ook_altijd_rond_1500_in/lgxx5mz/","/r/nederlands/comments/1embj33/kakt_iedereen_ook_altijd_rond_1500_in/lgxx5mz/","t3_1embj33","post","","lgxx5mz","0","true","lgxx5mz","7e69d5fb86b4f33e","","","false","false","","1","1","0","0","0","1723040103","2024-08-07T14:15:03+00:00","false","False","","false","false","false","false","Om 8 uur 's ochtends al.","Om 8 uur 's ochtends al.","24","6","","","","false","false","","","","","0","[THREAD_TITLE]
Kakt iedereen ook altijd rond 15:00 in?

[THREAD_BODY]
Op school of op werk, rond een uur of 15:00 kak ik altijd ontzettend in. Heeft iedereen hier last van of ben ik in de minderheid? Edit: ik drink geen cafeïne-houdende drankjes Edit2: ja ik heb ADHD

[CURRENT_RECORD]
Om 8 uur 's ochtends al."
"C:\Projects\Web\planner-tdah\research\reddit_data\reddit-nederlands-kakt_iedereen_ook_altijd_rond_1500_in.json","reddit-nederlands-kakt_iedereen_ook_altijd_rond_1500_in","1embj33","t3_1embj33","https://www.reddit.com/r/nederlands/comments/1embj33/kakt_iedereen_ook_altijd_rond_1500_in/","nederlands","r/nederlands","Kakt iedereen ook altijd rond 15:00 in?","Op school of op werk, rond een uur of 15:00 kak ik altijd ontzettend in. Heeft iedereen hier last van of ben ik in de minderheid? Edit: ik drink geen cafeïne-houdende drankjes Edit2: ja ik heb ADHD","","1723036615","2024-08-07T13:16:55+00:00","509","509","0.94","382","a341419102a9ef93","","reddit-nederlands-kakt_iedereen_ook_altijd_rond_1500_in:comment:lgxxn8o","comment","lgxxn8o","t1_lgxxn8o","https://www.reddit.com/r/nederlands/comments/1embj33/kakt_iedereen_ook_altijd_rond_1500_in/lgxxn8o/","/r/nederlands/comments/1embj33/kakt_iedereen_ook_altijd_rond_1500_in/lgxxn8o/","t3_1embj33","post","","lgxxn8o","0","true","lgxxn8o","5148b0199d09c6c6","","","false","false","","1","1","0","0","0","1723040267","2024-08-07T14:17:47+00:00","false","False","","false","false","false","false","Nee meestal naar mijn 1e koffie","Nee meestal naar mijn 1e koffie","31","6","","","","false","false","","","","","0","[THREAD_TITLE]
Kakt iedereen ook altijd rond 15:00 in?

[THREAD_BODY]
Op school of op werk, rond een uur of 15:00 kak ik altijd ontzettend in. Heeft iedereen hier last van of ben ik in de minderheid? Edit: ik drink geen cafeïne-houdende drankjes Edit2: ja ik heb ADHD

[CURRENT_RECORD]
Nee meestal naar mijn 1e koffie"
"C:\Projects\Web\planner-tdah\research\reddit_data\reddit-nederlands-kakt_iedereen_ook_altijd_rond_1500_in.json","reddit-nederlands-kakt_iedereen_ook_altijd_rond_1500_in","1embj33","t3_1embj33","https://www.reddit.com/r/nederlands/comments/1embj33/kakt_iedereen_ook_altijd_rond_1500_in/","nederlands","r/nederlands","Kakt iedereen ook altijd rond 15:00 in?","Op school of op werk, rond een uur of 15:00 kak ik altijd ontzettend in. Heeft iedereen hier last van of ben ik in de minderheid? Edit: ik drink geen cafeïne-houdende drankjes Edit2: ja ik heb ADHD","","1723036615","2024-08-07T13:16:55+00:00","509","509","0.94","382","a341419102a9ef93","","reddit-nederlands-kakt_iedereen_ook_altijd_rond_1500_in:comment:lgxy65h","comment","lgxy65h","t1_lgxy65h","https://www.reddit.com/r/nederlands/comments/1embj33/kakt_iedereen_ook_altijd_rond_1500_in/lgxy65h/","/r/nederlands/comments/1embj33/kakt_iedereen_ook_altijd_rond_1500_in/lgxy65h/","t3_1embj33","post","","lgxy65h","0","true","lgxy65h","a39c1d960e702f25","","","false","false","","1","1","0","0","1","1723040442","2024-08-07T14:20:42+00:00","false","False","","false","false","false","false","Sinds ik van brood als lunch naar crackers met smeerkaas en avocado ben gegaan niet meer","Sinds ik van brood als lunch naar crackers met smeerkaas en avocado ben gegaan niet meer","88","16","","","","false","false","","","","","3","[THREAD_TITLE]
Kakt iedereen ook altijd rond 15:00 in?

[THREAD_BODY]
Op school of op werk, rond een uur of 15:00 kak ik altijd ontzettend in. Heeft iedereen hier last van of ben ik in de minderheid? Edit: ik drink geen cafeïne-houdende drankjes Edit2: ja ik heb ADHD

[CURRENT_RECORD]
Sinds ik van brood als lunch naar crackers met smeerkaas en avocado ben gegaan niet meer"
"C:\Projects\Web\planner-tdah\research\reddit_data\reddit-nederlands-kakt_iedereen_ook_altijd_rond_1500_in.json","reddit-nederlands-kakt_iedereen_ook_altijd_rond_1500_in","1embj33","t3_1embj33","https://www.reddit.com/r/nederlands/comments/1embj33/kakt_iedereen_ook_altijd_rond_1500_in/","nederlands","r/nederlands","Kakt iedereen ook altijd rond 15:00 in?","Op school of op werk, rond een uur of 15:00 kak ik altijd ontzettend in. Heeft iedereen hier last van of ben ik in de minderheid? Edit: ik drink geen cafeïne-houdende drankjes Edit2: ja ik heb ADHD","","1723036615","2024-08-07T13:16:55+00:00","509","509","0.94","382","a341419102a9ef93","","reddit-nederlands-kakt_iedereen_ook_altijd_rond_1500_in:comment:lgxy8yy","comment","lgxy8yy","t1_lgxy8yy","https://www.reddit.com/r/nederlands/comments/1embj33/kakt_iedereen_ook_altijd_rond_1500_in/lgxy8yy/","/r/nederlands/comments/1embj33/kakt_iedereen_ook_altijd_rond_1500_in/lgxy8yy/","t3_1embj33","post","","lgxy8yy","0","true","lgxy8yy","f936330e5b2728bc","","","false","false","","1","1","0","0","0","1723040468","2024-08-07T14:21:08+00:00","false","False","","false","false","false","false","Eet je brood rond 12 of 1?","Eet je brood rond 12 of 1?","26","7","","","","true","false","","","","contains_question","0","[THREAD_TITLE]
Kakt iedereen ook altijd rond 15:00 in?

[THREAD_BODY]
Op school of op werk, rond een uur of 15:00 kak ik altijd ontzettend in. Heeft iedereen hier last van of ben ik in de minderheid? Edit: ik drink geen cafeïne-houdende drankjes Edit2: ja ik heb ADHD

[CURRENT_RECORD]
Eet je brood rond 12 of 1?"
"C:\Projects\Web\planner-tdah\research\reddit_data\reddit-nederlands-kakt_iedereen_ook_altijd_rond_1500_in.json","reddit-nederlands-kakt_iedereen_ook_altijd_rond_1500_in","1embj33","t3_1embj33","https://www.reddit.com/r/nederlands/comments/1embj33/kakt_iedereen_ook_altijd_rond_1500_in/","nederlands","r/nederlands","Kakt iedereen ook altijd rond 15:00 in?","Op school of op werk, rond een uur of 15:00 kak ik altijd ontzettend in. Heeft iedereen hier last van of ben ik in de minderheid? Edit: ik drink geen cafeïne-houdende drankjes Edit2: ja ik heb ADHD","","1723036615","2024-08-07T13:16:55+00:00","509","509","0.94","382","a341419102a9ef93","","reddit-nederlands-kakt_iedereen_ook_altijd_rond_1500_in:comment:lgxyfxc","comment","lgxyfxc","t1_lgxyfxc","https://www.reddit.com/r/nederlands/comments/1embj33/kakt_iedereen_ook_altijd_rond_1500_in/lgxyfxc/","/r/nederlands/comments/1embj33/kakt_iedereen_ook_altijd_rond_1500_in/lgxyfxc/","t3_1embj33","post","","lgxyfxc","0","true","lgxyfxc","3d14ddc2a625fb41","","","false","false","","1","1","0","0","0","1723040532","2024-08-07T14:22:12+00:00","false","False","","false","false","false","false","Kakken is t eerste dat ik doe als ik aankom … duurt wel een half uur ofzo","Kakken is t eerste dat ik doe als ik aankom … duurt wel een half uur ofzo","73","17","","","","false","false","","","","","0","[THREAD_TITLE]
Kakt iedereen ook altijd rond 15:00 in?

[THREAD_BODY]
Op school of op werk, rond een uur of 15:00 kak ik altijd ontzettend in. Heeft iedereen hier last van of ben ik in de minderheid? Edit: ik drink geen cafeïne-houdende drankjes Edit2: ja ik heb ADHD

[CURRENT_RECORD]
Kakken is t eerste dat ik doe als ik aankom … duurt wel een half uur ofzo"
"C:\Projects\Web\planner-tdah\research\reddit_data\reddit-nederlands-kakt_iedereen_ook_altijd_rond_1500_in.json","reddit-nederlands-kakt_iedereen_ook_altijd_rond_1500_in","1embj33","t3_1embj33","https://www.reddit.com/r/nederlands/comments/1embj33/kakt_iedereen_ook_altijd_rond_1500_in/","nederlands","r/nederlands","Kakt iedereen ook altijd rond 15:00 in?","Op school of op werk, rond een uur of 15:00 kak ik altijd ontzettend in. Heeft iedereen hier last van of ben ik in de minderheid? Edit: ik drink geen cafeïne-houdende drankjes Edit2: ja ik heb ADHD","","1723036615","2024-08-07T13:16:55+00:00","509","509","0.94","382","a341419102a9ef93","","reddit-nederlands-kakt_iedereen_ook_altijd_rond_1500_in:comment:lgxyzvv","comment","lgxyzvv","t1_lgxyzvv","https://www.reddit.com/r/nederlands/comments/1embj33/kakt_iedereen_ook_altijd_rond_1500_in/lgxyzvv/","/r/nederlands/comments/1embj33/kakt_iedereen_ook_altijd_rond_1500_in/lgxyzvv/","t3_1embj33","post","","lgxyzvv","0","true","lgxyzvv","","","","false","false","","1","1","0","0","0","1723040712","2024-08-07T14:25:12+00:00","false","False","","false","false","false","false","Nee. Niet zo laat. Meestal rond 9 uur. Zo rond 5 knap ik weer een beetje op.","Nee. Niet zo laat. Meestal rond 9 uur. Zo rond 5 knap ik weer een beetje op.","76","17","","","","false","false","","","","","0","[THREAD_TITLE]
Kakt iedereen ook altijd rond 15:00 in?

[THREAD_BODY]
Op school of op werk, rond een uur of 15:00 kak ik altijd ontzettend in. Heeft iedereen hier last van of ben ik in de minderheid? Edit: ik drink geen cafeïne-houdende drankjes Edit2: ja ik heb ADHD

[CURRENT_RECORD]
Nee. Niet zo laat. Meestal rond 9 uur. Zo rond 5 knap ik weer een beetje op."
"C:\Projects\Web\planner-tdah\research\reddit_data\reddit-nederlands-kakt_iedereen_ook_altijd_rond_1500_in.json","reddit-nederlands-kakt_iedereen_ook_altijd_rond_1500_in","1embj33","t3_1embj33","https://www.reddit.com/r/nederlands/comments/1embj33/kakt_iedereen_ook_altijd_rond_1500_in/","nederlands","r/nederlands","Kakt iedereen ook altijd rond 15:00 in?","Op school of op werk, rond een uur of 15:00 kak ik altijd ontzettend in. Heeft iedereen hier last van of ben ik in de minderheid? Edit: ik drink geen cafeïne-houdende drankjes Edit2: ja ik heb ADHD","","1723036615","2024-08-07T13:16:55+00:00","509","509","0.94","382","a341419102a9ef93","","reddit-nederlands-kakt_iedereen_ook_altijd_rond_1500_in:comment:lgxz0gw","comment","lgxz0gw","t1_lgxz0gw","https://www.reddit.com/r/nederlands/comments/1embj33/kakt_iedereen_ook_altijd_rond_1500_in/lgxz0gw/","/r/nederlands/comments/1embj33/kakt_iedereen_ook_altijd_rond_1500_in/lgxz0gw/","t3_1embj33","post","","lgxz0gw","0","true","lgxz0gw","d27bac2d9c389a1c","","Brabander","false","false","","1","1","0","0","1","1723040717","2024-08-07T14:25:17+00:00","false","False","","false","false","false","false","16:00? Cup a Soup! Nee, nee dat werkt echt niet. 08:30? Koffie! 09:30? Koffie! 10:30? Koffie! 11:30? Koffie! en dat hou je vol tot 14:30. (of langer, maar dan slaap ik de hele nacht niet meer)","16:00? Cup a Soup! Nee, nee dat werkt echt niet. 08:30? Koffie! 09:30? Koffie! 10:30? Koffie! 11:30? Koffie! en dat hou je vol tot 14:30. (of langer, maar dan slaap ik de hele nacht niet meer)","192","36","","","","true","false","","","","contains_question","13","[THREAD_TITLE]
Kakt iedereen ook altijd rond 15:00 in?

[THREAD_BODY]
Op school of op werk, rond een uur of 15:00 kak ik altijd ontzettend in. Heeft iedereen hier last van of ben ik in de minderheid? Edit: ik drink geen cafeïne-houdende drankjes Edit2: ja ik heb ADHD

[CURRENT_RECORD]
16:00? Cup a Soup! Nee, nee dat werkt echt niet. 08:30? Koffie! 09:30? Koffie! 10:30? Koffie! 11:30? Koffie! en dat hou je vol tot 14:30. (of langer, maar dan slaap ik de hele nacht niet meer)"
"C:\Projects\Web\planner-tdah\research\reddit_data\reddit-nederlands-kakt_iedereen_ook_altijd_rond_1500_in.json","reddit-nederlands-kakt_iedereen_ook_altijd_rond_1500_in","1embj33","t3_1embj33","https://www.reddit.com/r/nederlands/comments/1embj33/kakt_iedereen_ook_altijd_rond_1500_in/","nederlands","r/nederlands","Kakt iedereen ook altijd rond 15:00 in?","Op school of op werk, rond een uur of 15:00 kak ik altijd ontzettend in. Heeft iedereen hier last van of ben ik in de minderheid? Edit: ik drink geen cafeïne-houdende drankjes Edit2: ja ik heb ADHD","","1723036615","2024-08-07T13:16:55+00:00","509","509","0.94","382","a341419102a9ef93","","reddit-nederlands-kakt_iedereen_ook_altijd_rond_1500_in:comment:lgxzyev","comment","lgxzyev","t1_lgxzyev","https://www.reddit.com/r/nederlands/comments/1embj33/kakt_iedereen_ook_altijd_rond_1500_in/lgxzyev/","/r/nederlands/comments/1embj33/kakt_iedereen_ook_altijd_rond_1500_in/lgxzyev/","t3_1embj33","post","","lgxzyev","0","true","lgxzyev","","","","false","false","","1","1","0","0","0","1723041026","2024-08-07T14:30:26+00:00","false","False","","false","false","false","false","Drink je koffie? Zo ja, stop daar maar eens mee. Kans is groot dat het dan over gaat","Drink je koffie? Zo ja, stop daar maar eens mee. Kans is groot dat het dan over gaat","84","18","","","","true","false","","","","contains_question","0","[THREAD_TITLE]
Kakt iedereen ook altijd rond 15:00 in?

[THREAD_BODY]
Op school of op werk, rond een uur of 15:00 kak ik altijd ontzettend in. Heeft iedereen hier last van of ben ik in de minderheid? Edit: ik drink geen cafeïne-houdende drankjes Edit2: ja ik heb ADHD

[CURRENT_RECORD]
Drink je koffie? Zo ja, stop daar maar eens mee. Kans is groot dat het dan over gaat"
"C:\Projects\Web\planner-tdah\research\reddit_data\reddit-nederlands-kakt_iedereen_ook_altijd_rond_1500_in.json","reddit-nederlands-kakt_iedereen_ook_altijd_rond_1500_in","1embj33","t3_1embj33","https://www.reddit.com/r/nederlands/comments/1embj33/kakt_iedereen_ook_altijd_rond_1500_in/","nederlands","r/nederlands","Kakt iedereen ook altijd rond 15:00 in?","Op school of op werk, rond een uur of 15:00 kak ik altijd ontzettend in. Heeft iedereen hier last van of ben ik in de minderheid? Edit: ik drink geen cafeïne-houdende drankjes Edit2: ja ik heb ADHD","","1723036615","2024-08-07T13:16:55+00:00","509","509","0.94","382","a341419102a9ef93","","reddit-nederlands-kakt_iedereen_ook_altijd_rond_1500_in:comment:lgy1vzl","comment","lgy1vzl","t1_lgy1vzl","https://www.reddit.com/r/nederlands/comments/1embj33/kakt_iedereen_ook_altijd_rond_1500_in/lgy1vzl/","/r/nederlands/comments/1embj33/kakt_iedereen_ook_altijd_rond_1500_in/lgy1vzl/","t3_1embj33","post","","lgy1vzl","0","true","lgy1vzl","02bd5e8d16e5b94b","","","false","false","","1","1","0","0","0","1723041659","2024-08-07T14:40:59+00:00","false","False","","false","false","false","false","Ja, ik heb dat ook. Soms iets later, rond 16.00, maar wel elke werkdag zo ongeveer. Heel irritant. Heb ook geprobeerd vroeger te beginnen, maar ik ben zelfstandig ondernemer, dus ik doe een dutje of bouw een uurtje gamen in :p","Ja, ik heb dat ook. Soms iets later, rond 16.00, maar wel elke werkdag zo ongeveer. Heel irritant. Heb ook geprobeerd vroeger te beginnen, maar ik ben zelfstandig ondernemer, dus ik doe een dutje of bouw een uurtje gamen in :p","226","41","","","","false","false","","","","","10","[THREAD_TITLE]
Kakt iedereen ook altijd rond 15:00 in?

[THREAD_BODY]
Op school of op werk, rond een uur of 15:00 kak ik altijd ontzettend in. Heeft iedereen hier last van of ben ik in de minderheid? Edit: ik drink geen cafeïne-houdende drankjes Edit2: ja ik heb ADHD

[CURRENT_RECORD]
Ja, ik heb dat ook. Soms iets later, rond 16.00, maar wel elke werkdag zo ongeveer. Heel irritant. Heb ook geprobeerd vroeger te beginnen, maar ik ben zelfstandig ondernemer, dus ik doe een dutje of bouw een uurtje gamen in :p"
"C:\Projects\Web\planner-tdah\research\reddit_data\reddit-nederlands-kakt_iedereen_ook_altijd_rond_1500_in.json","reddit-nederlands-kakt_iedereen_ook_altijd_rond_1500_in","1embj33","t3_1embj33","https://www.reddit.com/r/nederlands/comments/1embj33/kakt_iedereen_ook_altijd_rond_1500_in/","nederlands","r/nederlands","Kakt iedereen ook altijd rond 15:00 in?","Op school of op werk, rond een uur of 15:00 kak ik altijd ontzettend in. Heeft iedereen hier last van of ben ik in de minderheid? Edit: ik drink geen cafeïne-houdende drankjes Edit2: ja ik heb ADHD","","1723036615","2024-08-07T13:16:55+00:00","509","509","0.94","382","a341419102a9ef93","","reddit-nederlands-kakt_iedereen_ook_altijd_rond_1500_in:comment:lgy26h3","comment","lgy26h3","t1_lgy26h3","https://www.reddit.com/r/nederlands/comments/1embj33/kakt_iedereen_ook_altijd_rond_1500_in/lgy26h3/","/r/nederlands/comments/1embj33/kakt_iedereen_ook_altijd_rond_1500_in/lgy26h3/","t3_1embj33","post","","lgy26h3","0","true","lgy26h3","","","","false","false","","1","1","0","0","0","1723041753","2024-08-07T14:42:33+00:00","false","False","","false","false","false","false","Heeft met het verteren van je lunch te maken. Universiteit van Nederland of NPO Alledaagse Vragen had er een podcastaflevering over","Heeft met het verteren van je lunch te maken. Universiteit van Nederland of NPO Alledaagse Vragen had er een podcastaflevering over","131","21","","","","false","false","","","","","10","[THREAD_TITLE]
Kakt iedereen ook altijd rond 15:00 in?

[THREAD_BODY]
Op school of op werk, rond een uur of 15:00 kak ik altijd ontzettend in. Heeft iedereen hier last van of ben ik in de minderheid? Edit: ik drink geen cafeïne-houdende drankjes Edit2: ja ik heb ADHD

[CURRENT_RECORD]
Heeft met het verteren van je lunch te maken. Universiteit van Nederland of NPO Alledaagse Vragen had er een podcastaflevering over"
"C:\Projects\Web\planner-tdah\research\reddit_data\reddit-nederlands-kakt_iedereen_ook_altijd_rond_1500_in.json","reddit-nederlands-kakt_iedereen_ook_altijd_rond_1500_in","1embj33","t3_1embj33","https://www.reddit.com/r/nederlands/comments/1embj33/kakt_iedereen_ook_altijd_rond_1500_in/","nederlands","r/nederlands","Kakt iedereen ook altijd rond 15:00 in?","Op school of op werk, rond een uur of 15:00 kak ik altijd ontzettend in. Heeft iedereen hier last van of ben ik in de minderheid? Edit: ik drink geen cafeïne-houdende drankjes Edit2: ja ik heb ADHD","","1723036615","2024-08-07T13:16:55+00:00","509","509","0.94","382","a341419102a9ef93","","reddit-nederlands-kakt_iedereen_ook_altijd_rond_1500_in:comment:lgy2qwe","comment","lgy2qwe","t1_lgy2qwe","https://www.reddit.com/r/nederlands/comments/1embj33/kakt_iedereen_ook_altijd_rond_1500_in/lgy2qwe/","/r/nederlands/comments/1embj33/kakt_iedereen_ook_altijd_rond_1500_in/lgy2qwe/","t3_1embj33","post","","lgy2qwe","0","true","lgy2qwe","","","","false","false","","1","1","0","0","0","1723041935","2024-08-07T14:45:35+00:00","false","False","","false","false","false","false","Blijkbaar wel, ben ingekakt en dacht dat je het had over telkens naar de wc gaan om 3 uur…","Blijkbaar wel, ben ingekakt en dacht dat je het had over telkens naar de wc gaan om 3 uur…","90","19","","","","false","false","","","","","0","[THREAD_TITLE]
Kakt iedereen ook altijd rond 15:00 in?

[THREAD_BODY]
Op school of op werk, rond een uur of 15:00 kak ik altijd ontzettend in. Heeft iedereen hier last van of ben ik in de minderheid? Edit: ik drink geen cafeïne-houdende drankjes Edit2: ja ik heb ADHD

[CURRENT_RECORD]
Blijkbaar wel, ben ingekakt en dacht dat je het had over telkens naar de wc gaan om 3 uur…"
"C:\Projects\Web\planner-tdah\research\reddit_data\reddit-nederlands-kakt_iedereen_ook_altijd_rond_1500_in.json","reddit-nederlands-kakt_iedereen_ook_altijd_rond_1500_in","1embj33","t3_1embj33","https://www.reddit.com/r/nederlands/comments/1embj33/kakt_iedereen_ook_altijd_rond_1500_in/","nederlands","r/nederlands","Kakt iedereen ook altijd rond 15:00 in?","Op school of op werk, rond een uur of 15:00 kak ik altijd ontzettend in. Heeft iedereen hier last van of ben ik in de minderheid? Edit: ik drink geen cafeïne-houdende drankjes Edit2: ja ik heb ADHD","","1723036615","2024-08-07T13:16:55+00:00","509","509","0.94","382","a341419102a9ef93","","reddit-nederlands-kakt_iedereen_ook_altijd_rond_1500_in:comment:lgy33ka","comment","lgy33ka","t1_lgy33ka","https://www.reddit.com/r/nederlands/comments/1embj33/kakt_iedereen_ook_altijd_rond_1500_in/lgy33ka/","/r/nederlands/comments/1embj33/kakt_iedereen_ook_altijd_rond_1500_in/lgy33ka/","t3_1embj33","post","","lgy33ka","0","true","lgy33ka","1db4b9be5590bfe9","","","false","false","","1","1","0","0","0","1723042046","2024-08-07T14:47:26+00:00","false","False","","false","false","false","false","Ik zei letterlijk net tegen mijn collega: ""Om 1500 gaat mijn brein altijd al uit, het is niet alsof je nu een zinnig antwoord van me kan krijgen "" Leuk , toevallig deze post.","Ik zei letterlijk net tegen mijn collega: ""Om 1500 gaat mijn brein altijd al uit, het is niet alsof je nu een zinnig antwoord van me kan krijgen "" Leuk , toevallig deze post.","174","34","","","","false","false","","","","","10","[THREAD_TITLE]
Kakt iedereen ook altijd rond 15:00 in?

[THREAD_BODY]
Op school of op werk, rond een uur of 15:00 kak ik altijd ontzettend in. Heeft iedereen hier last van of ben ik in de minderheid? Edit: ik drink geen cafeïne-houdende drankjes Edit2: ja ik heb ADHD

[CURRENT_RECORD]
Ik zei letterlijk net tegen mijn collega: ""Om 1500 gaat mijn brein altijd al uit, het is niet alsof je nu een zinnig antwoord van me kan krijgen "" Leuk , toevallig deze post."
"C:\Projects\Web\planner-tdah\research\reddit_data\reddit-nederlands-kakt_iedereen_ook_altijd_rond_1500_in.json","reddit-nederlands-kakt_iedereen_ook_altijd_rond_1500_in","1embj33","t3_1embj33","https://www.reddit.com/r/nederlands/comments/1embj33/kakt_iedereen_ook_altijd_rond_1500_in/","nederlands","r/nederlands","Kakt iedereen ook altijd rond 15:00 in?","Op school of op werk, rond een uur of 15:00 kak ik altijd ontzettend in. Heeft iedereen hier last van of ben ik in de minderheid? Edit: ik drink geen cafeïne-houdende drankjes Edit2: ja ik heb ADHD","","1723036615","2024-08-07T13:16:55+00:00","509","509","0.94","382","a341419102a9ef93","","reddit-nederlands-kakt_iedereen_ook_altijd_rond_1500_in:comment:lgy3c47","comment","lgy3c47","t1_lgy3c47","https://www.reddit.com/r/nederlands/comments/1embj33/kakt_iedereen_ook_altijd_rond_1500_in/lgy3c47/","/r/nederlands/comments/1embj33/kakt_iedereen_ook_altijd_rond_1500_in/lgy3c47/","t3_1embj33","post","","lgy3c47","0","true","lgy3c47","07ffa78324375d1f","","","false","false","","1","1","0","0","0","1723042122","2024-08-07T14:48:42+00:00","false","False","","false","false","false","false","Klopt, deze tijd benut ik graag om even voor de files naar huis te rijden. Dan kan mijn hoofd even uit en kan ik thuis nog even door. Met thuiswerken doe ik regelmatig tussendoor even iets huishoudelijks of ik zet vast wat op het vuur als ik uitgebreider kook.","Klopt, deze tijd benut ik graag om even voor de files naar huis te rijden. Dan kan mijn hoofd even uit en kan ik thuis nog even door. Met thuiswerken doe ik regelmatig tussendoor even iets huishoudelijks of ik zet vast wat op het vuur als ik uitgebreider kook.","260","49","","","","false","false","","","","","10","[THREAD_TITLE]
Kakt iedereen ook altijd rond 15:00 in?

[THREAD_BODY]
Op school of op werk, rond een uur of 15:00 kak ik altijd ontzettend in. Heeft iedereen hier last van of ben ik in de minderheid? Edit: ik drink geen cafeïne-houdende drankjes Edit2: ja ik heb ADHD

[CURRENT_RECORD]
Klopt, deze tijd benut ik graag om even voor de files naar huis te rijden. Dan kan mijn hoofd even uit en kan ik thuis nog even door. Met thuiswerken doe ik regelmatig tussendoor even iets huishoudelijks of ik zet vast wat op het vuur als ik uitgebreider kook."
"C:\Projects\Web\planner-tdah\research\reddit_data\reddit-nederlands-kakt_iedereen_ook_altijd_rond_1500_in.json","reddit-nederlands-kakt_iedereen_ook_altijd_rond_1500_in","1embj33","t3_1embj33","https://www.reddit.com/r/nederlands/comments/1embj33/kakt_iedereen_ook_altijd_rond_1500_in/","nederlands","r/nederlands","Kakt iedereen ook altijd rond 15:00 in?","Op school of op werk, rond een uur of 15:00 kak ik altijd ontzettend in. Heeft iedereen hier last van of ben ik in de minderheid? Edit: ik drink geen cafeïne-houdende drankjes Edit2: ja ik heb ADHD","","1723036615","2024-08-07T13:16:55+00:00","509","509","0.94","382","a341419102a9ef93","","reddit-nederlands-kakt_iedereen_ook_altijd_rond_1500_in:comment:lgy3i0h","comment","lgy3i0h","t1_lgy3i0h","https://www.reddit.com/r/nederlands/comments/1embj33/kakt_iedereen_ook_altijd_rond_1500_in/lgy3i0h/","/r/nederlands/comments/1embj33/kakt_iedereen_ook_altijd_rond_1500_in/lgy3i0h/","t3_1embj33","post","","lgy3i0h","0","true","lgy3i0h","74346d57f3779146","","","false","false","","1","1","0","0","0","1723042174","2024-08-07T14:49:34+00:00","false","False","","false","false","false","false","Herkenbaar. Ik zit er over na te denken om de dagen op kantoor eerder naar huis te gaan om vervolgens thuis nog een paar uurtjes iets te doen.","Herkenbaar. Ik zit er over na te denken om de dagen op kantoor eerder naar huis te gaan om vervolgens thuis nog een paar uurtjes iets te doen.","142","28","","","","false","false","","","","","10","[THREAD_TITLE]
Kakt iedereen ook altijd rond 15:00 in?

[THREAD_BODY]
Op school of op werk, rond een uur of 15:00 kak ik altijd ontzettend in. Heeft iedereen hier last van of ben ik in de minderheid? Edit: ik drink geen cafeïne-houdende drankjes Edit2: ja ik heb ADHD

[CURRENT_RECORD]
Herkenbaar. Ik zit er over na te denken om de dagen op kantoor eerder naar huis te gaan om vervolgens thuis nog een paar uurtjes iets te doen."
"C:\Projects\Web\planner-tdah\research\reddit_data\reddit-nederlands-kakt_iedereen_ook_altijd_rond_1500_in.json","reddit-nederlands-kakt_iedereen_ook_altijd_rond_1500_in","1embj33","t3_1embj33","https://www.reddit.com/r/nederlands/comments/1embj33/kakt_iedereen_ook_altijd_rond_1500_in/","nederlands","r/nederlands","Kakt iedereen ook altijd rond 15:00 in?","Op school of op werk, rond een uur of 15:00 kak ik altijd ontzettend in. Heeft iedereen hier last van of ben ik in de minderheid? Edit: ik drink geen cafeïne-houdende drankjes Edit2: ja ik heb ADHD","","1723036615","2024-08-07T13:16:55+00:00","509","509","0.94","382","a341419102a9ef93","","reddit-nederlands-kakt_iedereen_ook_altijd_rond_1500_in:comment:lgy3iyu","comment","lgy3iyu","t1_lgy3iyu","https://www.reddit.com/r/nederlands/comments/1embj33/kakt_iedereen_ook_altijd_rond_1500_in/lgy3iyu/","/r/nederlands/comments/1embj33/kakt_iedereen_ook_altijd_rond_1500_in/lgy3iyu/","t3_1embj33","post","","lgy3iyu","0","true","lgy3iyu","784028704fc39e36","","","false","false","","1","1","0","0","0","1723042182","2024-08-07T14:49:42+00:00","false","False","","false","false","false","false","Ik kak altijd in als ik wacht op de 117 die nooit schijnt te rijden...","Ik kak altijd in als ik wacht op de 117 die nooit schijnt te rijden...","70","15","","","","false","false","","","","","0","[THREAD_TITLE]
Kakt iedereen ook altijd rond 15:00 in?

[THREAD_BODY]
Op school of op werk, rond een uur of 15:00 kak ik altijd ontzettend in. Heeft iedereen hier last van of ben ik in de minderheid? Edit: ik drink geen cafeïne-houdende drankjes Edit2: ja ik heb ADHD

[CURRENT_RECORD]
Ik kak altijd in als ik wacht op de 117 die nooit schijnt te rijden..."
"C:\Projects\Web\planner-tdah\research\reddit_data\reddit-nederlands-kakt_iedereen_ook_altijd_rond_1500_in.json","reddit-nederlands-kakt_iedereen_ook_altijd_rond_1500_in","1embj33","t3_1embj33","https://www.reddit.com/r/nederlands/comments/1embj33/kakt_iedereen_ook_altijd_rond_1500_in/","nederlands","r/nederlands","Kakt iedereen ook altijd rond 15:00 in?","Op school of op werk, rond een uur of 15:00 kak ik altijd ontzettend in. Heeft iedereen hier last van of ben ik in de minderheid? Edit: ik drink geen cafeïne-houdende drankjes Edit2: ja ik heb ADHD","","1723036615","2024-08-07T13:16:55+00:00","509","509","0.94","382","a341419102a9ef93","","reddit-nederlands-kakt_iedereen_ook_altijd_rond_1500_in:comment:lgy3u9j","comment","lgy3u9j","t1_lgy3u9j","https://www.reddit.com/r/nederlands/comments/1embj33/kakt_iedereen_ook_altijd_rond_1500_in/lgy3u9j/","/r/nederlands/comments/1embj33/kakt_iedereen_ook_altijd_rond_1500_in/lgy3u9j/","t3_1embj33","post","","lgy3u9j","0","true","lgy3u9j","","","","false","false","","1","1","0","0","0","1723042283","2024-08-07T14:51:23+00:00","false","False","","false","false","false","false","Is ook heel normaal. Je hebt een energiecyclus die inderdaad ergens in de middag een dip krijgt. Een aantal factoren die die dip sterker of minder maakt zijn: hoeveelheid daglicht die je hebt, beweging, en de manier waarop je werkt. Als je in die drie aspecten even nagaat of je daar doet wat je het best zou kunnen doen, kan je het een en ander al verbeteren.","Is ook heel normaal. Je hebt een energiecyclus die inderdaad ergens in de middag een dip krijgt. Een aantal factoren die die dip sterker of minder maakt zijn: hoeveelheid daglicht die je hebt, beweging, en de manier waarop je werkt. Als je in die drie aspecten even nagaat of je…","360","67","","","","false","false","","","","","10","[THREAD_TITLE]
Kakt iedereen ook altijd rond 15:00 in?

[THREAD_BODY]
Op school of op werk, rond een uur of 15:00 kak ik altijd ontzettend in. Heeft iedereen hier last van of ben ik in de minderheid? Edit: ik drink geen cafeïne-houdende drankjes Edit2: ja ik heb ADHD

[CURRENT_RECORD]
Is ook heel normaal. Je hebt een energiecyclus die inderdaad ergens in de middag een dip krijgt. Een aantal factoren die die dip sterker of minder maakt zijn: hoeveelheid daglicht die je hebt, beweging, en de manier waarop je werkt. Als je in die drie aspecten even nagaat of je daar doet wat je het best zou kunnen doen, kan je het een en ander al verbeteren."
"C:\Projects\Web\planner-tdah\research\reddit_data\reddit-nederlands-kakt_iedereen_ook_altijd_rond_1500_in.json","reddit-nederlands-kakt_iedereen_ook_altijd_rond_1500_in","1embj33","t3_1embj33","https://www.reddit.com/r/nederlands/comments/1embj33/kakt_iedereen_ook_altijd_rond_1500_in/","nederlands","r/nederlands","Kakt iedereen ook altijd rond 15:00 in?","Op school of op werk, rond een uur of 15:00 kak ik altijd ontzettend in. Heeft iedereen hier last van of ben ik in de minderheid? Edit: ik drink geen cafeïne-houdende drankjes Edit2: ja ik heb ADHD","","1723036615","2024-08-07T13:16:55+00:00","509","509","0.94","382","a341419102a9ef93","","reddit-nederlands-kakt_iedereen_ook_altijd_rond_1500_in:comment:lgy4giq","comment","lgy4giq","t1_lgy4giq","https://www.reddit.com/r/nederlands/comments/1embj33/kakt_iedereen_ook_altijd_rond_1500_in/lgy4giq/","/r/nederlands/comments/1embj33/kakt_iedereen_ook_altijd_rond_1500_in/lgy4giq/","t3_1embj33","post","","lgy4giq","0","true","lgy4giq","d7bb040048b9d480","","","false","false","","1","1","0","0","1","1723042481","2024-08-07T14:54:41+00:00","false","False","","false","false","false","false","Nee, ik werk altijd de volle 8 uur (minimaal 8) en ik ga er altijd 100% voor.","Nee, ik werk altijd de volle 8 uur (minimaal 8) en ik ga er altijd 100% voor.","77","17","","","","false","false","","","","","3","[THREAD_TITLE]
Kakt iedereen ook altijd rond 15:00 in?

[THREAD_BODY]
Op school of op werk, rond een uur of 15:00 kak ik altijd ontzettend in. Heeft iedereen hier last van of ben ik in de minderheid? Edit: ik drink geen cafeïne-houdende drankjes Edit2: ja ik heb ADHD

[CURRENT_RECORD]
Nee, ik werk altijd de volle 8 uur (minimaal 8) en ik ga er altijd 100% voor."
"C:\Projects\Web\planner-tdah\research\reddit_data\reddit-nederlands-kakt_iedereen_ook_altijd_rond_1500_in.json","reddit-nederlands-kakt_iedereen_ook_altijd_rond_1500_in","1embj33","t3_1embj33","https://www.reddit.com/r/nederlands/comments/1embj33/kakt_iedereen_ook_altijd_rond_1500_in/","nederlands","r/nederlands","Kakt iedereen ook altijd rond 15:00 in?","Op school of op werk, rond een uur of 15:00 kak ik altijd ontzettend in. Heeft iedereen hier last van of ben ik in de minderheid? Edit: ik drink geen cafeïne-houdende drankjes Edit2: ja ik heb ADHD","","1723036615","2024-08-07T13:16:55+00:00","509","509","0.94","382","a341419102a9ef93","","reddit-nederlands-kakt_iedereen_ook_altijd_rond_1500_in:comment:lgy4io2","comment","lgy4io2","t1_lgy4io2","https://www.reddit.com/r/nederlands/comments/1embj33/kakt_iedereen_ook_altijd_rond_1500_in/lgy4io2/","/r/nederlands/comments/1embj33/kakt_iedereen_ook_altijd_rond_1500_in/lgy4io2/","t3_1embj33","post","","lgy4io2","0","true","lgy4io2","3ec70231e7bf54ee","","","false","false","","1","1","0","0","0","1723042500","2024-08-07T14:55:00+00:00","false","False","","false","false","false","false","Daarom rond die tijd verplichte vergaderingen met een bakkie pleur inplannen. Kan je even in vrede wegsukkelen en af en toe 'inderdaad ja' mompelen.","Daarom rond die tijd verplichte vergaderingen met een bakkie pleur inplannen. Kan je even in vrede wegsukkelen en af en toe 'inderdaad ja' mompelen.","148","24","","","","false","false","plan","","","mentions_planner_or_system","14","[THREAD_TITLE]
Kakt iedereen ook altijd rond 15:00 in?

[THREAD_BODY]
Op school of op werk, rond een uur of 15:00 kak ik altijd ontzettend in. Heeft iedereen hier last van of ben ik in de minderheid? Edit: ik drink geen cafeïne-houdende drankjes Edit2: ja ik heb ADHD

[CURRENT_RECORD]
Daarom rond die tijd verplichte vergaderingen met een bakkie pleur inplannen. Kan je even in vrede wegsukkelen en af en toe 'inderdaad ja' mompelen."
"C:\Projects\Web\planner-tdah\research\reddit_data\reddit-nederlands-kakt_iedereen_ook_altijd_rond_1500_in.json","reddit-nederlands-kakt_iedereen_ook_altijd_rond_1500_in","1embj33","t3_1embj33","https://www.reddit.com/r/nederlands/comments/1embj33/kakt_iedereen_ook_altijd_rond_1500_in/","nederlands","r/nederlands","Kakt iedereen ook altijd rond 15:00 in?","Op school of op werk, rond een uur of 15:00 kak ik altijd ontzettend in. Heeft iedereen hier last van of ben ik in de minderheid? Edit: ik drink geen cafeïne-houdende drankjes Edit2: ja ik heb ADHD","","1723036615","2024-08-07T13:16:55+00:00","509","509","0.94","382","a341419102a9ef93","","reddit-nederlands-kakt_iedereen_ook_altijd_rond_1500_in:comment:lgy4s53","comment","lgy4s53","t1_lgy4s53","https://www.reddit.com/r/nederlands/comments/1embj33/kakt_iedereen_ook_altijd_rond_1500_in/lgy4s53/","/r/nederlands/comments/1embj33/kakt_iedereen_ook_altijd_rond_1500_in/lgy4s53/","t3_1embj33","post","","lgy4s53","0","true","lgy4s53","e9687e2316cd534b","","","false","false","","1","1","0","0","0","1723042584","2024-08-07T14:56:24+00:00","false","False","","false","false","false","false","Rond die tijd staat de zon het hoogste, niet slim om dan te jagen","Rond die tijd staat de zon het hoogste, niet slim om dan te jagen","65","14","","","","false","false","","","","","0","[THREAD_TITLE]
Kakt iedereen ook altijd rond 15:00 in?

[THREAD_BODY]
Op school of op werk, rond een uur of 15:00 kak ik altijd ontzettend in. Heeft iedereen hier last van of ben ik in de minderheid? Edit: ik drink geen cafeïne-houdende drankjes Edit2: ja ik heb ADHD

[CURRENT_RECORD]
Rond die tijd staat de zon het hoogste, niet slim om dan te jagen"
"C:\Projects\Web\planner-tdah\research\reddit_data\reddit-nederlands-kakt_iedereen_ook_altijd_rond_1500_in.json","reddit-nederlands-kakt_iedereen_ook_altijd_rond_1500_in","1embj33","t3_1embj33","https://www.reddit.com/r/nederlands/comments/1embj33/kakt_iedereen_ook_altijd_rond_1500_in/","nederlands","r/nederlands","Kakt iedereen ook altijd rond 15:00 in?","Op school of op werk, rond een uur of 15:00 kak ik altijd ontzettend in. Heeft iedereen hier last van of ben ik in de minderheid? Edit: ik drink geen cafeïne-houdende drankjes Edit2: ja ik heb ADHD","","1723036615","2024-08-07T13:16:55+00:00","509","509","0.94","382","a341419102a9ef93","","reddit-nederlands-kakt_iedereen_ook_altijd_rond_1500_in:comment:lgy58k4","comment","lgy58k4","t1_lgy58k4","https://www.reddit.com/r/nederlands/comments/1embj33/kakt_iedereen_ook_altijd_rond_1500_in/lgy58k4/","/r/nederlands/comments/1embj33/kakt_iedereen_ook_altijd_rond_1500_in/lgy58k4/","t3_1embj33","post","","lgy58k4","0","true","lgy58k4","59ec6b12965aa30c","","","false","false","","1","1","0","0","0","1723042729","2024-08-07T14:58:49+00:00","false","False","","false","false","false","false","Ik zit zelden de hele dag achter een bureau maar wij hebben buiten de lunchpauze nog 2 extra koffie/eet momenten. (9:30-9:45, 12:00-12:30 en 14:30-14:45) FF weg van het werk en met z'n allen de kantine in, zelf gooi ik vaak nog wat fruit of kwark naar binnen en dan red ik het wel tot 16:30.","Ik zit zelden de hele dag achter een bureau maar wij hebben buiten de lunchpauze nog 2 extra koffie/eet momenten. (9:30-9:45, 12:00-12:30 en 14:30-14:45) FF weg van het werk en met z'n allen de kantine in, zelf gooi ik vaak nog wat fruit of kwark naar binnen en dan red ik het we…","291","55","","","","false","false","","","","","10","[THREAD_TITLE]
Kakt iedereen ook altijd rond 15:00 in?

[THREAD_BODY]
Op school of op werk, rond een uur of 15:00 kak ik altijd ontzettend in. Heeft iedereen hier last van of ben ik in de minderheid? Edit: ik drink geen cafeïne-houdende drankjes Edit2: ja ik heb ADHD

[CURRENT_RECORD]
Ik zit zelden de hele dag achter een bureau maar wij hebben buiten de lunchpauze nog 2 extra koffie/eet momenten. (9:30-9:45, 12:00-12:30 en 14:30-14:45) FF weg van het werk en met z'n allen de kantine in, zelf gooi ik vaak nog wat fruit of kwark naar binnen en dan red ik het wel tot 16:30."
"C:\Projects\Web\planner-tdah\research\reddit_data\reddit-nederlands-kakt_iedereen_ook_altijd_rond_1500_in.json","reddit-nederlands-kakt_iedereen_ook_altijd_rond_1500_in","1embj33","t3_1embj33","https://www.reddit.com/r/nederlands/comments/1embj33/kakt_iedereen_ook_altijd_rond_1500_in/","nederlands","r/nederlands","Kakt iedereen ook altijd rond 15:00 in?","Op school of op werk, rond een uur of 15:00 kak ik altijd ontzettend in. Heeft iedereen hier last van of ben ik in de minderheid? Edit: ik drink geen cafeïne-houdende drankjes Edit2: ja ik heb ADHD","","1723036615","2024-08-07T13:16:55+00:00","509","509","0.94","382","a341419102a9ef93","","reddit-nederlands-kakt_iedereen_ook_altijd_rond_1500_in:comment:lgy6yqe","comment","lgy6yqe","t1_lgy6yqe","https://www.reddit.com/r/nederlands/comments/1embj33/kakt_iedereen_ook_altijd_rond_1500_in/lgy6yqe/","/r/nederlands/comments/1embj33/kakt_iedereen_ook_altijd_rond_1500_in/lgy6yqe/","t3_1embj33","post","","lgy6yqe","0","true","lgy6yqe","7975a6f62f64b4d7","","","false","false","","1","1","0","0","0","1723043276","2024-08-07T15:07:56+00:00","false","False","","false","false","false","false","Ik heb er verder 0 verstand van, maar als ik al die fitfluencers mag geloven heeft het met je voedingspatroon te maken, en is er dus iets aan te doen","Ik heb er verder 0 verstand van, maar als ik al die fitfluencers mag geloven heeft het met je voedingspatroon te maken, en is er dus iets aan te doen","149","30","","","","false","true","","","","mentions_working_solution_or_recommendation","18","[THREAD_TITLE]
Kakt iedereen ook altijd rond 15:00 in?

[THREAD_BODY]
Op school of op werk, rond een uur of 15:00 kak ik altijd ontzettend in. Heeft iedereen hier last van of ben ik in de minderheid? Edit: ik drink geen cafeïne-houdende drankjes Edit2: ja ik heb ADHD

[CURRENT_RECORD]
Ik heb er verder 0 verstand van, maar als ik al die fitfluencers mag geloven heeft het met je voedingspatroon te maken, en is er dus iets aan te doen"
"C:\Projects\Web\planner-tdah\research\reddit_data\reddit-nederlands-kakt_iedereen_ook_altijd_rond_1500_in.json","reddit-nederlands-kakt_iedereen_ook_altijd_rond_1500_in","1embj33","t3_1embj33","https://www.reddit.com/r/nederlands/comments/1embj33/kakt_iedereen_ook_altijd_rond_1500_in/","nederlands","r/nederlands","Kakt iedereen ook altijd rond 15:00 in?","Op school of op werk, rond een uur of 15:00 kak ik altijd ontzettend in. Heeft iedereen hier last van of ben ik in de minderheid? Edit: ik drink geen cafeïne-houdende drankjes Edit2: ja ik heb ADHD","","1723036615","2024-08-07T13:16:55+00:00","509","509","0.94","382","a341419102a9ef93","","reddit-nederlands-kakt_iedereen_ook_altijd_rond_1500_in:comment:lgy7ali","comment","lgy7ali","t1_lgy7ali","https://www.reddit.com/r/nederlands/comments/1embj33/kakt_iedereen_ook_altijd_rond_1500_in/lgy7ali/","/r/nederlands/comments/1embj33/kakt_iedereen_ook_altijd_rond_1500_in/lgy7ali/","t3_1embj33","post","","lgy7ali","0","true","lgy7ali","40bb3610946fb1da","","","false","false","","1","1","0","0","0","1723043381","2024-08-07T15:09:41+00:00","false","False","","false","false","false","false","Ik had dit altijd totdat: Ik mijn koffie pas 1.5 uur na opstaan ging drinken. Dit geeft ons hoofd de tijd om de ‘moe-maak’ stofjes in ons hoofd op te ruimen voordat caffeine de receptor blokkeert.","Ik had dit altijd totdat: Ik mijn koffie pas 1.5 uur na opstaan ging drinken. Dit geeft ons hoofd de tijd om de ‘moe-maak’ stofjes in ons hoofd op te ruimen voordat caffeine de receptor blokkeert.","196","36","","","","false","false","","","","","10","[THREAD_TITLE]
Kakt iedereen ook altijd rond 15:00 in?

[THREAD_BODY]
Op school of op werk, rond een uur of 15:00 kak ik altijd ontzettend in. Heeft iedereen hier last van of ben ik in de minderheid? Edit: ik drink geen cafeïne-houdende drankjes Edit2: ja ik heb ADHD

[CURRENT_RECORD]
Ik had dit altijd totdat: Ik mijn koffie pas 1.5 uur na opstaan ging drinken. Dit geeft ons hoofd de tijd om de ‘moe-maak’ stofjes in ons hoofd op te ruimen voordat caffeine de receptor blokkeert."
"C:\Projects\Web\planner-tdah\research\reddit_data\reddit-nederlands-kakt_iedereen_ook_altijd_rond_1500_in.json","reddit-nederlands-kakt_iedereen_ook_altijd_rond_1500_in","1embj33","t3_1embj33","https://www.reddit.com/r/nederlands/comments/1embj33/kakt_iedereen_ook_altijd_rond_1500_in/","nederlands","r/nederlands","Kakt iedereen ook altijd rond 15:00 in?","Op school of op werk, rond een uur of 15:00 kak ik altijd ontzettend in. Heeft iedereen hier last van of ben ik in de minderheid? Edit: ik drink geen cafeïne-houdende drankjes Edit2: ja ik heb ADHD","","1723036615","2024-08-07T13:16:55+00:00","509","509","0.94","382","a341419102a9ef93","","reddit-nederlands-kakt_iedereen_ook_altijd_rond_1500_in:comment:lgy7dqq","comment","lgy7dqq","t1_lgy7dqq","https://www.reddit.com/r/nederlands/comments/1embj33/kakt_iedereen_ook_altijd_rond_1500_in/lgy7dqq/","/r/nederlands/comments/1embj33/kakt_iedereen_ook_altijd_rond_1500_in/lgy7dqq/","t3_1embj33","post","","lgy7dqq","0","true","lgy7dqq","667082945436844c","","","false","false","","1","1","0","0","0","1723043409","2024-08-07T15:10:09+00:00","false","False","","false","false","false","false","Koolhydraten (suikers) zorgen ook voor dipjes","Koolhydraten (suikers) zorgen ook voor dipjes","45","6","","","","false","false","","","","","0","[THREAD_TITLE]
Kakt iedereen ook altijd rond 15:00 in?

[THREAD_BODY]
Op school of op werk, rond een uur of 15:00 kak ik altijd ontzettend in. Heeft iedereen hier last van of ben ik in de minderheid? Edit: ik drink geen cafeïne-houdende drankjes Edit2: ja ik heb ADHD

[CURRENT_RECORD]
Koolhydraten (suikers) zorgen ook voor dipjes"
"C:\Projects\Web\planner-tdah\research\reddit_data\reddit-nederlands-kakt_iedereen_ook_altijd_rond_1500_in.json","reddit-nederlands-kakt_iedereen_ook_altijd_rond_1500_in","1embj33","t3_1embj33","https://www.reddit.com/r/nederlands/comments/1embj33/kakt_iedereen_ook_altijd_rond_1500_in/","nederlands","r/nederlands","Kakt iedereen ook altijd rond 15:00 in?","Op school of op werk, rond een uur of 15:00 kak ik altijd ontzettend in. Heeft iedereen hier last van of ben ik in de minderheid? Edit: ik drink geen cafeïne-houdende drankjes Edit2: ja ik heb ADHD","","1723036615","2024-08-07T13:16:55+00:00","509","509","0.94","382","a341419102a9ef93","","reddit-nederlands-kakt_iedereen_ook_altijd_rond_1500_in:comment:lgy91tx","comment","lgy91tx","t1_lgy91tx","https://www.reddit.com/r/nederlands/comments/1embj33/kakt_iedereen_ook_altijd_rond_1500_in/lgy91tx/","/r/nederlands/comments/1embj33/kakt_iedereen_ook_altijd_rond_1500_in/lgy91tx/","t3_1embj33","post","","lgy91tx","0","true","lgy91tx","e9b40c6519ea063e","","","false","false","","1","1","0","0","0","1723043933","2024-08-07T15:18:53+00:00","false","False","","false","false","false","false","Ik rond 11:00 al","Ik rond 11:00 al","16","4","","","","false","false","","","","","0","[THREAD_TITLE]
Kakt iedereen ook altijd rond 15:00 in?

[THREAD_BODY]
Op school of op werk, rond een uur of 15:00 kak ik altijd ontzettend in. Heeft iedereen hier last van of ben ik in de minderheid? Edit: ik drink geen cafeïne-houdende drankjes Edit2: ja ik heb ADHD

[CURRENT_RECORD]
Ik rond 11:00 al"
"C:\Projects\Web\planner-tdah\research\reddit_data\reddit-nederlands-kakt_iedereen_ook_altijd_rond_1500_in.json","reddit-nederlands-kakt_iedereen_ook_altijd_rond_1500_in","1embj33","t3_1embj33","https://www.reddit.com/r/nederlands/comments/1embj33/kakt_iedereen_ook_altijd_rond_1500_in/","nederlands","r/nederlands","Kakt iedereen ook altijd rond 15:00 in?","Op school of op werk, rond een uur of 15:00 kak ik altijd ontzettend in. Heeft iedereen hier last van of ben ik in de minderheid? Edit: ik drink geen cafeïne-houdende drankjes Edit2: ja ik heb ADHD","","1723036615","2024-08-07T13:16:55+00:00","509","509","0.94","382","a341419102a9ef93","","reddit-nederlands-kakt_iedereen_ook_altijd_rond_1500_in:comment:lgy9ht4","comment","lgy9ht4","t1_lgy9ht4","https://www.reddit.com/r/nederlands/comments/1embj33/kakt_iedereen_ook_altijd_rond_1500_in/lgy9ht4/","/r/nederlands/comments/1embj33/kakt_iedereen_ook_altijd_rond_1500_in/lgy9ht4/","t3_1embj33","post","","lgy9ht4","0","true","lgy9ht4","e8ac2463810b9c79","","","false","false","","1","1","0","0","1","1723044071","2024-08-07T15:21:11+00:00","false","False","","false","false","false","false","Ik merk dat als ik ‘s ochtends sport, niet of heel licht ontbijt, niet zwaar lunch en geen tot heel weinig suiker eet, ik deze dips niet heb. Welke van deze factoren de grootste is etc weet ik niet.","Ik merk dat als ik ‘s ochtends sport, niet of heel licht ontbijt, niet zwaar lunch en geen tot heel weinig suiker eet, ik deze dips niet heb. Welke van deze factoren de grootste is etc weet ik niet.","198","39","","","","false","false","","","","","13","[THREAD_TITLE]
Kakt iedereen ook altijd rond 15:00 in?

[THREAD_BODY]
Op school of op werk, rond een uur of 15:00 kak ik altijd ontzettend in. Heeft iedereen hier last van of ben ik in de minderheid? Edit: ik drink geen cafeïne-houdende drankjes Edit2: ja ik heb ADHD

[CURRENT_RECORD]
Ik merk dat als ik ‘s ochtends sport, niet of heel licht ontbijt, niet zwaar lunch en geen tot heel weinig suiker eet, ik deze dips niet heb. Welke van deze factoren de grootste is etc weet ik niet."
"C:\Projects\Web\planner-tdah\research\reddit_data\reddit-nederlands-kakt_iedereen_ook_altijd_rond_1500_in.json","reddit-nederlands-kakt_iedereen_ook_altijd_rond_1500_in","1embj33","t3_1embj33","https://www.reddit.com/r/nederlands/comments/1embj33/kakt_iedereen_ook_altijd_rond_1500_in/","nederlands","r/nederlands","Kakt iedereen ook altijd rond 15:00 in?","Op school of op werk, rond een uur of 15:00 kak ik altijd ontzettend in. Heeft iedereen hier last van of ben ik in de minderheid? Edit: ik drink geen cafeïne-houdende drankjes Edit2: ja ik heb ADHD","","1723036615","2024-08-07T13:16:55+00:00","509","509","0.94","382","a341419102a9ef93","","reddit-nederlands-kakt_iedereen_ook_altijd_rond_1500_in:comment:lgy9qec","comment","lgy9qec","t1_lgy9qec","https://www.reddit.com/r/nederlands/comments/1embj33/kakt_iedereen_ook_altijd_rond_1500_in/lgy9qec/","/r/nederlands/comments/1embj33/kakt_iedereen_ook_altijd_rond_1500_in/lgy9qec/","t3_1embj33","post","","lgy9qec","0","true","lgy9qec","","","","false","false","","1","1","0","0","0","1723044145","2024-08-07T15:22:25+00:00","false","False","","false","false","false","false","Lees het boek 'Slaap' van Matthew Walker eens. Volgens onze biologie horen we twee keer te slapen per dag. Het blijkt dat we een Bifasische slaap hebben. De dip die je ervaart is dus heel natuurlijk.","Lees het boek 'Slaap' van Matthew Walker eens. Volgens onze biologie horen we twee keer te slapen per dag. Het blijkt dat we een Bifasische slaap hebben. De dip die je ervaart is dus heel natuurlijk.","199","36","","","","false","false","","","","","10","[THREAD_TITLE]
Kakt iedereen ook altijd rond 15:00 in?

[THREAD_BODY]
Op school of op werk, rond een uur of 15:00 kak ik altijd ontzettend in. Heeft iedereen hier last van of ben ik in de minderheid? Edit: ik drink geen cafeïne-houdende drankjes Edit2: ja ik heb ADHD

[CURRENT_RECORD]
Lees het boek 'Slaap' van Matthew Walker eens. Volgens onze biologie horen we twee keer te slapen per dag. Het blijkt dat we een Bifasische slaap hebben. De dip die je ervaart is dus heel natuurlijk."
"C:\Projects\Web\planner-tdah\research\reddit_data\reddit-nederlands-kakt_iedereen_ook_altijd_rond_1500_in.json","reddit-nederlands-kakt_iedereen_ook_altijd_rond_1500_in","1embj33","t3_1embj33","https://www.reddit.com/r/nederlands/comments/1embj33/kakt_iedereen_ook_altijd_rond_1500_in/","nederlands","r/nederlands","Kakt iedereen ook altijd rond 15:00 in?","Op school of op werk, rond een uur of 15:00 kak ik altijd ontzettend in. Heeft iedereen hier last van of ben ik in de minderheid? Edit: ik drink geen cafeïne-houdende drankjes Edit2: ja ik heb ADHD","","1723036615","2024-08-07T13:16:55+00:00","509","509","0.94","382","a341419102a9ef93","","reddit-nederlands-kakt_iedereen_ook_altijd_rond_1500_in:comment:lgyaad1","comment","lgyaad1","t1_lgyaad1","https://www.reddit.com/r/nederlands/comments/1embj33/kakt_iedereen_ook_altijd_rond_1500_in/lgyaad1/","/r/nederlands/comments/1embj33/kakt_iedereen_ook_altijd_rond_1500_in/lgyaad1/","t3_1embj33","post","","lgyaad1","0","true","lgyaad1","6acac627abee04c2","","","false","false","","1","1","0","0","0","1723044317","2024-08-07T15:25:17+00:00","false","False","","false","false","false","false","Ja is normaal","Ja is normaal","13","3","","","","false","false","","","","","0","[THREAD_TITLE]
Kakt iedereen ook altijd rond 15:00 in?

[THREAD_BODY]
Op school of op werk, rond een uur of 15:00 kak ik altijd ontzettend in. Heeft iedereen hier last van of ben ik in de minderheid? Edit: ik drink geen cafeïne-houdende drankjes Edit2: ja ik heb ADHD

[CURRENT_RECORD]
Ja is normaal"
"C:\Projects\Web\planner-tdah\research\reddit_data\reddit-nederlands-kakt_iedereen_ook_altijd_rond_1500_in.json","reddit-nederlands-kakt_iedereen_ook_altijd_rond_1500_in","1embj33","t3_1embj33","https://www.reddit.com/r/nederlands/comments/1embj33/kakt_iedereen_ook_altijd_rond_1500_in/","nederlands","r/nederlands","Kakt iedereen ook altijd rond 15:00 in?","Op school of op werk, rond een uur of 15:00 kak ik altijd ontzettend in. Heeft iedereen hier last van of ben ik in de minderheid? Edit: ik drink geen cafeïne-houdende drankjes Edit2: ja ik heb ADHD","","1723036615","2024-08-07T13:16:55+00:00","509","509","0.94","382","a341419102a9ef93","","reddit-nederlands-kakt_iedereen_ook_altijd_rond_1500_in:comment:lgybpxf","comment","lgybpxf","t1_lgybpxf","https://www.reddit.com/r/nederlands/comments/1embj33/kakt_iedereen_ook_altijd_rond_1500_in/lgybpxf/","/r/nederlands/comments/1embj33/kakt_iedereen_ook_altijd_rond_1500_in/lgybpxf/","t3_1embj33","post","","lgybpxf","0","true","lgybpxf","","","","false","false","","1","1","0","0","0","1723044763","2024-08-07T15:32:43+00:00","false","False","","false","false","false","false","Komt misschien wel doordat sommige mensen een heel ander ritme hebben dan hun baan gebruikt voor werk. Kan ook komen omdat je de hele dag binnen werkt. Ik werk nu zelf de hele dag buiten en begin pas om 12u. Nooit meer wekker. Ik kom thuis op een tijd waarop ik natuurlijk moe word en dan ben ik ook moe van werk dus ben zo weg. Tussen diensten door heb ik 2-3u pauze dus breekt de dag echt lekker op even lekker eten thuis bijv. Verdien minimum loon maar ik moet wel echt een smak meer salaris krijgen wil je mij in een kantoor hebben zitten van 8 tot 16-17 ofzo of nog erger een fabriek met ploegen dienst. Kom je thuis ben je moe, ga je niks zitten doen achter de tv ben ik s avonds weer niet moe. Kan ik weer niet slapen. Toen had ik ook in kakkers en slaap problemen.","Komt misschien wel doordat sommige mensen een heel ander ritme hebben dan hun baan gebruikt voor werk. Kan ook komen omdat je de hele dag binnen werkt. Ik werk nu zelf de hele dag buiten en begin pas om 12u. Nooit meer wekker. Ik kom thuis op een tijd waarop ik natuurlijk moe wo…","772","154","","","","false","false","","","","long_form_comment","20","[THREAD_TITLE]
Kakt iedereen ook altijd rond 15:00 in?

[THREAD_BODY]
Op school of op werk, rond een uur of 15:00 kak ik altijd ontzettend in. Heeft iedereen hier last van of ben ik in de minderheid? Edit: ik drink geen cafeïne-houdende drankjes Edit2: ja ik heb ADHD

[CURRENT_RECORD]
Komt misschien wel doordat sommige mensen een heel ander ritme hebben dan hun baan gebruikt voor werk. Kan ook komen omdat je de hele dag binnen werkt. Ik werk nu zelf de hele dag buiten en begin pas om 12u. Nooit meer wekker. Ik kom thuis op een tijd waarop ik natuurlijk moe word en dan ben ik ook moe van werk dus ben zo weg. Tussen diensten door heb ik 2-3u pauze dus breekt de dag echt lekker op even lekker eten thuis bijv. Verdien minimum loon maar ik moet wel echt een smak meer salaris krijgen wil je mij in een kantoor hebben zitten van 8 tot 16-17 ofzo of nog erger een fabriek met ploegen dienst. Kom je thuis ben je moe, ga je niks zitten doen achter de tv ben ik s avonds weer niet moe. Kan ik weer niet slapen. Toen had ik ook in kakkers en slaap problemen."
"C:\Projects\Web\planner-tdah\research\reddit_data\reddit-nederlands-kakt_iedereen_ook_altijd_rond_1500_in.json","reddit-nederlands-kakt_iedereen_ook_altijd_rond_1500_in","1embj33","t3_1embj33","https://www.reddit.com/r/nederlands/comments/1embj33/kakt_iedereen_ook_altijd_rond_1500_in/","nederlands","r/nederlands","Kakt iedereen ook altijd rond 15:00 in?","Op school of op werk, rond een uur of 15:00 kak ik altijd ontzettend in. Heeft iedereen hier last van of ben ik in de minderheid? Edit: ik drink geen cafeïne-houdende drankjes Edit2: ja ik heb ADHD","","1723036615","2024-08-07T13:16:55+00:00","509","509","0.94","382","a341419102a9ef93","","reddit-nederlands-kakt_iedereen_ook_altijd_rond_1500_in:comment:lgybt5h","comment","lgybt5h","t1_lgybt5h","https://www.reddit.com/r/nederlands/comments/1embj33/kakt_iedereen_ook_altijd_rond_1500_in/lgybt5h/","/r/nederlands/comments/1embj33/kakt_iedereen_ook_altijd_rond_1500_in/lgybt5h/","t3_1embj33","post","","lgybt5h","0","true","lgybt5h","aa2cf8553e3cc05e","","","false","false","","1","1","0","0","0","1723044791","2024-08-07T15:33:11+00:00","false","False","","false","false","false","false","Nee. En als dat zo is adviseer ik wat eerder naar bed te gaan.","Nee. En als dat zo is adviseer ik wat eerder naar bed te gaan.","62","14","","","","false","false","","","","","0","[THREAD_TITLE]
Kakt iedereen ook altijd rond 15:00 in?

[THREAD_BODY]
Op school of op werk, rond een uur of 15:00 kak ik altijd ontzettend in. Heeft iedereen hier last van of ben ik in de minderheid? Edit: ik drink geen cafeïne-houdende drankjes Edit2: ja ik heb ADHD

[CURRENT_RECORD]
Nee. En als dat zo is adviseer ik wat eerder naar bed te gaan."
"C:\Projects\Web\planner-tdah\research\reddit_data\reddit-nederlands-kakt_iedereen_ook_altijd_rond_1500_in.json","reddit-nederlands-kakt_iedereen_ook_altijd_rond_1500_in","1embj33","t3_1embj33","https://www.reddit.com/r/nederlands/comments/1embj33/kakt_iedereen_ook_altijd_rond_1500_in/","nederlands","r/nederlands","Kakt iedereen ook altijd rond 15:00 in?","Op school of op werk, rond een uur of 15:00 kak ik altijd ontzettend in. Heeft iedereen hier last van of ben ik in de minderheid? Edit: ik drink geen cafeïne-houdende drankjes Edit2: ja ik heb ADHD","","1723036615","2024-08-07T13:16:55+00:00","509","509","0.94","382","a341419102a9ef93","","reddit-nederlands-kakt_iedereen_ook_altijd_rond_1500_in:comment:lgyca83","comment","lgyca83","t1_lgyca83","https://www.reddit.com/r/nederlands/comments/1embj33/kakt_iedereen_ook_altijd_rond_1500_in/lgyca83/","/r/nederlands/comments/1embj33/kakt_iedereen_ook_altijd_rond_1500_in/lgyca83/","t3_1embj33","post","","lgyca83","0","true","lgyca83","7753bc51ffd99813","","","false","false","","1","1","0","0","0","1723044940","2024-08-07T15:35:40+00:00","false","False","","false","false","false","false","Van lunchen met brood wordt ik moe rond 15:00 uur maar met een salade niet. Ik denk dat het voor iedereen persoonlijk is wat de trigger is.","Van lunchen met brood wordt ik moe rond 15:00 uur maar met een salade niet. Ik denk dat het voor iedereen persoonlijk is wat de trigger is.","139","27","","","","false","false","","","","","10","[THREAD_TITLE]
Kakt iedereen ook altijd rond 15:00 in?

[THREAD_BODY]
Op school of op werk, rond een uur of 15:00 kak ik altijd ontzettend in. Heeft iedereen hier last van of ben ik in de minderheid? Edit: ik drink geen cafeïne-houdende drankjes Edit2: ja ik heb ADHD

[CURRENT_RECORD]
Van lunchen met brood wordt ik moe rond 15:00 uur maar met een salade niet. Ik denk dat het voor iedereen persoonlijk is wat de trigger is."
"C:\Projects\Web\planner-tdah\research\reddit_data\reddit-nederlands-kakt_iedereen_ook_altijd_rond_1500_in.json","reddit-nederlands-kakt_iedereen_ook_altijd_rond_1500_in","1embj33","t3_1embj33","https://www.reddit.com/r/nederlands/comments/1embj33/kakt_iedereen_ook_altijd_rond_1500_in/","nederlands","r/nederlands","Kakt iedereen ook altijd rond 15:00 in?","Op school of op werk, rond een uur of 15:00 kak ik altijd ontzettend in. Heeft iedereen hier last van of ben ik in de minderheid? Edit: ik drink geen cafeïne-houdende drankjes Edit2: ja ik heb ADHD","","1723036615","2024-08-07T13:16:55+00:00","509","509","0.94","382","a341419102a9ef93","","reddit-nederlands-kakt_iedereen_ook_altijd_rond_1500_in:comment:lgyd7do","comment","lgyd7do","t1_lgyd7do","https://www.reddit.com/r/nederlands/comments/1embj33/kakt_iedereen_ook_altijd_rond_1500_in/lgyd7do/","/r/nederlands/comments/1embj33/kakt_iedereen_ook_altijd_rond_1500_in/lgyd7do/","t3_1embj33","post","","lgyd7do","0","true","lgyd7do","3998dce28a8fdeec","","","false","false","","1","1","0","0","0","1723045228","2024-08-07T15:40:28+00:00","false","False","","false","false","false","false","Ik heb wel vaak een after-lunch dipje.","Ik heb wel vaak een after-lunch dipje.","38","7","","","","false","false","","","","","0","[THREAD_TITLE]
Kakt iedereen ook altijd rond 15:00 in?

[THREAD_BODY]
Op school of op werk, rond een uur of 15:00 kak ik altijd ontzettend in. Heeft iedereen hier last van of ben ik in de minderheid? Edit: ik drink geen cafeïne-houdende drankjes Edit2: ja ik heb ADHD

[CURRENT_RECORD]
Ik heb wel vaak een after-lunch dipje."
"C:\Projects\Web\planner-tdah\research\reddit_data\reddit-nederlands-kakt_iedereen_ook_altijd_rond_1500_in.json","reddit-nederlands-kakt_iedereen_ook_altijd_rond_1500_in","1embj33","t3_1embj33","https://www.reddit.com/r/nederlands/comments/1embj33/kakt_iedereen_ook_altijd_rond_1500_in/","nederlands","r/nederlands","Kakt iedereen ook altijd rond 15:00 in?","Op school of op werk, rond een uur of 15:00 kak ik altijd ontzettend in. Heeft iedereen hier last van of ben ik in de minderheid? Edit: ik drink geen cafeïne-houdende drankjes Edit2: ja ik heb ADHD","","1723036615","2024-08-07T13:16:55+00:00","509","509","0.94","382","a341419102a9ef93","","reddit-nederlands-kakt_iedereen_ook_altijd_rond_1500_in:comment:lgydepl","comment","lgydepl","t1_lgydepl","https://www.reddit.com/r/nederlands/comments/1embj33/kakt_iedereen_ook_altijd_rond_1500_in/lgydepl/","/r/nederlands/comments/1embj33/kakt_iedereen_ook_altijd_rond_1500_in/lgydepl/","t3_1embj33","post","","lgydepl","0","true","lgydepl","084accea49e1fdef","","","false","false","","1","1","0","0","0","1723045291","2024-08-07T15:41:31+00:00","false","False","","false","false","false","false","3 uur is daarom koffietijd!","3 uur is daarom koffietijd!","27","5","","","","false","false","","","","","0","[THREAD_TITLE]
Kakt iedereen ook altijd rond 15:00 in?

[THREAD_BODY]
Op school of op werk, rond een uur of 15:00 kak ik altijd ontzettend in. Heeft iedereen hier last van of ben ik in de minderheid? Edit: ik drink geen cafeïne-houdende drankjes Edit2: ja ik heb ADHD

[CURRENT_RECORD]
3 uur is daarom koffietijd!"
"C:\Projects\Web\planner-tdah\research\reddit_data\reddit-nederlands-kakt_iedereen_ook_altijd_rond_1500_in.json","reddit-nederlands-kakt_iedereen_ook_altijd_rond_1500_in","1embj33","t3_1embj33","https://www.reddit.com/r/nederlands/comments/1embj33/kakt_iedereen_ook_altijd_rond_1500_in/","nederlands","r/nederlands","Kakt iedereen ook altijd rond 15:00 in?","Op school of op werk, rond een uur of 15:00 kak ik altijd ontzettend in. Heeft iedereen hier last van of ben ik in de minderheid? Edit: ik drink geen cafeïne-houdende drankjes Edit2: ja ik heb ADHD","","1723036615","2024-08-07T13:16:55+00:00","509","509","0.94","382","a341419102a9ef93","","reddit-nederlands-kakt_iedereen_ook_altijd_rond_1500_in:comment:lgydkw2","comment","lgydkw2","t1_lgydkw2","https://www.reddit.com/r/nederlands/comments/1embj33/kakt_iedereen_ook_altijd_rond_1500_in/lgydkw2/","/r/nederlands/comments/1embj33/kakt_iedereen_ook_altijd_rond_1500_in/lgydkw2/","t3_1embj33","post","","lgydkw2","0","true","lgydkw2","5f3022fe9c65823d","","","false","false","","1","1","0","0","0","1723045343","2024-08-07T15:42:23+00:00","false","False","","false","false","false","false","Nee rond 9uur op het moment dat de ochtend meeting begint en ik ga zitten in mn stoel en de komende 15 minuten zeer oncomfortabel zit te wiebelen in mn stoel voordat ik naar het toilet kan.","Nee rond 9uur op het moment dat de ochtend meeting begint en ik ga zitten in mn stoel en de komende 15 minuten zeer oncomfortabel zit te wiebelen in mn stoel voordat ik naar het toilet kan.","189","37","","","","false","false","","","","","10","[THREAD_TITLE]
Kakt iedereen ook altijd rond 15:00 in?

[THREAD_BODY]
Op school of op werk, rond een uur of 15:00 kak ik altijd ontzettend in. Heeft iedereen hier last van of ben ik in de minderheid? Edit: ik drink geen cafeïne-houdende drankjes Edit2: ja ik heb ADHD

[CURRENT_RECORD]
Nee rond 9uur op het moment dat de ochtend meeting begint en ik ga zitten in mn stoel en de komende 15 minuten zeer oncomfortabel zit te wiebelen in mn stoel voordat ik naar het toilet kan."
"C:\Projects\Web\planner-tdah\research\reddit_data\reddit-nederlands-kakt_iedereen_ook_altijd_rond_1500_in.json","reddit-nederlands-kakt_iedereen_ook_altijd_rond_1500_in","1embj33","t3_1embj33","https://www.reddit.com/r/nederlands/comments/1embj33/kakt_iedereen_ook_altijd_rond_1500_in/","nederlands","r/nederlands","Kakt iedereen ook altijd rond 15:00 in?","Op school of op werk, rond een uur of 15:00 kak ik altijd ontzettend in. Heeft iedereen hier last van of ben ik in de minderheid? Edit: ik drink geen cafeïne-houdende drankjes Edit2: ja ik heb ADHD","","1723036615","2024-08-07T13:16:55+00:00","509","509","0.94","382","a341419102a9ef93","","reddit-nederlands-kakt_iedereen_ook_altijd_rond_1500_in:comment:lgydlbx","comment","lgydlbx","t1_lgydlbx","https://www.reddit.com/r/nederlands/comments/1embj33/kakt_iedereen_ook_altijd_rond_1500_in/lgydlbx/","/r/nederlands/comments/1embj33/kakt_iedereen_ook_altijd_rond_1500_in/lgydlbx/","t3_1embj33","post","","lgydlbx","0","true","lgydlbx","ebcf6d51017f4bd5","","","false","false","","1","1","0","0","0","1723045347","2024-08-07T15:42:27+00:00","false","False","","false","false","false","false","Bij mij draagt suiker hier nogal aan bij. Als ik teveel snaai, leidt dat onvermijdelijk tot een jojo-effect met de bijbehorende dips in energie.","Bij mij draagt suiker hier nogal aan bij. Als ik teveel snaai, leidt dat onvermijdelijk tot een jojo-effect met de bijbehorende dips in energie.","144","24","","","","false","false","","","","","10","[THREAD_TITLE]
Kakt iedereen ook altijd rond 15:00 in?

[THREAD_BODY]
Op school of op werk, rond een uur of 15:00 kak ik altijd ontzettend in. Heeft iedereen hier last van of ben ik in de minderheid? Edit: ik drink geen cafeïne-houdende drankjes Edit2: ja ik heb ADHD

[CURRENT_RECORD]
Bij mij draagt suiker hier nogal aan bij. Als ik teveel snaai, leidt dat onvermijdelijk tot een jojo-effect met de bijbehorende dips in energie."
"C:\Projects\Web\planner-tdah\research\reddit_data\reddit-nederlands-kakt_iedereen_ook_altijd_rond_1500_in.json","reddit-nederlands-kakt_iedereen_ook_altijd_rond_1500_in","1embj33","t3_1embj33","https://www.reddit.com/r/nederlands/comments/1embj33/kakt_iedereen_ook_altijd_rond_1500_in/","nederlands","r/nederlands","Kakt iedereen ook altijd rond 15:00 in?","Op school of op werk, rond een uur of 15:00 kak ik altijd ontzettend in. Heeft iedereen hier last van of ben ik in de minderheid? Edit: ik drink geen cafeïne-houdende drankjes Edit2: ja ik heb ADHD","","1723036615","2024-08-07T13:16:55+00:00","509","509","0.94","382","a341419102a9ef93","","reddit-nederlands-kakt_iedereen_ook_altijd_rond_1500_in:comment:lgyeyob","comment","lgyeyob","t1_lgyeyob","https://www.reddit.com/r/nederlands/comments/1embj33/kakt_iedereen_ook_altijd_rond_1500_in/lgyeyob/","/r/nederlands/comments/1embj33/kakt_iedereen_ook_altijd_rond_1500_in/lgyeyob/","t3_1embj33","post","","lgyeyob","0","true","lgyeyob","881e841993d99cda","","","false","false","","1","1","0","0","1","1723045765","2024-08-07T15:49:25+00:00","false","False","","false","false","false","false","in wat?","in wat?","7","2","","","","true","false","","","","contains_question","3","[THREAD_TITLE]
Kakt iedereen ook altijd rond 15:00 in?

[THREAD_BODY]
Op school of op werk, rond een uur of 15:00 kak ik altijd ontzettend in. Heeft iedereen hier last van of ben ik in de minderheid? Edit: ik drink geen cafeïne-houdende drankjes Edit2: ja ik heb ADHD

[CURRENT_RECORD]
in wat?"
"C:\Projects\Web\planner-tdah\research\reddit_data\reddit-nederlands-kakt_iedereen_ook_altijd_rond_1500_in.json","reddit-nederlands-kakt_iedereen_ook_altijd_rond_1500_in","1embj33","t3_1embj33","https://www.reddit.com/r/nederlands/comments/1embj33/kakt_iedereen_ook_altijd_rond_1500_in/","nederlands","r/nederlands","Kakt iedereen ook altijd rond 15:00 in?","Op school of op werk, rond een uur of 15:00 kak ik altijd ontzettend in. Heeft iedereen hier last van of ben ik in de minderheid? Edit: ik drink geen cafeïne-houdende drankjes Edit2: ja ik heb ADHD","","1723036615","2024-08-07T13:16:55+00:00","509","509","0.94","382","a341419102a9ef93","","reddit-nederlands-kakt_iedereen_ook_altijd_rond_1500_in:comment:lgyg8zo","comment","lgyg8zo","t1_lgyg8zo","https://www.reddit.com/r/nederlands/comments/1embj33/kakt_iedereen_ook_altijd_rond_1500_in/lgyg8zo/","/r/nederlands/comments/1embj33/kakt_iedereen_ook_altijd_rond_1500_in/lgyg8zo/","t3_1embj33","post","","lgyg8zo","0","true","lgyg8zo","35d1f5f55dcf2a8e","","Ik had er zelf ook meer van verwacht.","false","false","","1","1","0","0","0","1723046159","2024-08-07T15:55:59+00:00","false","False","","false","false","false","false","10.30 kak uit. 15.00 kak in.","10.30 kak uit. 15.00 kak in.","28","6","","","","false","false","","","","","0","[THREAD_TITLE]
Kakt iedereen ook altijd rond 15:00 in?

[THREAD_BODY]
Op school of op werk, rond een uur of 15:00 kak ik altijd ontzettend in. Heeft iedereen hier last van of ben ik in de minderheid? Edit: ik drink geen cafeïne-houdende drankjes Edit2: ja ik heb ADHD

[CURRENT_RECORD]
10.30 kak uit. 15.00 kak in."
"C:\Projects\Web\planner-tdah\research\reddit_data\reddit-nederlands-kakt_iedereen_ook_altijd_rond_1500_in.json","reddit-nederlands-kakt_iedereen_ook_altijd_rond_1500_in","1embj33","t3_1embj33","https://www.reddit.com/r/nederlands/comments/1embj33/kakt_iedereen_ook_altijd_rond_1500_in/","nederlands","r/nederlands","Kakt iedereen ook altijd rond 15:00 in?","Op school of op werk, rond een uur of 15:00 kak ik altijd ontzettend in. Heeft iedereen hier last van of ben ik in de minderheid? Edit: ik drink geen cafeïne-houdende drankjes Edit2: ja ik heb ADHD","","1723036615","2024-08-07T13:16:55+00:00","509","509","0.94","382","a341419102a9ef93","","reddit-nederlands-kakt_iedereen_ook_altijd_rond_1500_in:comment:lgygich","comment","lgygich","t1_lgygich","https://www.reddit.com/r/nederlands/comments/1embj33/kakt_iedereen_ook_altijd_rond_1500_in/lgygich/","/r/nederlands/comments/1embj33/kakt_iedereen_ook_altijd_rond_1500_in/lgygich/","t3_1embj33","post","","lgygich","0","true","lgygich","cf8b1908374d9839","","","false","false","","1","1","0","0","0","1723046238","2024-08-07T15:57:18+00:00","false","False","","false","false","false","false","Nope gebeurt mij ook, drink geen koffie of energiedrankjes","Nope gebeurt mij ook, drink geen koffie of energiedrankjes","58","9","","","","false","false","","","","","0","[THREAD_TITLE]
Kakt iedereen ook altijd rond 15:00 in?

[THREAD_BODY]
Op school of op werk, rond een uur of 15:00 kak ik altijd ontzettend in. Heeft iedereen hier last van of ben ik in de minderheid? Edit: ik drink geen cafeïne-houdende drankjes Edit2: ja ik heb ADHD

[CURRENT_RECORD]
Nope gebeurt mij ook, drink geen koffie of energiedrankjes"
"C:\Projects\Web\planner-tdah\research\reddit_data\reddit-nederlands-kakt_iedereen_ook_altijd_rond_1500_in.json","reddit-nederlands-kakt_iedereen_ook_altijd_rond_1500_in","1embj33","t3_1embj33","https://www.reddit.com/r/nederlands/comments/1embj33/kakt_iedereen_ook_altijd_rond_1500_in/","nederlands","r/nederlands","Kakt iedereen ook altijd rond 15:00 in?","Op school of op werk, rond een uur of 15:00 kak ik altijd ontzettend in. Heeft iedereen hier last van of ben ik in de minderheid? Edit: ik drink geen cafeïne-houdende drankjes Edit2: ja ik heb ADHD","","1723036615","2024-08-07T13:16:55+00:00","509","509","0.94","382","a341419102a9ef93","","reddit-nederlands-kakt_iedereen_ook_altijd_rond_1500_in:comment:lgyh5nk","comment","lgyh5nk","t1_lgyh5nk","https://www.reddit.com/r/nederlands/comments/1embj33/kakt_iedereen_ook_altijd_rond_1500_in/lgyh5nk/","/r/nederlands/comments/1embj33/kakt_iedereen_ook_altijd_rond_1500_in/lgyh5nk/","t3_1embj33","post","","lgyh5nk","0","true","lgyh5nk","8745f4d84496b48c","","","false","false","","1","1","0","0","0","1723046436","2024-08-07T16:00:36+00:00","false","False","","false","false","false","false","Ik ben tussen 3 en 6 altijd extra productief. Net een beetje voorbij de lunchdip en ik word weinig gestoord, dus tijd om te knallen!","Ik ben tussen 3 en 6 altijd extra productief. Net een beetje voorbij de lunchdip en ik word weinig gestoord, dus tijd om te knallen!","132","25","","","","false","false","","","","","10","[THREAD_TITLE]
Kakt iedereen ook altijd rond 15:00 in?

[THREAD_BODY]
Op school of op werk, rond een uur of 15:00 kak ik altijd ontzettend in. Heeft iedereen hier last van of ben ik in de minderheid? Edit: ik drink geen cafeïne-houdende drankjes Edit2: ja ik heb ADHD

[CURRENT_RECORD]
Ik ben tussen 3 en 6 altijd extra productief. Net een beetje voorbij de lunchdip en ik word weinig gestoord, dus tijd om te knallen!"
"C:\Projects\Web\planner-tdah\research\reddit_data\reddit-nederlands-kakt_iedereen_ook_altijd_rond_1500_in.json","reddit-nederlands-kakt_iedereen_ook_altijd_rond_1500_in","1embj33","t3_1embj33","https://www.reddit.com/r/nederlands/comments/1embj33/kakt_iedereen_ook_altijd_rond_1500_in/","nederlands","r/nederlands","Kakt iedereen ook altijd rond 15:00 in?","Op school of op werk, rond een uur of 15:00 kak ik altijd ontzettend in. Heeft iedereen hier last van of ben ik in de minderheid? Edit: ik drink geen cafeïne-houdende drankjes Edit2: ja ik heb ADHD","","1723036615","2024-08-07T13:16:55+00:00","509","509","0.94","382","a341419102a9ef93","","reddit-nederlands-kakt_iedereen_ook_altijd_rond_1500_in:comment:lgyi8v4","comment","lgyi8v4","t1_lgyi8v4","https://www.reddit.com/r/nederlands/comments/1embj33/kakt_iedereen_ook_altijd_rond_1500_in/lgyi8v4/","/r/nederlands/comments/1embj33/kakt_iedereen_ook_altijd_rond_1500_in/lgyi8v4/","t3_1embj33","post","","lgyi8v4","0","true","lgyi8v4","c81cba087e0a0022","","","false","false","","1","1","0","0","0","1723046774","2024-08-07T16:06:14+00:00","false","False","","false","false","false","false","Niet sinds ik veel minder koolhydraten eet. Geen brood, pasta of rijst. Meer vetten en eiwitten.","Niet sinds ik veel minder koolhydraten eet. Geen brood, pasta of rijst. Meer vetten en eiwitten.","96","16","","","","false","false","","","","","0","[THREAD_TITLE]
Kakt iedereen ook altijd rond 15:00 in?

[THREAD_BODY]
Op school of op werk, rond een uur of 15:00 kak ik altijd ontzettend in. Heeft iedereen hier last van of ben ik in de minderheid? Edit: ik drink geen cafeïne-houdende drankjes Edit2: ja ik heb ADHD

[CURRENT_RECORD]
Niet sinds ik veel minder koolhydraten eet. Geen brood, pasta of rijst. Meer vetten en eiwitten."
"C:\Projects\Web\planner-tdah\research\reddit_data\reddit-nederlands-kakt_iedereen_ook_altijd_rond_1500_in.json","reddit-nederlands-kakt_iedereen_ook_altijd_rond_1500_in","1embj33","t3_1embj33","https://www.reddit.com/r/nederlands/comments/1embj33/kakt_iedereen_ook_altijd_rond_1500_in/","nederlands","r/nederlands","Kakt iedereen ook altijd rond 15:00 in?","Op school of op werk, rond een uur of 15:00 kak ik altijd ontzettend in. Heeft iedereen hier last van of ben ik in de minderheid? Edit: ik drink geen cafeïne-houdende drankjes Edit2: ja ik heb ADHD","","1723036615","2024-08-07T13:16:55+00:00","509","509","0.94","382","a341419102a9ef93","","reddit-nederlands-kakt_iedereen_ook_altijd_rond_1500_in:comment:lgyiqg0","comment","lgyiqg0","t1_lgyiqg0","https://www.reddit.com/r/nederlands/comments/1embj33/kakt_iedereen_ook_altijd_rond_1500_in/lgyiqg0/","/r/nederlands/comments/1embj33/kakt_iedereen_ook_altijd_rond_1500_in/lgyiqg0/","t3_1embj33","post","","lgyiqg0","0","true","lgyiqg0","faf4be7a68041162","","","false","false","","1","1","0","0","0","1723046925","2024-08-07T16:08:45+00:00","false","False","","false","false","false","false","Meestal half 2, beetje na de middag lunch. En dan half3 gaat t wel weer morgen","Meestal half 2, beetje na de middag lunch. En dan half3 gaat t wel weer morgen","78","16","","","","false","false","","","","","0","[THREAD_TITLE]
Kakt iedereen ook altijd rond 15:00 in?

[THREAD_BODY]
Op school of op werk, rond een uur of 15:00 kak ik altijd ontzettend in. Heeft iedereen hier last van of ben ik in de minderheid? Edit: ik drink geen cafeïne-houdende drankjes Edit2: ja ik heb ADHD

[CURRENT_RECORD]
Meestal half 2, beetje na de middag lunch. En dan half3 gaat t wel weer morgen"
"C:\Projects\Web\planner-tdah\research\reddit_data\reddit-nederlands-kakt_iedereen_ook_altijd_rond_1500_in.json","reddit-nederlands-kakt_iedereen_ook_altijd_rond_1500_in","1embj33","t3_1embj33","https://www.reddit.com/r/nederlands/comments/1embj33/kakt_iedereen_ook_altijd_rond_1500_in/","nederlands","r/nederlands","Kakt iedereen ook altijd rond 15:00 in?","Op school of op werk, rond een uur of 15:00 kak ik altijd ontzettend in. Heeft iedereen hier last van of ben ik in de minderheid? Edit: ik drink geen cafeïne-houdende drankjes Edit2: ja ik heb ADHD","","1723036615","2024-08-07T13:16:55+00:00","509","509","0.94","382","a341419102a9ef93","","reddit-nederlands-kakt_iedereen_ook_altijd_rond_1500_in:comment:lgyjor5","comment","lgyjor5","t1_lgyjor5","https://www.reddit.com/r/nederlands/comments/1embj33/kakt_iedereen_ook_altijd_rond_1500_in/lgyjor5/","/r/nederlands/comments/1embj33/kakt_iedereen_ook_altijd_rond_1500_in/lgyjor5/","t3_1embj33","post","","lgyjor5","0","true","lgyjor5","3f8d26b5ed2934c4","","","false","false","","1","1","0","0","0","1723047221","2024-08-07T16:13:41+00:00","false","False","","false","false","false","false","Ja, en of.","Ja, en of.","10","3","","","","false","false","","","","","0","[THREAD_TITLE]
Kakt iedereen ook altijd rond 15:00 in?

[THREAD_BODY]
Op school of op werk, rond een uur of 15:00 kak ik altijd ontzettend in. Heeft iedereen hier last van of ben ik in de minderheid? Edit: ik drink geen cafeïne-houdende drankjes Edit2: ja ik heb ADHD

[CURRENT_RECORD]
Ja, en of."
"C:\Projects\Web\planner-tdah\research\reddit_data\reddit-nederlands-kakt_iedereen_ook_altijd_rond_1500_in.json","reddit-nederlands-kakt_iedereen_ook_altijd_rond_1500_in","1embj33","t3_1embj33","https://www.reddit.com/r/nederlands/comments/1embj33/kakt_iedereen_ook_altijd_rond_1500_in/","nederlands","r/nederlands","Kakt iedereen ook altijd rond 15:00 in?","Op school of op werk, rond een uur of 15:00 kak ik altijd ontzettend in. Heeft iedereen hier last van of ben ik in de minderheid? Edit: ik drink geen cafeïne-houdende drankjes Edit2: ja ik heb ADHD","","1723036615","2024-08-07T13:16:55+00:00","509","509","0.94","382","a341419102a9ef93","","reddit-nederlands-kakt_iedereen_ook_altijd_rond_1500_in:comment:lgykkfc","comment","lgykkfc","t1_lgykkfc","https://www.reddit.com/r/nederlands/comments/1embj33/kakt_iedereen_ook_altijd_rond_1500_in/lgykkfc/","/r/nederlands/comments/1embj33/kakt_iedereen_ook_altijd_rond_1500_in/lgykkfc/","t3_1embj33","post","","lgykkfc","0","true","lgykkfc","","","","false","false","","1","1","0","0","0","1723047493","2024-08-07T16:18:13+00:00","false","False","","false","false","false","false","Inkakken = bijpakken","Inkakken = bijpakken","20","3","","","","false","false","","","","","0","[THREAD_TITLE]
Kakt iedereen ook altijd rond 15:00 in?

[THREAD_BODY]
Op school of op werk, rond een uur of 15:00 kak ik altijd ontzettend in. Heeft iedereen hier last van of ben ik in de minderheid? Edit: ik drink geen cafeïne-houdende drankjes Edit2: ja ik heb ADHD

[CURRENT_RECORD]
Inkakken = bijpakken"
"C:\Projects\Web\planner-tdah\research\reddit_data\reddit-nederlands-kakt_iedereen_ook_altijd_rond_1500_in.json","reddit-nederlands-kakt_iedereen_ook_altijd_rond_1500_in","1embj33","t3_1embj33","https://www.reddit.com/r/nederlands/comments/1embj33/kakt_iedereen_ook_altijd_rond_1500_in/","nederlands","r/nederlands","Kakt iedereen ook altijd rond 15:00 in?","Op school of op werk, rond een uur of 15:00 kak ik altijd ontzettend in. Heeft iedereen hier last van of ben ik in de minderheid? Edit: ik drink geen cafeïne-houdende drankjes Edit2: ja ik heb ADHD","","1723036615","2024-08-07T13:16:55+00:00","509","509","0.94","382","a341419102a9ef93","","reddit-nederlands-kakt_iedereen_ook_altijd_rond_1500_in:comment:lgylbzp","comment","lgylbzp","t1_lgylbzp","https://www.reddit.com/r/nederlands/comments/1embj33/kakt_iedereen_ook_altijd_rond_1500_in/lgylbzp/","/r/nederlands/comments/1embj33/kakt_iedereen_ook_altijd_rond_1500_in/lgylbzp/","t3_1embj33","post","","lgylbzp","0","true","lgylbzp","d0c63eb640ccea6a","","","false","false","","1","1","0","0","0","1723047729","2024-08-07T16:22:09+00:00","false","False","","false","false","false","false","🤣😂😂","🤣😂😂","3","1","","","","false","false","","","","","0","[THREAD_TITLE]
Kakt iedereen ook altijd rond 15:00 in?

[THREAD_BODY]
Op school of op werk, rond een uur of 15:00 kak ik altijd ontzettend in. Heeft iedereen hier last van of ben ik in de minderheid? Edit: ik drink geen cafeïne-houdende drankjes Edit2: ja ik heb ADHD

[CURRENT_RECORD]
🤣😂😂"
"C:\Projects\Web\planner-tdah\research\reddit_data\reddit-nederlands-kakt_iedereen_ook_altijd_rond_1500_in.json","reddit-nederlands-kakt_iedereen_ook_altijd_rond_1500_in","1embj33","t3_1embj33","https://www.reddit.com/r/nederlands/comments/1embj33/kakt_iedereen_ook_altijd_rond_1500_in/","nederlands","r/nederlands","Kakt iedereen ook altijd rond 15:00 in?","Op school of op werk, rond een uur of 15:00 kak ik altijd ontzettend in. Heeft iedereen hier last van of ben ik in de minderheid? Edit: ik drink geen cafeïne-houdende drankjes Edit2: ja ik heb ADHD","","1723036615","2024-08-07T13:16:55+00:00","509","509","0.94","382","a341419102a9ef93","","reddit-nederlands-kakt_iedereen_ook_altijd_rond_1500_in:comment:lgymemp","comment","lgymemp","t1_lgymemp","https://www.reddit.com/r/nederlands/comments/1embj33/kakt_iedereen_ook_altijd_rond_1500_in/lgymemp/","/r/nederlands/comments/1embj33/kakt_iedereen_ook_altijd_rond_1500_in/lgymemp/","t3_1embj33","post","","lgymemp","0","true","lgymemp","199b7677d0f9da4f","","","false","false","","1","1","0","0","0","1723048053","2024-08-07T16:27:33+00:00","false","False","","false","false","false","false","Nah, ik doe het al om 9 uur 's ochtents, al helemaal als sommige collegas aankomen.","Nah, ik doe het al om 9 uur 's ochtents, al helemaal als sommige collegas aankomen.","83","16","","","","false","false","","","","","0","[THREAD_TITLE]
Kakt iedereen ook altijd rond 15:00 in?

[THREAD_BODY]
Op school of op werk, rond een uur of 15:00 kak ik altijd ontzettend in. Heeft iedereen hier last van of ben ik in de minderheid? Edit: ik drink geen cafeïne-houdende drankjes Edit2: ja ik heb ADHD

[CURRENT_RECORD]
Nah, ik doe het al om 9 uur 's ochtents, al helemaal als sommige collegas aankomen."
"C:\Projects\Web\planner-tdah\research\reddit_data\reddit-nederlands-kakt_iedereen_ook_altijd_rond_1500_in.json","reddit-nederlands-kakt_iedereen_ook_altijd_rond_1500_in","1embj33","t3_1embj33","https://www.reddit.com/r/nederlands/comments/1embj33/kakt_iedereen_ook_altijd_rond_1500_in/","nederlands","r/nederlands","Kakt iedereen ook altijd rond 15:00 in?","Op school of op werk, rond een uur of 15:00 kak ik altijd ontzettend in. Heeft iedereen hier last van of ben ik in de minderheid? Edit: ik drink geen cafeïne-houdende drankjes Edit2: ja ik heb ADHD","","1723036615","2024-08-07T13:16:55+00:00","509","509","0.94","382","a341419102a9ef93","","reddit-nederlands-kakt_iedereen_ook_altijd_rond_1500_in:comment:lgymjet","comment","lgymjet","t1_lgymjet","https://www.reddit.com/r/nederlands/comments/1embj33/kakt_iedereen_ook_altijd_rond_1500_in/lgymjet/","/r/nederlands/comments/1embj33/kakt_iedereen_ook_altijd_rond_1500_in/lgymjet/","t3_1embj33","post","","lgymjet","0","true","lgymjet","","","","false","false","","1","1","0","0","1","1723048094","2024-08-07T16:28:14+00:00","false","False","","false","false","false","false","[excluído]","[excluído]","10","1","","","","false","false","","","","","3","[THREAD_TITLE]
Kakt iedereen ook altijd rond 15:00 in?

[THREAD_BODY]
Op school of op werk, rond een uur of 15:00 kak ik altijd ontzettend in. Heeft iedereen hier last van of ben ik in de minderheid? Edit: ik drink geen cafeïne-houdende drankjes Edit2: ja ik heb ADHD

[CURRENT_RECORD]
[excluído]"
"C:\Projects\Web\planner-tdah\research\reddit_data\reddit-nederlands-kakt_iedereen_ook_altijd_rond_1500_in.json","reddit-nederlands-kakt_iedereen_ook_altijd_rond_1500_in","1embj33","t3_1embj33","https://www.reddit.com/r/nederlands/comments/1embj33/kakt_iedereen_ook_altijd_rond_1500_in/","nederlands","r/nederlands","Kakt iedereen ook altijd rond 15:00 in?","Op school of op werk, rond een uur of 15:00 kak ik altijd ontzettend in. Heeft iedereen hier last van of ben ik in de minderheid? Edit: ik drink geen cafeïne-houdende drankjes Edit2: ja ik heb ADHD","","1723036615","2024-08-07T13:16:55+00:00","509","509","0.94","382","a341419102a9ef93","","reddit-nederlands-kakt_iedereen_ook_altijd_rond_1500_in:comment:lgyn2a5","comment","lgyn2a5","t1_lgyn2a5","https://www.reddit.com/r/nederlands/comments/1embj33/kakt_iedereen_ook_altijd_rond_1500_in/lgyn2a5/","/r/nederlands/comments/1embj33/kakt_iedereen_ook_altijd_rond_1500_in/lgyn2a5/","t3_1embj33","post","","lgyn2a5","0","true","lgyn2a5","1dbecb61b52434b4","","","false","false","","1","1","0","0","0","1723048253","2024-08-07T16:30:53+00:00","false","False","","false","false","false","false","Cup a soup!","Cup a soup!","11","3","","","","false","false","","","","","0","[THREAD_TITLE]
Kakt iedereen ook altijd rond 15:00 in?

[THREAD_BODY]
Op school of op werk, rond een uur of 15:00 kak ik altijd ontzettend in. Heeft iedereen hier last van of ben ik in de minderheid? Edit: ik drink geen cafeïne-houdende drankjes Edit2: ja ik heb ADHD

[CURRENT_RECORD]
Cup a soup!"
"C:\Projects\Web\planner-tdah\research\reddit_data\reddit-nederlands-kakt_iedereen_ook_altijd_rond_1500_in.json","reddit-nederlands-kakt_iedereen_ook_altijd_rond_1500_in","1embj33","t3_1embj33","https://www.reddit.com/r/nederlands/comments/1embj33/kakt_iedereen_ook_altijd_rond_1500_in/","nederlands","r/nederlands","Kakt iedereen ook altijd rond 15:00 in?","Op school of op werk, rond een uur of 15:00 kak ik altijd ontzettend in. Heeft iedereen hier last van of ben ik in de minderheid? Edit: ik drink geen cafeïne-houdende drankjes Edit2: ja ik heb ADHD","","1723036615","2024-08-07T13:16:55+00:00","509","509","0.94","382","a341419102a9ef93","","reddit-nederlands-kakt_iedereen_ook_altijd_rond_1500_in:comment:lgynh48","comment","lgynh48","t1_lgynh48","https://www.reddit.com/r/nederlands/comments/1embj33/kakt_iedereen_ook_altijd_rond_1500_in/lgynh48/","/r/nederlands/comments/1embj33/kakt_iedereen_ook_altijd_rond_1500_in/lgynh48/","t3_1embj33","post","","lgynh48","0","true","lgynh48","a69ec8b1a7407ceb","","","false","false","","1","1","0","0","0","1723048378","2024-08-07T16:32:58+00:00","false","False","","false","false","false","false","Heb dat meestal het ergst rond 6 uur of direct na avondeten. Doe sinds kort een blokje om rond deze tijd of net daarvoor, helpt echt enorm!","Heb dat meestal het ergst rond 6 uur of direct na avondeten. Doe sinds kort een blokje om rond deze tijd of net daarvoor, helpt echt enorm!","139","27","","","","false","false","","","","","10","[THREAD_TITLE]
Kakt iedereen ook altijd rond 15:00 in?

[THREAD_BODY]
Op school of op werk, rond een uur of 15:00 kak ik altijd ontzettend in. Heeft iedereen hier last van of ben ik in de minderheid? Edit: ik drink geen cafeïne-houdende drankjes Edit2: ja ik heb ADHD

[CURRENT_RECORD]
Heb dat meestal het ergst rond 6 uur of direct na avondeten. Doe sinds kort een blokje om rond deze tijd of net daarvoor, helpt echt enorm!"
"C:\Projects\Web\planner-tdah\research\reddit_data\reddit-nederlands-kakt_iedereen_ook_altijd_rond_1500_in.json","reddit-nederlands-kakt_iedereen_ook_altijd_rond_1500_in","1embj33","t3_1embj33","https://www.reddit.com/r/nederlands/comments/1embj33/kakt_iedereen_ook_altijd_rond_1500_in/","nederlands","r/nederlands","Kakt iedereen ook altijd rond 15:00 in?","Op school of op werk, rond een uur of 15:00 kak ik altijd ontzettend in. Heeft iedereen hier last van of ben ik in de minderheid? Edit: ik drink geen cafeïne-houdende drankjes Edit2: ja ik heb ADHD","","1723036615","2024-08-07T13:16:55+00:00","509","509","0.94","382","a341419102a9ef93","","reddit-nederlands-kakt_iedereen_ook_altijd_rond_1500_in:comment:lgynoiw","comment","lgynoiw","t1_lgynoiw","https://www.reddit.com/r/nederlands/comments/1embj33/kakt_iedereen_ook_altijd_rond_1500_in/lgynoiw/","/r/nederlands/comments/1embj33/kakt_iedereen_ook_altijd_rond_1500_in/lgynoiw/","t3_1embj33","post","","lgynoiw","0","true","lgynoiw","fde9c3a31f667f72","","","false","false","","1","1","0","0","0","1723048441","2024-08-07T16:34:01+00:00","false","False","","false","false","false","false","Ik kan in tussen 9 en 5 van maandag tot vrijdag. Na die tijden kan ik meestal weer door.","Ik kan in tussen 9 en 5 van maandag tot vrijdag. Na die tijden kan ik meestal weer door.","88","19","","","","false","false","","","","","0","[THREAD_TITLE]
Kakt iedereen ook altijd rond 15:00 in?

[THREAD_BODY]
Op school of op werk, rond een uur of 15:00 kak ik altijd ontzettend in. Heeft iedereen hier last van of ben ik in de minderheid? Edit: ik drink geen cafeïne-houdende drankjes Edit2: ja ik heb ADHD

[CURRENT_RECORD]
Ik kan in tussen 9 en 5 van maandag tot vrijdag. Na die tijden kan ik meestal weer door."
"C:\Projects\Web\planner-tdah\research\reddit_data\reddit-nederlands-kakt_iedereen_ook_altijd_rond_1500_in.json","reddit-nederlands-kakt_iedereen_ook_altijd_rond_1500_in","1embj33","t3_1embj33","https://www.reddit.com/r/nederlands/comments/1embj33/kakt_iedereen_ook_altijd_rond_1500_in/","nederlands","r/nederlands","Kakt iedereen ook altijd rond 15:00 in?","Op school of op werk, rond een uur of 15:00 kak ik altijd ontzettend in. Heeft iedereen hier last van of ben ik in de minderheid? Edit: ik drink geen cafeïne-houdende drankjes Edit2: ja ik heb ADHD","","1723036615","2024-08-07T13:16:55+00:00","509","509","0.94","382","a341419102a9ef93","","reddit-nederlands-kakt_iedereen_ook_altijd_rond_1500_in:comment:lgynpop","comment","lgynpop","t1_lgynpop","https://www.reddit.com/r/nederlands/comments/1embj33/kakt_iedereen_ook_altijd_rond_1500_in/lgynpop/","/r/nederlands/comments/1embj33/kakt_iedereen_ook_altijd_rond_1500_in/lgynpop/","t3_1embj33","post","","lgynpop","0","true","lgynpop","8e2e485e90c5bc16","","","false","false","","1","1","0","0","0","1723048451","2024-08-07T16:34:11+00:00","false","False","","false","false","false","false","Ik word juist rond die tijd wakker. Je hebt niets aan mij tot de lunch. Daarna ben ik soort van aanwezig en rond 15:00 kan ik oprecht zeggen dat ik volledig functioneer.","Ik word juist rond die tijd wakker. Je hebt niets aan mij tot de lunch. Daarna ben ik soort van aanwezig en rond 15:00 kan ik oprecht zeggen dat ik volledig functioneer.","169","32","","","","false","false","","","","","10","[THREAD_TITLE]
Kakt iedereen ook altijd rond 15:00 in?

[THREAD_BODY]
Op school of op werk, rond een uur of 15:00 kak ik altijd ontzettend in. Heeft iedereen hier last van of ben ik in de minderheid? Edit: ik drink geen cafeïne-houdende drankjes Edit2: ja ik heb ADHD

[CURRENT_RECORD]
Ik word juist rond die tijd wakker. Je hebt niets aan mij tot de lunch. Daarna ben ik soort van aanwezig en rond 15:00 kan ik oprecht zeggen dat ik volledig functioneer."
"C:\Projects\Web\planner-tdah\research\reddit_data\reddit-nederlands-kakt_iedereen_ook_altijd_rond_1500_in.json","reddit-nederlands-kakt_iedereen_ook_altijd_rond_1500_in","1embj33","t3_1embj33","https://www.reddit.com/r/nederlands/comments/1embj33/kakt_iedereen_ook_altijd_rond_1500_in/","nederlands","r/nederlands","Kakt iedereen ook altijd rond 15:00 in?","Op school of op werk, rond een uur of 15:00 kak ik altijd ontzettend in. Heeft iedereen hier last van of ben ik in de minderheid? Edit: ik drink geen cafeïne-houdende drankjes Edit2: ja ik heb ADHD","","1723036615","2024-08-07T13:16:55+00:00","509","509","0.94","382","a341419102a9ef93","","reddit-nederlands-kakt_iedereen_ook_altijd_rond_1500_in:comment:lgypqcb","comment","lgypqcb","t1_lgypqcb","https://www.reddit.com/r/nederlands/comments/1embj33/kakt_iedereen_ook_altijd_rond_1500_in/lgypqcb/","/r/nederlands/comments/1embj33/kakt_iedereen_ook_altijd_rond_1500_in/lgypqcb/","t3_1embj33","post","","lgypqcb","0","true","lgypqcb","44b7a7c206a3aaff","","","false","false","","1","1","0","0","0","1723049070","2024-08-07T16:44:30+00:00","false","False","","false","false","false","false","IK !","IK !","4","2","","","","false","false","","","","","0","[THREAD_TITLE]
Kakt iedereen ook altijd rond 15:00 in?

[THREAD_BODY]
Op school of op werk, rond een uur of 15:00 kak ik altijd ontzettend in. Heeft iedereen hier last van of ben ik in de minderheid? Edit: ik drink geen cafeïne-houdende drankjes Edit2: ja ik heb ADHD

[CURRENT_RECORD]
IK !"
"C:\Projects\Web\planner-tdah\research\reddit_data\reddit-nederlands-kakt_iedereen_ook_altijd_rond_1500_in.json","reddit-nederlands-kakt_iedereen_ook_altijd_rond_1500_in","1embj33","t3_1embj33","https://www.reddit.com/r/nederlands/comments/1embj33/kakt_iedereen_ook_altijd_rond_1500_in/","nederlands","r/nederlands","Kakt iedereen ook altijd rond 15:00 in?","Op school of op werk, rond een uur of 15:00 kak ik altijd ontzettend in. Heeft iedereen hier last van of ben ik in de minderheid? Edit: ik drink geen cafeïne-houdende drankjes Edit2: ja ik heb ADHD","","1723036615","2024-08-07T13:16:55+00:00","509","509","0.94","382","a341419102a9ef93","","reddit-nederlands-kakt_iedereen_ook_altijd_rond_1500_in:comment:lgyqa6c","comment","lgyqa6c","t1_lgyqa6c","https://www.reddit.com/r/nederlands/comments/1embj33/kakt_iedereen_ook_altijd_rond_1500_in/lgyqa6c/","/r/nederlands/comments/1embj33/kakt_iedereen_ook_altijd_rond_1500_in/lgyqa6c/","t3_1embj33","post","","lgyqa6c","0","true","lgyqa6c","4c8dd2aa165cb160","","","false","false","","1","1","0","0","0","1723049237","2024-08-07T16:47:17+00:00","false","False","","false","false","false","false","Ik ben 15.00 al klaar met werken dus ik kak in maar dat kan ook gewoon.","Ik ben 15.00 al klaar met werken dus ik kak in maar dat kan ook gewoon.","71","16","","","","false","false","","","","","0","[THREAD_TITLE]
Kakt iedereen ook altijd rond 15:00 in?

[THREAD_BODY]
Op school of op werk, rond een uur of 15:00 kak ik altijd ontzettend in. Heeft iedereen hier last van of ben ik in de minderheid? Edit: ik drink geen cafeïne-houdende drankjes Edit2: ja ik heb ADHD

[CURRENT_RECORD]
Ik ben 15.00 al klaar met werken dus ik kak in maar dat kan ook gewoon."
"C:\Projects\Web\planner-tdah\research\reddit_data\reddit-nederlands-kakt_iedereen_ook_altijd_rond_1500_in.json","reddit-nederlands-kakt_iedereen_ook_altijd_rond_1500_in","1embj33","t3_1embj33","https://www.reddit.com/r/nederlands/comments/1embj33/kakt_iedereen_ook_altijd_rond_1500_in/","nederlands","r/nederlands","Kakt iedereen ook altijd rond 15:00 in?","Op school of op werk, rond een uur of 15:00 kak ik altijd ontzettend in. Heeft iedereen hier last van of ben ik in de minderheid? Edit: ik drink geen cafeïne-houdende drankjes Edit2: ja ik heb ADHD","","1723036615","2024-08-07T13:16:55+00:00","509","509","0.94","382","a341419102a9ef93","","reddit-nederlands-kakt_iedereen_ook_altijd_rond_1500_in:comment:lgyrgqj","comment","lgyrgqj","t1_lgyrgqj","https://www.reddit.com/r/nederlands/comments/1embj33/kakt_iedereen_ook_altijd_rond_1500_in/lgyrgqj/","/r/nederlands/comments/1embj33/kakt_iedereen_ook_altijd_rond_1500_in/lgyrgqj/","t3_1embj33","post","","lgyrgqj","0","true","lgyrgqj","2a38e5b1afe39b30","","","false","false","","1","1","0","0","0","1723049593","2024-08-07T16:53:13+00:00","false","False","","false","false","false","false","Sinds ik niet meer lunch trek ik t wel goed zonder inkakken","Sinds ik niet meer lunch trek ik t wel goed zonder inkakken","59","12","","","","false","false","","","","","0","[THREAD_TITLE]
Kakt iedereen ook altijd rond 15:00 in?

[THREAD_BODY]
Op school of op werk, rond een uur of 15:00 kak ik altijd ontzettend in. Heeft iedereen hier last van of ben ik in de minderheid? Edit: ik drink geen cafeïne-houdende drankjes Edit2: ja ik heb ADHD

[CURRENT_RECORD]
Sinds ik niet meer lunch trek ik t wel goed zonder inkakken"
"C:\Projects\Web\planner-tdah\research\reddit_data\reddit-nederlands-kakt_iedereen_ook_altijd_rond_1500_in.json","reddit-nederlands-kakt_iedereen_ook_altijd_rond_1500_in","1embj33","t3_1embj33","https://www.reddit.com/r/nederlands/comments/1embj33/kakt_iedereen_ook_altijd_rond_1500_in/","nederlands","r/nederlands","Kakt iedereen ook altijd rond 15:00 in?","Op school of op werk, rond een uur of 15:00 kak ik altijd ontzettend in. Heeft iedereen hier last van of ben ik in de minderheid? Edit: ik drink geen cafeïne-houdende drankjes Edit2: ja ik heb ADHD","","1723036615","2024-08-07T13:16:55+00:00","509","509","0.94","382","a341419102a9ef93","","reddit-nederlands-kakt_iedereen_ook_altijd_rond_1500_in:comment:lgys1cn","comment","lgys1cn","t1_lgys1cn","https://www.reddit.com/r/nederlands/comments/1embj33/kakt_iedereen_ook_altijd_rond_1500_in/lgys1cn/","/r/nederlands/comments/1embj33/kakt_iedereen_ook_altijd_rond_1500_in/lgys1cn/","t3_1embj33","post","","lgys1cn","0","true","lgys1cn","eff58edd977ecdb9","","","false","false","","1","1","0","0","0","1723049766","2024-08-07T16:56:06+00:00","false","False","","false","false","false","false","Ligt eraan hoe druk het is,als het druk is heb ik er geen last van.Meestal kak.ik even in na het avondeten. Het overslaan is geen optie lol.","Ligt eraan hoe druk het is,als het druk is heb ik er geen last van.Meestal kak.ik even in na het avondeten. Het overslaan is geen optie lol.","140","27","","","","false","false","","","","","10","[THREAD_TITLE]
Kakt iedereen ook altijd rond 15:00 in?

[THREAD_BODY]
Op school of op werk, rond een uur of 15:00 kak ik altijd ontzettend in. Heeft iedereen hier last van of ben ik in de minderheid? Edit: ik drink geen cafeïne-houdende drankjes Edit2: ja ik heb ADHD

[CURRENT_RECORD]
Ligt eraan hoe druk het is,als het druk is heb ik er geen last van.Meestal kak.ik even in na het avondeten. Het overslaan is geen optie lol."
"C:\Projects\Web\planner-tdah\research\reddit_data\reddit-nederlands-kakt_iedereen_ook_altijd_rond_1500_in.json","reddit-nederlands-kakt_iedereen_ook_altijd_rond_1500_in","1embj33","t3_1embj33","https://www.reddit.com/r/nederlands/comments/1embj33/kakt_iedereen_ook_altijd_rond_1500_in/","nederlands","r/nederlands","Kakt iedereen ook altijd rond 15:00 in?","Op school of op werk, rond een uur of 15:00 kak ik altijd ontzettend in. Heeft iedereen hier last van of ben ik in de minderheid? Edit: ik drink geen cafeïne-houdende drankjes Edit2: ja ik heb ADHD","","1723036615","2024-08-07T13:16:55+00:00","509","509","0.94","382","a341419102a9ef93","","reddit-nederlands-kakt_iedereen_ook_altijd_rond_1500_in:comment:lgysgel","comment","lgysgel","t1_lgysgel","https://www.reddit.com/r/nederlands/comments/1embj33/kakt_iedereen_ook_altijd_rond_1500_in/lgysgel/","/r/nederlands/comments/1embj33/kakt_iedereen_ook_altijd_rond_1500_in/lgysgel/","t3_1embj33","post","","lgysgel","0","true","lgysgel","c6cfb2072fba3e6c","","","false","false","","1","1","0","0","0","1723049890","2024-08-07T16:58:10+00:00","false","False","","false","false","false","false","Ik leg m’n kakske wanneer ik moet heb geen vaste tijd wanneer ik moet kakken","Ik leg m’n kakske wanneer ik moet heb geen vaste tijd wanneer ik moet kakken","76","15","","","","false","false","","","","","0","[THREAD_TITLE]
Kakt iedereen ook altijd rond 15:00 in?

[THREAD_BODY]
Op school of op werk, rond een uur of 15:00 kak ik altijd ontzettend in. Heeft iedereen hier last van of ben ik in de minderheid? Edit: ik drink geen cafeïne-houdende drankjes Edit2: ja ik heb ADHD

[CURRENT_RECORD]
Ik leg m’n kakske wanneer ik moet heb geen vaste tijd wanneer ik moet kakken"
"C:\Projects\Web\planner-tdah\research\reddit_data\reddit-nederlands-kakt_iedereen_ook_altijd_rond_1500_in.json","reddit-nederlands-kakt_iedereen_ook_altijd_rond_1500_in","1embj33","t3_1embj33","https://www.reddit.com/r/nederlands/comments/1embj33/kakt_iedereen_ook_altijd_rond_1500_in/","nederlands","r/nederlands","Kakt iedereen ook altijd rond 15:00 in?","Op school of op werk, rond een uur of 15:00 kak ik altijd ontzettend in. Heeft iedereen hier last van of ben ik in de minderheid? Edit: ik drink geen cafeïne-houdende drankjes Edit2: ja ik heb ADHD","","1723036615","2024-08-07T13:16:55+00:00","509","509","0.94","382","a341419102a9ef93","","reddit-nederlands-kakt_iedereen_ook_altijd_rond_1500_in:comment:lgytlnp","comment","lgytlnp","t1_lgytlnp","https://www.reddit.com/r/nederlands/comments/1embj33/kakt_iedereen_ook_altijd_rond_1500_in/lgytlnp/","/r/nederlands/comments/1embj33/kakt_iedereen_ook_altijd_rond_1500_in/lgytlnp/","t3_1embj33","post","","lgytlnp","0","true","lgytlnp","dd67df5c48ca80db","","","false","false","","1","1","0","0","0","1723050239","2024-08-07T17:03:59+00:00","false","False","","false","false","false","false","Als ik brood, pasta of andere merkproducten van lage kwaliteit eet kak ik ook in. Overgegaan op rijst of linzen in een lunchbox en minder problemen.","Als ik brood, pasta of andere merkproducten van lage kwaliteit eet kak ik ook in. Overgegaan op rijst of linzen in een lunchbox en minder problemen.","148","26","","","","false","false","","","","","10","[THREAD_TITLE]
Kakt iedereen ook altijd rond 15:00 in?

[THREAD_BODY]
Op school of op werk, rond een uur of 15:00 kak ik altijd ontzettend in. Heeft iedereen hier last van of ben ik in de minderheid? Edit: ik drink geen cafeïne-houdende drankjes Edit2: ja ik heb ADHD

[CURRENT_RECORD]
Als ik brood, pasta of andere merkproducten van lage kwaliteit eet kak ik ook in. Overgegaan op rijst of linzen in een lunchbox en minder problemen."
"C:\Projects\Web\planner-tdah\research\reddit_data\reddit-nederlands-kakt_iedereen_ook_altijd_rond_1500_in.json","reddit-nederlands-kakt_iedereen_ook_altijd_rond_1500_in","1embj33","t3_1embj33","https://www.reddit.com/r/nederlands/comments/1embj33/kakt_iedereen_ook_altijd_rond_1500_in/","nederlands","r/nederlands","Kakt iedereen ook altijd rond 15:00 in?","Op school of op werk, rond een uur of 15:00 kak ik altijd ontzettend in. Heeft iedereen hier last van of ben ik in de minderheid? Edit: ik drink geen cafeïne-houdende drankjes Edit2: ja ik heb ADHD","","1723036615","2024-08-07T13:16:55+00:00","509","509","0.94","382","a341419102a9ef93","","reddit-nederlands-kakt_iedereen_ook_altijd_rond_1500_in:comment:lgytqd3","comment","lgytqd3","t1_lgytqd3","https://www.reddit.com/r/nederlands/comments/1embj33/kakt_iedereen_ook_altijd_rond_1500_in/lgytqd3/","/r/nederlands/comments/1embj33/kakt_iedereen_ook_altijd_rond_1500_in/lgytqd3/","t3_1embj33","post","","lgytqd3","0","true","lgytqd3","cf4bef7355659797","","","false","false","","1","1","0","0","0","1723050278","2024-08-07T17:04:38+00:00","false","False","","false","false","false","false","Nee eigenlijk niet.","Nee eigenlijk niet.","19","3","","","","false","false","","","","","0","[THREAD_TITLE]
Kakt iedereen ook altijd rond 15:00 in?

[THREAD_BODY]
Op school of op werk, rond een uur of 15:00 kak ik altijd ontzettend in. Heeft iedereen hier last van of ben ik in de minderheid? Edit: ik drink geen cafeïne-houdende drankjes Edit2: ja ik heb ADHD

[CURRENT_RECORD]
Nee eigenlijk niet."
"C:\Projects\Web\planner-tdah\research\reddit_data\reddit-nederlands-kakt_iedereen_ook_altijd_rond_1500_in.json","reddit-nederlands-kakt_iedereen_ook_altijd_rond_1500_in","1embj33","t3_1embj33","https://www.reddit.com/r/nederlands/comments/1embj33/kakt_iedereen_ook_altijd_rond_1500_in/","nederlands","r/nederlands","Kakt iedereen ook altijd rond 15:00 in?","Op school of op werk, rond een uur of 15:00 kak ik altijd ontzettend in. Heeft iedereen hier last van of ben ik in de minderheid? Edit: ik drink geen cafeïne-houdende drankjes Edit2: ja ik heb ADHD","","1723036615","2024-08-07T13:16:55+00:00","509","509","0.94","382","a341419102a9ef93","","reddit-nederlands-kakt_iedereen_ook_altijd_rond_1500_in:comment:lgyu57z","comment","lgyu57z","t1_lgyu57z","https://www.reddit.com/r/nederlands/comments/1embj33/kakt_iedereen_ook_altijd_rond_1500_in/lgyu57z/","/r/nederlands/comments/1embj33/kakt_iedereen_ook_altijd_rond_1500_in/lgyu57z/","t3_1embj33","post","","lgyu57z","0","true","lgyu57z","a4ce01346d8a6822","","","false","false","","1","1","0","0","0","1723050405","2024-08-07T17:06:45+00:00","false","False","","false","false","false","false","Als ik een vroege dienst heb (begint om 7 uur) dan heb ik mijn inkakmoment rond 1 a 2 uur. Mijn remedie is een wandeling maken dus dan trommel ik wat cliënten en/of collega's op om even een rondje door het bos te maken. Maar niet als het zo warm is zoals nu, want dan werkt het juist averechts. Een ijsje is dan een fijn alternatief.","Als ik een vroege dienst heb (begint om 7 uur) dan heb ik mijn inkakmoment rond 1 a 2 uur. Mijn remedie is een wandeling maken dus dan trommel ik wat cliënten en/of collega's op om even een rondje door het bos te maken. Maar niet als het zo warm is zoals nu, want dan werkt het j…","333","66","","","","false","false","","","","","10","[THREAD_TITLE]
Kakt iedereen ook altijd rond 15:00 in?

[THREAD_BODY]
Op school of op werk, rond een uur of 15:00 kak ik altijd ontzettend in. Heeft iedereen hier last van of ben ik in de minderheid? Edit: ik drink geen cafeïne-houdende drankjes Edit2: ja ik heb ADHD

[CURRENT_RECORD]
Als ik een vroege dienst heb (begint om 7 uur) dan heb ik mijn inkakmoment rond 1 a 2 uur. Mijn remedie is een wandeling maken dus dan trommel ik wat cliënten en/of collega's op om even een rondje door het bos te maken. Maar niet als het zo warm is zoals nu, want dan werkt het juist averechts. Een ijsje is dan een fijn alternatief."
"C:\Projects\Web\planner-tdah\research\reddit_data\reddit-nederlands-kakt_iedereen_ook_altijd_rond_1500_in.json","reddit-nederlands-kakt_iedereen_ook_altijd_rond_1500_in","1embj33","t3_1embj33","https://www.reddit.com/r/nederlands/comments/1embj33/kakt_iedereen_ook_altijd_rond_1500_in/","nederlands","r/nederlands","Kakt iedereen ook altijd rond 15:00 in?","Op school of op werk, rond een uur of 15:00 kak ik altijd ontzettend in. Heeft iedereen hier last van of ben ik in de minderheid? Edit: ik drink geen cafeïne-houdende drankjes Edit2: ja ik heb ADHD","","1723036615","2024-08-07T13:16:55+00:00","509","509","0.94","382","a341419102a9ef93","","reddit-nederlands-kakt_iedereen_ook_altijd_rond_1500_in:comment:lgyu5xw","comment","lgyu5xw","t1_lgyu5xw","https://www.reddit.com/r/nederlands/comments/1embj33/kakt_iedereen_ook_altijd_rond_1500_in/lgyu5xw/","/r/nederlands/comments/1embj33/kakt_iedereen_ook_altijd_rond_1500_in/lgyu5xw/","t3_1embj33","post","","lgyu5xw","0","true","lgyu5xw","2d71c6b73534bc3e","","","false","false","","1","1","0","0","0","1723050411","2024-08-07T17:06:51+00:00","false","False","","false","false","false","false","Nee vaak rond 11 kak ik in en kikker ik weer op een uur later. Dan weer om 2 en dan rond 4 kikker ik weer ietsjes op om vervolgens weer in te kakken. Rond 8 uur kikker ik weer op en dan kak ik voor de laatste keer weer in rond 10. Het is net een wipwap. Als ik echt een lekker dag heb gehad dan is de aantal in kak momenten minder. Ligt ook aan hoe goed ik geslapen heb natuurlijk.","Nee vaak rond 11 kak ik in en kikker ik weer op een uur later. Dan weer om 2 en dan rond 4 kikker ik weer ietsjes op om vervolgens weer in te kakken. Rond 8 uur kikker ik weer op en dan kak ik voor de laatste keer weer in rond 10. Het is net een wipwap. Als ik echt een lekker da…","381","83","","","","false","false","","","","","20","[THREAD_TITLE]
Kakt iedereen ook altijd rond 15:00 in?

[THREAD_BODY]
Op school of op werk, rond een uur of 15:00 kak ik altijd ontzettend in. Heeft iedereen hier last van of ben ik in de minderheid? Edit: ik drink geen cafeïne-houdende drankjes Edit2: ja ik heb ADHD

[CURRENT_RECORD]
Nee vaak rond 11 kak ik in en kikker ik weer op een uur later. Dan weer om 2 en dan rond 4 kikker ik weer ietsjes op om vervolgens weer in te kakken. Rond 8 uur kikker ik weer op en dan kak ik voor de laatste keer weer in rond 10. Het is net een wipwap. Als ik echt een lekker dag heb gehad dan is de aantal in kak momenten minder. Ligt ook aan hoe goed ik geslapen heb natuurlijk."
"C:\Projects\Web\planner-tdah\research\reddit_data\reddit-nederlands-kakt_iedereen_ook_altijd_rond_1500_in.json","reddit-nederlands-kakt_iedereen_ook_altijd_rond_1500_in","1embj33","t3_1embj33","https://www.reddit.com/r/nederlands/comments/1embj33/kakt_iedereen_ook_altijd_rond_1500_in/","nederlands","r/nederlands","Kakt iedereen ook altijd rond 15:00 in?","Op school of op werk, rond een uur of 15:00 kak ik altijd ontzettend in. Heeft iedereen hier last van of ben ik in de minderheid? Edit: ik drink geen cafeïne-houdende drankjes Edit2: ja ik heb ADHD","","1723036615","2024-08-07T13:16:55+00:00","509","509","0.94","382","a341419102a9ef93","","reddit-nederlands-kakt_iedereen_ook_altijd_rond_1500_in:comment:lgyutw2","comment","lgyutw2","t1_lgyutw2","https://www.reddit.com/r/nederlands/comments/1embj33/kakt_iedereen_ook_altijd_rond_1500_in/lgyutw2/","/r/nederlands/comments/1embj33/kakt_iedereen_ook_altijd_rond_1500_in/lgyutw2/","t3_1embj33","post","","lgyutw2","0","true","lgyutw2","8206becad5500d12","","","false","false","","1","1","0","0","0","1723050613","2024-08-07T17:10:13+00:00","false","False","","false","false","false","false","Nee, altijd tussen 18u en 19u in","Nee, altijd tussen 18u en 19u in","32","7","","","","false","false","","","","","0","[THREAD_TITLE]
Kakt iedereen ook altijd rond 15:00 in?

[THREAD_BODY]
Op school of op werk, rond een uur of 15:00 kak ik altijd ontzettend in. Heeft iedereen hier last van of ben ik in de minderheid? Edit: ik drink geen cafeïne-houdende drankjes Edit2: ja ik heb ADHD

[CURRENT_RECORD]
Nee, altijd tussen 18u en 19u in"
"C:\Projects\Web\planner-tdah\research\reddit_data\reddit-nederlands-kakt_iedereen_ook_altijd_rond_1500_in.json","reddit-nederlands-kakt_iedereen_ook_altijd_rond_1500_in","1embj33","t3_1embj33","https://www.reddit.com/r/nederlands/comments/1embj33/kakt_iedereen_ook_altijd_rond_1500_in/","nederlands","r/nederlands","Kakt iedereen ook altijd rond 15:00 in?","Op school of op werk, rond een uur of 15:00 kak ik altijd ontzettend in. Heeft iedereen hier last van of ben ik in de minderheid? Edit: ik drink geen cafeïne-houdende drankjes Edit2: ja ik heb ADHD","","1723036615","2024-08-07T13:16:55+00:00","509","509","0.94","382","a341419102a9ef93","","reddit-nederlands-kakt_iedereen_ook_altijd_rond_1500_in:comment:lgyvf36","comment","lgyvf36","t1_lgyvf36","https://www.reddit.com/r/nederlands/comments/1embj33/kakt_iedereen_ook_altijd_rond_1500_in/lgyvf36/","/r/nederlands/comments/1embj33/kakt_iedereen_ook_altijd_rond_1500_in/lgyvf36/","t3_1embj33","post","","lgyvf36","0","true","lgyvf36","fb59a4af54f485ef","","","false","false","","1","1","0","0","0","1723050790","2024-08-07T17:13:10+00:00","false","False","","false","false","false","false","Ik jammer genoeg meestal eerder, maar ik heb ook autisme en adhd dus overprikkeling heeft daar ook mee te maken :'(","Ik jammer genoeg meestal eerder, maar ik heb ook autisme en adhd dus overprikkeling heeft daar ook mee te maken :'(","115","21","","","","false","false","","adhd","","mentions_pain_or_friction","15","[THREAD_TITLE]
Kakt iedereen ook altijd rond 15:00 in?

[THREAD_BODY]
Op school of op werk, rond een uur of 15:00 kak ik altijd ontzettend in. Heeft iedereen hier last van of ben ik in de minderheid? Edit: ik drink geen cafeïne-houdende drankjes Edit2: ja ik heb ADHD

[CURRENT_RECORD]
Ik jammer genoeg meestal eerder, maar ik heb ook autisme en adhd dus overprikkeling heeft daar ook mee te maken :'("
"C:\Projects\Web\planner-tdah\research\reddit_data\reddit-nederlands-kakt_iedereen_ook_altijd_rond_1500_in.json","reddit-nederlands-kakt_iedereen_ook_altijd_rond_1500_in","1embj33","t3_1embj33","https://www.reddit.com/r/nederlands/comments/1embj33/kakt_iedereen_ook_altijd_rond_1500_in/","nederlands","r/nederlands","Kakt iedereen ook altijd rond 15:00 in?","Op school of op werk, rond een uur of 15:00 kak ik altijd ontzettend in. Heeft iedereen hier last van of ben ik in de minderheid? Edit: ik drink geen cafeïne-houdende drankjes Edit2: ja ik heb ADHD","","1723036615","2024-08-07T13:16:55+00:00","509","509","0.94","382","a341419102a9ef93","","reddit-nederlands-kakt_iedereen_ook_altijd_rond_1500_in:comment:lgyvhkm","comment","lgyvhkm","t1_lgyvhkm","https://www.reddit.com/r/nederlands/comments/1embj33/kakt_iedereen_ook_altijd_rond_1500_in/lgyvhkm/","/r/nederlands/comments/1embj33/kakt_iedereen_ook_altijd_rond_1500_in/lgyvhkm/","t3_1embj33","post","","lgyvhkm","0","true","lgyvhkm","b42ebd94abf4cb38","","","false","false","","1","1","0","0","0","1723050812","2024-08-07T17:13:32+00:00","false","False","","false","false","false","false","Ik word sinds +-2 jaar (nu 33) rond het middaguur ontzettend vermoeid. Tot op het punt dat ik eigenlijk alleen nog kan slapen. Ik ben er inmiddels achter dat ik er geen last van heb als maar minimaal koolhydraten eet voor lunch. Dus geen brood, pasta, aardappels, donuts etc, maar bijvoorbeeld wel koolhydraten uit groenten.","Ik word sinds +-2 jaar (nu 33) rond het middaguur ontzettend vermoeid. Tot op het punt dat ik eigenlijk alleen nog kan slapen. Ik ben er inmiddels achter dat ik er geen last van heb als maar minimaal koolhydraten eet voor lunch. Dus geen brood, pasta, aardappels, donuts etc, maa…","324","55","","","","false","false","app","","","mentions_planner_or_system","14","[THREAD_TITLE]
Kakt iedereen ook altijd rond 15:00 in?

[THREAD_BODY]
Op school of op werk, rond een uur of 15:00 kak ik altijd ontzettend in. Heeft iedereen hier last van of ben ik in de minderheid? Edit: ik drink geen cafeïne-houdende drankjes Edit2: ja ik heb ADHD

[CURRENT_RECORD]
Ik word sinds +-2 jaar (nu 33) rond het middaguur ontzettend vermoeid. Tot op het punt dat ik eigenlijk alleen nog kan slapen. Ik ben er inmiddels achter dat ik er geen last van heb als maar minimaal koolhydraten eet voor lunch. Dus geen brood, pasta, aardappels, donuts etc, maar bijvoorbeeld wel koolhydraten uit groenten."
"C:\Projects\Web\planner-tdah\research\reddit_data\reddit-nederlands-kakt_iedereen_ook_altijd_rond_1500_in.json","reddit-nederlands-kakt_iedereen_ook_altijd_rond_1500_in","1embj33","t3_1embj33","https://www.reddit.com/r/nederlands/comments/1embj33/kakt_iedereen_ook_altijd_rond_1500_in/","nederlands","r/nederlands","Kakt iedereen ook altijd rond 15:00 in?","Op school of op werk, rond een uur of 15:00 kak ik altijd ontzettend in. Heeft iedereen hier last van of ben ik in de minderheid? Edit: ik drink geen cafeïne-houdende drankjes Edit2: ja ik heb ADHD","","1723036615","2024-08-07T13:16:55+00:00","509","509","0.94","382","a341419102a9ef93","","reddit-nederlands-kakt_iedereen_ook_altijd_rond_1500_in:comment:lgyvxuh","comment","lgyvxuh","t1_lgyvxuh","https://www.reddit.com/r/nederlands/comments/1embj33/kakt_iedereen_ook_altijd_rond_1500_in/lgyvxuh/","/r/nederlands/comments/1embj33/kakt_iedereen_ook_altijd_rond_1500_in/lgyvxuh/","t3_1embj33","post","","lgyvxuh","0","true","lgyvxuh","8cde2d3df675f523","","","false","false","","1","1","0","0","0","1723050947","2024-08-07T17:15:47+00:00","false","False","","false","false","false","false","Nee geen last van. Eet je wel goed? Serieuze vraag overigens.","Nee geen last van. Eet je wel goed? Serieuze vraag overigens.","61","11","","","","true","false","","","","contains_question","0","[THREAD_TITLE]
Kakt iedereen ook altijd rond 15:00 in?

[THREAD_BODY]
Op school of op werk, rond een uur of 15:00 kak ik altijd ontzettend in. Heeft iedereen hier last van of ben ik in de minderheid? Edit: ik drink geen cafeïne-houdende drankjes Edit2: ja ik heb ADHD

[CURRENT_RECORD]
Nee geen last van. Eet je wel goed? Serieuze vraag overigens."
"C:\Projects\Web\planner-tdah\research\reddit_data\reddit-nederlands-kakt_iedereen_ook_altijd_rond_1500_in.json","reddit-nederlands-kakt_iedereen_ook_altijd_rond_1500_in","1embj33","t3_1embj33","https://www.reddit.com/r/nederlands/comments/1embj33/kakt_iedereen_ook_altijd_rond_1500_in/","nederlands","r/nederlands","Kakt iedereen ook altijd rond 15:00 in?","Op school of op werk, rond een uur of 15:00 kak ik altijd ontzettend in. Heeft iedereen hier last van of ben ik in de minderheid? Edit: ik drink geen cafeïne-houdende drankjes Edit2: ja ik heb ADHD","","1723036615","2024-08-07T13:16:55+00:00","509","509","0.94","382","a341419102a9ef93","","reddit-nederlands-kakt_iedereen_ook_altijd_rond_1500_in:comment:lgyw0wb","comment","lgyw0wb","t1_lgyw0wb","https://www.reddit.com/r/nederlands/comments/1embj33/kakt_iedereen_ook_altijd_rond_1500_in/lgyw0wb/","/r/nederlands/comments/1embj33/kakt_iedereen_ook_altijd_rond_1500_in/lgyw0wb/","t3_1embj33","post","","lgyw0wb","0","true","lgyw0wb","1f2e5c84b90d0059","","","false","false","","1","1","0","0","0","1723050972","2024-08-07T17:16:12+00:00","false","False","","false","false","false","false","Komt door te veel koolhydraten tijdens lunch of ontbijt. Glucose-dip. Eet meer eiwit en vet. Dat zorgt voor stabieler energie.","Komt door te veel koolhydraten tijdens lunch of ontbijt. Glucose-dip. Eet meer eiwit en vet. Dat zorgt voor stabieler energie.","126","20","","","","false","false","","","","","10","[THREAD_TITLE]
Kakt iedereen ook altijd rond 15:00 in?

[THREAD_BODY]
Op school of op werk, rond een uur of 15:00 kak ik altijd ontzettend in. Heeft iedereen hier last van of ben ik in de minderheid? Edit: ik drink geen cafeïne-houdende drankjes Edit2: ja ik heb ADHD

[CURRENT_RECORD]
Komt door te veel koolhydraten tijdens lunch of ontbijt. Glucose-dip. Eet meer eiwit en vet. Dat zorgt voor stabieler energie."
"C:\Projects\Web\planner-tdah\research\reddit_data\reddit-nederlands-kakt_iedereen_ook_altijd_rond_1500_in.json","reddit-nederlands-kakt_iedereen_ook_altijd_rond_1500_in","1embj33","t3_1embj33","https://www.reddit.com/r/nederlands/comments/1embj33/kakt_iedereen_ook_altijd_rond_1500_in/","nederlands","r/nederlands","Kakt iedereen ook altijd rond 15:00 in?","Op school of op werk, rond een uur of 15:00 kak ik altijd ontzettend in. Heeft iedereen hier last van of ben ik in de minderheid? Edit: ik drink geen cafeïne-houdende drankjes Edit2: ja ik heb ADHD","","1723036615","2024-08-07T13:16:55+00:00","509","509","0.94","382","a341419102a9ef93","","reddit-nederlands-kakt_iedereen_ook_altijd_rond_1500_in:comment:lgyw6gj","comment","lgyw6gj","t1_lgyw6gj","https://www.reddit.com/r/nederlands/comments/1embj33/kakt_iedereen_ook_altijd_rond_1500_in/lgyw6gj/","/r/nederlands/comments/1embj33/kakt_iedereen_ook_altijd_rond_1500_in/lgyw6gj/","t3_1embj33","post","","lgyw6gj","0","true","lgyw6gj","878058156bcafd8a","","","false","false","","1","1","0","0","0","1723051019","2024-08-07T17:16:59+00:00","false","False","","false","false","false","false","Hij is weer heerlijk Coby","Hij is weer heerlijk Coby","25","5","","","","false","false","","","","","0","[THREAD_TITLE]
Kakt iedereen ook altijd rond 15:00 in?

[THREAD_BODY]
Op school of op werk, rond een uur of 15:00 kak ik altijd ontzettend in. Heeft iedereen hier last van of ben ik in de minderheid? Edit: ik drink geen cafeïne-houdende drankjes Edit2: ja ik heb ADHD

[CURRENT_RECORD]
Hij is weer heerlijk Coby"
"C:\Projects\Web\planner-tdah\research\reddit_data\reddit-nederlands-kakt_iedereen_ook_altijd_rond_1500_in.json","reddit-nederlands-kakt_iedereen_ook_altijd_rond_1500_in","1embj33","t3_1embj33","https://www.reddit.com/r/nederlands/comments/1embj33/kakt_iedereen_ook_altijd_rond_1500_in/","nederlands","r/nederlands","Kakt iedereen ook altijd rond 15:00 in?","Op school of op werk, rond een uur of 15:00 kak ik altijd ontzettend in. Heeft iedereen hier last van of ben ik in de minderheid? Edit: ik drink geen cafeïne-houdende drankjes Edit2: ja ik heb ADHD","","1723036615","2024-08-07T13:16:55+00:00","509","509","0.94","382","a341419102a9ef93","","reddit-nederlands-kakt_iedereen_ook_altijd_rond_1500_in:comment:lgyw77b","comment","lgyw77b","t1_lgyw77b","https://www.reddit.com/r/nederlands/comments/1embj33/kakt_iedereen_ook_altijd_rond_1500_in/lgyw77b/","/r/nederlands/comments/1embj33/kakt_iedereen_ook_altijd_rond_1500_in/lgyw77b/","t3_1embj33","post","","lgyw77b","0","true","lgyw77b","f827b771a1d45129","","","false","false","","1","1","0","0","0","1723051025","2024-08-07T17:17:05+00:00","false","False","","false","false","false","false","Minder brood, meer sla.","Minder brood, meer sla.","23","4","","","","false","false","","","","","0","[THREAD_TITLE]
Kakt iedereen ook altijd rond 15:00 in?

[THREAD_BODY]
Op school of op werk, rond een uur of 15:00 kak ik altijd ontzettend in. Heeft iedereen hier last van of ben ik in de minderheid? Edit: ik drink geen cafeïne-houdende drankjes Edit2: ja ik heb ADHD

[CURRENT_RECORD]
Minder brood, meer sla."
"C:\Projects\Web\planner-tdah\research\reddit_data\reddit-nederlands-kakt_iedereen_ook_altijd_rond_1500_in.json","reddit-nederlands-kakt_iedereen_ook_altijd_rond_1500_in","1embj33","t3_1embj33","https://www.reddit.com/r/nederlands/comments/1embj33/kakt_iedereen_ook_altijd_rond_1500_in/","nederlands","r/nederlands","Kakt iedereen ook altijd rond 15:00 in?","Op school of op werk, rond een uur of 15:00 kak ik altijd ontzettend in. Heeft iedereen hier last van of ben ik in de minderheid? Edit: ik drink geen cafeïne-houdende drankjes Edit2: ja ik heb ADHD","","1723036615","2024-08-07T13:16:55+00:00","509","509","0.94","382","a341419102a9ef93","","reddit-nederlands-kakt_iedereen_ook_altijd_rond_1500_in:comment:lgyxet1","comment","lgyxet1","t1_lgyxet1","https://www.reddit.com/r/nederlands/comments/1embj33/kakt_iedereen_ook_altijd_rond_1500_in/lgyxet1/","/r/nederlands/comments/1embj33/kakt_iedereen_ook_altijd_rond_1500_in/lgyxet1/","t3_1embj33","post","","lgyxet1","0","true","lgyxet1","8f5edcdfa357663c","","","false","false","","1","1","0","0","0","1723051390","2024-08-07T17:23:10+00:00","false","False","","false","false","false","false","Ik meestal om 1330 al, maar slaap vaak kut","Ik meestal om 1330 al, maar slaap vaak kut","42","9","","","","false","false","","","","","0","[THREAD_TITLE]
Kakt iedereen ook altijd rond 15:00 in?

[THREAD_BODY]
Op school of op werk, rond een uur of 15:00 kak ik altijd ontzettend in. Heeft iedereen hier last van of ben ik in de minderheid? Edit: ik drink geen cafeïne-houdende drankjes Edit2: ja ik heb ADHD

[CURRENT_RECORD]
Ik meestal om 1330 al, maar slaap vaak kut"
