"source_file","source_file_stem","thread_id","thread_fullname","thread_url","subreddit","subreddit_prefixed","thread_title","thread_selftext_clean","thread_flair","thread_created_utc","thread_created_iso","thread_score","thread_ups","thread_upvote_ratio","thread_num_comments","thread_author_hash","thread_author_public","record_id","record_type","comment_id","comment_fullname","comment_url","comment_permalink","parent_id_raw","parent_type","parent_comment_id","root_comment_id","depth","is_top_level","path_ids","author_hash","author_public","author_flair_text","is_submitter","stickied","distinguished","score","ups","downs","controversiality","reply_count_direct","created_utc","created_iso","edited","edited_utc","edited_iso","collapsed","locked","archived","score_hidden","body_clean","body_excerpt_280","body_length_chars","body_word_count","parent_body_excerpt","root_body_excerpt","text_urls","contains_question","contains_recommendation_language","planner_terms_found","pain_terms_found","feature_terms_found","signal_tags","relevance_score_0_100","text_for_ai"
"C:\Projects\Web\planner-tdah\research\reddit_data\reddit-PKMS-settling_on_a_pkm_for_the_adhdriddled_student_who.json","reddit-PKMS-settling_on_a_pkm_for_the_adhdriddled_student_who","1b5yqzm","t3_1b5yqzm","https://www.reddit.com/r/PKMS/comments/1b5yqzm/settling_on_a_pkm_for_the_adhdriddled_student_who/","PKMS","r/PKMS","Settling on a PKM... for the ADHD-riddled student who is currently trying 7 PKMs at once.","Hey everyone :) I have been heavy in the productivity space for years, and have tried pretty much every tool in the book, from to-do lists, calendar apps, PKMs, all-in-ones... I can't think of any I haven't tried (except the ones where I'm still on the waitlist, such as Lazy.so). I have slowly settled on calendar/gtd tools, with Things 3 and Fantastical being long-time favorites. But, PKM tools are another story... I have struggled over the last year to settle on a single PKM tool as a second brain. Notion: didn't like how slow it felt, and it honestly felt like I spent 90% of my time ""optimizing"" the experience, just or me to barely use it. Evernote: seems nice but also outdated, and I'm afraid to pay the $130 for a (supposedly?) dying software with a diminishing community. Obsidian: honestly still optimizing, and don't feel like it fits the ""quick capture"" functionality I look for. Apple Notes: perfect for a quick capture, but not enough functionality for me at the moment... you all get the point. So, what do you all use, and why have you settled on that tool? And, what recommendations do you have for my needs? I want an app that is primarily for knowledge management, has a quick/easy way to capture thoughts on the go, local notes that I can use offline, and I'm not sure if visual aids are necessarily my thing yet. I also am not necessarily in need for study aids, as I am an Anki power-user. Finally, I am also not afraid to pay a pretty penny to ensure I can leave this whole ""quest for management"" behind. Thanks, excited to hear what you all have to say :)","Discussion","1709517152","2024-03-04T01:52:32+00:00","37","37","0.96","59","4e357a1493fe14bb","","reddit-PKMS-settling_on_a_pkm_for_the_adhdriddled_student_who:post:1b5yqzm","thread_post","","","https://www.reddit.com/r/PKMS/comments/1b5yqzm/settling_on_a_pkm_for_the_adhdriddled_student_who/","/r/PKMS/comments/1b5yqzm/settling_on_a_pkm_for_the_adhdriddled_student_who/","","","","","","","","4e357a1493fe14bb","","","true","false","","37","37","0","","","1709517152","2024-03-04T01:52:32+00:00","false","False","","","false","false","false","Settling on a PKM... for the ADHD-riddled student who is currently trying 7 PKMs at once. Hey everyone :) I have been heavy in the productivity space for years, and have tried pretty much every tool in the book, from to-do lists, calendar apps, PKMs, all-in-ones... I can't think of any I haven't tried (except the ones where I'm still on the waitlist, such as Lazy.so). I have slowly settled on calendar/gtd tools, with Things 3 and Fantastical being long-time favorites. But, PKM tools are another story... I have struggled over the last year to settle on a single PKM tool as a second brain. Notion: didn't like how slow it felt, and it honestly felt like I spent 90% of my time ""optimizing"" the experience, just or me to barely use it. Evernote: seems nice but also outdated, and I'm afraid to pay the $130 for a (supposedly?) dying software with a diminishing community. Obsidian: honestly still optimizing, and don't feel like it fits the ""quick capture"" functionality I look for. Apple Notes: perfect for a quick capture, but not enough functionality for me at the moment... you all get the point. So, what do you all use, and why have you settled on that tool? And, what recommendations do you have for my needs? I want an app that is primarily for knowledge management, has a quick/easy way to capture thoughts on the go, local notes that I can use offline, and I'm not sure if visual aids are necessarily my thing yet. I also am not necessarily in need for study aids, as I am an Anki power-user. Finally, I am also not afraid to pay a pretty penny to ensure I can leave this whole ""quest for management"" behind. Thanks, excited to hear what you all have to say :)","Settling on a PKM... for the ADHD-riddled student who is currently trying 7 PKMs at once. Hey everyone :) I have been heavy in the productivity space for years, and have tried pretty much every tool in the book, from to-do lists, calendar apps, PKMs, all-in-ones... I can't think…","1674","304","","","","true","true","calendar | notion | app | to-do","adhd | lazy | time","visual | notes","contains_question | forgetfulness_or_time_signal | guilt_or_shame_signal | long_form_comment | mentions_feature_or_solution | mentions_pain_or_friction | mentions_planner_or_system | mentions_working_solution_or_recommendation","100","[THREAD_TITLE]
Settling on a PKM... for the ADHD-riddled student who is currently trying 7 PKMs at once.

[THREAD_BODY]
Hey everyone :) I have been heavy in the productivity space for years, and have tried pretty much every tool in the book, from to-do lists, calendar apps, PKMs, all-in-ones... I can't think of any I haven't tried (except the ones where I'm still on the waitlist, such as Lazy.so). I have slowly settled on calendar/gtd tools, with Things 3 and Fantastical being long-time favorites. But, PKM tools are another story... I have struggled over the last year to settle on a single PKM tool as a second brain. Notion: didn't like how slow it felt, and it honestly felt like I spent 90% of my time ""optimizing"" the experience, just or me to barely use it. Evernote: seems nice but also outdated, and I'm afraid to pay the $130 for a (supposedly?) dying software with a diminishing community. Obsidian: honestly still optimizing, and don't feel like it fits the ""quick capture"" functionality I look for. Apple Notes: perfect for a quick capture, but not enough functionality for me at the moment... you all get the point. So, what do you all use, and why have you settled on that tool? And, what recommendations do you have for my needs? I want an app that is primarily for knowledge management, has a quick/easy way to capture thoughts on the go, local notes that I can use offline, and I'm not sure if visual aids are necessarily my thing yet. I also am not necessarily in need for study aids, as I am an Anki power-user. Finally, I am also not afraid to pay a pretty penny to ensure I can leave this whole ""quest for management"" behind. Thanks, excited to hear what you all have to say :)"
"C:\Projects\Web\planner-tdah\research\reddit_data\reddit-PKMS-settling_on_a_pkm_for_the_adhdriddled_student_who.json","reddit-PKMS-settling_on_a_pkm_for_the_adhdriddled_student_who","1b5yqzm","t3_1b5yqzm","https://www.reddit.com/r/PKMS/comments/1b5yqzm/settling_on_a_pkm_for_the_adhdriddled_student_who/","PKMS","r/PKMS","Settling on a PKM... for the ADHD-riddled student who is currently trying 7 PKMs at once.","Hey everyone :) I have been heavy in the productivity space for years, and have tried pretty much every tool in the book, from to-do lists, calendar apps, PKMs, all-in-ones... I can't think of any I haven't tried (except the ones where I'm still on the waitlist, such as Lazy.so). I have slowly settled on calendar/gtd tools, with Things 3 and Fantastical being long-time favorites. But, PKM tools are another story... I have struggled over the last year to settle on a single PKM tool as a second brain. Notion: didn't like how slow it felt, and it honestly felt like I spent 90% of my time ""optimizing"" the experience, just or me to barely use it. Evernote: seems nice but also outdated, and I'm afraid to pay the $130 for a (supposedly?) dying software with a diminishing community. Obsidian: honestly still optimizing, and don't feel like it fits the ""quick capture"" functionality I look for. Apple Notes: perfect for a quick capture, but not enough functionality for me at the moment... you all get the point. So, what do you all use, and why have you settled on that tool? And, what recommendations do you have for my needs? I want an app that is primarily for knowledge management, has a quick/easy way to capture thoughts on the go, local notes that I can use offline, and I'm not sure if visual aids are necessarily my thing yet. I also am not necessarily in need for study aids, as I am an Anki power-user. Finally, I am also not afraid to pay a pretty penny to ensure I can leave this whole ""quest for management"" behind. Thanks, excited to hear what you all have to say :)","Discussion","1709517152","2024-03-04T01:52:32+00:00","37","37","0.96","59","4e357a1493fe14bb","","reddit-PKMS-settling_on_a_pkm_for_the_adhdriddled_student_who:comment:kt8kmsd","comment","kt8kmsd","t1_kt8kmsd","https://www.reddit.com/r/PKMS/comments/1b5yqzm/settling_on_a_pkm_for_the_adhdriddled_student_who/kt8kmsd/","/r/PKMS/comments/1b5yqzm/settling_on_a_pkm_for_the_adhdriddled_student_who/kt8kmsd/","t3_1b5yqzm","post","","kt8kmsd","0","true","kt8kmsd","b1e4c4c169609087","","","false","false","","28","28","0","0","6","1709517837","2024-03-04T02:03:57+00:00","false","False","","false","false","false","false","Capacities is what I settled on as a neurodivergent person. It gave me the closest fit to a way my mind works, enough freedom to tinker with my setup without it turning into always working on the way it's set up instead of ever actually doing the work. I still casually hop around other PKM tools, but Capacities is the only one that has stuck.","Capacities is what I settled on as a neurodivergent person. It gave me the closest fit to a way my mind works, enough freedom to tinker with my setup without it turning into always working on the way it's set up instead of ever actually doing the work. I still casually hop aroun…","344","65","","","","false","false","","","","","27","[THREAD_TITLE]
Settling on a PKM... for the ADHD-riddled student who is currently trying 7 PKMs at once.

[THREAD_BODY]
Hey everyone :) I have been heavy in the productivity space for years, and have tried pretty much every tool in the book, from to-do lists, calendar apps, PKMs, all-in-ones... I can't think of any I haven't tried (except the ones where I'm still on the waitlist, such as Lazy.so). I have slowly settled on calendar/gtd tools, with Things 3 and Fantastical being long-time favorites. But, PKM tools are another story... I have struggled over the last year to settle on a single PKM tool as a second brain. Notion: didn't like how slow it felt, and it honestly felt like I spent 90% of my time ""optimizing"" the experience, just or me to barely use it. Evernote: seems nice but also outdated, and I'm afraid to pay the $130 for a (supposedly?) dying software with a diminishing community. Obsidian: honestly still optimizing, and don't feel like it fits the ""quick capture"" functionality I look for. Apple Notes: perfect for a quick capture, but not enough functionality for me at the moment... you all get the point. So, what do you all use, and why have you settled on that tool? And, what recommendations do you have for my needs? I want an app that is primarily for knowledge management, has a quick/easy way to capture thoughts on the go, local notes that I can use offline, and I'm not sure if visual aids are necessarily my thing yet. I also am not necessarily in need for study aids, as I am an Anki power-user. Finally, I am also not afraid to pay a pretty penny to ensure I can leave this whole ""quest for management"" behind. Thanks, excited to hear what you all have to say :)

[CURRENT_RECORD]
Capacities is what I settled on as a neurodivergent person. It gave me the closest fit to a way my mind works, enough freedom to tinker with my setup without it turning into always working on the way it's set up instead of ever actually doing the work. I still casually hop around other PKM tools, but Capacities is the only one that has stuck."
"C:\Projects\Web\planner-tdah\research\reddit_data\reddit-PKMS-settling_on_a_pkm_for_the_adhdriddled_student_who.json","reddit-PKMS-settling_on_a_pkm_for_the_adhdriddled_student_who","1b5yqzm","t3_1b5yqzm","https://www.reddit.com/r/PKMS/comments/1b5yqzm/settling_on_a_pkm_for_the_adhdriddled_student_who/","PKMS","r/PKMS","Settling on a PKM... for the ADHD-riddled student who is currently trying 7 PKMs at once.","Hey everyone :) I have been heavy in the productivity space for years, and have tried pretty much every tool in the book, from to-do lists, calendar apps, PKMs, all-in-ones... I can't think of any I haven't tried (except the ones where I'm still on the waitlist, such as Lazy.so). I have slowly settled on calendar/gtd tools, with Things 3 and Fantastical being long-time favorites. But, PKM tools are another story... I have struggled over the last year to settle on a single PKM tool as a second brain. Notion: didn't like how slow it felt, and it honestly felt like I spent 90% of my time ""optimizing"" the experience, just or me to barely use it. Evernote: seems nice but also outdated, and I'm afraid to pay the $130 for a (supposedly?) dying software with a diminishing community. Obsidian: honestly still optimizing, and don't feel like it fits the ""quick capture"" functionality I look for. Apple Notes: perfect for a quick capture, but not enough functionality for me at the moment... you all get the point. So, what do you all use, and why have you settled on that tool? And, what recommendations do you have for my needs? I want an app that is primarily for knowledge management, has a quick/easy way to capture thoughts on the go, local notes that I can use offline, and I'm not sure if visual aids are necessarily my thing yet. I also am not necessarily in need for study aids, as I am an Anki power-user. Finally, I am also not afraid to pay a pretty penny to ensure I can leave this whole ""quest for management"" behind. Thanks, excited to hear what you all have to say :)","Discussion","1709517152","2024-03-04T01:52:32+00:00","37","37","0.96","59","4e357a1493fe14bb","","reddit-PKMS-settling_on_a_pkm_for_the_adhdriddled_student_who:comment:kt997oi","comment","kt997oi","t1_kt997oi","https://www.reddit.com/r/PKMS/comments/1b5yqzm/settling_on_a_pkm_for_the_adhdriddled_student_who/kt997oi/","/r/PKMS/comments/1b5yqzm/settling_on_a_pkm_for_the_adhdriddled_student_who/kt997oi/","t1_kt8kmsd","comment","kt8kmsd","kt8kmsd","1","false","kt8kmsd > kt997oi","f9ff59c0eb082184","","","false","false","","8","8","0","0","1","1709528721","2024-03-04T05:05:21+00:00","false","False","","false","false","false","false","+1 for Capacities! I’m loving the custom categorizations. Definitely nice to be able to brain dump in a way that makes sense to me. (AuDHD)","+1 for Capacities! I’m loving the custom categorizations. Definitely nice to be able to brain dump in a way that makes sense to me. (AuDHD)","139","25","Capacities is what I settled on as a neurodivergent person. It gave me the closest fit to a way my mind works, enough freedom to tinker with my setup without it turning into always working on the way it's set up instead of ever actually doing the work. I still casually hop around other PKM tools, but Capacities is the only one that has stuck.","Capacities is what I settled on as a neurodivergent person. It gave me the closest fit to a way my mind works, enough freedom to tinker with my setup without it turning into always working on the way it's set up instead of ever actually doing the work. I still casually hop around other PKM tools, but Capacities is the only one that has stuck.","","false","false","","","custom","mentions_feature_or_solution","22","[THREAD_TITLE]
Settling on a PKM... for the ADHD-riddled student who is currently trying 7 PKMs at once.

[THREAD_BODY]
Hey everyone :) I have been heavy in the productivity space for years, and have tried pretty much every tool in the book, from to-do lists, calendar apps, PKMs, all-in-ones... I can't think of any I haven't tried (except the ones where I'm still on the waitlist, such as Lazy.so). I have slowly settled on calendar/gtd tools, with Things 3 and Fantastical being long-time favorites. But, PKM tools are another story... I have struggled over the last year to settle on a single PKM tool as a second brain. Notion: didn't like how slow it felt, and it honestly felt like I spent 90% of my time ""optimizing"" the experience, just or me to barely use it. Evernote: seems nice but also outdated, and I'm afraid to pay the $130 for a (supposedly?) dying software with a diminishing community. Obsidian: honestly still optimizing, and don't feel like it fits the ""quick capture"" functionality I look for. Apple Notes: perfect for a quick capture, but not enough functionality for me at the moment... you all get the point. So, what do you all use, and why have you settled on that tool? And, what recommendations do you have for my needs? I want an app that is primarily for knowledge management, has a quick/easy way to capture thoughts on the go, local notes that I can use offline, and I'm not sure if visual aids are necessarily my thing yet. I also am not necessarily in need for study aids, as I am an Anki power-user. Finally, I am also not afraid to pay a pretty penny to ensure I can leave this whole ""quest for management"" behind. Thanks, excited to hear what you all have to say :)

[PARENT_COMMENT_CONTEXT]
Capacities is what I settled on as a neurodivergent person. It gave me the closest fit to a way my mind works, enough freedom to tinker with my setup without it turning into always working on the way it's set up instead of ever actually doing the work. I still casually hop around other PKM tools, but Capacities is the only one that has stuck.

[CURRENT_RECORD]
+1 for Capacities! I’m loving the custom categorizations. Definitely nice to be able to brain dump in a way that makes sense to me. (AuDHD)"
"C:\Projects\Web\planner-tdah\research\reddit_data\reddit-PKMS-settling_on_a_pkm_for_the_adhdriddled_student_who.json","reddit-PKMS-settling_on_a_pkm_for_the_adhdriddled_student_who","1b5yqzm","t3_1b5yqzm","https://www.reddit.com/r/PKMS/comments/1b5yqzm/settling_on_a_pkm_for_the_adhdriddled_student_who/","PKMS","r/PKMS","Settling on a PKM... for the ADHD-riddled student who is currently trying 7 PKMs at once.","Hey everyone :) I have been heavy in the productivity space for years, and have tried pretty much every tool in the book, from to-do lists, calendar apps, PKMs, all-in-ones... I can't think of any I haven't tried (except the ones where I'm still on the waitlist, such as Lazy.so). I have slowly settled on calendar/gtd tools, with Things 3 and Fantastical being long-time favorites. But, PKM tools are another story... I have struggled over the last year to settle on a single PKM tool as a second brain. Notion: didn't like how slow it felt, and it honestly felt like I spent 90% of my time ""optimizing"" the experience, just or me to barely use it. Evernote: seems nice but also outdated, and I'm afraid to pay the $130 for a (supposedly?) dying software with a diminishing community. Obsidian: honestly still optimizing, and don't feel like it fits the ""quick capture"" functionality I look for. Apple Notes: perfect for a quick capture, but not enough functionality for me at the moment... you all get the point. So, what do you all use, and why have you settled on that tool? And, what recommendations do you have for my needs? I want an app that is primarily for knowledge management, has a quick/easy way to capture thoughts on the go, local notes that I can use offline, and I'm not sure if visual aids are necessarily my thing yet. I also am not necessarily in need for study aids, as I am an Anki power-user. Finally, I am also not afraid to pay a pretty penny to ensure I can leave this whole ""quest for management"" behind. Thanks, excited to hear what you all have to say :)","Discussion","1709517152","2024-03-04T01:52:32+00:00","37","37","0.96","59","4e357a1493fe14bb","","reddit-PKMS-settling_on_a_pkm_for_the_adhdriddled_student_who:comment:kt9lr46","comment","kt9lr46","t1_kt9lr46","https://www.reddit.com/r/PKMS/comments/1b5yqzm/settling_on_a_pkm_for_the_adhdriddled_student_who/kt9lr46/","/r/PKMS/comments/1b5yqzm/settling_on_a_pkm_for_the_adhdriddled_student_who/kt9lr46/","t1_kt997oi","comment","kt997oi","kt8kmsd","2","false","kt8kmsd > kt997oi > kt9lr46","4e357a1493fe14bb","","","true","false","","1","1","0","0","1","1709536160","2024-03-04T07:09:20+00:00","false","False","","false","false","false","false","Hows the mobile app? (If you’re a believer) And is there any offline capabilities?","Hows the mobile app? (If you’re a believer) And is there any offline capabilities?","82","14","+1 for Capacities! I’m loving the custom categorizations. Definitely nice to be able to brain dump in a way that makes sense to me. (AuDHD)","Capacities is what I settled on as a neurodivergent person. It gave me the closest fit to a way my mind works, enough freedom to tinker with my setup without it turning into always working on the way it's set up instead of ever actually doing the work. I still casually hop around other PKM tools, but Capacities is the only one that has stuck.","","true","false","app","","","contains_question | mentions_planner_or_system","7","[THREAD_TITLE]
Settling on a PKM... for the ADHD-riddled student who is currently trying 7 PKMs at once.

[THREAD_BODY]
Hey everyone :) I have been heavy in the productivity space for years, and have tried pretty much every tool in the book, from to-do lists, calendar apps, PKMs, all-in-ones... I can't think of any I haven't tried (except the ones where I'm still on the waitlist, such as Lazy.so). I have slowly settled on calendar/gtd tools, with Things 3 and Fantastical being long-time favorites. But, PKM tools are another story... I have struggled over the last year to settle on a single PKM tool as a second brain. Notion: didn't like how slow it felt, and it honestly felt like I spent 90% of my time ""optimizing"" the experience, just or me to barely use it. Evernote: seems nice but also outdated, and I'm afraid to pay the $130 for a (supposedly?) dying software with a diminishing community. Obsidian: honestly still optimizing, and don't feel like it fits the ""quick capture"" functionality I look for. Apple Notes: perfect for a quick capture, but not enough functionality for me at the moment... you all get the point. So, what do you all use, and why have you settled on that tool? And, what recommendations do you have for my needs? I want an app that is primarily for knowledge management, has a quick/easy way to capture thoughts on the go, local notes that I can use offline, and I'm not sure if visual aids are necessarily my thing yet. I also am not necessarily in need for study aids, as I am an Anki power-user. Finally, I am also not afraid to pay a pretty penny to ensure I can leave this whole ""quest for management"" behind. Thanks, excited to hear what you all have to say :)

[ROOT_COMMENT_CONTEXT]
Capacities is what I settled on as a neurodivergent person. It gave me the closest fit to a way my mind works, enough freedom to tinker with my setup without it turning into always working on the way it's set up instead of ever actually doing the work. I still casually hop around other PKM tools, but Capacities is the only one that has stuck.

[PARENT_COMMENT_CONTEXT]
+1 for Capacities! I’m loving the custom categorizations. Definitely nice to be able to brain dump in a way that makes sense to me. (AuDHD)

[CURRENT_RECORD]
Hows the mobile app? (If you’re a believer) And is there any offline capabilities?"
"C:\Projects\Web\planner-tdah\research\reddit_data\reddit-PKMS-settling_on_a_pkm_for_the_adhdriddled_student_who.json","reddit-PKMS-settling_on_a_pkm_for_the_adhdriddled_student_who","1b5yqzm","t3_1b5yqzm","https://www.reddit.com/r/PKMS/comments/1b5yqzm/settling_on_a_pkm_for_the_adhdriddled_student_who/","PKMS","r/PKMS","Settling on a PKM... for the ADHD-riddled student who is currently trying 7 PKMs at once.","Hey everyone :) I have been heavy in the productivity space for years, and have tried pretty much every tool in the book, from to-do lists, calendar apps, PKMs, all-in-ones... I can't think of any I haven't tried (except the ones where I'm still on the waitlist, such as Lazy.so). I have slowly settled on calendar/gtd tools, with Things 3 and Fantastical being long-time favorites. But, PKM tools are another story... I have struggled over the last year to settle on a single PKM tool as a second brain. Notion: didn't like how slow it felt, and it honestly felt like I spent 90% of my time ""optimizing"" the experience, just or me to barely use it. Evernote: seems nice but also outdated, and I'm afraid to pay the $130 for a (supposedly?) dying software with a diminishing community. Obsidian: honestly still optimizing, and don't feel like it fits the ""quick capture"" functionality I look for. Apple Notes: perfect for a quick capture, but not enough functionality for me at the moment... you all get the point. So, what do you all use, and why have you settled on that tool? And, what recommendations do you have for my needs? I want an app that is primarily for knowledge management, has a quick/easy way to capture thoughts on the go, local notes that I can use offline, and I'm not sure if visual aids are necessarily my thing yet. I also am not necessarily in need for study aids, as I am an Anki power-user. Finally, I am also not afraid to pay a pretty penny to ensure I can leave this whole ""quest for management"" behind. Thanks, excited to hear what you all have to say :)","Discussion","1709517152","2024-03-04T01:52:32+00:00","37","37","0.96","59","4e357a1493fe14bb","","reddit-PKMS-settling_on_a_pkm_for_the_adhdriddled_student_who:comment:ktecu59","comment","ktecu59","t1_ktecu59","https://www.reddit.com/r/PKMS/comments/1b5yqzm/settling_on_a_pkm_for_the_adhdriddled_student_who/ktecu59/","/r/PKMS/comments/1b5yqzm/settling_on_a_pkm_for_the_adhdriddled_student_who/ktecu59/","t1_kt9lr46","comment","kt9lr46","kt8kmsd","3","false","kt8kmsd > kt997oi > kt9lr46 > ktecu59","b1e4c4c169609087","","","false","false","","1","1","0","0","0","1709607876","2024-03-05T03:04:36+00:00","false","False","","false","false","false","false","The Android app is quite nice and you are able to both take new notes and see old notes. Not sure about iOS but I assume similar experience from what I've seen. I think someone posted screenshots of the app to the Capacities discord a bit ago. I know they will be releasing the mobile app to all users soon, so if you're hesitant to upgrade for it, you could wait. I access the website through my iPad and that functionality, while not as good as the mobile app, is still usable. An iPad app is also coming soon though, so I'm excited for even better functionality. They are also working on offline capabilities. I saw them say somewhere that you can use it offline short term (they said a train ride) but I'm not sure what that means. My guess is if you have something that you are working on in Capacities when you lose Internet connection that you can continue working and it will sync when reconnected, but I've not tested the theory so I could be completely off base.","The Android app is quite nice and you are able to both take new notes and see old notes. Not sure about iOS but I assume similar experience from what I've seen. I think someone posted screenshots of the app to the Capacities discord a bit ago. I know they will be releasing the m…","972","182","Hows the mobile app? (If you’re a believer) And is there any offline capabilities?","Capacities is what I settled on as a neurodivergent person. It gave me the closest fit to a way my mind works, enough freedom to tinker with my setup without it turning into always working on the way it's set up instead of ever actually doing the work. I still casually hop around other PKM tools, but Capacities is the only one that has stuck.","","false","false","app","","notes","long_form_comment | mentions_feature_or_solution | mentions_planner_or_system","38","[THREAD_TITLE]
Settling on a PKM... for the ADHD-riddled student who is currently trying 7 PKMs at once.

[THREAD_BODY]
Hey everyone :) I have been heavy in the productivity space for years, and have tried pretty much every tool in the book, from to-do lists, calendar apps, PKMs, all-in-ones... I can't think of any I haven't tried (except the ones where I'm still on the waitlist, such as Lazy.so). I have slowly settled on calendar/gtd tools, with Things 3 and Fantastical being long-time favorites. But, PKM tools are another story... I have struggled over the last year to settle on a single PKM tool as a second brain. Notion: didn't like how slow it felt, and it honestly felt like I spent 90% of my time ""optimizing"" the experience, just or me to barely use it. Evernote: seems nice but also outdated, and I'm afraid to pay the $130 for a (supposedly?) dying software with a diminishing community. Obsidian: honestly still optimizing, and don't feel like it fits the ""quick capture"" functionality I look for. Apple Notes: perfect for a quick capture, but not enough functionality for me at the moment... you all get the point. So, what do you all use, and why have you settled on that tool? And, what recommendations do you have for my needs? I want an app that is primarily for knowledge management, has a quick/easy way to capture thoughts on the go, local notes that I can use offline, and I'm not sure if visual aids are necessarily my thing yet. I also am not necessarily in need for study aids, as I am an Anki power-user. Finally, I am also not afraid to pay a pretty penny to ensure I can leave this whole ""quest for management"" behind. Thanks, excited to hear what you all have to say :)

[ROOT_COMMENT_CONTEXT]
Capacities is what I settled on as a neurodivergent person. It gave me the closest fit to a way my mind works, enough freedom to tinker with my setup without it turning into always working on the way it's set up instead of ever actually doing the work. I still casually hop around other PKM tools, but Capacities is the only one that has stuck.

[PARENT_COMMENT_CONTEXT]
Hows the mobile app? (If you’re a believer) And is there any offline capabilities?

[CURRENT_RECORD]
The Android app is quite nice and you are able to both take new notes and see old notes. Not sure about iOS but I assume similar experience from what I've seen. I think someone posted screenshots of the app to the Capacities discord a bit ago. I know they will be releasing the mobile app to all users soon, so if you're hesitant to upgrade for it, you could wait. I access the website through my iPad and that functionality, while not as good as the mobile app, is still usable. An iPad app is also coming soon though, so I'm excited for even better functionality. They are also working on offline capabilities. I saw them say somewhere that you can use it offline short term (they said a train ride) but I'm not sure what that means. My guess is if you have something that you are working on in Capacities when you lose Internet connection that you can continue working and it will sync when reconnected, but I've not tested the theory so I could be completely off base."
"C:\Projects\Web\planner-tdah\research\reddit_data\reddit-PKMS-settling_on_a_pkm_for_the_adhdriddled_student_who.json","reddit-PKMS-settling_on_a_pkm_for_the_adhdriddled_student_who","1b5yqzm","t3_1b5yqzm","https://www.reddit.com/r/PKMS/comments/1b5yqzm/settling_on_a_pkm_for_the_adhdriddled_student_who/","PKMS","r/PKMS","Settling on a PKM... for the ADHD-riddled student who is currently trying 7 PKMs at once.","Hey everyone :) I have been heavy in the productivity space for years, and have tried pretty much every tool in the book, from to-do lists, calendar apps, PKMs, all-in-ones... I can't think of any I haven't tried (except the ones where I'm still on the waitlist, such as Lazy.so). I have slowly settled on calendar/gtd tools, with Things 3 and Fantastical being long-time favorites. But, PKM tools are another story... I have struggled over the last year to settle on a single PKM tool as a second brain. Notion: didn't like how slow it felt, and it honestly felt like I spent 90% of my time ""optimizing"" the experience, just or me to barely use it. Evernote: seems nice but also outdated, and I'm afraid to pay the $130 for a (supposedly?) dying software with a diminishing community. Obsidian: honestly still optimizing, and don't feel like it fits the ""quick capture"" functionality I look for. Apple Notes: perfect for a quick capture, but not enough functionality for me at the moment... you all get the point. So, what do you all use, and why have you settled on that tool? And, what recommendations do you have for my needs? I want an app that is primarily for knowledge management, has a quick/easy way to capture thoughts on the go, local notes that I can use offline, and I'm not sure if visual aids are necessarily my thing yet. I also am not necessarily in need for study aids, as I am an Anki power-user. Finally, I am also not afraid to pay a pretty penny to ensure I can leave this whole ""quest for management"" behind. Thanks, excited to hear what you all have to say :)","Discussion","1709517152","2024-03-04T01:52:32+00:00","37","37","0.96","59","4e357a1493fe14bb","","reddit-PKMS-settling_on_a_pkm_for_the_adhdriddled_student_who:comment:kt8l0l2","comment","kt8l0l2","t1_kt8l0l2","https://www.reddit.com/r/PKMS/comments/1b5yqzm/settling_on_a_pkm_for_the_adhdriddled_student_who/kt8l0l2/","/r/PKMS/comments/1b5yqzm/settling_on_a_pkm_for_the_adhdriddled_student_who/kt8l0l2/","t1_kt8kmsd","comment","kt8kmsd","kt8kmsd","1","false","kt8kmsd > kt8l0l2","4e357a1493fe14bb","","","true","false","","4","4","0","0","2","1709517991","2024-03-04T02:06:31+00:00","false","False","","false","false","false","false","What made you settle on Capacities? It seems to me like Obsidian and Notion had a baby. The autism-""shiny new toy"" in me wants it, but with how much of a nightmare Notion was, I am skeptical.","What made you settle on Capacities? It seems to me like Obsidian and Notion had a baby. The autism-""shiny new toy"" in me wants it, but with how much of a nightmare Notion was, I am skeptical.","191","37","Capacities is what I settled on as a neurodivergent person. It gave me the closest fit to a way my mind works, enough freedom to tinker with my setup without it turning into always working on the way it's set up instead of ever actually doing the work. I still casually hop around other PKM tools, but Capacities is the only one that has stuck.","Capacities is what I settled on as a neurodivergent person. It gave me the closest fit to a way my mind works, enough freedom to tinker with my setup without it turning into always working on the way it's set up instead of ever actually doing the work. I still casually hop around other PKM tools, but Capacities is the only one that has stuck.","","true","false","notion","","","contains_question | mentions_planner_or_system","17","[THREAD_TITLE]
Settling on a PKM... for the ADHD-riddled student who is currently trying 7 PKMs at once.

[THREAD_BODY]
Hey everyone :) I have been heavy in the productivity space for years, and have tried pretty much every tool in the book, from to-do lists, calendar apps, PKMs, all-in-ones... I can't think of any I haven't tried (except the ones where I'm still on the waitlist, such as Lazy.so). I have slowly settled on calendar/gtd tools, with Things 3 and Fantastical being long-time favorites. But, PKM tools are another story... I have struggled over the last year to settle on a single PKM tool as a second brain. Notion: didn't like how slow it felt, and it honestly felt like I spent 90% of my time ""optimizing"" the experience, just or me to barely use it. Evernote: seems nice but also outdated, and I'm afraid to pay the $130 for a (supposedly?) dying software with a diminishing community. Obsidian: honestly still optimizing, and don't feel like it fits the ""quick capture"" functionality I look for. Apple Notes: perfect for a quick capture, but not enough functionality for me at the moment... you all get the point. So, what do you all use, and why have you settled on that tool? And, what recommendations do you have for my needs? I want an app that is primarily for knowledge management, has a quick/easy way to capture thoughts on the go, local notes that I can use offline, and I'm not sure if visual aids are necessarily my thing yet. I also am not necessarily in need for study aids, as I am an Anki power-user. Finally, I am also not afraid to pay a pretty penny to ensure I can leave this whole ""quest for management"" behind. Thanks, excited to hear what you all have to say :)

[PARENT_COMMENT_CONTEXT]
Capacities is what I settled on as a neurodivergent person. It gave me the closest fit to a way my mind works, enough freedom to tinker with my setup without it turning into always working on the way it's set up instead of ever actually doing the work. I still casually hop around other PKM tools, but Capacities is the only one that has stuck.

[CURRENT_RECORD]
What made you settle on Capacities? It seems to me like Obsidian and Notion had a baby. The autism-""shiny new toy"" in me wants it, but with how much of a nightmare Notion was, I am skeptical."
"C:\Projects\Web\planner-tdah\research\reddit_data\reddit-PKMS-settling_on_a_pkm_for_the_adhdriddled_student_who.json","reddit-PKMS-settling_on_a_pkm_for_the_adhdriddled_student_who","1b5yqzm","t3_1b5yqzm","https://www.reddit.com/r/PKMS/comments/1b5yqzm/settling_on_a_pkm_for_the_adhdriddled_student_who/","PKMS","r/PKMS","Settling on a PKM... for the ADHD-riddled student who is currently trying 7 PKMs at once.","Hey everyone :) I have been heavy in the productivity space for years, and have tried pretty much every tool in the book, from to-do lists, calendar apps, PKMs, all-in-ones... I can't think of any I haven't tried (except the ones where I'm still on the waitlist, such as Lazy.so). I have slowly settled on calendar/gtd tools, with Things 3 and Fantastical being long-time favorites. But, PKM tools are another story... I have struggled over the last year to settle on a single PKM tool as a second brain. Notion: didn't like how slow it felt, and it honestly felt like I spent 90% of my time ""optimizing"" the experience, just or me to barely use it. Evernote: seems nice but also outdated, and I'm afraid to pay the $130 for a (supposedly?) dying software with a diminishing community. Obsidian: honestly still optimizing, and don't feel like it fits the ""quick capture"" functionality I look for. Apple Notes: perfect for a quick capture, but not enough functionality for me at the moment... you all get the point. So, what do you all use, and why have you settled on that tool? And, what recommendations do you have for my needs? I want an app that is primarily for knowledge management, has a quick/easy way to capture thoughts on the go, local notes that I can use offline, and I'm not sure if visual aids are necessarily my thing yet. I also am not necessarily in need for study aids, as I am an Anki power-user. Finally, I am also not afraid to pay a pretty penny to ensure I can leave this whole ""quest for management"" behind. Thanks, excited to hear what you all have to say :)","Discussion","1709517152","2024-03-04T01:52:32+00:00","37","37","0.96","59","4e357a1493fe14bb","","reddit-PKMS-settling_on_a_pkm_for_the_adhdriddled_student_who:comment:kt8qz5a","comment","kt8qz5a","t1_kt8qz5a","https://www.reddit.com/r/PKMS/comments/1b5yqzm/settling_on_a_pkm_for_the_adhdriddled_student_who/kt8qz5a/","/r/PKMS/comments/1b5yqzm/settling_on_a_pkm_for_the_adhdriddled_student_who/kt8qz5a/","t1_kt8l0l2","comment","kt8l0l2","kt8kmsd","2","false","kt8kmsd > kt8l0l2 > kt8qz5a","b1e4c4c169609087","","","false","false","","6","6","0","0","1","1709520435","2024-03-04T02:47:15+00:00","false","False","","false","false","false","false","Capacities is focused on the personal part of PKM rather than the ability to cooperate on pages, so I feel that keeps it more streamlined to usable features, rather than a bunch of stuff for teams that (personally) end up sitting unused. I also tried Notion and the way they are set up is wildly different even if they appear quite similar.","Capacities is focused on the personal part of PKM rather than the ability to cooperate on pages, so I feel that keeps it more streamlined to usable features, rather than a bunch of stuff for teams that (personally) end up sitting unused. I also tried Notion and the way they are…","340","62","What made you settle on Capacities? It seems to me like Obsidian and Notion had a baby. The autism-""shiny new toy"" in me wants it, but with how much of a nightmare Notion was, I am skeptical.","Capacities is what I settled on as a neurodivergent person. It gave me the closest fit to a way my mind works, enough freedom to tinker with my setup without it turning into always working on the way it's set up instead of ever actually doing the work. I still casually hop around other PKM tools, but Capacities is the only one that has stuck.","","false","false","notion | app","","","mentions_planner_or_system","26","[THREAD_TITLE]
Settling on a PKM... for the ADHD-riddled student who is currently trying 7 PKMs at once.

[THREAD_BODY]
Hey everyone :) I have been heavy in the productivity space for years, and have tried pretty much every tool in the book, from to-do lists, calendar apps, PKMs, all-in-ones... I can't think of any I haven't tried (except the ones where I'm still on the waitlist, such as Lazy.so). I have slowly settled on calendar/gtd tools, with Things 3 and Fantastical being long-time favorites. But, PKM tools are another story... I have struggled over the last year to settle on a single PKM tool as a second brain. Notion: didn't like how slow it felt, and it honestly felt like I spent 90% of my time ""optimizing"" the experience, just or me to barely use it. Evernote: seems nice but also outdated, and I'm afraid to pay the $130 for a (supposedly?) dying software with a diminishing community. Obsidian: honestly still optimizing, and don't feel like it fits the ""quick capture"" functionality I look for. Apple Notes: perfect for a quick capture, but not enough functionality for me at the moment... you all get the point. So, what do you all use, and why have you settled on that tool? And, what recommendations do you have for my needs? I want an app that is primarily for knowledge management, has a quick/easy way to capture thoughts on the go, local notes that I can use offline, and I'm not sure if visual aids are necessarily my thing yet. I also am not necessarily in need for study aids, as I am an Anki power-user. Finally, I am also not afraid to pay a pretty penny to ensure I can leave this whole ""quest for management"" behind. Thanks, excited to hear what you all have to say :)

[ROOT_COMMENT_CONTEXT]
Capacities is what I settled on as a neurodivergent person. It gave me the closest fit to a way my mind works, enough freedom to tinker with my setup without it turning into always working on the way it's set up instead of ever actually doing the work. I still casually hop around other PKM tools, but Capacities is the only one that has stuck.

[PARENT_COMMENT_CONTEXT]
What made you settle on Capacities? It seems to me like Obsidian and Notion had a baby. The autism-""shiny new toy"" in me wants it, but with how much of a nightmare Notion was, I am skeptical.

[CURRENT_RECORD]
Capacities is focused on the personal part of PKM rather than the ability to cooperate on pages, so I feel that keeps it more streamlined to usable features, rather than a bunch of stuff for teams that (personally) end up sitting unused. I also tried Notion and the way they are set up is wildly different even if they appear quite similar."
"C:\Projects\Web\planner-tdah\research\reddit_data\reddit-PKMS-settling_on_a_pkm_for_the_adhdriddled_student_who.json","reddit-PKMS-settling_on_a_pkm_for_the_adhdriddled_student_who","1b5yqzm","t3_1b5yqzm","https://www.reddit.com/r/PKMS/comments/1b5yqzm/settling_on_a_pkm_for_the_adhdriddled_student_who/","PKMS","r/PKMS","Settling on a PKM... for the ADHD-riddled student who is currently trying 7 PKMs at once.","Hey everyone :) I have been heavy in the productivity space for years, and have tried pretty much every tool in the book, from to-do lists, calendar apps, PKMs, all-in-ones... I can't think of any I haven't tried (except the ones where I'm still on the waitlist, such as Lazy.so). I have slowly settled on calendar/gtd tools, with Things 3 and Fantastical being long-time favorites. But, PKM tools are another story... I have struggled over the last year to settle on a single PKM tool as a second brain. Notion: didn't like how slow it felt, and it honestly felt like I spent 90% of my time ""optimizing"" the experience, just or me to barely use it. Evernote: seems nice but also outdated, and I'm afraid to pay the $130 for a (supposedly?) dying software with a diminishing community. Obsidian: honestly still optimizing, and don't feel like it fits the ""quick capture"" functionality I look for. Apple Notes: perfect for a quick capture, but not enough functionality for me at the moment... you all get the point. So, what do you all use, and why have you settled on that tool? And, what recommendations do you have for my needs? I want an app that is primarily for knowledge management, has a quick/easy way to capture thoughts on the go, local notes that I can use offline, and I'm not sure if visual aids are necessarily my thing yet. I also am not necessarily in need for study aids, as I am an Anki power-user. Finally, I am also not afraid to pay a pretty penny to ensure I can leave this whole ""quest for management"" behind. Thanks, excited to hear what you all have to say :)","Discussion","1709517152","2024-03-04T01:52:32+00:00","37","37","0.96","59","4e357a1493fe14bb","","reddit-PKMS-settling_on_a_pkm_for_the_adhdriddled_student_who:comment:ktmuubx","comment","ktmuubx","t1_ktmuubx","https://www.reddit.com/r/PKMS/comments/1b5yqzm/settling_on_a_pkm_for_the_adhdriddled_student_who/ktmuubx/","/r/PKMS/comments/1b5yqzm/settling_on_a_pkm_for_the_adhdriddled_student_who/ktmuubx/","t1_kt8qz5a","comment","kt8qz5a","kt8kmsd","3","false","kt8kmsd > kt8l0l2 > kt8qz5a > ktmuubx","94bf386873168330","","","false","false","","1","1","0","0","0","1709745409","2024-03-06T17:16:49+00:00","false","False","","false","false","false","false","Does Capacities have any tasking or team functionality at all?","Does Capacities have any tasking or team functionality at all?","62","10","Capacities is focused on the personal part of PKM rather than the ability to cooperate on pages, so I feel that keeps it more streamlined to usable features, rather than a bunch of stuff for teams that (personally) end up sitting unused. I also tried Notion and the way they are set up is wildly different even if they appear quite similar.","Capacities is what I settled on as a neurodivergent person. It gave me the closest fit to a way my mind works, enough freedom to tinker with my setup without it turning into always working on the way it's set up instead of ever actually doing the work. I still casually hop around other PKM tools, but Capacities is the only one that has stuck.","","true","false","","","","contains_question","0","[THREAD_TITLE]
Settling on a PKM... for the ADHD-riddled student who is currently trying 7 PKMs at once.

[THREAD_BODY]
Hey everyone :) I have been heavy in the productivity space for years, and have tried pretty much every tool in the book, from to-do lists, calendar apps, PKMs, all-in-ones... I can't think of any I haven't tried (except the ones where I'm still on the waitlist, such as Lazy.so). I have slowly settled on calendar/gtd tools, with Things 3 and Fantastical being long-time favorites. But, PKM tools are another story... I have struggled over the last year to settle on a single PKM tool as a second brain. Notion: didn't like how slow it felt, and it honestly felt like I spent 90% of my time ""optimizing"" the experience, just or me to barely use it. Evernote: seems nice but also outdated, and I'm afraid to pay the $130 for a (supposedly?) dying software with a diminishing community. Obsidian: honestly still optimizing, and don't feel like it fits the ""quick capture"" functionality I look for. Apple Notes: perfect for a quick capture, but not enough functionality for me at the moment... you all get the point. So, what do you all use, and why have you settled on that tool? And, what recommendations do you have for my needs? I want an app that is primarily for knowledge management, has a quick/easy way to capture thoughts on the go, local notes that I can use offline, and I'm not sure if visual aids are necessarily my thing yet. I also am not necessarily in need for study aids, as I am an Anki power-user. Finally, I am also not afraid to pay a pretty penny to ensure I can leave this whole ""quest for management"" behind. Thanks, excited to hear what you all have to say :)

[ROOT_COMMENT_CONTEXT]
Capacities is what I settled on as a neurodivergent person. It gave me the closest fit to a way my mind works, enough freedom to tinker with my setup without it turning into always working on the way it's set up instead of ever actually doing the work. I still casually hop around other PKM tools, but Capacities is the only one that has stuck.

[PARENT_COMMENT_CONTEXT]
Capacities is focused on the personal part of PKM rather than the ability to cooperate on pages, so I feel that keeps it more streamlined to usable features, rather than a bunch of stuff for teams that (personally) end up sitting unused. I also tried Notion and the way they are set up is wildly different even if they appear quite similar.

[CURRENT_RECORD]
Does Capacities have any tasking or team functionality at all?"
"C:\Projects\Web\planner-tdah\research\reddit_data\reddit-PKMS-settling_on_a_pkm_for_the_adhdriddled_student_who.json","reddit-PKMS-settling_on_a_pkm_for_the_adhdriddled_student_who","1b5yqzm","t3_1b5yqzm","https://www.reddit.com/r/PKMS/comments/1b5yqzm/settling_on_a_pkm_for_the_adhdriddled_student_who/","PKMS","r/PKMS","Settling on a PKM... for the ADHD-riddled student who is currently trying 7 PKMs at once.","Hey everyone :) I have been heavy in the productivity space for years, and have tried pretty much every tool in the book, from to-do lists, calendar apps, PKMs, all-in-ones... I can't think of any I haven't tried (except the ones where I'm still on the waitlist, such as Lazy.so). I have slowly settled on calendar/gtd tools, with Things 3 and Fantastical being long-time favorites. But, PKM tools are another story... I have struggled over the last year to settle on a single PKM tool as a second brain. Notion: didn't like how slow it felt, and it honestly felt like I spent 90% of my time ""optimizing"" the experience, just or me to barely use it. Evernote: seems nice but also outdated, and I'm afraid to pay the $130 for a (supposedly?) dying software with a diminishing community. Obsidian: honestly still optimizing, and don't feel like it fits the ""quick capture"" functionality I look for. Apple Notes: perfect for a quick capture, but not enough functionality for me at the moment... you all get the point. So, what do you all use, and why have you settled on that tool? And, what recommendations do you have for my needs? I want an app that is primarily for knowledge management, has a quick/easy way to capture thoughts on the go, local notes that I can use offline, and I'm not sure if visual aids are necessarily my thing yet. I also am not necessarily in need for study aids, as I am an Anki power-user. Finally, I am also not afraid to pay a pretty penny to ensure I can leave this whole ""quest for management"" behind. Thanks, excited to hear what you all have to say :)","Discussion","1709517152","2024-03-04T01:52:32+00:00","37","37","0.96","59","4e357a1493fe14bb","","reddit-PKMS-settling_on_a_pkm_for_the_adhdriddled_student_who:comment:kt9fxb0","comment","kt9fxb0","t1_kt9fxb0","https://www.reddit.com/r/PKMS/comments/1b5yqzm/settling_on_a_pkm_for_the_adhdriddled_student_who/kt9fxb0/","/r/PKMS/comments/1b5yqzm/settling_on_a_pkm_for_the_adhdriddled_student_who/kt9fxb0/","t1_kt8l0l2","comment","kt8l0l2","kt8kmsd","2","false","kt8kmsd > kt8l0l2 > kt9fxb0","f4830b29427dbd80","","","false","false","","6","6","0","0","0","1709532473","2024-03-04T06:07:53+00:00","false","False","","false","false","false","false","Capa is much easier to use than notion. And faster.","Capa is much easier to use than notion. And faster.","51","10","What made you settle on Capacities? It seems to me like Obsidian and Notion had a baby. The autism-""shiny new toy"" in me wants it, but with how much of a nightmare Notion was, I am skeptical.","Capacities is what I settled on as a neurodivergent person. It gave me the closest fit to a way my mind works, enough freedom to tinker with my setup without it turning into always working on the way it's set up instead of ever actually doing the work. I still casually hop around other PKM tools, but Capacities is the only one that has stuck.","","false","false","notion","","","mentions_planner_or_system","9","[THREAD_TITLE]
Settling on a PKM... for the ADHD-riddled student who is currently trying 7 PKMs at once.

[THREAD_BODY]
Hey everyone :) I have been heavy in the productivity space for years, and have tried pretty much every tool in the book, from to-do lists, calendar apps, PKMs, all-in-ones... I can't think of any I haven't tried (except the ones where I'm still on the waitlist, such as Lazy.so). I have slowly settled on calendar/gtd tools, with Things 3 and Fantastical being long-time favorites. But, PKM tools are another story... I have struggled over the last year to settle on a single PKM tool as a second brain. Notion: didn't like how slow it felt, and it honestly felt like I spent 90% of my time ""optimizing"" the experience, just or me to barely use it. Evernote: seems nice but also outdated, and I'm afraid to pay the $130 for a (supposedly?) dying software with a diminishing community. Obsidian: honestly still optimizing, and don't feel like it fits the ""quick capture"" functionality I look for. Apple Notes: perfect for a quick capture, but not enough functionality for me at the moment... you all get the point. So, what do you all use, and why have you settled on that tool? And, what recommendations do you have for my needs? I want an app that is primarily for knowledge management, has a quick/easy way to capture thoughts on the go, local notes that I can use offline, and I'm not sure if visual aids are necessarily my thing yet. I also am not necessarily in need for study aids, as I am an Anki power-user. Finally, I am also not afraid to pay a pretty penny to ensure I can leave this whole ""quest for management"" behind. Thanks, excited to hear what you all have to say :)

[ROOT_COMMENT_CONTEXT]
Capacities is what I settled on as a neurodivergent person. It gave me the closest fit to a way my mind works, enough freedom to tinker with my setup without it turning into always working on the way it's set up instead of ever actually doing the work. I still casually hop around other PKM tools, but Capacities is the only one that has stuck.

[PARENT_COMMENT_CONTEXT]
What made you settle on Capacities? It seems to me like Obsidian and Notion had a baby. The autism-""shiny new toy"" in me wants it, but with how much of a nightmare Notion was, I am skeptical.

[CURRENT_RECORD]
Capa is much easier to use than notion. And faster."
"C:\Projects\Web\planner-tdah\research\reddit_data\reddit-PKMS-settling_on_a_pkm_for_the_adhdriddled_student_who.json","reddit-PKMS-settling_on_a_pkm_for_the_adhdriddled_student_who","1b5yqzm","t3_1b5yqzm","https://www.reddit.com/r/PKMS/comments/1b5yqzm/settling_on_a_pkm_for_the_adhdriddled_student_who/","PKMS","r/PKMS","Settling on a PKM... for the ADHD-riddled student who is currently trying 7 PKMs at once.","Hey everyone :) I have been heavy in the productivity space for years, and have tried pretty much every tool in the book, from to-do lists, calendar apps, PKMs, all-in-ones... I can't think of any I haven't tried (except the ones where I'm still on the waitlist, such as Lazy.so). I have slowly settled on calendar/gtd tools, with Things 3 and Fantastical being long-time favorites. But, PKM tools are another story... I have struggled over the last year to settle on a single PKM tool as a second brain. Notion: didn't like how slow it felt, and it honestly felt like I spent 90% of my time ""optimizing"" the experience, just or me to barely use it. Evernote: seems nice but also outdated, and I'm afraid to pay the $130 for a (supposedly?) dying software with a diminishing community. Obsidian: honestly still optimizing, and don't feel like it fits the ""quick capture"" functionality I look for. Apple Notes: perfect for a quick capture, but not enough functionality for me at the moment... you all get the point. So, what do you all use, and why have you settled on that tool? And, what recommendations do you have for my needs? I want an app that is primarily for knowledge management, has a quick/easy way to capture thoughts on the go, local notes that I can use offline, and I'm not sure if visual aids are necessarily my thing yet. I also am not necessarily in need for study aids, as I am an Anki power-user. Finally, I am also not afraid to pay a pretty penny to ensure I can leave this whole ""quest for management"" behind. Thanks, excited to hear what you all have to say :)","Discussion","1709517152","2024-03-04T01:52:32+00:00","37","37","0.96","59","4e357a1493fe14bb","","reddit-PKMS-settling_on_a_pkm_for_the_adhdriddled_student_who:comment:kt9lxz0","comment","kt9lxz0","t1_kt9lxz0","https://www.reddit.com/r/PKMS/comments/1b5yqzm/settling_on_a_pkm_for_the_adhdriddled_student_who/kt9lxz0/","/r/PKMS/comments/1b5yqzm/settling_on_a_pkm_for_the_adhdriddled_student_who/kt9lxz0/","t1_kt8kmsd","comment","kt8kmsd","kt8kmsd","1","false","kt8kmsd > kt9lxz0","1a1d3ba950fce51a","","","false","false","","3","3","0","0","0","1709536288","2024-03-04T07:11:28+00:00","false","False","","true","false","false","false","At the moment I’m using UpNote but tried Capacities and like it so far. Is anybody able to comment on the iOS app they develop and I can only access via their higher tier subscription?","At the moment I’m using UpNote but tried Capacities and like it so far. Is anybody able to comment on the iOS app they develop and I can only access via their higher tier subscription?","184","35","Capacities is what I settled on as a neurodivergent person. It gave me the closest fit to a way my mind works, enough freedom to tinker with my setup without it turning into always working on the way it's set up instead of ever actually doing the work. I still casually hop around other PKM tools, but Capacities is the only one that has stuck.","Capacities is what I settled on as a neurodivergent person. It gave me the closest fit to a way my mind works, enough freedom to tinker with my setup without it turning into always working on the way it's set up instead of ever actually doing the work. I still casually hop around other PKM tools, but Capacities is the only one that has stuck.","","true","false","app","","","contains_question | mentions_planner_or_system","14","[THREAD_TITLE]
Settling on a PKM... for the ADHD-riddled student who is currently trying 7 PKMs at once.

[THREAD_BODY]
Hey everyone :) I have been heavy in the productivity space for years, and have tried pretty much every tool in the book, from to-do lists, calendar apps, PKMs, all-in-ones... I can't think of any I haven't tried (except the ones where I'm still on the waitlist, such as Lazy.so). I have slowly settled on calendar/gtd tools, with Things 3 and Fantastical being long-time favorites. But, PKM tools are another story... I have struggled over the last year to settle on a single PKM tool as a second brain. Notion: didn't like how slow it felt, and it honestly felt like I spent 90% of my time ""optimizing"" the experience, just or me to barely use it. Evernote: seems nice but also outdated, and I'm afraid to pay the $130 for a (supposedly?) dying software with a diminishing community. Obsidian: honestly still optimizing, and don't feel like it fits the ""quick capture"" functionality I look for. Apple Notes: perfect for a quick capture, but not enough functionality for me at the moment... you all get the point. So, what do you all use, and why have you settled on that tool? And, what recommendations do you have for my needs? I want an app that is primarily for knowledge management, has a quick/easy way to capture thoughts on the go, local notes that I can use offline, and I'm not sure if visual aids are necessarily my thing yet. I also am not necessarily in need for study aids, as I am an Anki power-user. Finally, I am also not afraid to pay a pretty penny to ensure I can leave this whole ""quest for management"" behind. Thanks, excited to hear what you all have to say :)

[PARENT_COMMENT_CONTEXT]
Capacities is what I settled on as a neurodivergent person. It gave me the closest fit to a way my mind works, enough freedom to tinker with my setup without it turning into always working on the way it's set up instead of ever actually doing the work. I still casually hop around other PKM tools, but Capacities is the only one that has stuck.

[CURRENT_RECORD]
At the moment I’m using UpNote but tried Capacities and like it so far. Is anybody able to comment on the iOS app they develop and I can only access via their higher tier subscription?"
"C:\Projects\Web\planner-tdah\research\reddit_data\reddit-PKMS-settling_on_a_pkm_for_the_adhdriddled_student_who.json","reddit-PKMS-settling_on_a_pkm_for_the_adhdriddled_student_who","1b5yqzm","t3_1b5yqzm","https://www.reddit.com/r/PKMS/comments/1b5yqzm/settling_on_a_pkm_for_the_adhdriddled_student_who/","PKMS","r/PKMS","Settling on a PKM... for the ADHD-riddled student who is currently trying 7 PKMs at once.","Hey everyone :) I have been heavy in the productivity space for years, and have tried pretty much every tool in the book, from to-do lists, calendar apps, PKMs, all-in-ones... I can't think of any I haven't tried (except the ones where I'm still on the waitlist, such as Lazy.so). I have slowly settled on calendar/gtd tools, with Things 3 and Fantastical being long-time favorites. But, PKM tools are another story... I have struggled over the last year to settle on a single PKM tool as a second brain. Notion: didn't like how slow it felt, and it honestly felt like I spent 90% of my time ""optimizing"" the experience, just or me to barely use it. Evernote: seems nice but also outdated, and I'm afraid to pay the $130 for a (supposedly?) dying software with a diminishing community. Obsidian: honestly still optimizing, and don't feel like it fits the ""quick capture"" functionality I look for. Apple Notes: perfect for a quick capture, but not enough functionality for me at the moment... you all get the point. So, what do you all use, and why have you settled on that tool? And, what recommendations do you have for my needs? I want an app that is primarily for knowledge management, has a quick/easy way to capture thoughts on the go, local notes that I can use offline, and I'm not sure if visual aids are necessarily my thing yet. I also am not necessarily in need for study aids, as I am an Anki power-user. Finally, I am also not afraid to pay a pretty penny to ensure I can leave this whole ""quest for management"" behind. Thanks, excited to hear what you all have to say :)","Discussion","1709517152","2024-03-04T01:52:32+00:00","37","37","0.96","59","4e357a1493fe14bb","","reddit-PKMS-settling_on_a_pkm_for_the_adhdriddled_student_who:comment:ktbacfa","comment","ktbacfa","t1_ktbacfa","https://www.reddit.com/r/PKMS/comments/1b5yqzm/settling_on_a_pkm_for_the_adhdriddled_student_who/ktbacfa/","/r/PKMS/comments/1b5yqzm/settling_on_a_pkm_for_the_adhdriddled_student_who/ktbacfa/","t1_kt8kmsd","comment","kt8kmsd","kt8kmsd","1","false","kt8kmsd > ktbacfa","3b8058356a8dbe55","","","false","false","","3","3","0","0","0","1709568741","2024-03-04T16:12:21+00:00","false","False","","false","false","false","false","Does capacities have good export functionality if I later choose to migrate to a different system like obsidian?","Does capacities have good export functionality if I later choose to migrate to a different system like obsidian?","112","18","Capacities is what I settled on as a neurodivergent person. It gave me the closest fit to a way my mind works, enough freedom to tinker with my setup without it turning into always working on the way it's set up instead of ever actually doing the work. I still casually hop around other PKM tools, but Capacities is the only one that has stuck.","Capacities is what I settled on as a neurodivergent person. It gave me the closest fit to a way my mind works, enough freedom to tinker with my setup without it turning into always working on the way it's set up instead of ever actually doing the work. I still casually hop around other PKM tools, but Capacities is the only one that has stuck.","","true","false","","","","contains_question","0","[THREAD_TITLE]
Settling on a PKM... for the ADHD-riddled student who is currently trying 7 PKMs at once.

[THREAD_BODY]
Hey everyone :) I have been heavy in the productivity space for years, and have tried pretty much every tool in the book, from to-do lists, calendar apps, PKMs, all-in-ones... I can't think of any I haven't tried (except the ones where I'm still on the waitlist, such as Lazy.so). I have slowly settled on calendar/gtd tools, with Things 3 and Fantastical being long-time favorites. But, PKM tools are another story... I have struggled over the last year to settle on a single PKM tool as a second brain. Notion: didn't like how slow it felt, and it honestly felt like I spent 90% of my time ""optimizing"" the experience, just or me to barely use it. Evernote: seems nice but also outdated, and I'm afraid to pay the $130 for a (supposedly?) dying software with a diminishing community. Obsidian: honestly still optimizing, and don't feel like it fits the ""quick capture"" functionality I look for. Apple Notes: perfect for a quick capture, but not enough functionality for me at the moment... you all get the point. So, what do you all use, and why have you settled on that tool? And, what recommendations do you have for my needs? I want an app that is primarily for knowledge management, has a quick/easy way to capture thoughts on the go, local notes that I can use offline, and I'm not sure if visual aids are necessarily my thing yet. I also am not necessarily in need for study aids, as I am an Anki power-user. Finally, I am also not afraid to pay a pretty penny to ensure I can leave this whole ""quest for management"" behind. Thanks, excited to hear what you all have to say :)

[PARENT_COMMENT_CONTEXT]
Capacities is what I settled on as a neurodivergent person. It gave me the closest fit to a way my mind works, enough freedom to tinker with my setup without it turning into always working on the way it's set up instead of ever actually doing the work. I still casually hop around other PKM tools, but Capacities is the only one that has stuck.

[CURRENT_RECORD]
Does capacities have good export functionality if I later choose to migrate to a different system like obsidian?"
"C:\Projects\Web\planner-tdah\research\reddit_data\reddit-PKMS-settling_on_a_pkm_for_the_adhdriddled_student_who.json","reddit-PKMS-settling_on_a_pkm_for_the_adhdriddled_student_who","1b5yqzm","t3_1b5yqzm","https://www.reddit.com/r/PKMS/comments/1b5yqzm/settling_on_a_pkm_for_the_adhdriddled_student_who/","PKMS","r/PKMS","Settling on a PKM... for the ADHD-riddled student who is currently trying 7 PKMs at once.","Hey everyone :) I have been heavy in the productivity space for years, and have tried pretty much every tool in the book, from to-do lists, calendar apps, PKMs, all-in-ones... I can't think of any I haven't tried (except the ones where I'm still on the waitlist, such as Lazy.so). I have slowly settled on calendar/gtd tools, with Things 3 and Fantastical being long-time favorites. But, PKM tools are another story... I have struggled over the last year to settle on a single PKM tool as a second brain. Notion: didn't like how slow it felt, and it honestly felt like I spent 90% of my time ""optimizing"" the experience, just or me to barely use it. Evernote: seems nice but also outdated, and I'm afraid to pay the $130 for a (supposedly?) dying software with a diminishing community. Obsidian: honestly still optimizing, and don't feel like it fits the ""quick capture"" functionality I look for. Apple Notes: perfect for a quick capture, but not enough functionality for me at the moment... you all get the point. So, what do you all use, and why have you settled on that tool? And, what recommendations do you have for my needs? I want an app that is primarily for knowledge management, has a quick/easy way to capture thoughts on the go, local notes that I can use offline, and I'm not sure if visual aids are necessarily my thing yet. I also am not necessarily in need for study aids, as I am an Anki power-user. Finally, I am also not afraid to pay a pretty penny to ensure I can leave this whole ""quest for management"" behind. Thanks, excited to hear what you all have to say :)","Discussion","1709517152","2024-03-04T01:52:32+00:00","37","37","0.96","59","4e357a1493fe14bb","","reddit-PKMS-settling_on_a_pkm_for_the_adhdriddled_student_who:comment:ktdh2y9","comment","ktdh2y9","t1_ktdh2y9","https://www.reddit.com/r/PKMS/comments/1b5yqzm/settling_on_a_pkm_for_the_adhdriddled_student_who/ktdh2y9/","/r/PKMS/comments/1b5yqzm/settling_on_a_pkm_for_the_adhdriddled_student_who/ktdh2y9/","t1_kt8kmsd","comment","kt8kmsd","kt8kmsd","1","false","kt8kmsd > ktdh2y9","97deb47e63997f92","","","false","false","","2","2","0","0","0","1709595673","2024-03-04T23:41:13+00:00","false","False","","false","false","false","false","Exactly, Capacities works for me because it is somewhat limited - therefore I don't spend an eternity tweaking it (like I did with Notion).","Exactly, Capacities works for me because it is somewhat limited - therefore I don't spend an eternity tweaking it (like I did with Notion).","139","24","Capacities is what I settled on as a neurodivergent person. It gave me the closest fit to a way my mind works, enough freedom to tinker with my setup without it turning into always working on the way it's set up instead of ever actually doing the work. I still casually hop around other PKM tools, but Capacities is the only one that has stuck.","Capacities is what I settled on as a neurodivergent person. It gave me the closest fit to a way my mind works, enough freedom to tinker with my setup without it turning into always working on the way it's set up instead of ever actually doing the work. I still casually hop around other PKM tools, but Capacities is the only one that has stuck.","","false","true","notion","","","mentions_planner_or_system | mentions_working_solution_or_recommendation","22","[THREAD_TITLE]
Settling on a PKM... for the ADHD-riddled student who is currently trying 7 PKMs at once.

[THREAD_BODY]
Hey everyone :) I have been heavy in the productivity space for years, and have tried pretty much every tool in the book, from to-do lists, calendar apps, PKMs, all-in-ones... I can't think of any I haven't tried (except the ones where I'm still on the waitlist, such as Lazy.so). I have slowly settled on calendar/gtd tools, with Things 3 and Fantastical being long-time favorites. But, PKM tools are another story... I have struggled over the last year to settle on a single PKM tool as a second brain. Notion: didn't like how slow it felt, and it honestly felt like I spent 90% of my time ""optimizing"" the experience, just or me to barely use it. Evernote: seems nice but also outdated, and I'm afraid to pay the $130 for a (supposedly?) dying software with a diminishing community. Obsidian: honestly still optimizing, and don't feel like it fits the ""quick capture"" functionality I look for. Apple Notes: perfect for a quick capture, but not enough functionality for me at the moment... you all get the point. So, what do you all use, and why have you settled on that tool? And, what recommendations do you have for my needs? I want an app that is primarily for knowledge management, has a quick/easy way to capture thoughts on the go, local notes that I can use offline, and I'm not sure if visual aids are necessarily my thing yet. I also am not necessarily in need for study aids, as I am an Anki power-user. Finally, I am also not afraid to pay a pretty penny to ensure I can leave this whole ""quest for management"" behind. Thanks, excited to hear what you all have to say :)

[PARENT_COMMENT_CONTEXT]
Capacities is what I settled on as a neurodivergent person. It gave me the closest fit to a way my mind works, enough freedom to tinker with my setup without it turning into always working on the way it's set up instead of ever actually doing the work. I still casually hop around other PKM tools, but Capacities is the only one that has stuck.

[CURRENT_RECORD]
Exactly, Capacities works for me because it is somewhat limited - therefore I don't spend an eternity tweaking it (like I did with Notion)."
"C:\Projects\Web\planner-tdah\research\reddit_data\reddit-PKMS-settling_on_a_pkm_for_the_adhdriddled_student_who.json","reddit-PKMS-settling_on_a_pkm_for_the_adhdriddled_student_who","1b5yqzm","t3_1b5yqzm","https://www.reddit.com/r/PKMS/comments/1b5yqzm/settling_on_a_pkm_for_the_adhdriddled_student_who/","PKMS","r/PKMS","Settling on a PKM... for the ADHD-riddled student who is currently trying 7 PKMs at once.","Hey everyone :) I have been heavy in the productivity space for years, and have tried pretty much every tool in the book, from to-do lists, calendar apps, PKMs, all-in-ones... I can't think of any I haven't tried (except the ones where I'm still on the waitlist, such as Lazy.so). I have slowly settled on calendar/gtd tools, with Things 3 and Fantastical being long-time favorites. But, PKM tools are another story... I have struggled over the last year to settle on a single PKM tool as a second brain. Notion: didn't like how slow it felt, and it honestly felt like I spent 90% of my time ""optimizing"" the experience, just or me to barely use it. Evernote: seems nice but also outdated, and I'm afraid to pay the $130 for a (supposedly?) dying software with a diminishing community. Obsidian: honestly still optimizing, and don't feel like it fits the ""quick capture"" functionality I look for. Apple Notes: perfect for a quick capture, but not enough functionality for me at the moment... you all get the point. So, what do you all use, and why have you settled on that tool? And, what recommendations do you have for my needs? I want an app that is primarily for knowledge management, has a quick/easy way to capture thoughts on the go, local notes that I can use offline, and I'm not sure if visual aids are necessarily my thing yet. I also am not necessarily in need for study aids, as I am an Anki power-user. Finally, I am also not afraid to pay a pretty penny to ensure I can leave this whole ""quest for management"" behind. Thanks, excited to hear what you all have to say :)","Discussion","1709517152","2024-03-04T01:52:32+00:00","37","37","0.96","59","4e357a1493fe14bb","","reddit-PKMS-settling_on_a_pkm_for_the_adhdriddled_student_who:comment:kxlqnk1","comment","kxlqnk1","t1_kxlqnk1","https://www.reddit.com/r/PKMS/comments/1b5yqzm/settling_on_a_pkm_for_the_adhdriddled_student_who/kxlqnk1/","/r/PKMS/comments/1b5yqzm/settling_on_a_pkm_for_the_adhdriddled_student_who/kxlqnk1/","t1_kt8kmsd","comment","kt8kmsd","kt8kmsd","1","false","kt8kmsd > kxlqnk1","","","","false","false","","1","1","0","0","1","1712006259","2024-04-01T21:17:39+00:00","false","False","","false","false","false","false","[excluído]","[excluído]","10","1","Capacities is what I settled on as a neurodivergent person. It gave me the closest fit to a way my mind works, enough freedom to tinker with my setup without it turning into always working on the way it's set up instead of ever actually doing the work. I still casually hop around other PKM tools, but Capacities is the only one that has stuck.","Capacities is what I settled on as a neurodivergent person. It gave me the closest fit to a way my mind works, enough freedom to tinker with my setup without it turning into always working on the way it's set up instead of ever actually doing the work. I still casually hop around other PKM tools, but Capacities is the only one that has stuck.","","false","false","","","","","3","[THREAD_TITLE]
Settling on a PKM... for the ADHD-riddled student who is currently trying 7 PKMs at once.

[THREAD_BODY]
Hey everyone :) I have been heavy in the productivity space for years, and have tried pretty much every tool in the book, from to-do lists, calendar apps, PKMs, all-in-ones... I can't think of any I haven't tried (except the ones where I'm still on the waitlist, such as Lazy.so). I have slowly settled on calendar/gtd tools, with Things 3 and Fantastical being long-time favorites. But, PKM tools are another story... I have struggled over the last year to settle on a single PKM tool as a second brain. Notion: didn't like how slow it felt, and it honestly felt like I spent 90% of my time ""optimizing"" the experience, just or me to barely use it. Evernote: seems nice but also outdated, and I'm afraid to pay the $130 for a (supposedly?) dying software with a diminishing community. Obsidian: honestly still optimizing, and don't feel like it fits the ""quick capture"" functionality I look for. Apple Notes: perfect for a quick capture, but not enough functionality for me at the moment... you all get the point. So, what do you all use, and why have you settled on that tool? And, what recommendations do you have for my needs? I want an app that is primarily for knowledge management, has a quick/easy way to capture thoughts on the go, local notes that I can use offline, and I'm not sure if visual aids are necessarily my thing yet. I also am not necessarily in need for study aids, as I am an Anki power-user. Finally, I am also not afraid to pay a pretty penny to ensure I can leave this whole ""quest for management"" behind. Thanks, excited to hear what you all have to say :)

[PARENT_COMMENT_CONTEXT]
Capacities is what I settled on as a neurodivergent person. It gave me the closest fit to a way my mind works, enough freedom to tinker with my setup without it turning into always working on the way it's set up instead of ever actually doing the work. I still casually hop around other PKM tools, but Capacities is the only one that has stuck.

[CURRENT_RECORD]
[excluído]"
"C:\Projects\Web\planner-tdah\research\reddit_data\reddit-PKMS-settling_on_a_pkm_for_the_adhdriddled_student_who.json","reddit-PKMS-settling_on_a_pkm_for_the_adhdriddled_student_who","1b5yqzm","t3_1b5yqzm","https://www.reddit.com/r/PKMS/comments/1b5yqzm/settling_on_a_pkm_for_the_adhdriddled_student_who/","PKMS","r/PKMS","Settling on a PKM... for the ADHD-riddled student who is currently trying 7 PKMs at once.","Hey everyone :) I have been heavy in the productivity space for years, and have tried pretty much every tool in the book, from to-do lists, calendar apps, PKMs, all-in-ones... I can't think of any I haven't tried (except the ones where I'm still on the waitlist, such as Lazy.so). I have slowly settled on calendar/gtd tools, with Things 3 and Fantastical being long-time favorites. But, PKM tools are another story... I have struggled over the last year to settle on a single PKM tool as a second brain. Notion: didn't like how slow it felt, and it honestly felt like I spent 90% of my time ""optimizing"" the experience, just or me to barely use it. Evernote: seems nice but also outdated, and I'm afraid to pay the $130 for a (supposedly?) dying software with a diminishing community. Obsidian: honestly still optimizing, and don't feel like it fits the ""quick capture"" functionality I look for. Apple Notes: perfect for a quick capture, but not enough functionality for me at the moment... you all get the point. So, what do you all use, and why have you settled on that tool? And, what recommendations do you have for my needs? I want an app that is primarily for knowledge management, has a quick/easy way to capture thoughts on the go, local notes that I can use offline, and I'm not sure if visual aids are necessarily my thing yet. I also am not necessarily in need for study aids, as I am an Anki power-user. Finally, I am also not afraid to pay a pretty penny to ensure I can leave this whole ""quest for management"" behind. Thanks, excited to hear what you all have to say :)","Discussion","1709517152","2024-03-04T01:52:32+00:00","37","37","0.96","59","4e357a1493fe14bb","","reddit-PKMS-settling_on_a_pkm_for_the_adhdriddled_student_who:comment:kxr0l6m","comment","kxr0l6m","t1_kxr0l6m","https://www.reddit.com/r/PKMS/comments/1b5yqzm/settling_on_a_pkm_for_the_adhdriddled_student_who/kxr0l6m/","/r/PKMS/comments/1b5yqzm/settling_on_a_pkm_for_the_adhdriddled_student_who/kxr0l6m/","t1_kxlqnk1","comment","kxlqnk1","kt8kmsd","2","false","kt8kmsd > kxlqnk1 > kxr0l6m","b1e4c4c169609087","","","false","false","","2","2","0","0","0","1712088845","2024-04-02T20:14:05+00:00","false","False","","false","false","false","false","From my experience, backup is usable. Not perfect, but no notes lost. Maybe try with a single sample note and test the export of that to see if it fits your needs?","From my experience, backup is usable. Not perfect, but no notes lost. Maybe try with a single sample note and test the export of that to see if it fits your needs?","163","32","[excluído]","Capacities is what I settled on as a neurodivergent person. It gave me the closest fit to a way my mind works, enough freedom to tinker with my setup without it turning into always working on the way it's set up instead of ever actually doing the work. I still casually hop around other PKM tools, but Capacities is the only one that has stuck.","","true","false","","lost","notes","contains_question | forgetfulness_or_time_signal | mentions_feature_or_solution | mentions_pain_or_friction","27","[THREAD_TITLE]
Settling on a PKM... for the ADHD-riddled student who is currently trying 7 PKMs at once.

[THREAD_BODY]
Hey everyone :) I have been heavy in the productivity space for years, and have tried pretty much every tool in the book, from to-do lists, calendar apps, PKMs, all-in-ones... I can't think of any I haven't tried (except the ones where I'm still on the waitlist, such as Lazy.so). I have slowly settled on calendar/gtd tools, with Things 3 and Fantastical being long-time favorites. But, PKM tools are another story... I have struggled over the last year to settle on a single PKM tool as a second brain. Notion: didn't like how slow it felt, and it honestly felt like I spent 90% of my time ""optimizing"" the experience, just or me to barely use it. Evernote: seems nice but also outdated, and I'm afraid to pay the $130 for a (supposedly?) dying software with a diminishing community. Obsidian: honestly still optimizing, and don't feel like it fits the ""quick capture"" functionality I look for. Apple Notes: perfect for a quick capture, but not enough functionality for me at the moment... you all get the point. So, what do you all use, and why have you settled on that tool? And, what recommendations do you have for my needs? I want an app that is primarily for knowledge management, has a quick/easy way to capture thoughts on the go, local notes that I can use offline, and I'm not sure if visual aids are necessarily my thing yet. I also am not necessarily in need for study aids, as I am an Anki power-user. Finally, I am also not afraid to pay a pretty penny to ensure I can leave this whole ""quest for management"" behind. Thanks, excited to hear what you all have to say :)

[ROOT_COMMENT_CONTEXT]
Capacities is what I settled on as a neurodivergent person. It gave me the closest fit to a way my mind works, enough freedom to tinker with my setup without it turning into always working on the way it's set up instead of ever actually doing the work. I still casually hop around other PKM tools, but Capacities is the only one that has stuck.

[PARENT_COMMENT_CONTEXT]
[excluído]

[CURRENT_RECORD]
From my experience, backup is usable. Not perfect, but no notes lost. Maybe try with a single sample note and test the export of that to see if it fits your needs?"
"C:\Projects\Web\planner-tdah\research\reddit_data\reddit-PKMS-settling_on_a_pkm_for_the_adhdriddled_student_who.json","reddit-PKMS-settling_on_a_pkm_for_the_adhdriddled_student_who","1b5yqzm","t3_1b5yqzm","https://www.reddit.com/r/PKMS/comments/1b5yqzm/settling_on_a_pkm_for_the_adhdriddled_student_who/","PKMS","r/PKMS","Settling on a PKM... for the ADHD-riddled student who is currently trying 7 PKMs at once.","Hey everyone :) I have been heavy in the productivity space for years, and have tried pretty much every tool in the book, from to-do lists, calendar apps, PKMs, all-in-ones... I can't think of any I haven't tried (except the ones where I'm still on the waitlist, such as Lazy.so). I have slowly settled on calendar/gtd tools, with Things 3 and Fantastical being long-time favorites. But, PKM tools are another story... I have struggled over the last year to settle on a single PKM tool as a second brain. Notion: didn't like how slow it felt, and it honestly felt like I spent 90% of my time ""optimizing"" the experience, just or me to barely use it. Evernote: seems nice but also outdated, and I'm afraid to pay the $130 for a (supposedly?) dying software with a diminishing community. Obsidian: honestly still optimizing, and don't feel like it fits the ""quick capture"" functionality I look for. Apple Notes: perfect for a quick capture, but not enough functionality for me at the moment... you all get the point. So, what do you all use, and why have you settled on that tool? And, what recommendations do you have for my needs? I want an app that is primarily for knowledge management, has a quick/easy way to capture thoughts on the go, local notes that I can use offline, and I'm not sure if visual aids are necessarily my thing yet. I also am not necessarily in need for study aids, as I am an Anki power-user. Finally, I am also not afraid to pay a pretty penny to ensure I can leave this whole ""quest for management"" behind. Thanks, excited to hear what you all have to say :)","Discussion","1709517152","2024-03-04T01:52:32+00:00","37","37","0.96","59","4e357a1493fe14bb","","reddit-PKMS-settling_on_a_pkm_for_the_adhdriddled_student_who:comment:kt8uh31","comment","kt8uh31","t1_kt8uh31","https://www.reddit.com/r/PKMS/comments/1b5yqzm/settling_on_a_pkm_for_the_adhdriddled_student_who/kt8uh31/","/r/PKMS/comments/1b5yqzm/settling_on_a_pkm_for_the_adhdriddled_student_who/kt8uh31/","t3_1b5yqzm","post","","kt8uh31","0","true","kt8uh31","","","","false","false","","18","18","0","0","0","1709521897","2024-03-04T03:11:37+00:00","false","False","","true","false","false","false","I have spent a stupid amount of time on this as someone with ADHD and here's what I realized: the time you spend working on setting up a PKMS will always be wasted because you don't know what your needs for a system are until you start actually doing stuff. Here's where I settled 1. Notes: physical notebooks with no organization. I realized I never actually look back at notes—I just take them to learn the material by writing. 2. Tasks: ToDoist. Everything I think of goes in the inbox, and I sit down and sort them every morning while I check my email and calendar. 3. Calendar: Google calendar. That's it. I tried notion. I tried obsidian. I tried a whole ton of random things, and at the end of the day I realized that it's all a waste of time and I just need the basics.","I have spent a stupid amount of time on this as someone with ADHD and here's what I realized: the time you spend working on setting up a PKMS will always be wasted because you don't know what your needs for a system are until you start actually doing stuff. Here's where I settle…","777","148","","","","false","false","calendar | notion | todo | organization","adhd | time | tasks","notes","forgetfulness_or_time_signal | long_form_comment | mentions_feature_or_solution | mentions_pain_or_friction | mentions_planner_or_system","68","[THREAD_TITLE]
Settling on a PKM... for the ADHD-riddled student who is currently trying 7 PKMs at once.

[THREAD_BODY]
Hey everyone :) I have been heavy in the productivity space for years, and have tried pretty much every tool in the book, from to-do lists, calendar apps, PKMs, all-in-ones... I can't think of any I haven't tried (except the ones where I'm still on the waitlist, such as Lazy.so). I have slowly settled on calendar/gtd tools, with Things 3 and Fantastical being long-time favorites. But, PKM tools are another story... I have struggled over the last year to settle on a single PKM tool as a second brain. Notion: didn't like how slow it felt, and it honestly felt like I spent 90% of my time ""optimizing"" the experience, just or me to barely use it. Evernote: seems nice but also outdated, and I'm afraid to pay the $130 for a (supposedly?) dying software with a diminishing community. Obsidian: honestly still optimizing, and don't feel like it fits the ""quick capture"" functionality I look for. Apple Notes: perfect for a quick capture, but not enough functionality for me at the moment... you all get the point. So, what do you all use, and why have you settled on that tool? And, what recommendations do you have for my needs? I want an app that is primarily for knowledge management, has a quick/easy way to capture thoughts on the go, local notes that I can use offline, and I'm not sure if visual aids are necessarily my thing yet. I also am not necessarily in need for study aids, as I am an Anki power-user. Finally, I am also not afraid to pay a pretty penny to ensure I can leave this whole ""quest for management"" behind. Thanks, excited to hear what you all have to say :)

[CURRENT_RECORD]
I have spent a stupid amount of time on this as someone with ADHD and here's what I realized: the time you spend working on setting up a PKMS will always be wasted because you don't know what your needs for a system are until you start actually doing stuff. Here's where I settled 1. Notes: physical notebooks with no organization. I realized I never actually look back at notes—I just take them to learn the material by writing. 2. Tasks: ToDoist. Everything I think of goes in the inbox, and I sit down and sort them every morning while I check my email and calendar. 3. Calendar: Google calendar. That's it. I tried notion. I tried obsidian. I tried a whole ton of random things, and at the end of the day I realized that it's all a waste of time and I just need the basics."
"C:\Projects\Web\planner-tdah\research\reddit_data\reddit-PKMS-settling_on_a_pkm_for_the_adhdriddled_student_who.json","reddit-PKMS-settling_on_a_pkm_for_the_adhdriddled_student_who","1b5yqzm","t3_1b5yqzm","https://www.reddit.com/r/PKMS/comments/1b5yqzm/settling_on_a_pkm_for_the_adhdriddled_student_who/","PKMS","r/PKMS","Settling on a PKM... for the ADHD-riddled student who is currently trying 7 PKMs at once.","Hey everyone :) I have been heavy in the productivity space for years, and have tried pretty much every tool in the book, from to-do lists, calendar apps, PKMs, all-in-ones... I can't think of any I haven't tried (except the ones where I'm still on the waitlist, such as Lazy.so). I have slowly settled on calendar/gtd tools, with Things 3 and Fantastical being long-time favorites. But, PKM tools are another story... I have struggled over the last year to settle on a single PKM tool as a second brain. Notion: didn't like how slow it felt, and it honestly felt like I spent 90% of my time ""optimizing"" the experience, just or me to barely use it. Evernote: seems nice but also outdated, and I'm afraid to pay the $130 for a (supposedly?) dying software with a diminishing community. Obsidian: honestly still optimizing, and don't feel like it fits the ""quick capture"" functionality I look for. Apple Notes: perfect for a quick capture, but not enough functionality for me at the moment... you all get the point. So, what do you all use, and why have you settled on that tool? And, what recommendations do you have for my needs? I want an app that is primarily for knowledge management, has a quick/easy way to capture thoughts on the go, local notes that I can use offline, and I'm not sure if visual aids are necessarily my thing yet. I also am not necessarily in need for study aids, as I am an Anki power-user. Finally, I am also not afraid to pay a pretty penny to ensure I can leave this whole ""quest for management"" behind. Thanks, excited to hear what you all have to say :)","Discussion","1709517152","2024-03-04T01:52:32+00:00","37","37","0.96","59","4e357a1493fe14bb","","reddit-PKMS-settling_on_a_pkm_for_the_adhdriddled_student_who:comment:kt8mlwv","comment","kt8mlwv","t1_kt8mlwv","https://www.reddit.com/r/PKMS/comments/1b5yqzm/settling_on_a_pkm_for_the_adhdriddled_student_who/kt8mlwv/","/r/PKMS/comments/1b5yqzm/settling_on_a_pkm_for_the_adhdriddled_student_who/kt8mlwv/","t3_1b5yqzm","post","","kt8mlwv","0","true","kt8mlwv","4e357a1493fe14bb","","","true","false","","14","14","0","0","5","1709518643","2024-03-04T02:17:23+00:00","false","False","","false","false","false","false","Here are my current considerations: 1. Straightforward Note-Takers 1. Evernote 2. Apple Notes 3. OneNote 4. UpNote 2. Md-Based 1. Obsidian 2. LogSeq 3. Reflect 3. Notion Upgrades 1. Capacities 2. Anytype 3. Tana (I just gained access) 4. PowerTools 1. Heptabase 2. Mem.ai","Here are my current considerations: 1. Straightforward Note-Takers 1. Evernote 2. Apple Notes 3. OneNote 4. UpNote 2. Md-Based 1. Obsidian 2. LogSeq 3. Reflect 3. Notion Upgrades 1. Capacities 2. Anytype 3. Tana (I just gained access) 4. PowerTools 1. Heptabase 2. Mem.ai","271","44","","","","false","false","notion | app","","notes","mentions_feature_or_solution | mentions_planner_or_system","34","[THREAD_TITLE]
Settling on a PKM... for the ADHD-riddled student who is currently trying 7 PKMs at once.

[THREAD_BODY]
Hey everyone :) I have been heavy in the productivity space for years, and have tried pretty much every tool in the book, from to-do lists, calendar apps, PKMs, all-in-ones... I can't think of any I haven't tried (except the ones where I'm still on the waitlist, such as Lazy.so). I have slowly settled on calendar/gtd tools, with Things 3 and Fantastical being long-time favorites. But, PKM tools are another story... I have struggled over the last year to settle on a single PKM tool as a second brain. Notion: didn't like how slow it felt, and it honestly felt like I spent 90% of my time ""optimizing"" the experience, just or me to barely use it. Evernote: seems nice but also outdated, and I'm afraid to pay the $130 for a (supposedly?) dying software with a diminishing community. Obsidian: honestly still optimizing, and don't feel like it fits the ""quick capture"" functionality I look for. Apple Notes: perfect for a quick capture, but not enough functionality for me at the moment... you all get the point. So, what do you all use, and why have you settled on that tool? And, what recommendations do you have for my needs? I want an app that is primarily for knowledge management, has a quick/easy way to capture thoughts on the go, local notes that I can use offline, and I'm not sure if visual aids are necessarily my thing yet. I also am not necessarily in need for study aids, as I am an Anki power-user. Finally, I am also not afraid to pay a pretty penny to ensure I can leave this whole ""quest for management"" behind. Thanks, excited to hear what you all have to say :)

[CURRENT_RECORD]
Here are my current considerations: 1. Straightforward Note-Takers 1. Evernote 2. Apple Notes 3. OneNote 4. UpNote 2. Md-Based 1. Obsidian 2. LogSeq 3. Reflect 3. Notion Upgrades 1. Capacities 2. Anytype 3. Tana (I just gained access) 4. PowerTools 1. Heptabase 2. Mem.ai"
"C:\Projects\Web\planner-tdah\research\reddit_data\reddit-PKMS-settling_on_a_pkm_for_the_adhdriddled_student_who.json","reddit-PKMS-settling_on_a_pkm_for_the_adhdriddled_student_who","1b5yqzm","t3_1b5yqzm","https://www.reddit.com/r/PKMS/comments/1b5yqzm/settling_on_a_pkm_for_the_adhdriddled_student_who/","PKMS","r/PKMS","Settling on a PKM... for the ADHD-riddled student who is currently trying 7 PKMs at once.","Hey everyone :) I have been heavy in the productivity space for years, and have tried pretty much every tool in the book, from to-do lists, calendar apps, PKMs, all-in-ones... I can't think of any I haven't tried (except the ones where I'm still on the waitlist, such as Lazy.so). I have slowly settled on calendar/gtd tools, with Things 3 and Fantastical being long-time favorites. But, PKM tools are another story... I have struggled over the last year to settle on a single PKM tool as a second brain. Notion: didn't like how slow it felt, and it honestly felt like I spent 90% of my time ""optimizing"" the experience, just or me to barely use it. Evernote: seems nice but also outdated, and I'm afraid to pay the $130 for a (supposedly?) dying software with a diminishing community. Obsidian: honestly still optimizing, and don't feel like it fits the ""quick capture"" functionality I look for. Apple Notes: perfect for a quick capture, but not enough functionality for me at the moment... you all get the point. So, what do you all use, and why have you settled on that tool? And, what recommendations do you have for my needs? I want an app that is primarily for knowledge management, has a quick/easy way to capture thoughts on the go, local notes that I can use offline, and I'm not sure if visual aids are necessarily my thing yet. I also am not necessarily in need for study aids, as I am an Anki power-user. Finally, I am also not afraid to pay a pretty penny to ensure I can leave this whole ""quest for management"" behind. Thanks, excited to hear what you all have to say :)","Discussion","1709517152","2024-03-04T01:52:32+00:00","37","37","0.96","59","4e357a1493fe14bb","","reddit-PKMS-settling_on_a_pkm_for_the_adhdriddled_student_who:comment:ktagcys","comment","ktagcys","t1_ktagcys","https://www.reddit.com/r/PKMS/comments/1b5yqzm/settling_on_a_pkm_for_the_adhdriddled_student_who/ktagcys/","/r/PKMS/comments/1b5yqzm/settling_on_a_pkm_for_the_adhdriddled_student_who/ktagcys/","t1_kt8mlwv","comment","kt8mlwv","kt8mlwv","1","false","kt8mlwv > ktagcys","1f66f0f544718643","","","false","false","","11","11","0","0","1","1709556750","2024-03-04T12:52:30+00:00","false","False","","false","false","false","false","Avoid Mem.ai. They seem to be struggling and haven't updated the desktop app. They also killed key features (no inbox, no tasks) so I don't think it's a good option any more. Heptabase is really focused on learning things. It's a great app with low data entry friction and powerful for what it sets out to do. I would push you towards Capacities or Obsidian. With Obsidian you do not have to install and mess with a lot plugins. But if you think that will be a challenge then I would use Capacities. While its similar to Capacities, I'm not a fan of Anytype. Its harder to learn (poor documentation IMO) and seems to have a slower release cycle. Finally, newer doesn't always mean better. Workflowy.com (http://Workflowy.com) and TheBrain.com (http://TheBrain.com) are \older\ apps that are still getting frequent updates and should be considered.","Avoid Mem.ai. They seem to be struggling and haven't updated the desktop app. They also killed key features (no inbox, no tasks) so I don't think it's a good option any more. Heptabase is really focused on learning things. It's a great app with low data entry friction and powerf…","847","143","Here are my current considerations: 1. Straightforward Note-Takers 1. Evernote 2. Apple Notes 3. OneNote 4. UpNote 2. Md-Based 1. Obsidian 2. LogSeq 3. Reflect 3. Notion Upgrades 1. Capacities 2. Anytype 3. Tana (I just gained access) 4. PowerTools 1. Heptabase 2. Mem.ai","Here are my current considerations: 1. Straightforward Note-Takers 1. Evernote 2. Apple Notes 3. OneNote 4. UpNote 2. Md-Based 1. Obsidian 2. LogSeq 3. Reflect 3. Notion Upgrades 1. Capacities 2. Anytype 3. Tana (I just gained access) 4. PowerTools 1. Heptabase 2. Mem.ai","http://Workflowy.com | http://TheBrain.com","false","true","app | to do","tasks","","long_form_comment | mentions_pain_or_friction | mentions_planner_or_system | mentions_working_solution_or_recommendation","49","[THREAD_TITLE]
Settling on a PKM... for the ADHD-riddled student who is currently trying 7 PKMs at once.

[THREAD_BODY]
Hey everyone :) I have been heavy in the productivity space for years, and have tried pretty much every tool in the book, from to-do lists, calendar apps, PKMs, all-in-ones... I can't think of any I haven't tried (except the ones where I'm still on the waitlist, such as Lazy.so). I have slowly settled on calendar/gtd tools, with Things 3 and Fantastical being long-time favorites. But, PKM tools are another story... I have struggled over the last year to settle on a single PKM tool as a second brain. Notion: didn't like how slow it felt, and it honestly felt like I spent 90% of my time ""optimizing"" the experience, just or me to barely use it. Evernote: seems nice but also outdated, and I'm afraid to pay the $130 for a (supposedly?) dying software with a diminishing community. Obsidian: honestly still optimizing, and don't feel like it fits the ""quick capture"" functionality I look for. Apple Notes: perfect for a quick capture, but not enough functionality for me at the moment... you all get the point. So, what do you all use, and why have you settled on that tool? And, what recommendations do you have for my needs? I want an app that is primarily for knowledge management, has a quick/easy way to capture thoughts on the go, local notes that I can use offline, and I'm not sure if visual aids are necessarily my thing yet. I also am not necessarily in need for study aids, as I am an Anki power-user. Finally, I am also not afraid to pay a pretty penny to ensure I can leave this whole ""quest for management"" behind. Thanks, excited to hear what you all have to say :)

[PARENT_COMMENT_CONTEXT]
Here are my current considerations: 1. Straightforward Note-Takers 1. Evernote 2. Apple Notes 3. OneNote 4. UpNote 2. Md-Based 1. Obsidian 2. LogSeq 3. Reflect 3. Notion Upgrades 1. Capacities 2. Anytype 3. Tana (I just gained access) 4. PowerTools 1. Heptabase 2. Mem.ai

[CURRENT_RECORD]
Avoid Mem.ai. They seem to be struggling and haven't updated the desktop app. They also killed key features (no inbox, no tasks) so I don't think it's a good option any more. Heptabase is really focused on learning things. It's a great app with low data entry friction and powerful for what it sets out to do. I would push you towards Capacities or Obsidian. With Obsidian you do not have to install and mess with a lot plugins. But if you think that will be a challenge then I would use Capacities. While its similar to Capacities, I'm not a fan of Anytype. Its harder to learn (poor documentation IMO) and seems to have a slower release cycle. Finally, newer doesn't always mean better. Workflowy.com (http://Workflowy.com) and TheBrain.com (http://TheBrain.com) are \older\ apps that are still getting frequent updates and should be considered."
"C:\Projects\Web\planner-tdah\research\reddit_data\reddit-PKMS-settling_on_a_pkm_for_the_adhdriddled_student_who.json","reddit-PKMS-settling_on_a_pkm_for_the_adhdriddled_student_who","1b5yqzm","t3_1b5yqzm","https://www.reddit.com/r/PKMS/comments/1b5yqzm/settling_on_a_pkm_for_the_adhdriddled_student_who/","PKMS","r/PKMS","Settling on a PKM... for the ADHD-riddled student who is currently trying 7 PKMs at once.","Hey everyone :) I have been heavy in the productivity space for years, and have tried pretty much every tool in the book, from to-do lists, calendar apps, PKMs, all-in-ones... I can't think of any I haven't tried (except the ones where I'm still on the waitlist, such as Lazy.so). I have slowly settled on calendar/gtd tools, with Things 3 and Fantastical being long-time favorites. But, PKM tools are another story... I have struggled over the last year to settle on a single PKM tool as a second brain. Notion: didn't like how slow it felt, and it honestly felt like I spent 90% of my time ""optimizing"" the experience, just or me to barely use it. Evernote: seems nice but also outdated, and I'm afraid to pay the $130 for a (supposedly?) dying software with a diminishing community. Obsidian: honestly still optimizing, and don't feel like it fits the ""quick capture"" functionality I look for. Apple Notes: perfect for a quick capture, but not enough functionality for me at the moment... you all get the point. So, what do you all use, and why have you settled on that tool? And, what recommendations do you have for my needs? I want an app that is primarily for knowledge management, has a quick/easy way to capture thoughts on the go, local notes that I can use offline, and I'm not sure if visual aids are necessarily my thing yet. I also am not necessarily in need for study aids, as I am an Anki power-user. Finally, I am also not afraid to pay a pretty penny to ensure I can leave this whole ""quest for management"" behind. Thanks, excited to hear what you all have to say :)","Discussion","1709517152","2024-03-04T01:52:32+00:00","37","37","0.96","59","4e357a1493fe14bb","","reddit-PKMS-settling_on_a_pkm_for_the_adhdriddled_student_who:comment:l26397d","comment","l26397d","t1_l26397d","https://www.reddit.com/r/PKMS/comments/1b5yqzm/settling_on_a_pkm_for_the_adhdriddled_student_who/l26397d/","/r/PKMS/comments/1b5yqzm/settling_on_a_pkm_for_the_adhdriddled_student_who/l26397d/","t1_ktagcys","comment","ktagcys","kt8mlwv","2","false","kt8mlwv > ktagcys > l26397d","405a0e1697a0ca79","","","false","false","","1","1","0","0","0","1714606514","2024-05-01T23:35:14+00:00","false","False","","false","false","false","false","Mem having no dark mode or Android app after years is so frustrating","Mem having no dark mode or Android app after years is so frustrating","68","13","Avoid Mem.ai. They seem to be struggling and haven't updated the desktop app. They also killed key features (no inbox, no tasks) so I don't think it's a good option any more. Heptabase is really focused on learning things. It's a great app with low data entry friction and powerful for what it sets out to do. I would push you towards Capacities or Obsidian. With Obsidian you do not have to install and mess with a lot plugins. But if you think that will be a challenge then I would use Capacities. While its similar to Capacities, I'm not a fan of Anytype. Its harder to learn (poor documentation IMO) and seems to have a slower release cycle. Finally, newer doesn't always mean better. Workflowy.…","Here are my current considerations: 1. Straightforward Note-Takers 1. Evernote 2. Apple Notes 3. OneNote 4. UpNote 2. Md-Based 1. Obsidian 2. LogSeq 3. Reflect 3. Notion Upgrades 1. Capacities 2. Anytype 3. Tana (I just gained access) 4. PowerTools 1. Heptabase 2. Mem.ai","","false","false","app","frustrating","","mentions_pain_or_friction | mentions_planner_or_system","9","[THREAD_TITLE]
Settling on a PKM... for the ADHD-riddled student who is currently trying 7 PKMs at once.

[THREAD_BODY]
Hey everyone :) I have been heavy in the productivity space for years, and have tried pretty much every tool in the book, from to-do lists, calendar apps, PKMs, all-in-ones... I can't think of any I haven't tried (except the ones where I'm still on the waitlist, such as Lazy.so). I have slowly settled on calendar/gtd tools, with Things 3 and Fantastical being long-time favorites. But, PKM tools are another story... I have struggled over the last year to settle on a single PKM tool as a second brain. Notion: didn't like how slow it felt, and it honestly felt like I spent 90% of my time ""optimizing"" the experience, just or me to barely use it. Evernote: seems nice but also outdated, and I'm afraid to pay the $130 for a (supposedly?) dying software with a diminishing community. Obsidian: honestly still optimizing, and don't feel like it fits the ""quick capture"" functionality I look for. Apple Notes: perfect for a quick capture, but not enough functionality for me at the moment... you all get the point. So, what do you all use, and why have you settled on that tool? And, what recommendations do you have for my needs? I want an app that is primarily for knowledge management, has a quick/easy way to capture thoughts on the go, local notes that I can use offline, and I'm not sure if visual aids are necessarily my thing yet. I also am not necessarily in need for study aids, as I am an Anki power-user. Finally, I am also not afraid to pay a pretty penny to ensure I can leave this whole ""quest for management"" behind. Thanks, excited to hear what you all have to say :)

[ROOT_COMMENT_CONTEXT]
Here are my current considerations: 1. Straightforward Note-Takers 1. Evernote 2. Apple Notes 3. OneNote 4. UpNote 2. Md-Based 1. Obsidian 2. LogSeq 3. Reflect 3. Notion Upgrades 1. Capacities 2. Anytype 3. Tana (I just gained access) 4. PowerTools 1. Heptabase 2. Mem.ai

[PARENT_COMMENT_CONTEXT]
Avoid Mem.ai. They seem to be struggling and haven't updated the desktop app. They also killed key features (no inbox, no tasks) so I don't think it's a good option any more. Heptabase is really focused on learning things. It's a great app with low data entry friction and powerful for what it sets out to do. I would push you towards Capacities or Obsidian. With Obsidian you do not have to install and mess with a lot plugins. But if you think that will be a challenge then I would use Capacities. While its similar to Capacities, I'm not a fan of Anytype. Its harder to learn (poor documentation IMO) and seems to have a slower release cycle. Finally, newer doesn't always mean better. Workflowy.…

[CURRENT_RECORD]
Mem having no dark mode or Android app after years is so frustrating"
"C:\Projects\Web\planner-tdah\research\reddit_data\reddit-PKMS-settling_on_a_pkm_for_the_adhdriddled_student_who.json","reddit-PKMS-settling_on_a_pkm_for_the_adhdriddled_student_who","1b5yqzm","t3_1b5yqzm","https://www.reddit.com/r/PKMS/comments/1b5yqzm/settling_on_a_pkm_for_the_adhdriddled_student_who/","PKMS","r/PKMS","Settling on a PKM... for the ADHD-riddled student who is currently trying 7 PKMs at once.","Hey everyone :) I have been heavy in the productivity space for years, and have tried pretty much every tool in the book, from to-do lists, calendar apps, PKMs, all-in-ones... I can't think of any I haven't tried (except the ones where I'm still on the waitlist, such as Lazy.so). I have slowly settled on calendar/gtd tools, with Things 3 and Fantastical being long-time favorites. But, PKM tools are another story... I have struggled over the last year to settle on a single PKM tool as a second brain. Notion: didn't like how slow it felt, and it honestly felt like I spent 90% of my time ""optimizing"" the experience, just or me to barely use it. Evernote: seems nice but also outdated, and I'm afraid to pay the $130 for a (supposedly?) dying software with a diminishing community. Obsidian: honestly still optimizing, and don't feel like it fits the ""quick capture"" functionality I look for. Apple Notes: perfect for a quick capture, but not enough functionality for me at the moment... you all get the point. So, what do you all use, and why have you settled on that tool? And, what recommendations do you have for my needs? I want an app that is primarily for knowledge management, has a quick/easy way to capture thoughts on the go, local notes that I can use offline, and I'm not sure if visual aids are necessarily my thing yet. I also am not necessarily in need for study aids, as I am an Anki power-user. Finally, I am also not afraid to pay a pretty penny to ensure I can leave this whole ""quest for management"" behind. Thanks, excited to hear what you all have to say :)","Discussion","1709517152","2024-03-04T01:52:32+00:00","37","37","0.96","59","4e357a1493fe14bb","","reddit-PKMS-settling_on_a_pkm_for_the_adhdriddled_student_who:comment:kt91tl9","comment","kt91tl9","t1_kt91tl9","https://www.reddit.com/r/PKMS/comments/1b5yqzm/settling_on_a_pkm_for_the_adhdriddled_student_who/kt91tl9/","/r/PKMS/comments/1b5yqzm/settling_on_a_pkm_for_the_adhdriddled_student_who/kt91tl9/","t1_kt8mlwv","comment","kt8mlwv","kt8mlwv","1","false","kt8mlwv > kt91tl9","ccf0745b1ed09817","","","false","false","","5","5","0","0","0","1709525140","2024-03-04T04:05:40+00:00","false","False","","false","false","false","false","Can't say much about the other categories, but as far as Notion Upgrades, Tana has been nothing short of revolutionary to me. If you have the tendency to try and continually optimize or organize your pkm and end up wasting time, Tana is a great tool that is best with unorganized note taking. I've been using it for a few months and have had the greatest success with taking simple notes everyday with their supertag system. The key is to let go and take notes in the way that feels natural relevant to the context and not try to waste time organizing or configuring templates.","Can't say much about the other categories, but as far as Notion Upgrades, Tana has been nothing short of revolutionary to me. If you have the tendency to try and continually optimize or organize your pkm and end up wasting time, Tana is a great tool that is best with unorganized…","577","105","Here are my current considerations: 1. Straightforward Note-Takers 1. Evernote 2. Apple Notes 3. OneNote 4. UpNote 2. Md-Based 1. Obsidian 2. LogSeq 3. Reflect 3. Notion Upgrades 1. Capacities 2. Anytype 3. Tana (I just gained access) 4. PowerTools 1. Heptabase 2. Mem.ai","Here are my current considerations: 1. Straightforward Note-Takers 1. Evernote 2. Apple Notes 3. OneNote 4. UpNote 2. Md-Based 1. Obsidian 2. LogSeq 3. Reflect 3. Notion Upgrades 1. Capacities 2. Anytype 3. Tana (I just gained access) 4. PowerTools 1. Heptabase 2. Mem.ai","","false","true","notion | template | templates | organize | organizing","time","simple | categories | notes","forgetfulness_or_time_signal | long_form_comment | mentions_feature_or_solution | mentions_pain_or_friction | mentions_planner_or_system | mentions_working_solution_or_recommendation | printable_modular_system_signal","84","[THREAD_TITLE]
Settling on a PKM... for the ADHD-riddled student who is currently trying 7 PKMs at once.

[THREAD_BODY]
Hey everyone :) I have been heavy in the productivity space for years, and have tried pretty much every tool in the book, from to-do lists, calendar apps, PKMs, all-in-ones... I can't think of any I haven't tried (except the ones where I'm still on the waitlist, such as Lazy.so). I have slowly settled on calendar/gtd tools, with Things 3 and Fantastical being long-time favorites. But, PKM tools are another story... I have struggled over the last year to settle on a single PKM tool as a second brain. Notion: didn't like how slow it felt, and it honestly felt like I spent 90% of my time ""optimizing"" the experience, just or me to barely use it. Evernote: seems nice but also outdated, and I'm afraid to pay the $130 for a (supposedly?) dying software with a diminishing community. Obsidian: honestly still optimizing, and don't feel like it fits the ""quick capture"" functionality I look for. Apple Notes: perfect for a quick capture, but not enough functionality for me at the moment... you all get the point. So, what do you all use, and why have you settled on that tool? And, what recommendations do you have for my needs? I want an app that is primarily for knowledge management, has a quick/easy way to capture thoughts on the go, local notes that I can use offline, and I'm not sure if visual aids are necessarily my thing yet. I also am not necessarily in need for study aids, as I am an Anki power-user. Finally, I am also not afraid to pay a pretty penny to ensure I can leave this whole ""quest for management"" behind. Thanks, excited to hear what you all have to say :)

[PARENT_COMMENT_CONTEXT]
Here are my current considerations: 1. Straightforward Note-Takers 1. Evernote 2. Apple Notes 3. OneNote 4. UpNote 2. Md-Based 1. Obsidian 2. LogSeq 3. Reflect 3. Notion Upgrades 1. Capacities 2. Anytype 3. Tana (I just gained access) 4. PowerTools 1. Heptabase 2. Mem.ai

[CURRENT_RECORD]
Can't say much about the other categories, but as far as Notion Upgrades, Tana has been nothing short of revolutionary to me. If you have the tendency to try and continually optimize or organize your pkm and end up wasting time, Tana is a great tool that is best with unorganized note taking. I've been using it for a few months and have had the greatest success with taking simple notes everyday with their supertag system. The key is to let go and take notes in the way that feels natural relevant to the context and not try to waste time organizing or configuring templates."
"C:\Projects\Web\planner-tdah\research\reddit_data\reddit-PKMS-settling_on_a_pkm_for_the_adhdriddled_student_who.json","reddit-PKMS-settling_on_a_pkm_for_the_adhdriddled_student_who","1b5yqzm","t3_1b5yqzm","https://www.reddit.com/r/PKMS/comments/1b5yqzm/settling_on_a_pkm_for_the_adhdriddled_student_who/","PKMS","r/PKMS","Settling on a PKM... for the ADHD-riddled student who is currently trying 7 PKMs at once.","Hey everyone :) I have been heavy in the productivity space for years, and have tried pretty much every tool in the book, from to-do lists, calendar apps, PKMs, all-in-ones... I can't think of any I haven't tried (except the ones where I'm still on the waitlist, such as Lazy.so). I have slowly settled on calendar/gtd tools, with Things 3 and Fantastical being long-time favorites. But, PKM tools are another story... I have struggled over the last year to settle on a single PKM tool as a second brain. Notion: didn't like how slow it felt, and it honestly felt like I spent 90% of my time ""optimizing"" the experience, just or me to barely use it. Evernote: seems nice but also outdated, and I'm afraid to pay the $130 for a (supposedly?) dying software with a diminishing community. Obsidian: honestly still optimizing, and don't feel like it fits the ""quick capture"" functionality I look for. Apple Notes: perfect for a quick capture, but not enough functionality for me at the moment... you all get the point. So, what do you all use, and why have you settled on that tool? And, what recommendations do you have for my needs? I want an app that is primarily for knowledge management, has a quick/easy way to capture thoughts on the go, local notes that I can use offline, and I'm not sure if visual aids are necessarily my thing yet. I also am not necessarily in need for study aids, as I am an Anki power-user. Finally, I am also not afraid to pay a pretty penny to ensure I can leave this whole ""quest for management"" behind. Thanks, excited to hear what you all have to say :)","Discussion","1709517152","2024-03-04T01:52:32+00:00","37","37","0.96","59","4e357a1493fe14bb","","reddit-PKMS-settling_on_a_pkm_for_the_adhdriddled_student_who:comment:ktbg9gp","comment","ktbg9gp","t1_ktbg9gp","https://www.reddit.com/r/PKMS/comments/1b5yqzm/settling_on_a_pkm_for_the_adhdriddled_student_who/ktbg9gp/","/r/PKMS/comments/1b5yqzm/settling_on_a_pkm_for_the_adhdriddled_student_who/ktbg9gp/","t1_kt8mlwv","comment","kt8mlwv","kt8mlwv","1","false","kt8mlwv > ktbg9gp","99d5b8c47b954718","","","false","false","","4","4","0","0","0","1709570747","2024-03-04T16:45:47+00:00","false","False","","false","false","false","false","I use a combination of Apple Notes, iOS Reminders, Obsidian and a physical Bullet Journal. - Apple Notes for quick capture as well as sharing with my SO and other friends that are on iOS. - Obsidian for anything topic-based and more in-depth and now especially with GPT integration this is a game changer for building my actual knowledge base. - Reminders for its simplicity and ease of use. - And the Bullet Journal for a combination of work notes and personal reflections. I am thinking of putting this in Obsidian for the purposes of using GPT on them e.g. to get a weekly or monthly summary that I can use when I review my progress towards my goals. I tried for a long time to get to a one-system solution in a variety of tools including spending a few years building out a monster of a PKM/Project Management/Task management system in emacs org-mode (if you don't know what that is, please DO NOT google it... you WILL be sucked in :))) Ultimately, I resigned to the fact that turning off the part of my brain that is constantly searching for something better isn't going to happen. The best I can do is try to observe those feelings and do my best to move past them (meditation really helps, by the way). Also, I resigned to the realization that I don't need an all-in-one solution. I can make do just fine with having a few simple tools, even with the number of concurrent projects and demands in my life.","I use a combination of Apple Notes, iOS Reminders, Obsidian and a physical Bullet Journal. - Apple Notes for quick capture as well as sharing with my SO and other friends that are on iOS. - Obsidian for anything topic-based and more in-depth and now especially with GPT integrati…","1412","259","Here are my current considerations: 1. Straightforward Note-Takers 1. Evernote 2. Apple Notes 3. OneNote 4. UpNote 2. Md-Based 1. Obsidian 2. LogSeq 3. Reflect 3. Notion Upgrades 1. Capacities 2. Anytype 3. Tana (I just gained access) 4. PowerTools 1. Heptabase 2. Mem.ai","Here are my current considerations: 1. Straightforward Note-Takers 1. Evernote 2. Apple Notes 3. OneNote 4. UpNote 2. Md-Based 1. Obsidian 2. LogSeq 3. Reflect 3. Notion Upgrades 1. Capacities 2. Anytype 3. Tana (I just gained access) 4. PowerTools 1. Heptabase 2. Mem.ai","","false","true","bullet journal | journal | app | weekly | monthly","time","simple | reminder | reminders | notes | weekly | monthly | change | review","forgetfulness_or_time_signal | long_form_comment | mentions_feature_or_solution | mentions_pain_or_friction | mentions_planner_or_system | mentions_working_solution_or_recommendation","91","[THREAD_TITLE]
Settling on a PKM... for the ADHD-riddled student who is currently trying 7 PKMs at once.

[THREAD_BODY]
Hey everyone :) I have been heavy in the productivity space for years, and have tried pretty much every tool in the book, from to-do lists, calendar apps, PKMs, all-in-ones... I can't think of any I haven't tried (except the ones where I'm still on the waitlist, such as Lazy.so). I have slowly settled on calendar/gtd tools, with Things 3 and Fantastical being long-time favorites. But, PKM tools are another story... I have struggled over the last year to settle on a single PKM tool as a second brain. Notion: didn't like how slow it felt, and it honestly felt like I spent 90% of my time ""optimizing"" the experience, just or me to barely use it. Evernote: seems nice but also outdated, and I'm afraid to pay the $130 for a (supposedly?) dying software with a diminishing community. Obsidian: honestly still optimizing, and don't feel like it fits the ""quick capture"" functionality I look for. Apple Notes: perfect for a quick capture, but not enough functionality for me at the moment... you all get the point. So, what do you all use, and why have you settled on that tool? And, what recommendations do you have for my needs? I want an app that is primarily for knowledge management, has a quick/easy way to capture thoughts on the go, local notes that I can use offline, and I'm not sure if visual aids are necessarily my thing yet. I also am not necessarily in need for study aids, as I am an Anki power-user. Finally, I am also not afraid to pay a pretty penny to ensure I can leave this whole ""quest for management"" behind. Thanks, excited to hear what you all have to say :)

[PARENT_COMMENT_CONTEXT]
Here are my current considerations: 1. Straightforward Note-Takers 1. Evernote 2. Apple Notes 3. OneNote 4. UpNote 2. Md-Based 1. Obsidian 2. LogSeq 3. Reflect 3. Notion Upgrades 1. Capacities 2. Anytype 3. Tana (I just gained access) 4. PowerTools 1. Heptabase 2. Mem.ai

[CURRENT_RECORD]
I use a combination of Apple Notes, iOS Reminders, Obsidian and a physical Bullet Journal. - Apple Notes for quick capture as well as sharing with my SO and other friends that are on iOS. - Obsidian for anything topic-based and more in-depth and now especially with GPT integration this is a game changer for building my actual knowledge base. - Reminders for its simplicity and ease of use. - And the Bullet Journal for a combination of work notes and personal reflections. I am thinking of putting this in Obsidian for the purposes of using GPT on them e.g. to get a weekly or monthly summary that I can use when I review my progress towards my goals. I tried for a long time to get to a one-system solution in a variety of tools including spending a few years building out a monster of a PKM/Project Management/Task management system in emacs org-mode (if you don't know what that is, please DO NOT google it... you WILL be sucked in :))) Ultimately, I resigned to the fact that turning off the part of my brain that is constantly searching for something better isn't going to happen. The best I can do is try to observe those feelings and do my best to move past them (meditation really helps, by the way). Also, I resigned to the realization that I don't need an all-in-one solution. I can make do just fine with having a few simple tools, even with the number of concurrent projects and demands in my life."
"C:\Projects\Web\planner-tdah\research\reddit_data\reddit-PKMS-settling_on_a_pkm_for_the_adhdriddled_student_who.json","reddit-PKMS-settling_on_a_pkm_for_the_adhdriddled_student_who","1b5yqzm","t3_1b5yqzm","https://www.reddit.com/r/PKMS/comments/1b5yqzm/settling_on_a_pkm_for_the_adhdriddled_student_who/","PKMS","r/PKMS","Settling on a PKM... for the ADHD-riddled student who is currently trying 7 PKMs at once.","Hey everyone :) I have been heavy in the productivity space for years, and have tried pretty much every tool in the book, from to-do lists, calendar apps, PKMs, all-in-ones... I can't think of any I haven't tried (except the ones where I'm still on the waitlist, such as Lazy.so). I have slowly settled on calendar/gtd tools, with Things 3 and Fantastical being long-time favorites. But, PKM tools are another story... I have struggled over the last year to settle on a single PKM tool as a second brain. Notion: didn't like how slow it felt, and it honestly felt like I spent 90% of my time ""optimizing"" the experience, just or me to barely use it. Evernote: seems nice but also outdated, and I'm afraid to pay the $130 for a (supposedly?) dying software with a diminishing community. Obsidian: honestly still optimizing, and don't feel like it fits the ""quick capture"" functionality I look for. Apple Notes: perfect for a quick capture, but not enough functionality for me at the moment... you all get the point. So, what do you all use, and why have you settled on that tool? And, what recommendations do you have for my needs? I want an app that is primarily for knowledge management, has a quick/easy way to capture thoughts on the go, local notes that I can use offline, and I'm not sure if visual aids are necessarily my thing yet. I also am not necessarily in need for study aids, as I am an Anki power-user. Finally, I am also not afraid to pay a pretty penny to ensure I can leave this whole ""quest for management"" behind. Thanks, excited to hear what you all have to say :)","Discussion","1709517152","2024-03-04T01:52:32+00:00","37","37","0.96","59","4e357a1493fe14bb","","reddit-PKMS-settling_on_a_pkm_for_the_adhdriddled_student_who:comment:kt95p6o","comment","kt95p6o","t1_kt95p6o","https://www.reddit.com/r/PKMS/comments/1b5yqzm/settling_on_a_pkm_for_the_adhdriddled_student_who/kt95p6o/","/r/PKMS/comments/1b5yqzm/settling_on_a_pkm_for_the_adhdriddled_student_who/kt95p6o/","t1_kt8mlwv","comment","kt8mlwv","kt8mlwv","1","false","kt8mlwv > kt95p6o","c6e1af228820af64","","","false","false","","3","3","0","0","0","1709526984","2024-03-04T04:36:24+00:00","false","False","","false","false","false","false","what's wrong with UpNote? if it's too simple, maybe you can try Twos with more functionality. There is also an option to use separate apps for Capture and Organize","what's wrong with UpNote? if it's too simple, maybe you can try Twos with more functionality. There is also an option to use separate apps for Capture and Organize","163","29","Here are my current considerations: 1. Straightforward Note-Takers 1. Evernote 2. Apple Notes 3. OneNote 4. UpNote 2. Md-Based 1. Obsidian 2. LogSeq 3. Reflect 3. Notion Upgrades 1. Capacities 2. Anytype 3. Tana (I just gained access) 4. PowerTools 1. Heptabase 2. Mem.ai","Here are my current considerations: 1. Straightforward Note-Takers 1. Evernote 2. Apple Notes 3. OneNote 4. UpNote 2. Md-Based 1. Obsidian 2. LogSeq 3. Reflect 3. Notion Upgrades 1. Capacities 2. Anytype 3. Tana (I just gained access) 4. PowerTools 1. Heptabase 2. Mem.ai","","true","false","app | organize","","simple","contains_question | mentions_feature_or_solution | mentions_planner_or_system","22","[THREAD_TITLE]
Settling on a PKM... for the ADHD-riddled student who is currently trying 7 PKMs at once.

[THREAD_BODY]
Hey everyone :) I have been heavy in the productivity space for years, and have tried pretty much every tool in the book, from to-do lists, calendar apps, PKMs, all-in-ones... I can't think of any I haven't tried (except the ones where I'm still on the waitlist, such as Lazy.so). I have slowly settled on calendar/gtd tools, with Things 3 and Fantastical being long-time favorites. But, PKM tools are another story... I have struggled over the last year to settle on a single PKM tool as a second brain. Notion: didn't like how slow it felt, and it honestly felt like I spent 90% of my time ""optimizing"" the experience, just or me to barely use it. Evernote: seems nice but also outdated, and I'm afraid to pay the $130 for a (supposedly?) dying software with a diminishing community. Obsidian: honestly still optimizing, and don't feel like it fits the ""quick capture"" functionality I look for. Apple Notes: perfect for a quick capture, but not enough functionality for me at the moment... you all get the point. So, what do you all use, and why have you settled on that tool? And, what recommendations do you have for my needs? I want an app that is primarily for knowledge management, has a quick/easy way to capture thoughts on the go, local notes that I can use offline, and I'm not sure if visual aids are necessarily my thing yet. I also am not necessarily in need for study aids, as I am an Anki power-user. Finally, I am also not afraid to pay a pretty penny to ensure I can leave this whole ""quest for management"" behind. Thanks, excited to hear what you all have to say :)

[PARENT_COMMENT_CONTEXT]
Here are my current considerations: 1. Straightforward Note-Takers 1. Evernote 2. Apple Notes 3. OneNote 4. UpNote 2. Md-Based 1. Obsidian 2. LogSeq 3. Reflect 3. Notion Upgrades 1. Capacities 2. Anytype 3. Tana (I just gained access) 4. PowerTools 1. Heptabase 2. Mem.ai

[CURRENT_RECORD]
what's wrong with UpNote? if it's too simple, maybe you can try Twos with more functionality. There is also an option to use separate apps for Capture and Organize"
"C:\Projects\Web\planner-tdah\research\reddit_data\reddit-PKMS-settling_on_a_pkm_for_the_adhdriddled_student_who.json","reddit-PKMS-settling_on_a_pkm_for_the_adhdriddled_student_who","1b5yqzm","t3_1b5yqzm","https://www.reddit.com/r/PKMS/comments/1b5yqzm/settling_on_a_pkm_for_the_adhdriddled_student_who/","PKMS","r/PKMS","Settling on a PKM... for the ADHD-riddled student who is currently trying 7 PKMs at once.","Hey everyone :) I have been heavy in the productivity space for years, and have tried pretty much every tool in the book, from to-do lists, calendar apps, PKMs, all-in-ones... I can't think of any I haven't tried (except the ones where I'm still on the waitlist, such as Lazy.so). I have slowly settled on calendar/gtd tools, with Things 3 and Fantastical being long-time favorites. But, PKM tools are another story... I have struggled over the last year to settle on a single PKM tool as a second brain. Notion: didn't like how slow it felt, and it honestly felt like I spent 90% of my time ""optimizing"" the experience, just or me to barely use it. Evernote: seems nice but also outdated, and I'm afraid to pay the $130 for a (supposedly?) dying software with a diminishing community. Obsidian: honestly still optimizing, and don't feel like it fits the ""quick capture"" functionality I look for. Apple Notes: perfect for a quick capture, but not enough functionality for me at the moment... you all get the point. So, what do you all use, and why have you settled on that tool? And, what recommendations do you have for my needs? I want an app that is primarily for knowledge management, has a quick/easy way to capture thoughts on the go, local notes that I can use offline, and I'm not sure if visual aids are necessarily my thing yet. I also am not necessarily in need for study aids, as I am an Anki power-user. Finally, I am also not afraid to pay a pretty penny to ensure I can leave this whole ""quest for management"" behind. Thanks, excited to hear what you all have to say :)","Discussion","1709517152","2024-03-04T01:52:32+00:00","37","37","0.96","59","4e357a1493fe14bb","","reddit-PKMS-settling_on_a_pkm_for_the_adhdriddled_student_who:comment:ktbm9fm","comment","ktbm9fm","t1_ktbm9fm","https://www.reddit.com/r/PKMS/comments/1b5yqzm/settling_on_a_pkm_for_the_adhdriddled_student_who/ktbm9fm/","/r/PKMS/comments/1b5yqzm/settling_on_a_pkm_for_the_adhdriddled_student_who/ktbm9fm/","t1_kt8mlwv","comment","kt8mlwv","kt8mlwv","1","false","kt8mlwv > ktbm9fm","d22589e9e13a3c70","","","false","false","","1","1","0","0","0","1709572887","2024-03-04T17:21:27+00:00","false","False","","false","false","false","false","if you want to try another straightforward notetaker then try bear app. That app is also md based","if you want to try another straightforward notetaker then try bear app. That app is also md based","97","18","Here are my current considerations: 1. Straightforward Note-Takers 1. Evernote 2. Apple Notes 3. OneNote 4. UpNote 2. Md-Based 1. Obsidian 2. LogSeq 3. Reflect 3. Notion Upgrades 1. Capacities 2. Anytype 3. Tana (I just gained access) 4. PowerTools 1. Heptabase 2. Mem.ai","Here are my current considerations: 1. Straightforward Note-Takers 1. Evernote 2. Apple Notes 3. OneNote 4. UpNote 2. Md-Based 1. Obsidian 2. LogSeq 3. Reflect 3. Notion Upgrades 1. Capacities 2. Anytype 3. Tana (I just gained access) 4. PowerTools 1. Heptabase 2. Mem.ai","","false","false","app","","","mentions_planner_or_system","4","[THREAD_TITLE]
Settling on a PKM... for the ADHD-riddled student who is currently trying 7 PKMs at once.

[THREAD_BODY]
Hey everyone :) I have been heavy in the productivity space for years, and have tried pretty much every tool in the book, from to-do lists, calendar apps, PKMs, all-in-ones... I can't think of any I haven't tried (except the ones where I'm still on the waitlist, such as Lazy.so). I have slowly settled on calendar/gtd tools, with Things 3 and Fantastical being long-time favorites. But, PKM tools are another story... I have struggled over the last year to settle on a single PKM tool as a second brain. Notion: didn't like how slow it felt, and it honestly felt like I spent 90% of my time ""optimizing"" the experience, just or me to barely use it. Evernote: seems nice but also outdated, and I'm afraid to pay the $130 for a (supposedly?) dying software with a diminishing community. Obsidian: honestly still optimizing, and don't feel like it fits the ""quick capture"" functionality I look for. Apple Notes: perfect for a quick capture, but not enough functionality for me at the moment... you all get the point. So, what do you all use, and why have you settled on that tool? And, what recommendations do you have for my needs? I want an app that is primarily for knowledge management, has a quick/easy way to capture thoughts on the go, local notes that I can use offline, and I'm not sure if visual aids are necessarily my thing yet. I also am not necessarily in need for study aids, as I am an Anki power-user. Finally, I am also not afraid to pay a pretty penny to ensure I can leave this whole ""quest for management"" behind. Thanks, excited to hear what you all have to say :)

[PARENT_COMMENT_CONTEXT]
Here are my current considerations: 1. Straightforward Note-Takers 1. Evernote 2. Apple Notes 3. OneNote 4. UpNote 2. Md-Based 1. Obsidian 2. LogSeq 3. Reflect 3. Notion Upgrades 1. Capacities 2. Anytype 3. Tana (I just gained access) 4. PowerTools 1. Heptabase 2. Mem.ai

[CURRENT_RECORD]
if you want to try another straightforward notetaker then try bear app. That app is also md based"
"C:\Projects\Web\planner-tdah\research\reddit_data\reddit-PKMS-settling_on_a_pkm_for_the_adhdriddled_student_who.json","reddit-PKMS-settling_on_a_pkm_for_the_adhdriddled_student_who","1b5yqzm","t3_1b5yqzm","https://www.reddit.com/r/PKMS/comments/1b5yqzm/settling_on_a_pkm_for_the_adhdriddled_student_who/","PKMS","r/PKMS","Settling on a PKM... for the ADHD-riddled student who is currently trying 7 PKMs at once.","Hey everyone :) I have been heavy in the productivity space for years, and have tried pretty much every tool in the book, from to-do lists, calendar apps, PKMs, all-in-ones... I can't think of any I haven't tried (except the ones where I'm still on the waitlist, such as Lazy.so). I have slowly settled on calendar/gtd tools, with Things 3 and Fantastical being long-time favorites. But, PKM tools are another story... I have struggled over the last year to settle on a single PKM tool as a second brain. Notion: didn't like how slow it felt, and it honestly felt like I spent 90% of my time ""optimizing"" the experience, just or me to barely use it. Evernote: seems nice but also outdated, and I'm afraid to pay the $130 for a (supposedly?) dying software with a diminishing community. Obsidian: honestly still optimizing, and don't feel like it fits the ""quick capture"" functionality I look for. Apple Notes: perfect for a quick capture, but not enough functionality for me at the moment... you all get the point. So, what do you all use, and why have you settled on that tool? And, what recommendations do you have for my needs? I want an app that is primarily for knowledge management, has a quick/easy way to capture thoughts on the go, local notes that I can use offline, and I'm not sure if visual aids are necessarily my thing yet. I also am not necessarily in need for study aids, as I am an Anki power-user. Finally, I am also not afraid to pay a pretty penny to ensure I can leave this whole ""quest for management"" behind. Thanks, excited to hear what you all have to say :)","Discussion","1709517152","2024-03-04T01:52:32+00:00","37","37","0.96","59","4e357a1493fe14bb","","reddit-PKMS-settling_on_a_pkm_for_the_adhdriddled_student_who:comment:kt8krqy","comment","kt8krqy","t1_kt8krqy","https://www.reddit.com/r/PKMS/comments/1b5yqzm/settling_on_a_pkm_for_the_adhdriddled_student_who/kt8krqy/","/r/PKMS/comments/1b5yqzm/settling_on_a_pkm_for_the_adhdriddled_student_who/kt8krqy/","t3_1b5yqzm","post","","kt8krqy","0","true","kt8krqy","86b1156f7d1b4c1d","","","false","false","","11","11","0","0","1","1709517893","2024-03-04T02:04:53+00:00","false","False","","false","false","false","false","I went from Evernote -> OneNote -> Logseq. Took me a bit to get my head around Logseq but using it every day now for the last year or so","I went from Evernote -> OneNote -> Logseq. Took me a bit to get my head around Logseq but using it every day now for the last year or so","136","30","","","","false","false","","","","","18","[THREAD_TITLE]
Settling on a PKM... for the ADHD-riddled student who is currently trying 7 PKMs at once.

[THREAD_BODY]
Hey everyone :) I have been heavy in the productivity space for years, and have tried pretty much every tool in the book, from to-do lists, calendar apps, PKMs, all-in-ones... I can't think of any I haven't tried (except the ones where I'm still on the waitlist, such as Lazy.so). I have slowly settled on calendar/gtd tools, with Things 3 and Fantastical being long-time favorites. But, PKM tools are another story... I have struggled over the last year to settle on a single PKM tool as a second brain. Notion: didn't like how slow it felt, and it honestly felt like I spent 90% of my time ""optimizing"" the experience, just or me to barely use it. Evernote: seems nice but also outdated, and I'm afraid to pay the $130 for a (supposedly?) dying software with a diminishing community. Obsidian: honestly still optimizing, and don't feel like it fits the ""quick capture"" functionality I look for. Apple Notes: perfect for a quick capture, but not enough functionality for me at the moment... you all get the point. So, what do you all use, and why have you settled on that tool? And, what recommendations do you have for my needs? I want an app that is primarily for knowledge management, has a quick/easy way to capture thoughts on the go, local notes that I can use offline, and I'm not sure if visual aids are necessarily my thing yet. I also am not necessarily in need for study aids, as I am an Anki power-user. Finally, I am also not afraid to pay a pretty penny to ensure I can leave this whole ""quest for management"" behind. Thanks, excited to hear what you all have to say :)

[CURRENT_RECORD]
I went from Evernote -> OneNote -> Logseq. Took me a bit to get my head around Logseq but using it every day now for the last year or so"
"C:\Projects\Web\planner-tdah\research\reddit_data\reddit-PKMS-settling_on_a_pkm_for_the_adhdriddled_student_who.json","reddit-PKMS-settling_on_a_pkm_for_the_adhdriddled_student_who","1b5yqzm","t3_1b5yqzm","https://www.reddit.com/r/PKMS/comments/1b5yqzm/settling_on_a_pkm_for_the_adhdriddled_student_who/","PKMS","r/PKMS","Settling on a PKM... for the ADHD-riddled student who is currently trying 7 PKMs at once.","Hey everyone :) I have been heavy in the productivity space for years, and have tried pretty much every tool in the book, from to-do lists, calendar apps, PKMs, all-in-ones... I can't think of any I haven't tried (except the ones where I'm still on the waitlist, such as Lazy.so). I have slowly settled on calendar/gtd tools, with Things 3 and Fantastical being long-time favorites. But, PKM tools are another story... I have struggled over the last year to settle on a single PKM tool as a second brain. Notion: didn't like how slow it felt, and it honestly felt like I spent 90% of my time ""optimizing"" the experience, just or me to barely use it. Evernote: seems nice but also outdated, and I'm afraid to pay the $130 for a (supposedly?) dying software with a diminishing community. Obsidian: honestly still optimizing, and don't feel like it fits the ""quick capture"" functionality I look for. Apple Notes: perfect for a quick capture, but not enough functionality for me at the moment... you all get the point. So, what do you all use, and why have you settled on that tool? And, what recommendations do you have for my needs? I want an app that is primarily for knowledge management, has a quick/easy way to capture thoughts on the go, local notes that I can use offline, and I'm not sure if visual aids are necessarily my thing yet. I also am not necessarily in need for study aids, as I am an Anki power-user. Finally, I am also not afraid to pay a pretty penny to ensure I can leave this whole ""quest for management"" behind. Thanks, excited to hear what you all have to say :)","Discussion","1709517152","2024-03-04T01:52:32+00:00","37","37","0.96","59","4e357a1493fe14bb","","reddit-PKMS-settling_on_a_pkm_for_the_adhdriddled_student_who:comment:kt8l5kv","comment","kt8l5kv","t1_kt8l5kv","https://www.reddit.com/r/PKMS/comments/1b5yqzm/settling_on_a_pkm_for_the_adhdriddled_student_who/kt8l5kv/","/r/PKMS/comments/1b5yqzm/settling_on_a_pkm_for_the_adhdriddled_student_who/kt8l5kv/","t1_kt8krqy","comment","kt8krqy","kt8krqy","1","false","kt8krqy > kt8l5kv","4e357a1493fe14bb","","","true","false","","1","1","0","0","0","1709518048","2024-03-04T02:07:28+00:00","false","False","","false","false","false","false","Why do you like LogSeq? i tried it for a month like 6 months ago, and I found it cool, it just felt that some features felt less polished than Obsidian. But I have to say, the daily journal was really useful.","Why do you like LogSeq? i tried it for a month like 6 months ago, and I found it cool, it just felt that some features felt less polished than Obsidian. But I have to say, the daily journal was really useful.","208","42","I went from Evernote -> OneNote -> Logseq. Took me a bit to get my head around Logseq but using it every day now for the last year or so","I went from Evernote -> OneNote -> Logseq. Took me a bit to get my head around Logseq but using it every day now for the last year or so","","true","true","journal | daily","","daily","contains_question | mentions_feature_or_solution | mentions_planner_or_system | mentions_working_solution_or_recommendation","30","[THREAD_TITLE]
Settling on a PKM... for the ADHD-riddled student who is currently trying 7 PKMs at once.

[THREAD_BODY]
Hey everyone :) I have been heavy in the productivity space for years, and have tried pretty much every tool in the book, from to-do lists, calendar apps, PKMs, all-in-ones... I can't think of any I haven't tried (except the ones where I'm still on the waitlist, such as Lazy.so). I have slowly settled on calendar/gtd tools, with Things 3 and Fantastical being long-time favorites. But, PKM tools are another story... I have struggled over the last year to settle on a single PKM tool as a second brain. Notion: didn't like how slow it felt, and it honestly felt like I spent 90% of my time ""optimizing"" the experience, just or me to barely use it. Evernote: seems nice but also outdated, and I'm afraid to pay the $130 for a (supposedly?) dying software with a diminishing community. Obsidian: honestly still optimizing, and don't feel like it fits the ""quick capture"" functionality I look for. Apple Notes: perfect for a quick capture, but not enough functionality for me at the moment... you all get the point. So, what do you all use, and why have you settled on that tool? And, what recommendations do you have for my needs? I want an app that is primarily for knowledge management, has a quick/easy way to capture thoughts on the go, local notes that I can use offline, and I'm not sure if visual aids are necessarily my thing yet. I also am not necessarily in need for study aids, as I am an Anki power-user. Finally, I am also not afraid to pay a pretty penny to ensure I can leave this whole ""quest for management"" behind. Thanks, excited to hear what you all have to say :)

[PARENT_COMMENT_CONTEXT]
I went from Evernote -> OneNote -> Logseq. Took me a bit to get my head around Logseq but using it every day now for the last year or so

[CURRENT_RECORD]
Why do you like LogSeq? i tried it for a month like 6 months ago, and I found it cool, it just felt that some features felt less polished than Obsidian. But I have to say, the daily journal was really useful."
"C:\Projects\Web\planner-tdah\research\reddit_data\reddit-PKMS-settling_on_a_pkm_for_the_adhdriddled_student_who.json","reddit-PKMS-settling_on_a_pkm_for_the_adhdriddled_student_who","1b5yqzm","t3_1b5yqzm","https://www.reddit.com/r/PKMS/comments/1b5yqzm/settling_on_a_pkm_for_the_adhdriddled_student_who/","PKMS","r/PKMS","Settling on a PKM... for the ADHD-riddled student who is currently trying 7 PKMs at once.","Hey everyone :) I have been heavy in the productivity space for years, and have tried pretty much every tool in the book, from to-do lists, calendar apps, PKMs, all-in-ones... I can't think of any I haven't tried (except the ones where I'm still on the waitlist, such as Lazy.so). I have slowly settled on calendar/gtd tools, with Things 3 and Fantastical being long-time favorites. But, PKM tools are another story... I have struggled over the last year to settle on a single PKM tool as a second brain. Notion: didn't like how slow it felt, and it honestly felt like I spent 90% of my time ""optimizing"" the experience, just or me to barely use it. Evernote: seems nice but also outdated, and I'm afraid to pay the $130 for a (supposedly?) dying software with a diminishing community. Obsidian: honestly still optimizing, and don't feel like it fits the ""quick capture"" functionality I look for. Apple Notes: perfect for a quick capture, but not enough functionality for me at the moment... you all get the point. So, what do you all use, and why have you settled on that tool? And, what recommendations do you have for my needs? I want an app that is primarily for knowledge management, has a quick/easy way to capture thoughts on the go, local notes that I can use offline, and I'm not sure if visual aids are necessarily my thing yet. I also am not necessarily in need for study aids, as I am an Anki power-user. Finally, I am also not afraid to pay a pretty penny to ensure I can leave this whole ""quest for management"" behind. Thanks, excited to hear what you all have to say :)","Discussion","1709517152","2024-03-04T01:52:32+00:00","37","37","0.96","59","4e357a1493fe14bb","","reddit-PKMS-settling_on_a_pkm_for_the_adhdriddled_student_who:comment:kt90853","comment","kt90853","t1_kt90853","https://www.reddit.com/r/PKMS/comments/1b5yqzm/settling_on_a_pkm_for_the_adhdriddled_student_who/kt90853/","/r/PKMS/comments/1b5yqzm/settling_on_a_pkm_for_the_adhdriddled_student_who/kt90853/","t3_1b5yqzm","post","","kt90853","0","true","kt90853","","","","false","false","","10","10","0","0","0","1709524406","2024-03-04T03:53:26+00:00","false","False","","true","false","false","false","Logseq. Nails the basics, and it doesn't need many plugins to get the basic functionality. And it's FOSS 🎉","Logseq. Nails the basics, and it doesn't need many plugins to get the basic functionality. And it's FOSS 🎉","106","19","","","","false","false","","","","","5","[THREAD_TITLE]
Settling on a PKM... for the ADHD-riddled student who is currently trying 7 PKMs at once.

[THREAD_BODY]
Hey everyone :) I have been heavy in the productivity space for years, and have tried pretty much every tool in the book, from to-do lists, calendar apps, PKMs, all-in-ones... I can't think of any I haven't tried (except the ones where I'm still on the waitlist, such as Lazy.so). I have slowly settled on calendar/gtd tools, with Things 3 and Fantastical being long-time favorites. But, PKM tools are another story... I have struggled over the last year to settle on a single PKM tool as a second brain. Notion: didn't like how slow it felt, and it honestly felt like I spent 90% of my time ""optimizing"" the experience, just or me to barely use it. Evernote: seems nice but also outdated, and I'm afraid to pay the $130 for a (supposedly?) dying software with a diminishing community. Obsidian: honestly still optimizing, and don't feel like it fits the ""quick capture"" functionality I look for. Apple Notes: perfect for a quick capture, but not enough functionality for me at the moment... you all get the point. So, what do you all use, and why have you settled on that tool? And, what recommendations do you have for my needs? I want an app that is primarily for knowledge management, has a quick/easy way to capture thoughts on the go, local notes that I can use offline, and I'm not sure if visual aids are necessarily my thing yet. I also am not necessarily in need for study aids, as I am an Anki power-user. Finally, I am also not afraid to pay a pretty penny to ensure I can leave this whole ""quest for management"" behind. Thanks, excited to hear what you all have to say :)

[CURRENT_RECORD]
Logseq. Nails the basics, and it doesn't need many plugins to get the basic functionality. And it's FOSS 🎉"
"C:\Projects\Web\planner-tdah\research\reddit_data\reddit-PKMS-settling_on_a_pkm_for_the_adhdriddled_student_who.json","reddit-PKMS-settling_on_a_pkm_for_the_adhdriddled_student_who","1b5yqzm","t3_1b5yqzm","https://www.reddit.com/r/PKMS/comments/1b5yqzm/settling_on_a_pkm_for_the_adhdriddled_student_who/","PKMS","r/PKMS","Settling on a PKM... for the ADHD-riddled student who is currently trying 7 PKMs at once.","Hey everyone :) I have been heavy in the productivity space for years, and have tried pretty much every tool in the book, from to-do lists, calendar apps, PKMs, all-in-ones... I can't think of any I haven't tried (except the ones where I'm still on the waitlist, such as Lazy.so). I have slowly settled on calendar/gtd tools, with Things 3 and Fantastical being long-time favorites. But, PKM tools are another story... I have struggled over the last year to settle on a single PKM tool as a second brain. Notion: didn't like how slow it felt, and it honestly felt like I spent 90% of my time ""optimizing"" the experience, just or me to barely use it. Evernote: seems nice but also outdated, and I'm afraid to pay the $130 for a (supposedly?) dying software with a diminishing community. Obsidian: honestly still optimizing, and don't feel like it fits the ""quick capture"" functionality I look for. Apple Notes: perfect for a quick capture, but not enough functionality for me at the moment... you all get the point. So, what do you all use, and why have you settled on that tool? And, what recommendations do you have for my needs? I want an app that is primarily for knowledge management, has a quick/easy way to capture thoughts on the go, local notes that I can use offline, and I'm not sure if visual aids are necessarily my thing yet. I also am not necessarily in need for study aids, as I am an Anki power-user. Finally, I am also not afraid to pay a pretty penny to ensure I can leave this whole ""quest for management"" behind. Thanks, excited to hear what you all have to say :)","Discussion","1709517152","2024-03-04T01:52:32+00:00","37","37","0.96","59","4e357a1493fe14bb","","reddit-PKMS-settling_on_a_pkm_for_the_adhdriddled_student_who:comment:kt8oent","comment","kt8oent","t1_kt8oent","https://www.reddit.com/r/PKMS/comments/1b5yqzm/settling_on_a_pkm_for_the_adhdriddled_student_who/kt8oent/","/r/PKMS/comments/1b5yqzm/settling_on_a_pkm_for_the_adhdriddled_student_who/kt8oent/","t3_1b5yqzm","post","","kt8oent","0","true","kt8oent","","","","false","false","","5","5","0","0","0","1709519375","2024-03-04T02:29:35+00:00","false","False","","false","false","false","false","Settled on NotePlan. Comes with my SetApp, and is just an amazing app.","Settled on NotePlan. Comes with my SetApp, and is just an amazing app.","70","13","","","","false","false","plan | app","","","mentions_planner_or_system","13","[THREAD_TITLE]
Settling on a PKM... for the ADHD-riddled student who is currently trying 7 PKMs at once.

[THREAD_BODY]
Hey everyone :) I have been heavy in the productivity space for years, and have tried pretty much every tool in the book, from to-do lists, calendar apps, PKMs, all-in-ones... I can't think of any I haven't tried (except the ones where I'm still on the waitlist, such as Lazy.so). I have slowly settled on calendar/gtd tools, with Things 3 and Fantastical being long-time favorites. But, PKM tools are another story... I have struggled over the last year to settle on a single PKM tool as a second brain. Notion: didn't like how slow it felt, and it honestly felt like I spent 90% of my time ""optimizing"" the experience, just or me to barely use it. Evernote: seems nice but also outdated, and I'm afraid to pay the $130 for a (supposedly?) dying software with a diminishing community. Obsidian: honestly still optimizing, and don't feel like it fits the ""quick capture"" functionality I look for. Apple Notes: perfect for a quick capture, but not enough functionality for me at the moment... you all get the point. So, what do you all use, and why have you settled on that tool? And, what recommendations do you have for my needs? I want an app that is primarily for knowledge management, has a quick/easy way to capture thoughts on the go, local notes that I can use offline, and I'm not sure if visual aids are necessarily my thing yet. I also am not necessarily in need for study aids, as I am an Anki power-user. Finally, I am also not afraid to pay a pretty penny to ensure I can leave this whole ""quest for management"" behind. Thanks, excited to hear what you all have to say :)

[CURRENT_RECORD]
Settled on NotePlan. Comes with my SetApp, and is just an amazing app."
"C:\Projects\Web\planner-tdah\research\reddit_data\reddit-PKMS-settling_on_a_pkm_for_the_adhdriddled_student_who.json","reddit-PKMS-settling_on_a_pkm_for_the_adhdriddled_student_who","1b5yqzm","t3_1b5yqzm","https://www.reddit.com/r/PKMS/comments/1b5yqzm/settling_on_a_pkm_for_the_adhdriddled_student_who/","PKMS","r/PKMS","Settling on a PKM... for the ADHD-riddled student who is currently trying 7 PKMs at once.","Hey everyone :) I have been heavy in the productivity space for years, and have tried pretty much every tool in the book, from to-do lists, calendar apps, PKMs, all-in-ones... I can't think of any I haven't tried (except the ones where I'm still on the waitlist, such as Lazy.so). I have slowly settled on calendar/gtd tools, with Things 3 and Fantastical being long-time favorites. But, PKM tools are another story... I have struggled over the last year to settle on a single PKM tool as a second brain. Notion: didn't like how slow it felt, and it honestly felt like I spent 90% of my time ""optimizing"" the experience, just or me to barely use it. Evernote: seems nice but also outdated, and I'm afraid to pay the $130 for a (supposedly?) dying software with a diminishing community. Obsidian: honestly still optimizing, and don't feel like it fits the ""quick capture"" functionality I look for. Apple Notes: perfect for a quick capture, but not enough functionality for me at the moment... you all get the point. So, what do you all use, and why have you settled on that tool? And, what recommendations do you have for my needs? I want an app that is primarily for knowledge management, has a quick/easy way to capture thoughts on the go, local notes that I can use offline, and I'm not sure if visual aids are necessarily my thing yet. I also am not necessarily in need for study aids, as I am an Anki power-user. Finally, I am also not afraid to pay a pretty penny to ensure I can leave this whole ""quest for management"" behind. Thanks, excited to hear what you all have to say :)","Discussion","1709517152","2024-03-04T01:52:32+00:00","37","37","0.96","59","4e357a1493fe14bb","","reddit-PKMS-settling_on_a_pkm_for_the_adhdriddled_student_who:comment:kt8tk0e","comment","kt8tk0e","t1_kt8tk0e","https://www.reddit.com/r/PKMS/comments/1b5yqzm/settling_on_a_pkm_for_the_adhdriddled_student_who/kt8tk0e/","/r/PKMS/comments/1b5yqzm/settling_on_a_pkm_for_the_adhdriddled_student_who/kt8tk0e/","t3_1b5yqzm","post","","kt8tk0e","0","true","kt8tk0e","0e6a0e2dd9cf0a92","","","false","false","","5","5","0","0","2","1709521510","2024-03-04T03:05:10+00:00","false","False","","false","false","false","false","Siyuan","Siyuan","6","1","","","","false","false","","","","","8","[THREAD_TITLE]
Settling on a PKM... for the ADHD-riddled student who is currently trying 7 PKMs at once.

[THREAD_BODY]
Hey everyone :) I have been heavy in the productivity space for years, and have tried pretty much every tool in the book, from to-do lists, calendar apps, PKMs, all-in-ones... I can't think of any I haven't tried (except the ones where I'm still on the waitlist, such as Lazy.so). I have slowly settled on calendar/gtd tools, with Things 3 and Fantastical being long-time favorites. But, PKM tools are another story... I have struggled over the last year to settle on a single PKM tool as a second brain. Notion: didn't like how slow it felt, and it honestly felt like I spent 90% of my time ""optimizing"" the experience, just or me to barely use it. Evernote: seems nice but also outdated, and I'm afraid to pay the $130 for a (supposedly?) dying software with a diminishing community. Obsidian: honestly still optimizing, and don't feel like it fits the ""quick capture"" functionality I look for. Apple Notes: perfect for a quick capture, but not enough functionality for me at the moment... you all get the point. So, what do you all use, and why have you settled on that tool? And, what recommendations do you have for my needs? I want an app that is primarily for knowledge management, has a quick/easy way to capture thoughts on the go, local notes that I can use offline, and I'm not sure if visual aids are necessarily my thing yet. I also am not necessarily in need for study aids, as I am an Anki power-user. Finally, I am also not afraid to pay a pretty penny to ensure I can leave this whole ""quest for management"" behind. Thanks, excited to hear what you all have to say :)

[CURRENT_RECORD]
Siyuan"
"C:\Projects\Web\planner-tdah\research\reddit_data\reddit-PKMS-settling_on_a_pkm_for_the_adhdriddled_student_who.json","reddit-PKMS-settling_on_a_pkm_for_the_adhdriddled_student_who","1b5yqzm","t3_1b5yqzm","https://www.reddit.com/r/PKMS/comments/1b5yqzm/settling_on_a_pkm_for_the_adhdriddled_student_who/","PKMS","r/PKMS","Settling on a PKM... for the ADHD-riddled student who is currently trying 7 PKMs at once.","Hey everyone :) I have been heavy in the productivity space for years, and have tried pretty much every tool in the book, from to-do lists, calendar apps, PKMs, all-in-ones... I can't think of any I haven't tried (except the ones where I'm still on the waitlist, such as Lazy.so). I have slowly settled on calendar/gtd tools, with Things 3 and Fantastical being long-time favorites. But, PKM tools are another story... I have struggled over the last year to settle on a single PKM tool as a second brain. Notion: didn't like how slow it felt, and it honestly felt like I spent 90% of my time ""optimizing"" the experience, just or me to barely use it. Evernote: seems nice but also outdated, and I'm afraid to pay the $130 for a (supposedly?) dying software with a diminishing community. Obsidian: honestly still optimizing, and don't feel like it fits the ""quick capture"" functionality I look for. Apple Notes: perfect for a quick capture, but not enough functionality for me at the moment... you all get the point. So, what do you all use, and why have you settled on that tool? And, what recommendations do you have for my needs? I want an app that is primarily for knowledge management, has a quick/easy way to capture thoughts on the go, local notes that I can use offline, and I'm not sure if visual aids are necessarily my thing yet. I also am not necessarily in need for study aids, as I am an Anki power-user. Finally, I am also not afraid to pay a pretty penny to ensure I can leave this whole ""quest for management"" behind. Thanks, excited to hear what you all have to say :)","Discussion","1709517152","2024-03-04T01:52:32+00:00","37","37","0.96","59","4e357a1493fe14bb","","reddit-PKMS-settling_on_a_pkm_for_the_adhdriddled_student_who:comment:ktb7e42","comment","ktb7e42","t1_ktb7e42","https://www.reddit.com/r/PKMS/comments/1b5yqzm/settling_on_a_pkm_for_the_adhdriddled_student_who/ktb7e42/","/r/PKMS/comments/1b5yqzm/settling_on_a_pkm_for_the_adhdriddled_student_who/ktb7e42/","t1_kt8tk0e","comment","kt8tk0e","kt8tk0e","1","false","kt8tk0e > ktb7e42","ffd202b5028d171c","","","false","false","","2","2","0","0","0","1709567719","2024-03-04T15:55:19+00:00","false","False","","false","false","false","false","Never heard of before ... BUT wow. Sounds pretty impressive. Thanks for sharing.","Never heard of before ... BUT wow. Sounds pretty impressive. Thanks for sharing.","80","13","Siyuan","Siyuan","","false","false","","","","","0","[THREAD_TITLE]
Settling on a PKM... for the ADHD-riddled student who is currently trying 7 PKMs at once.

[THREAD_BODY]
Hey everyone :) I have been heavy in the productivity space for years, and have tried pretty much every tool in the book, from to-do lists, calendar apps, PKMs, all-in-ones... I can't think of any I haven't tried (except the ones where I'm still on the waitlist, such as Lazy.so). I have slowly settled on calendar/gtd tools, with Things 3 and Fantastical being long-time favorites. But, PKM tools are another story... I have struggled over the last year to settle on a single PKM tool as a second brain. Notion: didn't like how slow it felt, and it honestly felt like I spent 90% of my time ""optimizing"" the experience, just or me to barely use it. Evernote: seems nice but also outdated, and I'm afraid to pay the $130 for a (supposedly?) dying software with a diminishing community. Obsidian: honestly still optimizing, and don't feel like it fits the ""quick capture"" functionality I look for. Apple Notes: perfect for a quick capture, but not enough functionality for me at the moment... you all get the point. So, what do you all use, and why have you settled on that tool? And, what recommendations do you have for my needs? I want an app that is primarily for knowledge management, has a quick/easy way to capture thoughts on the go, local notes that I can use offline, and I'm not sure if visual aids are necessarily my thing yet. I also am not necessarily in need for study aids, as I am an Anki power-user. Finally, I am also not afraid to pay a pretty penny to ensure I can leave this whole ""quest for management"" behind. Thanks, excited to hear what you all have to say :)

[PARENT_COMMENT_CONTEXT]
Siyuan

[CURRENT_RECORD]
Never heard of before ... BUT wow. Sounds pretty impressive. Thanks for sharing."
"C:\Projects\Web\planner-tdah\research\reddit_data\reddit-PKMS-settling_on_a_pkm_for_the_adhdriddled_student_who.json","reddit-PKMS-settling_on_a_pkm_for_the_adhdriddled_student_who","1b5yqzm","t3_1b5yqzm","https://www.reddit.com/r/PKMS/comments/1b5yqzm/settling_on_a_pkm_for_the_adhdriddled_student_who/","PKMS","r/PKMS","Settling on a PKM... for the ADHD-riddled student who is currently trying 7 PKMs at once.","Hey everyone :) I have been heavy in the productivity space for years, and have tried pretty much every tool in the book, from to-do lists, calendar apps, PKMs, all-in-ones... I can't think of any I haven't tried (except the ones where I'm still on the waitlist, such as Lazy.so). I have slowly settled on calendar/gtd tools, with Things 3 and Fantastical being long-time favorites. But, PKM tools are another story... I have struggled over the last year to settle on a single PKM tool as a second brain. Notion: didn't like how slow it felt, and it honestly felt like I spent 90% of my time ""optimizing"" the experience, just or me to barely use it. Evernote: seems nice but also outdated, and I'm afraid to pay the $130 for a (supposedly?) dying software with a diminishing community. Obsidian: honestly still optimizing, and don't feel like it fits the ""quick capture"" functionality I look for. Apple Notes: perfect for a quick capture, but not enough functionality for me at the moment... you all get the point. So, what do you all use, and why have you settled on that tool? And, what recommendations do you have for my needs? I want an app that is primarily for knowledge management, has a quick/easy way to capture thoughts on the go, local notes that I can use offline, and I'm not sure if visual aids are necessarily my thing yet. I also am not necessarily in need for study aids, as I am an Anki power-user. Finally, I am also not afraid to pay a pretty penny to ensure I can leave this whole ""quest for management"" behind. Thanks, excited to hear what you all have to say :)","Discussion","1709517152","2024-03-04T01:52:32+00:00","37","37","0.96","59","4e357a1493fe14bb","","reddit-PKMS-settling_on_a_pkm_for_the_adhdriddled_student_who:comment:kta47dr","comment","kta47dr","t1_kta47dr","https://www.reddit.com/r/PKMS/comments/1b5yqzm/settling_on_a_pkm_for_the_adhdriddled_student_who/kta47dr/","/r/PKMS/comments/1b5yqzm/settling_on_a_pkm_for_the_adhdriddled_student_who/kta47dr/","t1_kt8tk0e","comment","kt8tk0e","kt8tk0e","1","false","kt8tk0e > kta47dr","fa3bbb044dde41c6","","","false","false","","1","1","0","0","0","1709549530","2024-03-04T10:52:10+00:00","false","False","","false","false","false","false","Bruuuuuuh. This is NICE. Asante for sharing.","Bruuuuuuh. This is NICE. Asante for sharing.","44","7","Siyuan","Siyuan","","false","false","","","","","0","[THREAD_TITLE]
Settling on a PKM... for the ADHD-riddled student who is currently trying 7 PKMs at once.

[THREAD_BODY]
Hey everyone :) I have been heavy in the productivity space for years, and have tried pretty much every tool in the book, from to-do lists, calendar apps, PKMs, all-in-ones... I can't think of any I haven't tried (except the ones where I'm still on the waitlist, such as Lazy.so). I have slowly settled on calendar/gtd tools, with Things 3 and Fantastical being long-time favorites. But, PKM tools are another story... I have struggled over the last year to settle on a single PKM tool as a second brain. Notion: didn't like how slow it felt, and it honestly felt like I spent 90% of my time ""optimizing"" the experience, just or me to barely use it. Evernote: seems nice but also outdated, and I'm afraid to pay the $130 for a (supposedly?) dying software with a diminishing community. Obsidian: honestly still optimizing, and don't feel like it fits the ""quick capture"" functionality I look for. Apple Notes: perfect for a quick capture, but not enough functionality for me at the moment... you all get the point. So, what do you all use, and why have you settled on that tool? And, what recommendations do you have for my needs? I want an app that is primarily for knowledge management, has a quick/easy way to capture thoughts on the go, local notes that I can use offline, and I'm not sure if visual aids are necessarily my thing yet. I also am not necessarily in need for study aids, as I am an Anki power-user. Finally, I am also not afraid to pay a pretty penny to ensure I can leave this whole ""quest for management"" behind. Thanks, excited to hear what you all have to say :)

[PARENT_COMMENT_CONTEXT]
Siyuan

[CURRENT_RECORD]
Bruuuuuuh. This is NICE. Asante for sharing."
"C:\Projects\Web\planner-tdah\research\reddit_data\reddit-PKMS-settling_on_a_pkm_for_the_adhdriddled_student_who.json","reddit-PKMS-settling_on_a_pkm_for_the_adhdriddled_student_who","1b5yqzm","t3_1b5yqzm","https://www.reddit.com/r/PKMS/comments/1b5yqzm/settling_on_a_pkm_for_the_adhdriddled_student_who/","PKMS","r/PKMS","Settling on a PKM... for the ADHD-riddled student who is currently trying 7 PKMs at once.","Hey everyone :) I have been heavy in the productivity space for years, and have tried pretty much every tool in the book, from to-do lists, calendar apps, PKMs, all-in-ones... I can't think of any I haven't tried (except the ones where I'm still on the waitlist, such as Lazy.so). I have slowly settled on calendar/gtd tools, with Things 3 and Fantastical being long-time favorites. But, PKM tools are another story... I have struggled over the last year to settle on a single PKM tool as a second brain. Notion: didn't like how slow it felt, and it honestly felt like I spent 90% of my time ""optimizing"" the experience, just or me to barely use it. Evernote: seems nice but also outdated, and I'm afraid to pay the $130 for a (supposedly?) dying software with a diminishing community. Obsidian: honestly still optimizing, and don't feel like it fits the ""quick capture"" functionality I look for. Apple Notes: perfect for a quick capture, but not enough functionality for me at the moment... you all get the point. So, what do you all use, and why have you settled on that tool? And, what recommendations do you have for my needs? I want an app that is primarily for knowledge management, has a quick/easy way to capture thoughts on the go, local notes that I can use offline, and I'm not sure if visual aids are necessarily my thing yet. I also am not necessarily in need for study aids, as I am an Anki power-user. Finally, I am also not afraid to pay a pretty penny to ensure I can leave this whole ""quest for management"" behind. Thanks, excited to hear what you all have to say :)","Discussion","1709517152","2024-03-04T01:52:32+00:00","37","37","0.96","59","4e357a1493fe14bb","","reddit-PKMS-settling_on_a_pkm_for_the_adhdriddled_student_who:comment:kt8w6b1","comment","kt8w6b1","t1_kt8w6b1","https://www.reddit.com/r/PKMS/comments/1b5yqzm/settling_on_a_pkm_for_the_adhdriddled_student_who/kt8w6b1/","/r/PKMS/comments/1b5yqzm/settling_on_a_pkm_for_the_adhdriddled_student_who/kt8w6b1/","t3_1b5yqzm","post","","kt8w6b1","0","true","kt8w6b1","3faf7785f17ad7b0","","","false","false","","5","5","0","0","0","1709522631","2024-03-04T03:23:51+00:00","false","False","","false","false","false","false","ADHD professional but still learning all the time like a student, here is my post about using obsidian: The cluster fuck (https://www.reddit.com/r/ObsidianMD/s/BS2Zx4Hwfz) What appeals about it is that it is how my brain would imagine the various snippets of info in my head link etc - most importantly that my work related info - clean and somewhat organised - my ADHD related info? Shitshow","ADHD professional but still learning all the time like a student, here is my post about using obsidian: The cluster fuck (https://www.reddit.com/r/ObsidianMD/s/BS2Zx4Hwfz) What appeals about it is that it is how my brain would imagine the various snippets of info in my head link…","392","64","","","https://www.reddit.com/r/ObsidianMD/s/BS2Zx4Hwfz","true","false","app","adhd | time","","contains_question | forgetfulness_or_time_signal | mentions_pain_or_friction | mentions_planner_or_system","37","[THREAD_TITLE]
Settling on a PKM... for the ADHD-riddled student who is currently trying 7 PKMs at once.

[THREAD_BODY]
Hey everyone :) I have been heavy in the productivity space for years, and have tried pretty much every tool in the book, from to-do lists, calendar apps, PKMs, all-in-ones... I can't think of any I haven't tried (except the ones where I'm still on the waitlist, such as Lazy.so). I have slowly settled on calendar/gtd tools, with Things 3 and Fantastical being long-time favorites. But, PKM tools are another story... I have struggled over the last year to settle on a single PKM tool as a second brain. Notion: didn't like how slow it felt, and it honestly felt like I spent 90% of my time ""optimizing"" the experience, just or me to barely use it. Evernote: seems nice but also outdated, and I'm afraid to pay the $130 for a (supposedly?) dying software with a diminishing community. Obsidian: honestly still optimizing, and don't feel like it fits the ""quick capture"" functionality I look for. Apple Notes: perfect for a quick capture, but not enough functionality for me at the moment... you all get the point. So, what do you all use, and why have you settled on that tool? And, what recommendations do you have for my needs? I want an app that is primarily for knowledge management, has a quick/easy way to capture thoughts on the go, local notes that I can use offline, and I'm not sure if visual aids are necessarily my thing yet. I also am not necessarily in need for study aids, as I am an Anki power-user. Finally, I am also not afraid to pay a pretty penny to ensure I can leave this whole ""quest for management"" behind. Thanks, excited to hear what you all have to say :)

[CURRENT_RECORD]
ADHD professional but still learning all the time like a student, here is my post about using obsidian: The cluster fuck (https://www.reddit.com/r/ObsidianMD/s/BS2Zx4Hwfz) What appeals about it is that it is how my brain would imagine the various snippets of info in my head link etc - most importantly that my work related info - clean and somewhat organised - my ADHD related info? Shitshow"
"C:\Projects\Web\planner-tdah\research\reddit_data\reddit-PKMS-settling_on_a_pkm_for_the_adhdriddled_student_who.json","reddit-PKMS-settling_on_a_pkm_for_the_adhdriddled_student_who","1b5yqzm","t3_1b5yqzm","https://www.reddit.com/r/PKMS/comments/1b5yqzm/settling_on_a_pkm_for_the_adhdriddled_student_who/","PKMS","r/PKMS","Settling on a PKM... for the ADHD-riddled student who is currently trying 7 PKMs at once.","Hey everyone :) I have been heavy in the productivity space for years, and have tried pretty much every tool in the book, from to-do lists, calendar apps, PKMs, all-in-ones... I can't think of any I haven't tried (except the ones where I'm still on the waitlist, such as Lazy.so). I have slowly settled on calendar/gtd tools, with Things 3 and Fantastical being long-time favorites. But, PKM tools are another story... I have struggled over the last year to settle on a single PKM tool as a second brain. Notion: didn't like how slow it felt, and it honestly felt like I spent 90% of my time ""optimizing"" the experience, just or me to barely use it. Evernote: seems nice but also outdated, and I'm afraid to pay the $130 for a (supposedly?) dying software with a diminishing community. Obsidian: honestly still optimizing, and don't feel like it fits the ""quick capture"" functionality I look for. Apple Notes: perfect for a quick capture, but not enough functionality for me at the moment... you all get the point. So, what do you all use, and why have you settled on that tool? And, what recommendations do you have for my needs? I want an app that is primarily for knowledge management, has a quick/easy way to capture thoughts on the go, local notes that I can use offline, and I'm not sure if visual aids are necessarily my thing yet. I also am not necessarily in need for study aids, as I am an Anki power-user. Finally, I am also not afraid to pay a pretty penny to ensure I can leave this whole ""quest for management"" behind. Thanks, excited to hear what you all have to say :)","Discussion","1709517152","2024-03-04T01:52:32+00:00","37","37","0.96","59","4e357a1493fe14bb","","reddit-PKMS-settling_on_a_pkm_for_the_adhdriddled_student_who:comment:kt9nzpa","comment","kt9nzpa","t1_kt9nzpa","https://www.reddit.com/r/PKMS/comments/1b5yqzm/settling_on_a_pkm_for_the_adhdriddled_student_who/kt9nzpa/","/r/PKMS/comments/1b5yqzm/settling_on_a_pkm_for_the_adhdriddled_student_who/kt9nzpa/","t3_1b5yqzm","post","","kt9nzpa","0","true","kt9nzpa","aca0b38d1c0a8812","","","false","false","","4","4","0","0","0","1709537689","2024-03-04T07:34:49+00:00","false","False","","false","false","false","false","hi! adhd adult working in marketing/it here, this is how i work (usually, depends on my state and vibes tbh but this is the gist)— work stuff: - notion - trackers, tables, meeting notes, personal wiki for links related to work daily to do's (not always done ngl but it helps me to look at it all in one dashboard/page. also general note abt this is i dont really spend time making it pretty bcs i know nothing productive will happen for me sndgjkjsd so its very plain, just some colors and emojis) - papier extension on chrome browser - makes my new tabs into a notepad for random brain dumps. then i transfer these notes where i need them to be (docs, keep for work-related sharing; notion for personal use, etc.) (sometimes i never move them and thats fine too) personal stuff: - anytype - journals, rants, thought dumps that are related to my hobbies and hyperfixations, my psych treatment, etc., book thoughts, etc...also has mobile app, which is very important to me - raindrop - for bookmarks, usually fandom types but planning to also use for recipes, aritcles of studies i like that i say ill read but i never do lol. also has mobile app - google keep - for quick on-the-go notes - google calendar - keeping track of schedules, my period, my hangouts, my doctor appointments - physical notebook - random things (if i remember to bring it)","hi! adhd adult working in marketing/it here, this is how i work (usually, depends on my state and vibes tbh but this is the gist)— work stuff: - notion - trackers, tables, meeting notes, personal wiki for links related to work daily to do's (not always done ngl but it helps me t…","1346","243","","","","false","true","plan | planning | calendar | journal | notion | app | to do | tracker | daily | schedule","adhd | time","color | all in one | notes | appointments | daily","forgetfulness_or_time_signal | long_form_comment | mentions_feature_or_solution | mentions_pain_or_friction | mentions_planner_or_system | mentions_working_solution_or_recommendation","96","[THREAD_TITLE]
Settling on a PKM... for the ADHD-riddled student who is currently trying 7 PKMs at once.

[THREAD_BODY]
Hey everyone :) I have been heavy in the productivity space for years, and have tried pretty much every tool in the book, from to-do lists, calendar apps, PKMs, all-in-ones... I can't think of any I haven't tried (except the ones where I'm still on the waitlist, such as Lazy.so). I have slowly settled on calendar/gtd tools, with Things 3 and Fantastical being long-time favorites. But, PKM tools are another story... I have struggled over the last year to settle on a single PKM tool as a second brain. Notion: didn't like how slow it felt, and it honestly felt like I spent 90% of my time ""optimizing"" the experience, just or me to barely use it. Evernote: seems nice but also outdated, and I'm afraid to pay the $130 for a (supposedly?) dying software with a diminishing community. Obsidian: honestly still optimizing, and don't feel like it fits the ""quick capture"" functionality I look for. Apple Notes: perfect for a quick capture, but not enough functionality for me at the moment... you all get the point. So, what do you all use, and why have you settled on that tool? And, what recommendations do you have for my needs? I want an app that is primarily for knowledge management, has a quick/easy way to capture thoughts on the go, local notes that I can use offline, and I'm not sure if visual aids are necessarily my thing yet. I also am not necessarily in need for study aids, as I am an Anki power-user. Finally, I am also not afraid to pay a pretty penny to ensure I can leave this whole ""quest for management"" behind. Thanks, excited to hear what you all have to say :)

[CURRENT_RECORD]
hi! adhd adult working in marketing/it here, this is how i work (usually, depends on my state and vibes tbh but this is the gist)— work stuff: - notion - trackers, tables, meeting notes, personal wiki for links related to work daily to do's (not always done ngl but it helps me to look at it all in one dashboard/page. also general note abt this is i dont really spend time making it pretty bcs i know nothing productive will happen for me sndgjkjsd so its very plain, just some colors and emojis) - papier extension on chrome browser - makes my new tabs into a notepad for random brain dumps. then i transfer these notes where i need them to be (docs, keep for work-related sharing; notion for personal use, etc.) (sometimes i never move them and thats fine too) personal stuff: - anytype - journals, rants, thought dumps that are related to my hobbies and hyperfixations, my psych treatment, etc., book thoughts, etc...also has mobile app, which is very important to me - raindrop - for bookmarks, usually fandom types but planning to also use for recipes, aritcles of studies i like that i say ill read but i never do lol. also has mobile app - google keep - for quick on-the-go notes - google calendar - keeping track of schedules, my period, my hangouts, my doctor appointments - physical notebook - random things (if i remember to bring it)"
"C:\Projects\Web\planner-tdah\research\reddit_data\reddit-PKMS-settling_on_a_pkm_for_the_adhdriddled_student_who.json","reddit-PKMS-settling_on_a_pkm_for_the_adhdriddled_student_who","1b5yqzm","t3_1b5yqzm","https://www.reddit.com/r/PKMS/comments/1b5yqzm/settling_on_a_pkm_for_the_adhdriddled_student_who/","PKMS","r/PKMS","Settling on a PKM... for the ADHD-riddled student who is currently trying 7 PKMs at once.","Hey everyone :) I have been heavy in the productivity space for years, and have tried pretty much every tool in the book, from to-do lists, calendar apps, PKMs, all-in-ones... I can't think of any I haven't tried (except the ones where I'm still on the waitlist, such as Lazy.so). I have slowly settled on calendar/gtd tools, with Things 3 and Fantastical being long-time favorites. But, PKM tools are another story... I have struggled over the last year to settle on a single PKM tool as a second brain. Notion: didn't like how slow it felt, and it honestly felt like I spent 90% of my time ""optimizing"" the experience, just or me to barely use it. Evernote: seems nice but also outdated, and I'm afraid to pay the $130 for a (supposedly?) dying software with a diminishing community. Obsidian: honestly still optimizing, and don't feel like it fits the ""quick capture"" functionality I look for. Apple Notes: perfect for a quick capture, but not enough functionality for me at the moment... you all get the point. So, what do you all use, and why have you settled on that tool? And, what recommendations do you have for my needs? I want an app that is primarily for knowledge management, has a quick/easy way to capture thoughts on the go, local notes that I can use offline, and I'm not sure if visual aids are necessarily my thing yet. I also am not necessarily in need for study aids, as I am an Anki power-user. Finally, I am also not afraid to pay a pretty penny to ensure I can leave this whole ""quest for management"" behind. Thanks, excited to hear what you all have to say :)","Discussion","1709517152","2024-03-04T01:52:32+00:00","37","37","0.96","59","4e357a1493fe14bb","","reddit-PKMS-settling_on_a_pkm_for_the_adhdriddled_student_who:comment:ktcaor3","comment","ktcaor3","t1_ktcaor3","https://www.reddit.com/r/PKMS/comments/1b5yqzm/settling_on_a_pkm_for_the_adhdriddled_student_who/ktcaor3/","/r/PKMS/comments/1b5yqzm/settling_on_a_pkm_for_the_adhdriddled_student_who/ktcaor3/","t3_1b5yqzm","post","","ktcaor3","0","true","ktcaor3","1854cdb06720385e","","","false","false","","3","3","0","0","1","1709581388","2024-03-04T19:43:08+00:00","false","False","","false","false","false","false","I recognize your struggle to spend time on organizing your information. If you are a student, you need per-line tagging and simplicity. You want e.g tag a line #Math and #formula at the same time? LogSeq. If you like Obsidian but think it is too complex? LogSeq. If you want to sync data between devices and own the data yourself? LogSeq. If you want to make drawings in the note taking app? LogSeq If you want to fully integrate task management and from all notes have all tasks displayed on a central place? LogSeq. I am not a shareholder 😄, just very happy I found LogSeq after moving my data 5+ times between PKM tools and test 30+. There are also lots of customization options via plugins or CSS.","I recognize your struggle to spend time on organizing your information. If you are a student, you need per-line tagging and simplicity. You want e.g tag a line #Math and #formula at the same time? LogSeq. If you like Obsidian but think it is too complex? LogSeq. If you want to s…","701","129","","","","true","false","app | organizing","time | complex | tasks","notes | custom","contains_question | forgetfulness_or_time_signal | long_form_comment | mentions_feature_or_solution | mentions_pain_or_friction | mentions_planner_or_system | overwhelm_or_complexity_signal","70","[THREAD_TITLE]
Settling on a PKM... for the ADHD-riddled student who is currently trying 7 PKMs at once.

[THREAD_BODY]
Hey everyone :) I have been heavy in the productivity space for years, and have tried pretty much every tool in the book, from to-do lists, calendar apps, PKMs, all-in-ones... I can't think of any I haven't tried (except the ones where I'm still on the waitlist, such as Lazy.so). I have slowly settled on calendar/gtd tools, with Things 3 and Fantastical being long-time favorites. But, PKM tools are another story... I have struggled over the last year to settle on a single PKM tool as a second brain. Notion: didn't like how slow it felt, and it honestly felt like I spent 90% of my time ""optimizing"" the experience, just or me to barely use it. Evernote: seems nice but also outdated, and I'm afraid to pay the $130 for a (supposedly?) dying software with a diminishing community. Obsidian: honestly still optimizing, and don't feel like it fits the ""quick capture"" functionality I look for. Apple Notes: perfect for a quick capture, but not enough functionality for me at the moment... you all get the point. So, what do you all use, and why have you settled on that tool? And, what recommendations do you have for my needs? I want an app that is primarily for knowledge management, has a quick/easy way to capture thoughts on the go, local notes that I can use offline, and I'm not sure if visual aids are necessarily my thing yet. I also am not necessarily in need for study aids, as I am an Anki power-user. Finally, I am also not afraid to pay a pretty penny to ensure I can leave this whole ""quest for management"" behind. Thanks, excited to hear what you all have to say :)

[CURRENT_RECORD]
I recognize your struggle to spend time on organizing your information. If you are a student, you need per-line tagging and simplicity. You want e.g tag a line #Math and #formula at the same time? LogSeq. If you like Obsidian but think it is too complex? LogSeq. If you want to sync data between devices and own the data yourself? LogSeq. If you want to make drawings in the note taking app? LogSeq If you want to fully integrate task management and from all notes have all tasks displayed on a central place? LogSeq. I am not a shareholder 😄, just very happy I found LogSeq after moving my data 5+ times between PKM tools and test 30+. There are also lots of customization options via plugins or CSS."
"C:\Projects\Web\planner-tdah\research\reddit_data\reddit-PKMS-settling_on_a_pkm_for_the_adhdriddled_student_who.json","reddit-PKMS-settling_on_a_pkm_for_the_adhdriddled_student_who","1b5yqzm","t3_1b5yqzm","https://www.reddit.com/r/PKMS/comments/1b5yqzm/settling_on_a_pkm_for_the_adhdriddled_student_who/","PKMS","r/PKMS","Settling on a PKM... for the ADHD-riddled student who is currently trying 7 PKMs at once.","Hey everyone :) I have been heavy in the productivity space for years, and have tried pretty much every tool in the book, from to-do lists, calendar apps, PKMs, all-in-ones... I can't think of any I haven't tried (except the ones where I'm still on the waitlist, such as Lazy.so). I have slowly settled on calendar/gtd tools, with Things 3 and Fantastical being long-time favorites. But, PKM tools are another story... I have struggled over the last year to settle on a single PKM tool as a second brain. Notion: didn't like how slow it felt, and it honestly felt like I spent 90% of my time ""optimizing"" the experience, just or me to barely use it. Evernote: seems nice but also outdated, and I'm afraid to pay the $130 for a (supposedly?) dying software with a diminishing community. Obsidian: honestly still optimizing, and don't feel like it fits the ""quick capture"" functionality I look for. Apple Notes: perfect for a quick capture, but not enough functionality for me at the moment... you all get the point. So, what do you all use, and why have you settled on that tool? And, what recommendations do you have for my needs? I want an app that is primarily for knowledge management, has a quick/easy way to capture thoughts on the go, local notes that I can use offline, and I'm not sure if visual aids are necessarily my thing yet. I also am not necessarily in need for study aids, as I am an Anki power-user. Finally, I am also not afraid to pay a pretty penny to ensure I can leave this whole ""quest for management"" behind. Thanks, excited to hear what you all have to say :)","Discussion","1709517152","2024-03-04T01:52:32+00:00","37","37","0.96","59","4e357a1493fe14bb","","reddit-PKMS-settling_on_a_pkm_for_the_adhdriddled_student_who:comment:ktch7hs","comment","ktch7hs","t1_ktch7hs","https://www.reddit.com/r/PKMS/comments/1b5yqzm/settling_on_a_pkm_for_the_adhdriddled_student_who/ktch7hs/","/r/PKMS/comments/1b5yqzm/settling_on_a_pkm_for_the_adhdriddled_student_who/ktch7hs/","t1_ktcaor3","comment","ktcaor3","ktcaor3","1","false","ktcaor3 > ktch7hs","4e357a1493fe14bb","","","true","false","","2","2","0","0","1","1709583529","2024-03-04T20:18:49+00:00","false","False","","false","false","false","false","Do you see LogSeq surviving in the long run? The reason for me fussing so much about this is how envious I am of the Evernote community who have stuck with one application for a decade<. I did really like LogSeq when i tried it, but back then I was trying to use it as an all-in-one, but now I just want a pkm.","Do you see LogSeq surviving in the long run? The reason for me fussing so much about this is how envious I am of the Evernote community who have stuck with one application for a decade<. I did really like LogSeq when i tried it, but back then I was trying to use it as an all-in-…","310","64","I recognize your struggle to spend time on organizing your information. If you are a student, you need per-line tagging and simplicity. You want e.g tag a line #Math and #formula at the same time? LogSeq. If you like Obsidian but think it is too complex? LogSeq. If you want to sync data between devices and own the data yourself? LogSeq. If you want to make drawings in the note taking app? LogSeq If you want to fully integrate task management and from all notes have all tasks displayed on a central place? LogSeq. I am not a shareholder 😄, just very happy I found LogSeq after moving my data 5+ times between PKM tools and test 30+. There are also lots of customization options via plugins or CS…","I recognize your struggle to spend time on organizing your information. If you are a student, you need per-line tagging and simplicity. You want e.g tag a line #Math and #formula at the same time? LogSeq. If you like Obsidian but think it is too complex? LogSeq. If you want to sync data between devices and own the data yourself? LogSeq. If you want to make drawings in the note taking app? LogSeq If you want to fully integrate task management and from all notes have all tasks displayed on a central place? LogSeq. I am not a shareholder 😄, just very happy I found LogSeq after moving my data 5+ times between PKM tools and test 30+. There are also lots of customization options via plugins or CS…","","true","false","app","","","contains_question | mentions_planner_or_system","17","[THREAD_TITLE]
Settling on a PKM... for the ADHD-riddled student who is currently trying 7 PKMs at once.

[THREAD_BODY]
Hey everyone :) I have been heavy in the productivity space for years, and have tried pretty much every tool in the book, from to-do lists, calendar apps, PKMs, all-in-ones... I can't think of any I haven't tried (except the ones where I'm still on the waitlist, such as Lazy.so). I have slowly settled on calendar/gtd tools, with Things 3 and Fantastical being long-time favorites. But, PKM tools are another story... I have struggled over the last year to settle on a single PKM tool as a second brain. Notion: didn't like how slow it felt, and it honestly felt like I spent 90% of my time ""optimizing"" the experience, just or me to barely use it. Evernote: seems nice but also outdated, and I'm afraid to pay the $130 for a (supposedly?) dying software with a diminishing community. Obsidian: honestly still optimizing, and don't feel like it fits the ""quick capture"" functionality I look for. Apple Notes: perfect for a quick capture, but not enough functionality for me at the moment... you all get the point. So, what do you all use, and why have you settled on that tool? And, what recommendations do you have for my needs? I want an app that is primarily for knowledge management, has a quick/easy way to capture thoughts on the go, local notes that I can use offline, and I'm not sure if visual aids are necessarily my thing yet. I also am not necessarily in need for study aids, as I am an Anki power-user. Finally, I am also not afraid to pay a pretty penny to ensure I can leave this whole ""quest for management"" behind. Thanks, excited to hear what you all have to say :)

[PARENT_COMMENT_CONTEXT]
I recognize your struggle to spend time on organizing your information. If you are a student, you need per-line tagging and simplicity. You want e.g tag a line #Math and #formula at the same time? LogSeq. If you like Obsidian but think it is too complex? LogSeq. If you want to sync data between devices and own the data yourself? LogSeq. If you want to make drawings in the note taking app? LogSeq If you want to fully integrate task management and from all notes have all tasks displayed on a central place? LogSeq. I am not a shareholder 😄, just very happy I found LogSeq after moving my data 5+ times between PKM tools and test 30+. There are also lots of customization options via plugins or CS…

[CURRENT_RECORD]
Do you see LogSeq surviving in the long run? The reason for me fussing so much about this is how envious I am of the Evernote community who have stuck with one application for a decade<. I did really like LogSeq when i tried it, but back then I was trying to use it as an all-in-one, but now I just want a pkm."
"C:\Projects\Web\planner-tdah\research\reddit_data\reddit-PKMS-settling_on_a_pkm_for_the_adhdriddled_student_who.json","reddit-PKMS-settling_on_a_pkm_for_the_adhdriddled_student_who","1b5yqzm","t3_1b5yqzm","https://www.reddit.com/r/PKMS/comments/1b5yqzm/settling_on_a_pkm_for_the_adhdriddled_student_who/","PKMS","r/PKMS","Settling on a PKM... for the ADHD-riddled student who is currently trying 7 PKMs at once.","Hey everyone :) I have been heavy in the productivity space for years, and have tried pretty much every tool in the book, from to-do lists, calendar apps, PKMs, all-in-ones... I can't think of any I haven't tried (except the ones where I'm still on the waitlist, such as Lazy.so). I have slowly settled on calendar/gtd tools, with Things 3 and Fantastical being long-time favorites. But, PKM tools are another story... I have struggled over the last year to settle on a single PKM tool as a second brain. Notion: didn't like how slow it felt, and it honestly felt like I spent 90% of my time ""optimizing"" the experience, just or me to barely use it. Evernote: seems nice but also outdated, and I'm afraid to pay the $130 for a (supposedly?) dying software with a diminishing community. Obsidian: honestly still optimizing, and don't feel like it fits the ""quick capture"" functionality I look for. Apple Notes: perfect for a quick capture, but not enough functionality for me at the moment... you all get the point. So, what do you all use, and why have you settled on that tool? And, what recommendations do you have for my needs? I want an app that is primarily for knowledge management, has a quick/easy way to capture thoughts on the go, local notes that I can use offline, and I'm not sure if visual aids are necessarily my thing yet. I also am not necessarily in need for study aids, as I am an Anki power-user. Finally, I am also not afraid to pay a pretty penny to ensure I can leave this whole ""quest for management"" behind. Thanks, excited to hear what you all have to say :)","Discussion","1709517152","2024-03-04T01:52:32+00:00","37","37","0.96","59","4e357a1493fe14bb","","reddit-PKMS-settling_on_a_pkm_for_the_adhdriddled_student_who:comment:ktchwnv","comment","ktchwnv","t1_ktchwnv","https://www.reddit.com/r/PKMS/comments/1b5yqzm/settling_on_a_pkm_for_the_adhdriddled_student_who/ktchwnv/","/r/PKMS/comments/1b5yqzm/settling_on_a_pkm_for_the_adhdriddled_student_who/ktchwnv/","t1_ktch7hs","comment","ktch7hs","ktcaor3","2","false","ktcaor3 > ktch7hs > ktchwnv","1854cdb06720385e","","","false","false","","3","3","0","0","0","1709583755","2024-03-04T20:22:35+00:00","false","False","","false","false","false","false","No app will survive time, none. But a LogSeq text based markup file with a simple structure, stored on your own devices, will always be available and can be converted to anything.","No app will survive time, none. But a LogSeq text based markup file with a simple structure, stored on your own devices, will always be available and can be converted to anything.","179","32","Do you see LogSeq surviving in the long run? The reason for me fussing so much about this is how envious I am of the Evernote community who have stuck with one application for a decade<. I did really like LogSeq when i tried it, but back then I was trying to use it as an all-in-one, but now I just want a pkm.","I recognize your struggle to spend time on organizing your information. If you are a student, you need per-line tagging and simplicity. You want e.g tag a line #Math and #formula at the same time? LogSeq. If you like Obsidian but think it is too complex? LogSeq. If you want to sync data between devices and own the data yourself? LogSeq. If you want to make drawings in the note taking app? LogSeq If you want to fully integrate task management and from all notes have all tasks displayed on a central place? LogSeq. I am not a shareholder 😄, just very happy I found LogSeq after moving my data 5+ times between PKM tools and test 30+. There are also lots of customization options via plugins or CS…","","false","false","app","time","simple","forgetfulness_or_time_signal | mentions_feature_or_solution | mentions_pain_or_friction | mentions_planner_or_system","31","[THREAD_TITLE]
Settling on a PKM... for the ADHD-riddled student who is currently trying 7 PKMs at once.

[THREAD_BODY]
Hey everyone :) I have been heavy in the productivity space for years, and have tried pretty much every tool in the book, from to-do lists, calendar apps, PKMs, all-in-ones... I can't think of any I haven't tried (except the ones where I'm still on the waitlist, such as Lazy.so). I have slowly settled on calendar/gtd tools, with Things 3 and Fantastical being long-time favorites. But, PKM tools are another story... I have struggled over the last year to settle on a single PKM tool as a second brain. Notion: didn't like how slow it felt, and it honestly felt like I spent 90% of my time ""optimizing"" the experience, just or me to barely use it. Evernote: seems nice but also outdated, and I'm afraid to pay the $130 for a (supposedly?) dying software with a diminishing community. Obsidian: honestly still optimizing, and don't feel like it fits the ""quick capture"" functionality I look for. Apple Notes: perfect for a quick capture, but not enough functionality for me at the moment... you all get the point. So, what do you all use, and why have you settled on that tool? And, what recommendations do you have for my needs? I want an app that is primarily for knowledge management, has a quick/easy way to capture thoughts on the go, local notes that I can use offline, and I'm not sure if visual aids are necessarily my thing yet. I also am not necessarily in need for study aids, as I am an Anki power-user. Finally, I am also not afraid to pay a pretty penny to ensure I can leave this whole ""quest for management"" behind. Thanks, excited to hear what you all have to say :)

[ROOT_COMMENT_CONTEXT]
I recognize your struggle to spend time on organizing your information. If you are a student, you need per-line tagging and simplicity. You want e.g tag a line #Math and #formula at the same time? LogSeq. If you like Obsidian but think it is too complex? LogSeq. If you want to sync data between devices and own the data yourself? LogSeq. If you want to make drawings in the note taking app? LogSeq If you want to fully integrate task management and from all notes have all tasks displayed on a central place? LogSeq. I am not a shareholder 😄, just very happy I found LogSeq after moving my data 5+ times between PKM tools and test 30+. There are also lots of customization options via plugins or CS…

[PARENT_COMMENT_CONTEXT]
Do you see LogSeq surviving in the long run? The reason for me fussing so much about this is how envious I am of the Evernote community who have stuck with one application for a decade<. I did really like LogSeq when i tried it, but back then I was trying to use it as an all-in-one, but now I just want a pkm.

[CURRENT_RECORD]
No app will survive time, none. But a LogSeq text based markup file with a simple structure, stored on your own devices, will always be available and can be converted to anything."
"C:\Projects\Web\planner-tdah\research\reddit_data\reddit-PKMS-settling_on_a_pkm_for_the_adhdriddled_student_who.json","reddit-PKMS-settling_on_a_pkm_for_the_adhdriddled_student_who","1b5yqzm","t3_1b5yqzm","https://www.reddit.com/r/PKMS/comments/1b5yqzm/settling_on_a_pkm_for_the_adhdriddled_student_who/","PKMS","r/PKMS","Settling on a PKM... for the ADHD-riddled student who is currently trying 7 PKMs at once.","Hey everyone :) I have been heavy in the productivity space for years, and have tried pretty much every tool in the book, from to-do lists, calendar apps, PKMs, all-in-ones... I can't think of any I haven't tried (except the ones where I'm still on the waitlist, such as Lazy.so). I have slowly settled on calendar/gtd tools, with Things 3 and Fantastical being long-time favorites. But, PKM tools are another story... I have struggled over the last year to settle on a single PKM tool as a second brain. Notion: didn't like how slow it felt, and it honestly felt like I spent 90% of my time ""optimizing"" the experience, just or me to barely use it. Evernote: seems nice but also outdated, and I'm afraid to pay the $130 for a (supposedly?) dying software with a diminishing community. Obsidian: honestly still optimizing, and don't feel like it fits the ""quick capture"" functionality I look for. Apple Notes: perfect for a quick capture, but not enough functionality for me at the moment... you all get the point. So, what do you all use, and why have you settled on that tool? And, what recommendations do you have for my needs? I want an app that is primarily for knowledge management, has a quick/easy way to capture thoughts on the go, local notes that I can use offline, and I'm not sure if visual aids are necessarily my thing yet. I also am not necessarily in need for study aids, as I am an Anki power-user. Finally, I am also not afraid to pay a pretty penny to ensure I can leave this whole ""quest for management"" behind. Thanks, excited to hear what you all have to say :)","Discussion","1709517152","2024-03-04T01:52:32+00:00","37","37","0.96","59","4e357a1493fe14bb","","reddit-PKMS-settling_on_a_pkm_for_the_adhdriddled_student_who:comment:ktcw3mx","comment","ktcw3mx","t1_ktcw3mx","https://www.reddit.com/r/PKMS/comments/1b5yqzm/settling_on_a_pkm_for_the_adhdriddled_student_who/ktcw3mx/","/r/PKMS/comments/1b5yqzm/settling_on_a_pkm_for_the_adhdriddled_student_who/ktcw3mx/","t3_1b5yqzm","post","","ktcw3mx","0","true","ktcw3mx","fb84e23dc83d2071","","","false","false","","3","3","0","0","0","1709588403","2024-03-04T21:40:03+00:00","false","False","","false","false","false","false","As a neurodivergent who has tried many, I honestly do believe that the reason people wind up with so many PKMs is due to comorbid anxiety. You don’t need 7. That’s anxiety and monkey mind. Start with just pen paper or maybe a single decent note taking app, and see what your true needs are from there. Don’t get distracted thinking another system will help you, because odds are, it’s shiny PKMs syndrome.","As a neurodivergent who has tried many, I honestly do believe that the reason people wind up with so many PKMs is due to comorbid anxiety. You don’t need 7. That’s anxiety and monkey mind. Start with just pen paper or maybe a single decent note taking app, and see what your true…","405","73","","","","false","false","app","anxiety","","mentions_pain_or_friction | mentions_planner_or_system","19","[THREAD_TITLE]
Settling on a PKM... for the ADHD-riddled student who is currently trying 7 PKMs at once.

[THREAD_BODY]
Hey everyone :) I have been heavy in the productivity space for years, and have tried pretty much every tool in the book, from to-do lists, calendar apps, PKMs, all-in-ones... I can't think of any I haven't tried (except the ones where I'm still on the waitlist, such as Lazy.so). I have slowly settled on calendar/gtd tools, with Things 3 and Fantastical being long-time favorites. But, PKM tools are another story... I have struggled over the last year to settle on a single PKM tool as a second brain. Notion: didn't like how slow it felt, and it honestly felt like I spent 90% of my time ""optimizing"" the experience, just or me to barely use it. Evernote: seems nice but also outdated, and I'm afraid to pay the $130 for a (supposedly?) dying software with a diminishing community. Obsidian: honestly still optimizing, and don't feel like it fits the ""quick capture"" functionality I look for. Apple Notes: perfect for a quick capture, but not enough functionality for me at the moment... you all get the point. So, what do you all use, and why have you settled on that tool? And, what recommendations do you have for my needs? I want an app that is primarily for knowledge management, has a quick/easy way to capture thoughts on the go, local notes that I can use offline, and I'm not sure if visual aids are necessarily my thing yet. I also am not necessarily in need for study aids, as I am an Anki power-user. Finally, I am also not afraid to pay a pretty penny to ensure I can leave this whole ""quest for management"" behind. Thanks, excited to hear what you all have to say :)

[CURRENT_RECORD]
As a neurodivergent who has tried many, I honestly do believe that the reason people wind up with so many PKMs is due to comorbid anxiety. You don’t need 7. That’s anxiety and monkey mind. Start with just pen paper or maybe a single decent note taking app, and see what your true needs are from there. Don’t get distracted thinking another system will help you, because odds are, it’s shiny PKMs syndrome."
"C:\Projects\Web\planner-tdah\research\reddit_data\reddit-PKMS-settling_on_a_pkm_for_the_adhdriddled_student_who.json","reddit-PKMS-settling_on_a_pkm_for_the_adhdriddled_student_who","1b5yqzm","t3_1b5yqzm","https://www.reddit.com/r/PKMS/comments/1b5yqzm/settling_on_a_pkm_for_the_adhdriddled_student_who/","PKMS","r/PKMS","Settling on a PKM... for the ADHD-riddled student who is currently trying 7 PKMs at once.","Hey everyone :) I have been heavy in the productivity space for years, and have tried pretty much every tool in the book, from to-do lists, calendar apps, PKMs, all-in-ones... I can't think of any I haven't tried (except the ones where I'm still on the waitlist, such as Lazy.so). I have slowly settled on calendar/gtd tools, with Things 3 and Fantastical being long-time favorites. But, PKM tools are another story... I have struggled over the last year to settle on a single PKM tool as a second brain. Notion: didn't like how slow it felt, and it honestly felt like I spent 90% of my time ""optimizing"" the experience, just or me to barely use it. Evernote: seems nice but also outdated, and I'm afraid to pay the $130 for a (supposedly?) dying software with a diminishing community. Obsidian: honestly still optimizing, and don't feel like it fits the ""quick capture"" functionality I look for. Apple Notes: perfect for a quick capture, but not enough functionality for me at the moment... you all get the point. So, what do you all use, and why have you settled on that tool? And, what recommendations do you have for my needs? I want an app that is primarily for knowledge management, has a quick/easy way to capture thoughts on the go, local notes that I can use offline, and I'm not sure if visual aids are necessarily my thing yet. I also am not necessarily in need for study aids, as I am an Anki power-user. Finally, I am also not afraid to pay a pretty penny to ensure I can leave this whole ""quest for management"" behind. Thanks, excited to hear what you all have to say :)","Discussion","1709517152","2024-03-04T01:52:32+00:00","37","37","0.96","59","4e357a1493fe14bb","","reddit-PKMS-settling_on_a_pkm_for_the_adhdriddled_student_who:comment:kt8mosh","comment","kt8mosh","t1_kt8mosh","https://www.reddit.com/r/PKMS/comments/1b5yqzm/settling_on_a_pkm_for_the_adhdriddled_student_who/kt8mosh/","/r/PKMS/comments/1b5yqzm/settling_on_a_pkm_for_the_adhdriddled_student_who/kt8mosh/","t3_1b5yqzm","post","","kt8mosh","0","true","kt8mosh","0ab47cdfcac0638f","","","false","false","","2","2","0","0","1","1709518676","2024-03-04T02:17:56+00:00","false","False","","false","false","false","false","I am a long time Evernote user. I also use Agenda every day as the replacement for my paper day planner - Agenda syncs among my MBP, iPad and iPhone. I really love Agenda. I am looking to leave Evernote, as I plan to leave as many Subscription apps as I can. I am currently looking at Devonthink to replace Evernote. BTW, while Agenda has a premium subscription, which I have, they also have an unusual Subscription model which I love. Their subscription model entitles all the new features they release. And you can stop your subscription at any time, and you get to keep all the features you have received to date and keep using the app with those features.","I am a long time Evernote user. I also use Agenda every day as the replacement for my paper day planner - Agenda syncs among my MBP, iPad and iPhone. I really love Agenda. I am looking to leave Evernote, as I plan to leave as many Subscription apps as I can. I am currently looki…","659","121","","","","false","true","planner | plan | agenda | app","time","","forgetfulness_or_time_signal | long_form_comment | mentions_pain_or_friction | mentions_planner_or_system | mentions_working_solution_or_recommendation","60","[THREAD_TITLE]
Settling on a PKM... for the ADHD-riddled student who is currently trying 7 PKMs at once.

[THREAD_BODY]
Hey everyone :) I have been heavy in the productivity space for years, and have tried pretty much every tool in the book, from to-do lists, calendar apps, PKMs, all-in-ones... I can't think of any I haven't tried (except the ones where I'm still on the waitlist, such as Lazy.so). I have slowly settled on calendar/gtd tools, with Things 3 and Fantastical being long-time favorites. But, PKM tools are another story... I have struggled over the last year to settle on a single PKM tool as a second brain. Notion: didn't like how slow it felt, and it honestly felt like I spent 90% of my time ""optimizing"" the experience, just or me to barely use it. Evernote: seems nice but also outdated, and I'm afraid to pay the $130 for a (supposedly?) dying software with a diminishing community. Obsidian: honestly still optimizing, and don't feel like it fits the ""quick capture"" functionality I look for. Apple Notes: perfect for a quick capture, but not enough functionality for me at the moment... you all get the point. So, what do you all use, and why have you settled on that tool? And, what recommendations do you have for my needs? I want an app that is primarily for knowledge management, has a quick/easy way to capture thoughts on the go, local notes that I can use offline, and I'm not sure if visual aids are necessarily my thing yet. I also am not necessarily in need for study aids, as I am an Anki power-user. Finally, I am also not afraid to pay a pretty penny to ensure I can leave this whole ""quest for management"" behind. Thanks, excited to hear what you all have to say :)

[CURRENT_RECORD]
I am a long time Evernote user. I also use Agenda every day as the replacement for my paper day planner - Agenda syncs among my MBP, iPad and iPhone. I really love Agenda. I am looking to leave Evernote, as I plan to leave as many Subscription apps as I can. I am currently looking at Devonthink to replace Evernote. BTW, while Agenda has a premium subscription, which I have, they also have an unusual Subscription model which I love. Their subscription model entitles all the new features they release. And you can stop your subscription at any time, and you get to keep all the features you have received to date and keep using the app with those features."
"C:\Projects\Web\planner-tdah\research\reddit_data\reddit-PKMS-settling_on_a_pkm_for_the_adhdriddled_student_who.json","reddit-PKMS-settling_on_a_pkm_for_the_adhdriddled_student_who","1b5yqzm","t3_1b5yqzm","https://www.reddit.com/r/PKMS/comments/1b5yqzm/settling_on_a_pkm_for_the_adhdriddled_student_who/","PKMS","r/PKMS","Settling on a PKM... for the ADHD-riddled student who is currently trying 7 PKMs at once.","Hey everyone :) I have been heavy in the productivity space for years, and have tried pretty much every tool in the book, from to-do lists, calendar apps, PKMs, all-in-ones... I can't think of any I haven't tried (except the ones where I'm still on the waitlist, such as Lazy.so). I have slowly settled on calendar/gtd tools, with Things 3 and Fantastical being long-time favorites. But, PKM tools are another story... I have struggled over the last year to settle on a single PKM tool as a second brain. Notion: didn't like how slow it felt, and it honestly felt like I spent 90% of my time ""optimizing"" the experience, just or me to barely use it. Evernote: seems nice but also outdated, and I'm afraid to pay the $130 for a (supposedly?) dying software with a diminishing community. Obsidian: honestly still optimizing, and don't feel like it fits the ""quick capture"" functionality I look for. Apple Notes: perfect for a quick capture, but not enough functionality for me at the moment... you all get the point. So, what do you all use, and why have you settled on that tool? And, what recommendations do you have for my needs? I want an app that is primarily for knowledge management, has a quick/easy way to capture thoughts on the go, local notes that I can use offline, and I'm not sure if visual aids are necessarily my thing yet. I also am not necessarily in need for study aids, as I am an Anki power-user. Finally, I am also not afraid to pay a pretty penny to ensure I can leave this whole ""quest for management"" behind. Thanks, excited to hear what you all have to say :)","Discussion","1709517152","2024-03-04T01:52:32+00:00","37","37","0.96","59","4e357a1493fe14bb","","reddit-PKMS-settling_on_a_pkm_for_the_adhdriddled_student_who:comment:kt8nxhp","comment","kt8nxhp","t1_kt8nxhp","https://www.reddit.com/r/PKMS/comments/1b5yqzm/settling_on_a_pkm_for_the_adhdriddled_student_who/kt8nxhp/","/r/PKMS/comments/1b5yqzm/settling_on_a_pkm_for_the_adhdriddled_student_who/kt8nxhp/","t1_kt8mosh","comment","kt8mosh","kt8mosh","1","false","kt8mosh > kt8nxhp","4e357a1493fe14bb","","","true","false","","2","2","0","0","2","1709519178","2024-03-04T02:26:18+00:00","false","False","","false","false","false","false","How do you feel about the viability of Evernote in 2024? Ive tried it out today and it seems nice but definitely outdated.","How do you feel about the viability of Evernote in 2024? Ive tried it out today and it seems nice but definitely outdated.","122","23","I am a long time Evernote user. I also use Agenda every day as the replacement for my paper day planner - Agenda syncs among my MBP, iPad and iPhone. I really love Agenda. I am looking to leave Evernote, as I plan to leave as many Subscription apps as I can. I am currently looking at Devonthink to replace Evernote. BTW, while Agenda has a premium subscription, which I have, they also have an unusual Subscription model which I love. Their subscription model entitles all the new features they release. And you can stop your subscription at any time, and you get to keep all the features you have received to date and keep using the app with those features.","I am a long time Evernote user. I also use Agenda every day as the replacement for my paper day planner - Agenda syncs among my MBP, iPad and iPhone. I really love Agenda. I am looking to leave Evernote, as I plan to leave as many Subscription apps as I can. I am currently looking at Devonthink to replace Evernote. BTW, while Agenda has a premium subscription, which I have, they also have an unusual Subscription model which I love. Their subscription model entitles all the new features they release. And you can stop your subscription at any time, and you get to keep all the features you have received to date and keep using the app with those features.","","true","false","","","","contains_question","13","[THREAD_TITLE]
Settling on a PKM... for the ADHD-riddled student who is currently trying 7 PKMs at once.

[THREAD_BODY]
Hey everyone :) I have been heavy in the productivity space for years, and have tried pretty much every tool in the book, from to-do lists, calendar apps, PKMs, all-in-ones... I can't think of any I haven't tried (except the ones where I'm still on the waitlist, such as Lazy.so). I have slowly settled on calendar/gtd tools, with Things 3 and Fantastical being long-time favorites. But, PKM tools are another story... I have struggled over the last year to settle on a single PKM tool as a second brain. Notion: didn't like how slow it felt, and it honestly felt like I spent 90% of my time ""optimizing"" the experience, just or me to barely use it. Evernote: seems nice but also outdated, and I'm afraid to pay the $130 for a (supposedly?) dying software with a diminishing community. Obsidian: honestly still optimizing, and don't feel like it fits the ""quick capture"" functionality I look for. Apple Notes: perfect for a quick capture, but not enough functionality for me at the moment... you all get the point. So, what do you all use, and why have you settled on that tool? And, what recommendations do you have for my needs? I want an app that is primarily for knowledge management, has a quick/easy way to capture thoughts on the go, local notes that I can use offline, and I'm not sure if visual aids are necessarily my thing yet. I also am not necessarily in need for study aids, as I am an Anki power-user. Finally, I am also not afraid to pay a pretty penny to ensure I can leave this whole ""quest for management"" behind. Thanks, excited to hear what you all have to say :)

[PARENT_COMMENT_CONTEXT]
I am a long time Evernote user. I also use Agenda every day as the replacement for my paper day planner - Agenda syncs among my MBP, iPad and iPhone. I really love Agenda. I am looking to leave Evernote, as I plan to leave as many Subscription apps as I can. I am currently looking at Devonthink to replace Evernote. BTW, while Agenda has a premium subscription, which I have, they also have an unusual Subscription model which I love. Their subscription model entitles all the new features they release. And you can stop your subscription at any time, and you get to keep all the features you have received to date and keep using the app with those features.

[CURRENT_RECORD]
How do you feel about the viability of Evernote in 2024? Ive tried it out today and it seems nice but definitely outdated."
"C:\Projects\Web\planner-tdah\research\reddit_data\reddit-PKMS-settling_on_a_pkm_for_the_adhdriddled_student_who.json","reddit-PKMS-settling_on_a_pkm_for_the_adhdriddled_student_who","1b5yqzm","t3_1b5yqzm","https://www.reddit.com/r/PKMS/comments/1b5yqzm/settling_on_a_pkm_for_the_adhdriddled_student_who/","PKMS","r/PKMS","Settling on a PKM... for the ADHD-riddled student who is currently trying 7 PKMs at once.","Hey everyone :) I have been heavy in the productivity space for years, and have tried pretty much every tool in the book, from to-do lists, calendar apps, PKMs, all-in-ones... I can't think of any I haven't tried (except the ones where I'm still on the waitlist, such as Lazy.so). I have slowly settled on calendar/gtd tools, with Things 3 and Fantastical being long-time favorites. But, PKM tools are another story... I have struggled over the last year to settle on a single PKM tool as a second brain. Notion: didn't like how slow it felt, and it honestly felt like I spent 90% of my time ""optimizing"" the experience, just or me to barely use it. Evernote: seems nice but also outdated, and I'm afraid to pay the $130 for a (supposedly?) dying software with a diminishing community. Obsidian: honestly still optimizing, and don't feel like it fits the ""quick capture"" functionality I look for. Apple Notes: perfect for a quick capture, but not enough functionality for me at the moment... you all get the point. So, what do you all use, and why have you settled on that tool? And, what recommendations do you have for my needs? I want an app that is primarily for knowledge management, has a quick/easy way to capture thoughts on the go, local notes that I can use offline, and I'm not sure if visual aids are necessarily my thing yet. I also am not necessarily in need for study aids, as I am an Anki power-user. Finally, I am also not afraid to pay a pretty penny to ensure I can leave this whole ""quest for management"" behind. Thanks, excited to hear what you all have to say :)","Discussion","1709517152","2024-03-04T01:52:32+00:00","37","37","0.96","59","4e357a1493fe14bb","","reddit-PKMS-settling_on_a_pkm_for_the_adhdriddled_student_who:comment:kta3zn1","comment","kta3zn1","t1_kta3zn1","https://www.reddit.com/r/PKMS/comments/1b5yqzm/settling_on_a_pkm_for_the_adhdriddled_student_who/kta3zn1/","/r/PKMS/comments/1b5yqzm/settling_on_a_pkm_for_the_adhdriddled_student_who/kta3zn1/","t1_kt8nxhp","comment","kt8nxhp","kt8mosh","2","false","kt8mosh > kt8nxhp > kta3zn1","fa3bbb044dde41c6","","","false","false","","2","2","0","0","0","1709549382","2024-03-04T10:49:42+00:00","false","False","","false","false","false","false","If you have to ask then it's probably not.","If you have to ask then it's probably not.","42","9","How do you feel about the viability of Evernote in 2024? Ive tried it out today and it seems nice but definitely outdated.","I am a long time Evernote user. I also use Agenda every day as the replacement for my paper day planner - Agenda syncs among my MBP, iPad and iPhone. I really love Agenda. I am looking to leave Evernote, as I plan to leave as many Subscription apps as I can. I am currently looking at Devonthink to replace Evernote. BTW, while Agenda has a premium subscription, which I have, they also have an unusual Subscription model which I love. Their subscription model entitles all the new features they release. And you can stop your subscription at any time, and you get to keep all the features you have received to date and keep using the app with those features.","","false","false","","","","","0","[THREAD_TITLE]
Settling on a PKM... for the ADHD-riddled student who is currently trying 7 PKMs at once.

[THREAD_BODY]
Hey everyone :) I have been heavy in the productivity space for years, and have tried pretty much every tool in the book, from to-do lists, calendar apps, PKMs, all-in-ones... I can't think of any I haven't tried (except the ones where I'm still on the waitlist, such as Lazy.so). I have slowly settled on calendar/gtd tools, with Things 3 and Fantastical being long-time favorites. But, PKM tools are another story... I have struggled over the last year to settle on a single PKM tool as a second brain. Notion: didn't like how slow it felt, and it honestly felt like I spent 90% of my time ""optimizing"" the experience, just or me to barely use it. Evernote: seems nice but also outdated, and I'm afraid to pay the $130 for a (supposedly?) dying software with a diminishing community. Obsidian: honestly still optimizing, and don't feel like it fits the ""quick capture"" functionality I look for. Apple Notes: perfect for a quick capture, but not enough functionality for me at the moment... you all get the point. So, what do you all use, and why have you settled on that tool? And, what recommendations do you have for my needs? I want an app that is primarily for knowledge management, has a quick/easy way to capture thoughts on the go, local notes that I can use offline, and I'm not sure if visual aids are necessarily my thing yet. I also am not necessarily in need for study aids, as I am an Anki power-user. Finally, I am also not afraid to pay a pretty penny to ensure I can leave this whole ""quest for management"" behind. Thanks, excited to hear what you all have to say :)

[ROOT_COMMENT_CONTEXT]
I am a long time Evernote user. I also use Agenda every day as the replacement for my paper day planner - Agenda syncs among my MBP, iPad and iPhone. I really love Agenda. I am looking to leave Evernote, as I plan to leave as many Subscription apps as I can. I am currently looking at Devonthink to replace Evernote. BTW, while Agenda has a premium subscription, which I have, they also have an unusual Subscription model which I love. Their subscription model entitles all the new features they release. And you can stop your subscription at any time, and you get to keep all the features you have received to date and keep using the app with those features.

[PARENT_COMMENT_CONTEXT]
How do you feel about the viability of Evernote in 2024? Ive tried it out today and it seems nice but definitely outdated.

[CURRENT_RECORD]
If you have to ask then it's probably not."
"C:\Projects\Web\planner-tdah\research\reddit_data\reddit-PKMS-settling_on_a_pkm_for_the_adhdriddled_student_who.json","reddit-PKMS-settling_on_a_pkm_for_the_adhdriddled_student_who","1b5yqzm","t3_1b5yqzm","https://www.reddit.com/r/PKMS/comments/1b5yqzm/settling_on_a_pkm_for_the_adhdriddled_student_who/","PKMS","r/PKMS","Settling on a PKM... for the ADHD-riddled student who is currently trying 7 PKMs at once.","Hey everyone :) I have been heavy in the productivity space for years, and have tried pretty much every tool in the book, from to-do lists, calendar apps, PKMs, all-in-ones... I can't think of any I haven't tried (except the ones where I'm still on the waitlist, such as Lazy.so). I have slowly settled on calendar/gtd tools, with Things 3 and Fantastical being long-time favorites. But, PKM tools are another story... I have struggled over the last year to settle on a single PKM tool as a second brain. Notion: didn't like how slow it felt, and it honestly felt like I spent 90% of my time ""optimizing"" the experience, just or me to barely use it. Evernote: seems nice but also outdated, and I'm afraid to pay the $130 for a (supposedly?) dying software with a diminishing community. Obsidian: honestly still optimizing, and don't feel like it fits the ""quick capture"" functionality I look for. Apple Notes: perfect for a quick capture, but not enough functionality for me at the moment... you all get the point. So, what do you all use, and why have you settled on that tool? And, what recommendations do you have for my needs? I want an app that is primarily for knowledge management, has a quick/easy way to capture thoughts on the go, local notes that I can use offline, and I'm not sure if visual aids are necessarily my thing yet. I also am not necessarily in need for study aids, as I am an Anki power-user. Finally, I am also not afraid to pay a pretty penny to ensure I can leave this whole ""quest for management"" behind. Thanks, excited to hear what you all have to say :)","Discussion","1709517152","2024-03-04T01:52:32+00:00","37","37","0.96","59","4e357a1493fe14bb","","reddit-PKMS-settling_on_a_pkm_for_the_adhdriddled_student_who:comment:kt8r69k","comment","kt8r69k","t1_kt8r69k","https://www.reddit.com/r/PKMS/comments/1b5yqzm/settling_on_a_pkm_for_the_adhdriddled_student_who/kt8r69k/","/r/PKMS/comments/1b5yqzm/settling_on_a_pkm_for_the_adhdriddled_student_who/kt8r69k/","t1_kt8nxhp","comment","kt8nxhp","kt8mosh","2","false","kt8mosh > kt8nxhp > kt8r69k","0ab47cdfcac0638f","","","false","false","","1","1","0","0","0","1709520517","2024-03-04T02:48:37+00:00","false","False","","false","false","false","false","I am not a really good user to ask. I started using Evernote in its early days (2009). I use Evernote these days for document storage and search - email docs to Evernote, scan docs to PDF format and store in Evernote, web page clipper to Evernote, and sync/access across devices (Windows, Mac, iOS, iPadOS). And it has a search engine that will search across every doc type I have given it include PDF, Word, Excel, web pages. IMHO its strongest feature is its search capability. I use very little of its native note-taking capability. Essentially it has replaced my paper and email filing system since 2009. But it’s gotten too expensive, and I don’t trust its security (to hacking) of the docs I store in it. As soon as I find a replacement that can handle PDFs and searching inside those PDFs and web pages, I’ll be leaving…","I am not a really good user to ask. I started using Evernote in its early days (2009). I use Evernote these days for document storage and search - email docs to Evernote, scan docs to PDF format and store in Evernote, web page clipper to Evernote, and sync/access across devices…","827","149","How do you feel about the viability of Evernote in 2024? Ive tried it out today and it seems nice but definitely outdated.","I am a long time Evernote user. I also use Agenda every day as the replacement for my paper day planner - Agenda syncs among my MBP, iPad and iPhone. I really love Agenda. I am looking to leave Evernote, as I plan to leave as many Subscription apps as I can. I am currently looking at Devonthink to replace Evernote. BTW, while Agenda has a premium subscription, which I have, they also have an unusual Subscription model which I love. Their subscription model entitles all the new features they release. And you can stop your subscription at any time, and you get to keep all the features you have received to date and keep using the app with those features.","","false","false","","","","long_form_comment","20","[THREAD_TITLE]
Settling on a PKM... for the ADHD-riddled student who is currently trying 7 PKMs at once.

[THREAD_BODY]
Hey everyone :) I have been heavy in the productivity space for years, and have tried pretty much every tool in the book, from to-do lists, calendar apps, PKMs, all-in-ones... I can't think of any I haven't tried (except the ones where I'm still on the waitlist, such as Lazy.so). I have slowly settled on calendar/gtd tools, with Things 3 and Fantastical being long-time favorites. But, PKM tools are another story... I have struggled over the last year to settle on a single PKM tool as a second brain. Notion: didn't like how slow it felt, and it honestly felt like I spent 90% of my time ""optimizing"" the experience, just or me to barely use it. Evernote: seems nice but also outdated, and I'm afraid to pay the $130 for a (supposedly?) dying software with a diminishing community. Obsidian: honestly still optimizing, and don't feel like it fits the ""quick capture"" functionality I look for. Apple Notes: perfect for a quick capture, but not enough functionality for me at the moment... you all get the point. So, what do you all use, and why have you settled on that tool? And, what recommendations do you have for my needs? I want an app that is primarily for knowledge management, has a quick/easy way to capture thoughts on the go, local notes that I can use offline, and I'm not sure if visual aids are necessarily my thing yet. I also am not necessarily in need for study aids, as I am an Anki power-user. Finally, I am also not afraid to pay a pretty penny to ensure I can leave this whole ""quest for management"" behind. Thanks, excited to hear what you all have to say :)

[ROOT_COMMENT_CONTEXT]
I am a long time Evernote user. I also use Agenda every day as the replacement for my paper day planner - Agenda syncs among my MBP, iPad and iPhone. I really love Agenda. I am looking to leave Evernote, as I plan to leave as many Subscription apps as I can. I am currently looking at Devonthink to replace Evernote. BTW, while Agenda has a premium subscription, which I have, they also have an unusual Subscription model which I love. Their subscription model entitles all the new features they release. And you can stop your subscription at any time, and you get to keep all the features you have received to date and keep using the app with those features.

[PARENT_COMMENT_CONTEXT]
How do you feel about the viability of Evernote in 2024? Ive tried it out today and it seems nice but definitely outdated.

[CURRENT_RECORD]
I am not a really good user to ask. I started using Evernote in its early days (2009). I use Evernote these days for document storage and search - email docs to Evernote, scan docs to PDF format and store in Evernote, web page clipper to Evernote, and sync/access across devices (Windows, Mac, iOS, iPadOS). And it has a search engine that will search across every doc type I have given it include PDF, Word, Excel, web pages. IMHO its strongest feature is its search capability. I use very little of its native note-taking capability. Essentially it has replaced my paper and email filing system since 2009. But it’s gotten too expensive, and I don’t trust its security (to hacking) of the docs I store in it. As soon as I find a replacement that can handle PDFs and searching inside those PDFs and web pages, I’ll be leaving…"
"C:\Projects\Web\planner-tdah\research\reddit_data\reddit-PKMS-settling_on_a_pkm_for_the_adhdriddled_student_who.json","reddit-PKMS-settling_on_a_pkm_for_the_adhdriddled_student_who","1b5yqzm","t3_1b5yqzm","https://www.reddit.com/r/PKMS/comments/1b5yqzm/settling_on_a_pkm_for_the_adhdriddled_student_who/","PKMS","r/PKMS","Settling on a PKM... for the ADHD-riddled student who is currently trying 7 PKMs at once.","Hey everyone :) I have been heavy in the productivity space for years, and have tried pretty much every tool in the book, from to-do lists, calendar apps, PKMs, all-in-ones... I can't think of any I haven't tried (except the ones where I'm still on the waitlist, such as Lazy.so). I have slowly settled on calendar/gtd tools, with Things 3 and Fantastical being long-time favorites. But, PKM tools are another story... I have struggled over the last year to settle on a single PKM tool as a second brain. Notion: didn't like how slow it felt, and it honestly felt like I spent 90% of my time ""optimizing"" the experience, just or me to barely use it. Evernote: seems nice but also outdated, and I'm afraid to pay the $130 for a (supposedly?) dying software with a diminishing community. Obsidian: honestly still optimizing, and don't feel like it fits the ""quick capture"" functionality I look for. Apple Notes: perfect for a quick capture, but not enough functionality for me at the moment... you all get the point. So, what do you all use, and why have you settled on that tool? And, what recommendations do you have for my needs? I want an app that is primarily for knowledge management, has a quick/easy way to capture thoughts on the go, local notes that I can use offline, and I'm not sure if visual aids are necessarily my thing yet. I also am not necessarily in need for study aids, as I am an Anki power-user. Finally, I am also not afraid to pay a pretty penny to ensure I can leave this whole ""quest for management"" behind. Thanks, excited to hear what you all have to say :)","Discussion","1709517152","2024-03-04T01:52:32+00:00","37","37","0.96","59","4e357a1493fe14bb","","reddit-PKMS-settling_on_a_pkm_for_the_adhdriddled_student_who:comment:kt8nxf4","comment","kt8nxf4","t1_kt8nxf4","https://www.reddit.com/r/PKMS/comments/1b5yqzm/settling_on_a_pkm_for_the_adhdriddled_student_who/kt8nxf4/","/r/PKMS/comments/1b5yqzm/settling_on_a_pkm_for_the_adhdriddled_student_who/kt8nxf4/","t3_1b5yqzm","post","","kt8nxf4","0","true","kt8nxf4","73dac40afeeaf82c","","","false","false","","2","2","0","0","0","1709519177","2024-03-04T02:26:17+00:00","false","False","","false","false","false","false","Supernotes","Supernotes","10","1","","","","false","false","","","notes","mentions_feature_or_solution","4","[THREAD_TITLE]
Settling on a PKM... for the ADHD-riddled student who is currently trying 7 PKMs at once.

[THREAD_BODY]
Hey everyone :) I have been heavy in the productivity space for years, and have tried pretty much every tool in the book, from to-do lists, calendar apps, PKMs, all-in-ones... I can't think of any I haven't tried (except the ones where I'm still on the waitlist, such as Lazy.so). I have slowly settled on calendar/gtd tools, with Things 3 and Fantastical being long-time favorites. But, PKM tools are another story... I have struggled over the last year to settle on a single PKM tool as a second brain. Notion: didn't like how slow it felt, and it honestly felt like I spent 90% of my time ""optimizing"" the experience, just or me to barely use it. Evernote: seems nice but also outdated, and I'm afraid to pay the $130 for a (supposedly?) dying software with a diminishing community. Obsidian: honestly still optimizing, and don't feel like it fits the ""quick capture"" functionality I look for. Apple Notes: perfect for a quick capture, but not enough functionality for me at the moment... you all get the point. So, what do you all use, and why have you settled on that tool? And, what recommendations do you have for my needs? I want an app that is primarily for knowledge management, has a quick/easy way to capture thoughts on the go, local notes that I can use offline, and I'm not sure if visual aids are necessarily my thing yet. I also am not necessarily in need for study aids, as I am an Anki power-user. Finally, I am also not afraid to pay a pretty penny to ensure I can leave this whole ""quest for management"" behind. Thanks, excited to hear what you all have to say :)

[CURRENT_RECORD]
Supernotes"
"C:\Projects\Web\planner-tdah\research\reddit_data\reddit-PKMS-settling_on_a_pkm_for_the_adhdriddled_student_who.json","reddit-PKMS-settling_on_a_pkm_for_the_adhdriddled_student_who","1b5yqzm","t3_1b5yqzm","https://www.reddit.com/r/PKMS/comments/1b5yqzm/settling_on_a_pkm_for_the_adhdriddled_student_who/","PKMS","r/PKMS","Settling on a PKM... for the ADHD-riddled student who is currently trying 7 PKMs at once.","Hey everyone :) I have been heavy in the productivity space for years, and have tried pretty much every tool in the book, from to-do lists, calendar apps, PKMs, all-in-ones... I can't think of any I haven't tried (except the ones where I'm still on the waitlist, such as Lazy.so). I have slowly settled on calendar/gtd tools, with Things 3 and Fantastical being long-time favorites. But, PKM tools are another story... I have struggled over the last year to settle on a single PKM tool as a second brain. Notion: didn't like how slow it felt, and it honestly felt like I spent 90% of my time ""optimizing"" the experience, just or me to barely use it. Evernote: seems nice but also outdated, and I'm afraid to pay the $130 for a (supposedly?) dying software with a diminishing community. Obsidian: honestly still optimizing, and don't feel like it fits the ""quick capture"" functionality I look for. Apple Notes: perfect for a quick capture, but not enough functionality for me at the moment... you all get the point. So, what do you all use, and why have you settled on that tool? And, what recommendations do you have for my needs? I want an app that is primarily for knowledge management, has a quick/easy way to capture thoughts on the go, local notes that I can use offline, and I'm not sure if visual aids are necessarily my thing yet. I also am not necessarily in need for study aids, as I am an Anki power-user. Finally, I am also not afraid to pay a pretty penny to ensure I can leave this whole ""quest for management"" behind. Thanks, excited to hear what you all have to say :)","Discussion","1709517152","2024-03-04T01:52:32+00:00","37","37","0.96","59","4e357a1493fe14bb","","reddit-PKMS-settling_on_a_pkm_for_the_adhdriddled_student_who:comment:kt907ne","comment","kt907ne","t1_kt907ne","https://www.reddit.com/r/PKMS/comments/1b5yqzm/settling_on_a_pkm_for_the_adhdriddled_student_who/kt907ne/","/r/PKMS/comments/1b5yqzm/settling_on_a_pkm_for_the_adhdriddled_student_who/kt907ne/","t3_1b5yqzm","post","","kt907ne","0","true","kt907ne","4abe7913d5281702","","","false","false","","2","2","0","0","0","1709524399","2024-03-04T03:53:19+00:00","false","False","","false","false","false","false","You should add Joplin to your straight forward notetakers list","You should add Joplin to your straight forward notetakers list","62","10","","","","false","false","","","","","0","[THREAD_TITLE]
Settling on a PKM... for the ADHD-riddled student who is currently trying 7 PKMs at once.

[THREAD_BODY]
Hey everyone :) I have been heavy in the productivity space for years, and have tried pretty much every tool in the book, from to-do lists, calendar apps, PKMs, all-in-ones... I can't think of any I haven't tried (except the ones where I'm still on the waitlist, such as Lazy.so). I have slowly settled on calendar/gtd tools, with Things 3 and Fantastical being long-time favorites. But, PKM tools are another story... I have struggled over the last year to settle on a single PKM tool as a second brain. Notion: didn't like how slow it felt, and it honestly felt like I spent 90% of my time ""optimizing"" the experience, just or me to barely use it. Evernote: seems nice but also outdated, and I'm afraid to pay the $130 for a (supposedly?) dying software with a diminishing community. Obsidian: honestly still optimizing, and don't feel like it fits the ""quick capture"" functionality I look for. Apple Notes: perfect for a quick capture, but not enough functionality for me at the moment... you all get the point. So, what do you all use, and why have you settled on that tool? And, what recommendations do you have for my needs? I want an app that is primarily for knowledge management, has a quick/easy way to capture thoughts on the go, local notes that I can use offline, and I'm not sure if visual aids are necessarily my thing yet. I also am not necessarily in need for study aids, as I am an Anki power-user. Finally, I am also not afraid to pay a pretty penny to ensure I can leave this whole ""quest for management"" behind. Thanks, excited to hear what you all have to say :)

[CURRENT_RECORD]
You should add Joplin to your straight forward notetakers list"
"C:\Projects\Web\planner-tdah\research\reddit_data\reddit-PKMS-settling_on_a_pkm_for_the_adhdriddled_student_who.json","reddit-PKMS-settling_on_a_pkm_for_the_adhdriddled_student_who","1b5yqzm","t3_1b5yqzm","https://www.reddit.com/r/PKMS/comments/1b5yqzm/settling_on_a_pkm_for_the_adhdriddled_student_who/","PKMS","r/PKMS","Settling on a PKM... for the ADHD-riddled student who is currently trying 7 PKMs at once.","Hey everyone :) I have been heavy in the productivity space for years, and have tried pretty much every tool in the book, from to-do lists, calendar apps, PKMs, all-in-ones... I can't think of any I haven't tried (except the ones where I'm still on the waitlist, such as Lazy.so). I have slowly settled on calendar/gtd tools, with Things 3 and Fantastical being long-time favorites. But, PKM tools are another story... I have struggled over the last year to settle on a single PKM tool as a second brain. Notion: didn't like how slow it felt, and it honestly felt like I spent 90% of my time ""optimizing"" the experience, just or me to barely use it. Evernote: seems nice but also outdated, and I'm afraid to pay the $130 for a (supposedly?) dying software with a diminishing community. Obsidian: honestly still optimizing, and don't feel like it fits the ""quick capture"" functionality I look for. Apple Notes: perfect for a quick capture, but not enough functionality for me at the moment... you all get the point. So, what do you all use, and why have you settled on that tool? And, what recommendations do you have for my needs? I want an app that is primarily for knowledge management, has a quick/easy way to capture thoughts on the go, local notes that I can use offline, and I'm not sure if visual aids are necessarily my thing yet. I also am not necessarily in need for study aids, as I am an Anki power-user. Finally, I am also not afraid to pay a pretty penny to ensure I can leave this whole ""quest for management"" behind. Thanks, excited to hear what you all have to say :)","Discussion","1709517152","2024-03-04T01:52:32+00:00","37","37","0.96","59","4e357a1493fe14bb","","reddit-PKMS-settling_on_a_pkm_for_the_adhdriddled_student_who:comment:kt9cwze","comment","kt9cwze","t1_kt9cwze","https://www.reddit.com/r/PKMS/comments/1b5yqzm/settling_on_a_pkm_for_the_adhdriddled_student_who/kt9cwze/","/r/PKMS/comments/1b5yqzm/settling_on_a_pkm_for_the_adhdriddled_student_who/kt9cwze/","t3_1b5yqzm","post","","kt9cwze","0","true","kt9cwze","a1ff195273ad602d","","","false","false","","2","2","0","0","1","1709530728","2024-03-04T05:38:48+00:00","false","False","","false","false","false","false","I’m an Apple user; with a desktop Mac and mobile iPad tablet Ex Evernote user; I transferred to Devonthink augmented by Applescript for workflow automation I’m in the all-in-one camp; just the generic PKMS","I’m an Apple user; with a desktop Mac and mobile iPad tablet Ex Evernote user; I transferred to Devonthink augmented by Applescript for workflow automation I’m in the all-in-one camp; just the generic PKMS","205","34","","","","false","false","app","","","mentions_planner_or_system","17","[THREAD_TITLE]
Settling on a PKM... for the ADHD-riddled student who is currently trying 7 PKMs at once.

[THREAD_BODY]
Hey everyone :) I have been heavy in the productivity space for years, and have tried pretty much every tool in the book, from to-do lists, calendar apps, PKMs, all-in-ones... I can't think of any I haven't tried (except the ones where I'm still on the waitlist, such as Lazy.so). I have slowly settled on calendar/gtd tools, with Things 3 and Fantastical being long-time favorites. But, PKM tools are another story... I have struggled over the last year to settle on a single PKM tool as a second brain. Notion: didn't like how slow it felt, and it honestly felt like I spent 90% of my time ""optimizing"" the experience, just or me to barely use it. Evernote: seems nice but also outdated, and I'm afraid to pay the $130 for a (supposedly?) dying software with a diminishing community. Obsidian: honestly still optimizing, and don't feel like it fits the ""quick capture"" functionality I look for. Apple Notes: perfect for a quick capture, but not enough functionality for me at the moment... you all get the point. So, what do you all use, and why have you settled on that tool? And, what recommendations do you have for my needs? I want an app that is primarily for knowledge management, has a quick/easy way to capture thoughts on the go, local notes that I can use offline, and I'm not sure if visual aids are necessarily my thing yet. I also am not necessarily in need for study aids, as I am an Anki power-user. Finally, I am also not afraid to pay a pretty penny to ensure I can leave this whole ""quest for management"" behind. Thanks, excited to hear what you all have to say :)

[CURRENT_RECORD]
I’m an Apple user; with a desktop Mac and mobile iPad tablet Ex Evernote user; I transferred to Devonthink augmented by Applescript for workflow automation I’m in the all-in-one camp; just the generic PKMS"
"C:\Projects\Web\planner-tdah\research\reddit_data\reddit-PKMS-settling_on_a_pkm_for_the_adhdriddled_student_who.json","reddit-PKMS-settling_on_a_pkm_for_the_adhdriddled_student_who","1b5yqzm","t3_1b5yqzm","https://www.reddit.com/r/PKMS/comments/1b5yqzm/settling_on_a_pkm_for_the_adhdriddled_student_who/","PKMS","r/PKMS","Settling on a PKM... for the ADHD-riddled student who is currently trying 7 PKMs at once.","Hey everyone :) I have been heavy in the productivity space for years, and have tried pretty much every tool in the book, from to-do lists, calendar apps, PKMs, all-in-ones... I can't think of any I haven't tried (except the ones where I'm still on the waitlist, such as Lazy.so). I have slowly settled on calendar/gtd tools, with Things 3 and Fantastical being long-time favorites. But, PKM tools are another story... I have struggled over the last year to settle on a single PKM tool as a second brain. Notion: didn't like how slow it felt, and it honestly felt like I spent 90% of my time ""optimizing"" the experience, just or me to barely use it. Evernote: seems nice but also outdated, and I'm afraid to pay the $130 for a (supposedly?) dying software with a diminishing community. Obsidian: honestly still optimizing, and don't feel like it fits the ""quick capture"" functionality I look for. Apple Notes: perfect for a quick capture, but not enough functionality for me at the moment... you all get the point. So, what do you all use, and why have you settled on that tool? And, what recommendations do you have for my needs? I want an app that is primarily for knowledge management, has a quick/easy way to capture thoughts on the go, local notes that I can use offline, and I'm not sure if visual aids are necessarily my thing yet. I also am not necessarily in need for study aids, as I am an Anki power-user. Finally, I am also not afraid to pay a pretty penny to ensure I can leave this whole ""quest for management"" behind. Thanks, excited to hear what you all have to say :)","Discussion","1709517152","2024-03-04T01:52:32+00:00","37","37","0.96","59","4e357a1493fe14bb","","reddit-PKMS-settling_on_a_pkm_for_the_adhdriddled_student_who:comment:ktbvc42","comment","ktbvc42","t1_ktbvc42","https://www.reddit.com/r/PKMS/comments/1b5yqzm/settling_on_a_pkm_for_the_adhdriddled_student_who/ktbvc42/","/r/PKMS/comments/1b5yqzm/settling_on_a_pkm_for_the_adhdriddled_student_who/ktbvc42/","t1_kt9cwze","comment","kt9cwze","kt9cwze","1","false","kt9cwze > ktbvc42","1606f31447e28797","","","false","false","","2","2","0","0","0","1709576246","2024-03-04T18:17:26+00:00","false","False","","false","false","false","false","Agree. DEVONthink is as close to an all in one as I’ve found as long as you are ok with average in certain areas. It’s ok at notes. It is above average and excellent in several other areas but it plays so well in the Apple ecosystem that it makes up for the shortcomings","Agree. DEVONthink is as close to an all in one as I’ve found as long as you are ok with average in certain areas. It’s ok at notes. It is above average and excellent in several other areas but it plays so well in the Apple ecosystem that it makes up for the shortcomings","270","54","I’m an Apple user; with a desktop Mac and mobile iPad tablet Ex Evernote user; I transferred to Devonthink augmented by Applescript for workflow automation I’m in the all-in-one camp; just the generic PKMS","I’m an Apple user; with a desktop Mac and mobile iPad tablet Ex Evernote user; I transferred to Devonthink augmented by Applescript for workflow automation I’m in the all-in-one camp; just the generic PKMS","","false","false","app","","all in one | notes","mentions_feature_or_solution | mentions_planner_or_system","22","[THREAD_TITLE]
Settling on a PKM... for the ADHD-riddled student who is currently trying 7 PKMs at once.

[THREAD_BODY]
Hey everyone :) I have been heavy in the productivity space for years, and have tried pretty much every tool in the book, from to-do lists, calendar apps, PKMs, all-in-ones... I can't think of any I haven't tried (except the ones where I'm still on the waitlist, such as Lazy.so). I have slowly settled on calendar/gtd tools, with Things 3 and Fantastical being long-time favorites. But, PKM tools are another story... I have struggled over the last year to settle on a single PKM tool as a second brain. Notion: didn't like how slow it felt, and it honestly felt like I spent 90% of my time ""optimizing"" the experience, just or me to barely use it. Evernote: seems nice but also outdated, and I'm afraid to pay the $130 for a (supposedly?) dying software with a diminishing community. Obsidian: honestly still optimizing, and don't feel like it fits the ""quick capture"" functionality I look for. Apple Notes: perfect for a quick capture, but not enough functionality for me at the moment... you all get the point. So, what do you all use, and why have you settled on that tool? And, what recommendations do you have for my needs? I want an app that is primarily for knowledge management, has a quick/easy way to capture thoughts on the go, local notes that I can use offline, and I'm not sure if visual aids are necessarily my thing yet. I also am not necessarily in need for study aids, as I am an Anki power-user. Finally, I am also not afraid to pay a pretty penny to ensure I can leave this whole ""quest for management"" behind. Thanks, excited to hear what you all have to say :)

[PARENT_COMMENT_CONTEXT]
I’m an Apple user; with a desktop Mac and mobile iPad tablet Ex Evernote user; I transferred to Devonthink augmented by Applescript for workflow automation I’m in the all-in-one camp; just the generic PKMS

[CURRENT_RECORD]
Agree. DEVONthink is as close to an all in one as I’ve found as long as you are ok with average in certain areas. It’s ok at notes. It is above average and excellent in several other areas but it plays so well in the Apple ecosystem that it makes up for the shortcomings"
"C:\Projects\Web\planner-tdah\research\reddit_data\reddit-PKMS-settling_on_a_pkm_for_the_adhdriddled_student_who.json","reddit-PKMS-settling_on_a_pkm_for_the_adhdriddled_student_who","1b5yqzm","t3_1b5yqzm","https://www.reddit.com/r/PKMS/comments/1b5yqzm/settling_on_a_pkm_for_the_adhdriddled_student_who/","PKMS","r/PKMS","Settling on a PKM... for the ADHD-riddled student who is currently trying 7 PKMs at once.","Hey everyone :) I have been heavy in the productivity space for years, and have tried pretty much every tool in the book, from to-do lists, calendar apps, PKMs, all-in-ones... I can't think of any I haven't tried (except the ones where I'm still on the waitlist, such as Lazy.so). I have slowly settled on calendar/gtd tools, with Things 3 and Fantastical being long-time favorites. But, PKM tools are another story... I have struggled over the last year to settle on a single PKM tool as a second brain. Notion: didn't like how slow it felt, and it honestly felt like I spent 90% of my time ""optimizing"" the experience, just or me to barely use it. Evernote: seems nice but also outdated, and I'm afraid to pay the $130 for a (supposedly?) dying software with a diminishing community. Obsidian: honestly still optimizing, and don't feel like it fits the ""quick capture"" functionality I look for. Apple Notes: perfect for a quick capture, but not enough functionality for me at the moment... you all get the point. So, what do you all use, and why have you settled on that tool? And, what recommendations do you have for my needs? I want an app that is primarily for knowledge management, has a quick/easy way to capture thoughts on the go, local notes that I can use offline, and I'm not sure if visual aids are necessarily my thing yet. I also am not necessarily in need for study aids, as I am an Anki power-user. Finally, I am also not afraid to pay a pretty penny to ensure I can leave this whole ""quest for management"" behind. Thanks, excited to hear what you all have to say :)","Discussion","1709517152","2024-03-04T01:52:32+00:00","37","37","0.96","59","4e357a1493fe14bb","","reddit-PKMS-settling_on_a_pkm_for_the_adhdriddled_student_who:comment:ktab8ct","comment","ktab8ct","t1_ktab8ct","https://www.reddit.com/r/PKMS/comments/1b5yqzm/settling_on_a_pkm_for_the_adhdriddled_student_who/ktab8ct/","/r/PKMS/comments/1b5yqzm/settling_on_a_pkm_for_the_adhdriddled_student_who/ktab8ct/","t3_1b5yqzm","post","","ktab8ct","0","true","ktab8ct","a79f9e987a2de902","","","false","false","","2","2","0","0","1","1709554034","2024-03-04T12:07:14+00:00","false","False","","true","false","false","false","Tana 🙌🏿 I was an OG RoamResearch user before moving over to","Tana 🙌🏿 I was an OG RoamResearch user before moving over to","59","12","","","","false","false","","","","","3","[THREAD_TITLE]
Settling on a PKM... for the ADHD-riddled student who is currently trying 7 PKMs at once.

[THREAD_BODY]
Hey everyone :) I have been heavy in the productivity space for years, and have tried pretty much every tool in the book, from to-do lists, calendar apps, PKMs, all-in-ones... I can't think of any I haven't tried (except the ones where I'm still on the waitlist, such as Lazy.so). I have slowly settled on calendar/gtd tools, with Things 3 and Fantastical being long-time favorites. But, PKM tools are another story... I have struggled over the last year to settle on a single PKM tool as a second brain. Notion: didn't like how slow it felt, and it honestly felt like I spent 90% of my time ""optimizing"" the experience, just or me to barely use it. Evernote: seems nice but also outdated, and I'm afraid to pay the $130 for a (supposedly?) dying software with a diminishing community. Obsidian: honestly still optimizing, and don't feel like it fits the ""quick capture"" functionality I look for. Apple Notes: perfect for a quick capture, but not enough functionality for me at the moment... you all get the point. So, what do you all use, and why have you settled on that tool? And, what recommendations do you have for my needs? I want an app that is primarily for knowledge management, has a quick/easy way to capture thoughts on the go, local notes that I can use offline, and I'm not sure if visual aids are necessarily my thing yet. I also am not necessarily in need for study aids, as I am an Anki power-user. Finally, I am also not afraid to pay a pretty penny to ensure I can leave this whole ""quest for management"" behind. Thanks, excited to hear what you all have to say :)

[CURRENT_RECORD]
Tana 🙌🏿 I was an OG RoamResearch user before moving over to"
"C:\Projects\Web\planner-tdah\research\reddit_data\reddit-PKMS-settling_on_a_pkm_for_the_adhdriddled_student_who.json","reddit-PKMS-settling_on_a_pkm_for_the_adhdriddled_student_who","1b5yqzm","t3_1b5yqzm","https://www.reddit.com/r/PKMS/comments/1b5yqzm/settling_on_a_pkm_for_the_adhdriddled_student_who/","PKMS","r/PKMS","Settling on a PKM... for the ADHD-riddled student who is currently trying 7 PKMs at once.","Hey everyone :) I have been heavy in the productivity space for years, and have tried pretty much every tool in the book, from to-do lists, calendar apps, PKMs, all-in-ones... I can't think of any I haven't tried (except the ones where I'm still on the waitlist, such as Lazy.so). I have slowly settled on calendar/gtd tools, with Things 3 and Fantastical being long-time favorites. But, PKM tools are another story... I have struggled over the last year to settle on a single PKM tool as a second brain. Notion: didn't like how slow it felt, and it honestly felt like I spent 90% of my time ""optimizing"" the experience, just or me to barely use it. Evernote: seems nice but also outdated, and I'm afraid to pay the $130 for a (supposedly?) dying software with a diminishing community. Obsidian: honestly still optimizing, and don't feel like it fits the ""quick capture"" functionality I look for. Apple Notes: perfect for a quick capture, but not enough functionality for me at the moment... you all get the point. So, what do you all use, and why have you settled on that tool? And, what recommendations do you have for my needs? I want an app that is primarily for knowledge management, has a quick/easy way to capture thoughts on the go, local notes that I can use offline, and I'm not sure if visual aids are necessarily my thing yet. I also am not necessarily in need for study aids, as I am an Anki power-user. Finally, I am also not afraid to pay a pretty penny to ensure I can leave this whole ""quest for management"" behind. Thanks, excited to hear what you all have to say :)","Discussion","1709517152","2024-03-04T01:52:32+00:00","37","37","0.96","59","4e357a1493fe14bb","","reddit-PKMS-settling_on_a_pkm_for_the_adhdriddled_student_who:comment:kwb4q2z","comment","kwb4q2z","t1_kwb4q2z","https://www.reddit.com/r/PKMS/comments/1b5yqzm/settling_on_a_pkm_for_the_adhdriddled_student_who/kwb4q2z/","/r/PKMS/comments/1b5yqzm/settling_on_a_pkm_for_the_adhdriddled_student_who/kwb4q2z/","t1_ktab8ct","comment","ktab8ct","ktab8ct","1","false","ktab8ct > kwb4q2z","570b2dee8891f48c","","","false","false","","1","1","0","0","0","1711263323","2024-03-24T06:55:23+00:00","false","False","","true","false","false","false","Still no mobile app which renders it useless for me.","Still no mobile app which renders it useless for me.","52","10","Tana 🙌🏿 I was an OG RoamResearch user before moving over to","Tana 🙌🏿 I was an OG RoamResearch user before moving over to","","false","false","app","","","mentions_planner_or_system","4","[THREAD_TITLE]
Settling on a PKM... for the ADHD-riddled student who is currently trying 7 PKMs at once.

[THREAD_BODY]
Hey everyone :) I have been heavy in the productivity space for years, and have tried pretty much every tool in the book, from to-do lists, calendar apps, PKMs, all-in-ones... I can't think of any I haven't tried (except the ones where I'm still on the waitlist, such as Lazy.so). I have slowly settled on calendar/gtd tools, with Things 3 and Fantastical being long-time favorites. But, PKM tools are another story... I have struggled over the last year to settle on a single PKM tool as a second brain. Notion: didn't like how slow it felt, and it honestly felt like I spent 90% of my time ""optimizing"" the experience, just or me to barely use it. Evernote: seems nice but also outdated, and I'm afraid to pay the $130 for a (supposedly?) dying software with a diminishing community. Obsidian: honestly still optimizing, and don't feel like it fits the ""quick capture"" functionality I look for. Apple Notes: perfect for a quick capture, but not enough functionality for me at the moment... you all get the point. So, what do you all use, and why have you settled on that tool? And, what recommendations do you have for my needs? I want an app that is primarily for knowledge management, has a quick/easy way to capture thoughts on the go, local notes that I can use offline, and I'm not sure if visual aids are necessarily my thing yet. I also am not necessarily in need for study aids, as I am an Anki power-user. Finally, I am also not afraid to pay a pretty penny to ensure I can leave this whole ""quest for management"" behind. Thanks, excited to hear what you all have to say :)

[PARENT_COMMENT_CONTEXT]
Tana 🙌🏿 I was an OG RoamResearch user before moving over to

[CURRENT_RECORD]
Still no mobile app which renders it useless for me."
"C:\Projects\Web\planner-tdah\research\reddit_data\reddit-PKMS-settling_on_a_pkm_for_the_adhdriddled_student_who.json","reddit-PKMS-settling_on_a_pkm_for_the_adhdriddled_student_who","1b5yqzm","t3_1b5yqzm","https://www.reddit.com/r/PKMS/comments/1b5yqzm/settling_on_a_pkm_for_the_adhdriddled_student_who/","PKMS","r/PKMS","Settling on a PKM... for the ADHD-riddled student who is currently trying 7 PKMs at once.","Hey everyone :) I have been heavy in the productivity space for years, and have tried pretty much every tool in the book, from to-do lists, calendar apps, PKMs, all-in-ones... I can't think of any I haven't tried (except the ones where I'm still on the waitlist, such as Lazy.so). I have slowly settled on calendar/gtd tools, with Things 3 and Fantastical being long-time favorites. But, PKM tools are another story... I have struggled over the last year to settle on a single PKM tool as a second brain. Notion: didn't like how slow it felt, and it honestly felt like I spent 90% of my time ""optimizing"" the experience, just or me to barely use it. Evernote: seems nice but also outdated, and I'm afraid to pay the $130 for a (supposedly?) dying software with a diminishing community. Obsidian: honestly still optimizing, and don't feel like it fits the ""quick capture"" functionality I look for. Apple Notes: perfect for a quick capture, but not enough functionality for me at the moment... you all get the point. So, what do you all use, and why have you settled on that tool? And, what recommendations do you have for my needs? I want an app that is primarily for knowledge management, has a quick/easy way to capture thoughts on the go, local notes that I can use offline, and I'm not sure if visual aids are necessarily my thing yet. I also am not necessarily in need for study aids, as I am an Anki power-user. Finally, I am also not afraid to pay a pretty penny to ensure I can leave this whole ""quest for management"" behind. Thanks, excited to hear what you all have to say :)","Discussion","1709517152","2024-03-04T01:52:32+00:00","37","37","0.96","59","4e357a1493fe14bb","","reddit-PKMS-settling_on_a_pkm_for_the_adhdriddled_student_who:comment:ktfc06b","comment","ktfc06b","t1_ktfc06b","https://www.reddit.com/r/PKMS/comments/1b5yqzm/settling_on_a_pkm_for_the_adhdriddled_student_who/ktfc06b/","/r/PKMS/comments/1b5yqzm/settling_on_a_pkm_for_the_adhdriddled_student_who/ktfc06b/","t3_1b5yqzm","post","","ktfc06b","0","true","ktfc06b","1440cd23b481b3ad","","","false","false","","2","2","0","0","0","1709627362","2024-03-05T08:29:22+00:00","false","False","","true","false","false","false","Replace your quick capture to some thing else like Keep, notesnook or other app that's cross platform and has web clipper. I prefer Logseq for PKM, but you can still use Obsidian. It takes time to use them well but stick to them. Keep that capture and PKM separate.","Replace your quick capture to some thing else like Keep, notesnook or other app that's cross platform and has web clipper. I prefer Logseq for PKM, but you can still use Obsidian. It takes time to use them well but stick to them. Keep that capture and PKM separate.","265","49","","","","false","false","app","time","notes","forgetfulness_or_time_signal | mentions_feature_or_solution | mentions_pain_or_friction | mentions_planner_or_system","31","[THREAD_TITLE]
Settling on a PKM... for the ADHD-riddled student who is currently trying 7 PKMs at once.

[THREAD_BODY]
Hey everyone :) I have been heavy in the productivity space for years, and have tried pretty much every tool in the book, from to-do lists, calendar apps, PKMs, all-in-ones... I can't think of any I haven't tried (except the ones where I'm still on the waitlist, such as Lazy.so). I have slowly settled on calendar/gtd tools, with Things 3 and Fantastical being long-time favorites. But, PKM tools are another story... I have struggled over the last year to settle on a single PKM tool as a second brain. Notion: didn't like how slow it felt, and it honestly felt like I spent 90% of my time ""optimizing"" the experience, just or me to barely use it. Evernote: seems nice but also outdated, and I'm afraid to pay the $130 for a (supposedly?) dying software with a diminishing community. Obsidian: honestly still optimizing, and don't feel like it fits the ""quick capture"" functionality I look for. Apple Notes: perfect for a quick capture, but not enough functionality for me at the moment... you all get the point. So, what do you all use, and why have you settled on that tool? And, what recommendations do you have for my needs? I want an app that is primarily for knowledge management, has a quick/easy way to capture thoughts on the go, local notes that I can use offline, and I'm not sure if visual aids are necessarily my thing yet. I also am not necessarily in need for study aids, as I am an Anki power-user. Finally, I am also not afraid to pay a pretty penny to ensure I can leave this whole ""quest for management"" behind. Thanks, excited to hear what you all have to say :)

[CURRENT_RECORD]
Replace your quick capture to some thing else like Keep, notesnook or other app that's cross platform and has web clipper. I prefer Logseq for PKM, but you can still use Obsidian. It takes time to use them well but stick to them. Keep that capture and PKM separate."
"C:\Projects\Web\planner-tdah\research\reddit_data\reddit-PKMS-settling_on_a_pkm_for_the_adhdriddled_student_who.json","reddit-PKMS-settling_on_a_pkm_for_the_adhdriddled_student_who","1b5yqzm","t3_1b5yqzm","https://www.reddit.com/r/PKMS/comments/1b5yqzm/settling_on_a_pkm_for_the_adhdriddled_student_who/","PKMS","r/PKMS","Settling on a PKM... for the ADHD-riddled student who is currently trying 7 PKMs at once.","Hey everyone :) I have been heavy in the productivity space for years, and have tried pretty much every tool in the book, from to-do lists, calendar apps, PKMs, all-in-ones... I can't think of any I haven't tried (except the ones where I'm still on the waitlist, such as Lazy.so). I have slowly settled on calendar/gtd tools, with Things 3 and Fantastical being long-time favorites. But, PKM tools are another story... I have struggled over the last year to settle on a single PKM tool as a second brain. Notion: didn't like how slow it felt, and it honestly felt like I spent 90% of my time ""optimizing"" the experience, just or me to barely use it. Evernote: seems nice but also outdated, and I'm afraid to pay the $130 for a (supposedly?) dying software with a diminishing community. Obsidian: honestly still optimizing, and don't feel like it fits the ""quick capture"" functionality I look for. Apple Notes: perfect for a quick capture, but not enough functionality for me at the moment... you all get the point. So, what do you all use, and why have you settled on that tool? And, what recommendations do you have for my needs? I want an app that is primarily for knowledge management, has a quick/easy way to capture thoughts on the go, local notes that I can use offline, and I'm not sure if visual aids are necessarily my thing yet. I also am not necessarily in need for study aids, as I am an Anki power-user. Finally, I am also not afraid to pay a pretty penny to ensure I can leave this whole ""quest for management"" behind. Thanks, excited to hear what you all have to say :)","Discussion","1709517152","2024-03-04T01:52:32+00:00","37","37","0.96","59","4e357a1493fe14bb","","reddit-PKMS-settling_on_a_pkm_for_the_adhdriddled_student_who:comment:ktffv5m","comment","ktffv5m","t1_ktffv5m","https://www.reddit.com/r/PKMS/comments/1b5yqzm/settling_on_a_pkm_for_the_adhdriddled_student_who/ktffv5m/","/r/PKMS/comments/1b5yqzm/settling_on_a_pkm_for_the_adhdriddled_student_who/ktffv5m/","t3_1b5yqzm","post","","ktffv5m","0","true","ktffv5m","8d67e12b796e5d89","","","false","false","","2","2","0","0","1","1709630301","2024-03-05T09:18:21+00:00","false","False","","true","false","false","false","I say this a lot around Reddit, but it's true: I tried 40+ notetaking apps (https://www.reddit.com/r/macapps/comments/ohv1lq/tryingtofindacrossbetweenbearandevernote/). My winner was UpNote (https://getupnote.com). Some of its unique and/or necessary (for me) features: - Formatting is easier in UpNote than in literally any other app — not just notetaking apps, but literally any other app. e.g., UpNote has keyboard shortcuts for everything, including text & highlight colors (You can even text-color hyperlinks) - In UpNote, you can mix collapsibles and quotes and bullets and tables, ordered lists, checkboxes and headers in just about any combination — you can have a bullet list inside a cell, inside a table, inside a quote, inside a collapsible, and have each of those a different color - UpNote is unique among note and document apps in that you can indent as many times as you like on any line (not just one indent per bullet/number) - In UpNote, if you're not in a list, TAB = TAB, not TAB = indent — i.e., you can make gaps in your text - \#Tags and nesting Notebooks - Workspaces - Offline access - Customization (e.g., sort each notebook and tag separately) - And page publishing — here's an example of one of my main UpNote use cases (https://getupnote.com/share/notes/y4NYv23IvoNYGb1UAPy1OjwRXoy1/165656b9-3454-4606-93ba-fb131b8239d2) — half the formatting on this page is either impossible in other apps or requires 3-5 more steps to accomplish - Among many other features - Also: $30 lifetime license at the moment. Having said that, I do wish UpNote had... - Collaboration (hopefully coming soon, now that it has workspaces) - Page-bottom backlinks - Tabbed browsing","I say this a lot around Reddit, but it's true: I tried 40+ notetaking apps (https://www.reddit.com/r/macapps/comments/ohv1lq/tryingtofindacrossbetweenbearandevernote/). My winner was UpNote (https://getupnote.com). Some of its unique and/or necessary (for me) features: - Formatt…","1685","266","","","https://www.reddit.com/r/macapps/comments/ohv1lq/tryingtofindacrossbetweenbearandevernote/ | https://getupnote.com | https://getupnote.com/share/notes/y4NYv23IvoNYGb1UAPy1OjwRXoy1/165656b9-3454-4606-93ba-fb131b8239d2","false","false","app","time","color | notes | custom","long_form_comment | mentions_feature_or_solution | mentions_pain_or_friction | mentions_planner_or_system","54","[THREAD_TITLE]
Settling on a PKM... for the ADHD-riddled student who is currently trying 7 PKMs at once.

[THREAD_BODY]
Hey everyone :) I have been heavy in the productivity space for years, and have tried pretty much every tool in the book, from to-do lists, calendar apps, PKMs, all-in-ones... I can't think of any I haven't tried (except the ones where I'm still on the waitlist, such as Lazy.so). I have slowly settled on calendar/gtd tools, with Things 3 and Fantastical being long-time favorites. But, PKM tools are another story... I have struggled over the last year to settle on a single PKM tool as a second brain. Notion: didn't like how slow it felt, and it honestly felt like I spent 90% of my time ""optimizing"" the experience, just or me to barely use it. Evernote: seems nice but also outdated, and I'm afraid to pay the $130 for a (supposedly?) dying software with a diminishing community. Obsidian: honestly still optimizing, and don't feel like it fits the ""quick capture"" functionality I look for. Apple Notes: perfect for a quick capture, but not enough functionality for me at the moment... you all get the point. So, what do you all use, and why have you settled on that tool? And, what recommendations do you have for my needs? I want an app that is primarily for knowledge management, has a quick/easy way to capture thoughts on the go, local notes that I can use offline, and I'm not sure if visual aids are necessarily my thing yet. I also am not necessarily in need for study aids, as I am an Anki power-user. Finally, I am also not afraid to pay a pretty penny to ensure I can leave this whole ""quest for management"" behind. Thanks, excited to hear what you all have to say :)

[CURRENT_RECORD]
I say this a lot around Reddit, but it's true: I tried 40+ notetaking apps (https://www.reddit.com/r/macapps/comments/ohv1lq/tryingtofindacrossbetweenbearandevernote/). My winner was UpNote (https://getupnote.com). Some of its unique and/or necessary (for me) features: - Formatting is easier in UpNote than in literally any other app — not just notetaking apps, but literally any other app. e.g., UpNote has keyboard shortcuts for everything, including text & highlight colors (You can even text-color hyperlinks) - In UpNote, you can mix collapsibles and quotes and bullets and tables, ordered lists, checkboxes and headers in just about any combination — you can have a bullet list inside a cell, inside a table, inside a quote, inside a collapsible, and have each of those a different color - UpNote is unique among note and document apps in that you can indent as many times as you like on any line (not just one indent per bullet/number) - In UpNote, if you're not in a list, TAB = TAB, not TAB = indent — i.e., you can make gaps in your text - \#Tags and nesting Notebooks - Workspaces - Offline access - Customization (e.g., sort each notebook and tag separately) - And page publishing — here's an example of one of my main UpNote use cases (https://getupnote.com/share/notes/y4NYv23IvoNYGb1UAPy1OjwRXoy1/165656b9-3454-4606-93ba-fb131b8239d2) — half the formatting on this page is either impossible in other apps or requires 3-5 more steps to accomplish - Among many other features - Also: $30 lifetime license at the moment. Having said that, I do wish UpNote had... - Collaboration (hopefully coming soon, now that it has workspaces) - Page-bottom backlinks - Tabbed browsing"
"C:\Projects\Web\planner-tdah\research\reddit_data\reddit-PKMS-settling_on_a_pkm_for_the_adhdriddled_student_who.json","reddit-PKMS-settling_on_a_pkm_for_the_adhdriddled_student_who","1b5yqzm","t3_1b5yqzm","https://www.reddit.com/r/PKMS/comments/1b5yqzm/settling_on_a_pkm_for_the_adhdriddled_student_who/","PKMS","r/PKMS","Settling on a PKM... for the ADHD-riddled student who is currently trying 7 PKMs at once.","Hey everyone :) I have been heavy in the productivity space for years, and have tried pretty much every tool in the book, from to-do lists, calendar apps, PKMs, all-in-ones... I can't think of any I haven't tried (except the ones where I'm still on the waitlist, such as Lazy.so). I have slowly settled on calendar/gtd tools, with Things 3 and Fantastical being long-time favorites. But, PKM tools are another story... I have struggled over the last year to settle on a single PKM tool as a second brain. Notion: didn't like how slow it felt, and it honestly felt like I spent 90% of my time ""optimizing"" the experience, just or me to barely use it. Evernote: seems nice but also outdated, and I'm afraid to pay the $130 for a (supposedly?) dying software with a diminishing community. Obsidian: honestly still optimizing, and don't feel like it fits the ""quick capture"" functionality I look for. Apple Notes: perfect for a quick capture, but not enough functionality for me at the moment... you all get the point. So, what do you all use, and why have you settled on that tool? And, what recommendations do you have for my needs? I want an app that is primarily for knowledge management, has a quick/easy way to capture thoughts on the go, local notes that I can use offline, and I'm not sure if visual aids are necessarily my thing yet. I also am not necessarily in need for study aids, as I am an Anki power-user. Finally, I am also not afraid to pay a pretty penny to ensure I can leave this whole ""quest for management"" behind. Thanks, excited to hear what you all have to say :)","Discussion","1709517152","2024-03-04T01:52:32+00:00","37","37","0.96","59","4e357a1493fe14bb","","reddit-PKMS-settling_on_a_pkm_for_the_adhdriddled_student_who:comment:l2642jo","comment","l2642jo","t1_l2642jo","https://www.reddit.com/r/PKMS/comments/1b5yqzm/settling_on_a_pkm_for_the_adhdriddled_student_who/l2642jo/","/r/PKMS/comments/1b5yqzm/settling_on_a_pkm_for_the_adhdriddled_student_who/l2642jo/","t1_ktffv5m","comment","ktffv5m","ktffv5m","1","false","ktffv5m > l2642jo","405a0e1697a0ca79","","","false","false","","1","1","0","0","1","1714606845","2024-05-01T23:40:45+00:00","false","False","","false","false","false","false","It's frustrating that they're stubborn about having a web version","It's frustrating that they're stubborn about having a web version","65","10","I say this a lot around Reddit, but it's true: I tried 40+ notetaking apps (https://www.reddit.com/r/macapps/comments/ohv1lq/tryingtofindacrossbetweenbearandevernote/). My winner was UpNote (https://getupnote.com). Some of its unique and/or necessary (for me) features: - Formatting is easier in UpNote than in literally any other app — not just notetaking apps, but literally any other app. e.g., UpNote has keyboard shortcuts for everything, including text & highlight colors (You can even text-color hyperlinks) - In UpNote, you can mix collapsibles and quotes and bullets and tables, ordered lists, checkboxes and headers in just about any combination — you can have a bullet list inside a cell,…","I say this a lot around Reddit, but it's true: I tried 40+ notetaking apps (https://www.reddit.com/r/macapps/comments/ohv1lq/tryingtofindacrossbetweenbearandevernote/). My winner was UpNote (https://getupnote.com). Some of its unique and/or necessary (for me) features: - Formatting is easier in UpNote than in literally any other app — not just notetaking apps, but literally any other app. e.g., UpNote has keyboard shortcuts for everything, including text & highlight colors (You can even text-color hyperlinks) - In UpNote, you can mix collapsibles and quotes and bullets and tables, ordered lists, checkboxes and headers in just about any combination — you can have a bullet list inside a cell,…","","false","false","","frustrating","","mentions_pain_or_friction","8","[THREAD_TITLE]
Settling on a PKM... for the ADHD-riddled student who is currently trying 7 PKMs at once.

[THREAD_BODY]
Hey everyone :) I have been heavy in the productivity space for years, and have tried pretty much every tool in the book, from to-do lists, calendar apps, PKMs, all-in-ones... I can't think of any I haven't tried (except the ones where I'm still on the waitlist, such as Lazy.so). I have slowly settled on calendar/gtd tools, with Things 3 and Fantastical being long-time favorites. But, PKM tools are another story... I have struggled over the last year to settle on a single PKM tool as a second brain. Notion: didn't like how slow it felt, and it honestly felt like I spent 90% of my time ""optimizing"" the experience, just or me to barely use it. Evernote: seems nice but also outdated, and I'm afraid to pay the $130 for a (supposedly?) dying software with a diminishing community. Obsidian: honestly still optimizing, and don't feel like it fits the ""quick capture"" functionality I look for. Apple Notes: perfect for a quick capture, but not enough functionality for me at the moment... you all get the point. So, what do you all use, and why have you settled on that tool? And, what recommendations do you have for my needs? I want an app that is primarily for knowledge management, has a quick/easy way to capture thoughts on the go, local notes that I can use offline, and I'm not sure if visual aids are necessarily my thing yet. I also am not necessarily in need for study aids, as I am an Anki power-user. Finally, I am also not afraid to pay a pretty penny to ensure I can leave this whole ""quest for management"" behind. Thanks, excited to hear what you all have to say :)

[PARENT_COMMENT_CONTEXT]
I say this a lot around Reddit, but it's true: I tried 40+ notetaking apps (https://www.reddit.com/r/macapps/comments/ohv1lq/tryingtofindacrossbetweenbearandevernote/). My winner was UpNote (https://getupnote.com). Some of its unique and/or necessary (for me) features: - Formatting is easier in UpNote than in literally any other app — not just notetaking apps, but literally any other app. e.g., UpNote has keyboard shortcuts for everything, including text & highlight colors (You can even text-color hyperlinks) - In UpNote, you can mix collapsibles and quotes and bullets and tables, ordered lists, checkboxes and headers in just about any combination — you can have a bullet list inside a cell,…

[CURRENT_RECORD]
It's frustrating that they're stubborn about having a web version"
"C:\Projects\Web\planner-tdah\research\reddit_data\reddit-PKMS-settling_on_a_pkm_for_the_adhdriddled_student_who.json","reddit-PKMS-settling_on_a_pkm_for_the_adhdriddled_student_who","1b5yqzm","t3_1b5yqzm","https://www.reddit.com/r/PKMS/comments/1b5yqzm/settling_on_a_pkm_for_the_adhdriddled_student_who/","PKMS","r/PKMS","Settling on a PKM... for the ADHD-riddled student who is currently trying 7 PKMs at once.","Hey everyone :) I have been heavy in the productivity space for years, and have tried pretty much every tool in the book, from to-do lists, calendar apps, PKMs, all-in-ones... I can't think of any I haven't tried (except the ones where I'm still on the waitlist, such as Lazy.so). I have slowly settled on calendar/gtd tools, with Things 3 and Fantastical being long-time favorites. But, PKM tools are another story... I have struggled over the last year to settle on a single PKM tool as a second brain. Notion: didn't like how slow it felt, and it honestly felt like I spent 90% of my time ""optimizing"" the experience, just or me to barely use it. Evernote: seems nice but also outdated, and I'm afraid to pay the $130 for a (supposedly?) dying software with a diminishing community. Obsidian: honestly still optimizing, and don't feel like it fits the ""quick capture"" functionality I look for. Apple Notes: perfect for a quick capture, but not enough functionality for me at the moment... you all get the point. So, what do you all use, and why have you settled on that tool? And, what recommendations do you have for my needs? I want an app that is primarily for knowledge management, has a quick/easy way to capture thoughts on the go, local notes that I can use offline, and I'm not sure if visual aids are necessarily my thing yet. I also am not necessarily in need for study aids, as I am an Anki power-user. Finally, I am also not afraid to pay a pretty penny to ensure I can leave this whole ""quest for management"" behind. Thanks, excited to hear what you all have to say :)","Discussion","1709517152","2024-03-04T01:52:32+00:00","37","37","0.96","59","4e357a1493fe14bb","","reddit-PKMS-settling_on_a_pkm_for_the_adhdriddled_student_who:comment:l27artp","comment","l27artp","t1_l27artp","https://www.reddit.com/r/PKMS/comments/1b5yqzm/settling_on_a_pkm_for_the_adhdriddled_student_who/l27artp/","/r/PKMS/comments/1b5yqzm/settling_on_a_pkm_for_the_adhdriddled_student_who/l27artp/","t1_l2642jo","comment","l2642jo","ktffv5m","2","false","ktffv5m > l2642jo > l27artp","8d67e12b796e5d89","","","false","false","","1","1","0","0","1","1714625439","2024-05-02T04:50:39+00:00","false","False","","true","false","false","false","Probably easier said than done, or easier said than maintained, or easier said than afforded. :)","Probably easier said than done, or easier said than maintained, or easier said than afforded. :)","96","16","It's frustrating that they're stubborn about having a web version","I say this a lot around Reddit, but it's true: I tried 40+ notetaking apps (https://www.reddit.com/r/macapps/comments/ohv1lq/tryingtofindacrossbetweenbearandevernote/). My winner was UpNote (https://getupnote.com). Some of its unique and/or necessary (for me) features: - Formatting is easier in UpNote than in literally any other app — not just notetaking apps, but literally any other app. e.g., UpNote has keyboard shortcuts for everything, including text & highlight colors (You can even text-color hyperlinks) - In UpNote, you can mix collapsibles and quotes and bullets and tables, ordered lists, checkboxes and headers in just about any combination — you can have a bullet list inside a cell,…","","false","false","","","","","3","[THREAD_TITLE]
Settling on a PKM... for the ADHD-riddled student who is currently trying 7 PKMs at once.

[THREAD_BODY]
Hey everyone :) I have been heavy in the productivity space for years, and have tried pretty much every tool in the book, from to-do lists, calendar apps, PKMs, all-in-ones... I can't think of any I haven't tried (except the ones where I'm still on the waitlist, such as Lazy.so). I have slowly settled on calendar/gtd tools, with Things 3 and Fantastical being long-time favorites. But, PKM tools are another story... I have struggled over the last year to settle on a single PKM tool as a second brain. Notion: didn't like how slow it felt, and it honestly felt like I spent 90% of my time ""optimizing"" the experience, just or me to barely use it. Evernote: seems nice but also outdated, and I'm afraid to pay the $130 for a (supposedly?) dying software with a diminishing community. Obsidian: honestly still optimizing, and don't feel like it fits the ""quick capture"" functionality I look for. Apple Notes: perfect for a quick capture, but not enough functionality for me at the moment... you all get the point. So, what do you all use, and why have you settled on that tool? And, what recommendations do you have for my needs? I want an app that is primarily for knowledge management, has a quick/easy way to capture thoughts on the go, local notes that I can use offline, and I'm not sure if visual aids are necessarily my thing yet. I also am not necessarily in need for study aids, as I am an Anki power-user. Finally, I am also not afraid to pay a pretty penny to ensure I can leave this whole ""quest for management"" behind. Thanks, excited to hear what you all have to say :)

[ROOT_COMMENT_CONTEXT]
I say this a lot around Reddit, but it's true: I tried 40+ notetaking apps (https://www.reddit.com/r/macapps/comments/ohv1lq/tryingtofindacrossbetweenbearandevernote/). My winner was UpNote (https://getupnote.com). Some of its unique and/or necessary (for me) features: - Formatting is easier in UpNote than in literally any other app — not just notetaking apps, but literally any other app. e.g., UpNote has keyboard shortcuts for everything, including text & highlight colors (You can even text-color hyperlinks) - In UpNote, you can mix collapsibles and quotes and bullets and tables, ordered lists, checkboxes and headers in just about any combination — you can have a bullet list inside a cell,…

[PARENT_COMMENT_CONTEXT]
It's frustrating that they're stubborn about having a web version

[CURRENT_RECORD]
Probably easier said than done, or easier said than maintained, or easier said than afforded. :)"
"C:\Projects\Web\planner-tdah\research\reddit_data\reddit-PKMS-settling_on_a_pkm_for_the_adhdriddled_student_who.json","reddit-PKMS-settling_on_a_pkm_for_the_adhdriddled_student_who","1b5yqzm","t3_1b5yqzm","https://www.reddit.com/r/PKMS/comments/1b5yqzm/settling_on_a_pkm_for_the_adhdriddled_student_who/","PKMS","r/PKMS","Settling on a PKM... for the ADHD-riddled student who is currently trying 7 PKMs at once.","Hey everyone :) I have been heavy in the productivity space for years, and have tried pretty much every tool in the book, from to-do lists, calendar apps, PKMs, all-in-ones... I can't think of any I haven't tried (except the ones where I'm still on the waitlist, such as Lazy.so). I have slowly settled on calendar/gtd tools, with Things 3 and Fantastical being long-time favorites. But, PKM tools are another story... I have struggled over the last year to settle on a single PKM tool as a second brain. Notion: didn't like how slow it felt, and it honestly felt like I spent 90% of my time ""optimizing"" the experience, just or me to barely use it. Evernote: seems nice but also outdated, and I'm afraid to pay the $130 for a (supposedly?) dying software with a diminishing community. Obsidian: honestly still optimizing, and don't feel like it fits the ""quick capture"" functionality I look for. Apple Notes: perfect for a quick capture, but not enough functionality for me at the moment... you all get the point. So, what do you all use, and why have you settled on that tool? And, what recommendations do you have for my needs? I want an app that is primarily for knowledge management, has a quick/easy way to capture thoughts on the go, local notes that I can use offline, and I'm not sure if visual aids are necessarily my thing yet. I also am not necessarily in need for study aids, as I am an Anki power-user. Finally, I am also not afraid to pay a pretty penny to ensure I can leave this whole ""quest for management"" behind. Thanks, excited to hear what you all have to say :)","Discussion","1709517152","2024-03-04T01:52:32+00:00","37","37","0.96","59","4e357a1493fe14bb","","reddit-PKMS-settling_on_a_pkm_for_the_adhdriddled_student_who:comment:l27i6rk","comment","l27i6rk","t1_l27i6rk","https://www.reddit.com/r/PKMS/comments/1b5yqzm/settling_on_a_pkm_for_the_adhdriddled_student_who/l27i6rk/","/r/PKMS/comments/1b5yqzm/settling_on_a_pkm_for_the_adhdriddled_student_who/l27i6rk/","t1_l27artp","comment","l27artp","ktffv5m","3","false","ktffv5m > l2642jo > l27artp > l27i6rk","405a0e1697a0ca79","","","false","false","","1","1","0","0","1","1714629990","2024-05-02T06:06:30+00:00","false","False","","false","false","false","false","It's one of the most common requests in their sub: https://www.reddit.com/r/UpNoteApp/comments/sj1fjk/arethereanyplansonbuildingawebversionof/","It's one of the most common requests in their sub: https://www.reddit.com/r/UpNoteApp/comments/sj1fjk/arethereanyplansonbuildingawebversionof/","142","11","Probably easier said than done, or easier said than maintained, or easier said than afforded. :)","I say this a lot around Reddit, but it's true: I tried 40+ notetaking apps (https://www.reddit.com/r/macapps/comments/ohv1lq/tryingtofindacrossbetweenbearandevernote/). My winner was UpNote (https://getupnote.com). Some of its unique and/or necessary (for me) features: - Formatting is easier in UpNote than in literally any other app — not just notetaking apps, but literally any other app. e.g., UpNote has keyboard shortcuts for everything, including text & highlight colors (You can even text-color hyperlinks) - In UpNote, you can mix collapsibles and quotes and bullets and tables, ordered lists, checkboxes and headers in just about any combination — you can have a bullet list inside a cell,…","https://www.reddit.com/r/UpNoteApp/comments/sj1fjk/arethereanyplansonbuildingawebversionof/","false","false","plan | app","","","mentions_planner_or_system","11","[THREAD_TITLE]
Settling on a PKM... for the ADHD-riddled student who is currently trying 7 PKMs at once.

[THREAD_BODY]
Hey everyone :) I have been heavy in the productivity space for years, and have tried pretty much every tool in the book, from to-do lists, calendar apps, PKMs, all-in-ones... I can't think of any I haven't tried (except the ones where I'm still on the waitlist, such as Lazy.so). I have slowly settled on calendar/gtd tools, with Things 3 and Fantastical being long-time favorites. But, PKM tools are another story... I have struggled over the last year to settle on a single PKM tool as a second brain. Notion: didn't like how slow it felt, and it honestly felt like I spent 90% of my time ""optimizing"" the experience, just or me to barely use it. Evernote: seems nice but also outdated, and I'm afraid to pay the $130 for a (supposedly?) dying software with a diminishing community. Obsidian: honestly still optimizing, and don't feel like it fits the ""quick capture"" functionality I look for. Apple Notes: perfect for a quick capture, but not enough functionality for me at the moment... you all get the point. So, what do you all use, and why have you settled on that tool? And, what recommendations do you have for my needs? I want an app that is primarily for knowledge management, has a quick/easy way to capture thoughts on the go, local notes that I can use offline, and I'm not sure if visual aids are necessarily my thing yet. I also am not necessarily in need for study aids, as I am an Anki power-user. Finally, I am also not afraid to pay a pretty penny to ensure I can leave this whole ""quest for management"" behind. Thanks, excited to hear what you all have to say :)

[ROOT_COMMENT_CONTEXT]
I say this a lot around Reddit, but it's true: I tried 40+ notetaking apps (https://www.reddit.com/r/macapps/comments/ohv1lq/tryingtofindacrossbetweenbearandevernote/). My winner was UpNote (https://getupnote.com). Some of its unique and/or necessary (for me) features: - Formatting is easier in UpNote than in literally any other app — not just notetaking apps, but literally any other app. e.g., UpNote has keyboard shortcuts for everything, including text & highlight colors (You can even text-color hyperlinks) - In UpNote, you can mix collapsibles and quotes and bullets and tables, ordered lists, checkboxes and headers in just about any combination — you can have a bullet list inside a cell,…

[PARENT_COMMENT_CONTEXT]
Probably easier said than done, or easier said than maintained, or easier said than afforded. :)

[CURRENT_RECORD]
It's one of the most common requests in their sub: https://www.reddit.com/r/UpNoteApp/comments/sj1fjk/arethereanyplansonbuildingawebversionof/"
"C:\Projects\Web\planner-tdah\research\reddit_data\reddit-PKMS-settling_on_a_pkm_for_the_adhdriddled_student_who.json","reddit-PKMS-settling_on_a_pkm_for_the_adhdriddled_student_who","1b5yqzm","t3_1b5yqzm","https://www.reddit.com/r/PKMS/comments/1b5yqzm/settling_on_a_pkm_for_the_adhdriddled_student_who/","PKMS","r/PKMS","Settling on a PKM... for the ADHD-riddled student who is currently trying 7 PKMs at once.","Hey everyone :) I have been heavy in the productivity space for years, and have tried pretty much every tool in the book, from to-do lists, calendar apps, PKMs, all-in-ones... I can't think of any I haven't tried (except the ones where I'm still on the waitlist, such as Lazy.so). I have slowly settled on calendar/gtd tools, with Things 3 and Fantastical being long-time favorites. But, PKM tools are another story... I have struggled over the last year to settle on a single PKM tool as a second brain. Notion: didn't like how slow it felt, and it honestly felt like I spent 90% of my time ""optimizing"" the experience, just or me to barely use it. Evernote: seems nice but also outdated, and I'm afraid to pay the $130 for a (supposedly?) dying software with a diminishing community. Obsidian: honestly still optimizing, and don't feel like it fits the ""quick capture"" functionality I look for. Apple Notes: perfect for a quick capture, but not enough functionality for me at the moment... you all get the point. So, what do you all use, and why have you settled on that tool? And, what recommendations do you have for my needs? I want an app that is primarily for knowledge management, has a quick/easy way to capture thoughts on the go, local notes that I can use offline, and I'm not sure if visual aids are necessarily my thing yet. I also am not necessarily in need for study aids, as I am an Anki power-user. Finally, I am also not afraid to pay a pretty penny to ensure I can leave this whole ""quest for management"" behind. Thanks, excited to hear what you all have to say :)","Discussion","1709517152","2024-03-04T01:52:32+00:00","37","37","0.96","59","4e357a1493fe14bb","","reddit-PKMS-settling_on_a_pkm_for_the_adhdriddled_student_who:comment:l27j4j1","comment","l27j4j1","t1_l27j4j1","https://www.reddit.com/r/PKMS/comments/1b5yqzm/settling_on_a_pkm_for_the_adhdriddled_student_who/l27j4j1/","/r/PKMS/comments/1b5yqzm/settling_on_a_pkm_for_the_adhdriddled_student_who/l27j4j1/","t1_l27i6rk","comment","l27i6rk","ktffv5m","4","false","ktffv5m > l2642jo > l27artp > l27i6rk > l27j4j1","8d67e12b796e5d89","","","false","false","","1","1","0","0","0","1714630619","2024-05-02T06:16:59+00:00","false","False","","true","false","false","false","Oh, I know. I'm in there all the time. I'm just saying there's probably a reason for they're not doing it. I do wish UpNote was more forthcoming about their roadmap, but it's pretty clear they have an agenda they're working through. The addition of Workspaces a couple months ago wasn't entirely unexpected, but it was a wonderful surprise since they don't like to share much in advance. I expect webapp is on their roadmap somewhere. It would be nice to know where, but it doesn't seem like that's in the cards. Although they have privately confirmed a couple things they're working on — but nothing more specific than that. It wouldn't hurt to email and ask nicely about if/when for a webapp.","Oh, I know. I'm in there all the time. I'm just saying there's probably a reason for they're not doing it. I do wish UpNote was more forthcoming about their roadmap, but it's pretty clear they have an agenda they're working through. The addition of Workspaces a couple months ago…","694","123","It's one of the most common requests in their sub: https://www.reddit.com/r/UpNoteApp/comments/sj1fjk/arethereanyplansonbuildingawebversionof/","I say this a lot around Reddit, but it's true: I tried 40+ notetaking apps (https://www.reddit.com/r/macapps/comments/ohv1lq/tryingtofindacrossbetweenbearandevernote/). My winner was UpNote (https://getupnote.com). Some of its unique and/or necessary (for me) features: - Formatting is easier in UpNote than in literally any other app — not just notetaking apps, but literally any other app. e.g., UpNote has keyboard shortcuts for everything, including text & highlight colors (You can even text-color hyperlinks) - In UpNote, you can mix collapsibles and quotes and bullets and tables, ordered lists, checkboxes and headers in just about any combination — you can have a bullet list inside a cell,…","","false","false","agenda | app","time","","forgetfulness_or_time_signal | long_form_comment | mentions_pain_or_friction | mentions_planner_or_system","41","[THREAD_TITLE]
Settling on a PKM... for the ADHD-riddled student who is currently trying 7 PKMs at once.

[THREAD_BODY]
Hey everyone :) I have been heavy in the productivity space for years, and have tried pretty much every tool in the book, from to-do lists, calendar apps, PKMs, all-in-ones... I can't think of any I haven't tried (except the ones where I'm still on the waitlist, such as Lazy.so). I have slowly settled on calendar/gtd tools, with Things 3 and Fantastical being long-time favorites. But, PKM tools are another story... I have struggled over the last year to settle on a single PKM tool as a second brain. Notion: didn't like how slow it felt, and it honestly felt like I spent 90% of my time ""optimizing"" the experience, just or me to barely use it. Evernote: seems nice but also outdated, and I'm afraid to pay the $130 for a (supposedly?) dying software with a diminishing community. Obsidian: honestly still optimizing, and don't feel like it fits the ""quick capture"" functionality I look for. Apple Notes: perfect for a quick capture, but not enough functionality for me at the moment... you all get the point. So, what do you all use, and why have you settled on that tool? And, what recommendations do you have for my needs? I want an app that is primarily for knowledge management, has a quick/easy way to capture thoughts on the go, local notes that I can use offline, and I'm not sure if visual aids are necessarily my thing yet. I also am not necessarily in need for study aids, as I am an Anki power-user. Finally, I am also not afraid to pay a pretty penny to ensure I can leave this whole ""quest for management"" behind. Thanks, excited to hear what you all have to say :)

[ROOT_COMMENT_CONTEXT]
I say this a lot around Reddit, but it's true: I tried 40+ notetaking apps (https://www.reddit.com/r/macapps/comments/ohv1lq/tryingtofindacrossbetweenbearandevernote/). My winner was UpNote (https://getupnote.com). Some of its unique and/or necessary (for me) features: - Formatting is easier in UpNote than in literally any other app — not just notetaking apps, but literally any other app. e.g., UpNote has keyboard shortcuts for everything, including text & highlight colors (You can even text-color hyperlinks) - In UpNote, you can mix collapsibles and quotes and bullets and tables, ordered lists, checkboxes and headers in just about any combination — you can have a bullet list inside a cell,…

[PARENT_COMMENT_CONTEXT]
It's one of the most common requests in their sub: https://www.reddit.com/r/UpNoteApp/comments/sj1fjk/arethereanyplansonbuildingawebversionof/

[CURRENT_RECORD]
Oh, I know. I'm in there all the time. I'm just saying there's probably a reason for they're not doing it. I do wish UpNote was more forthcoming about their roadmap, but it's pretty clear they have an agenda they're working through. The addition of Workspaces a couple months ago wasn't entirely unexpected, but it was a wonderful surprise since they don't like to share much in advance. I expect webapp is on their roadmap somewhere. It would be nice to know where, but it doesn't seem like that's in the cards. Although they have privately confirmed a couple things they're working on — but nothing more specific than that. It wouldn't hurt to email and ask nicely about if/when for a webapp."
"C:\Projects\Web\planner-tdah\research\reddit_data\reddit-PKMS-settling_on_a_pkm_for_the_adhdriddled_student_who.json","reddit-PKMS-settling_on_a_pkm_for_the_adhdriddled_student_who","1b5yqzm","t3_1b5yqzm","https://www.reddit.com/r/PKMS/comments/1b5yqzm/settling_on_a_pkm_for_the_adhdriddled_student_who/","PKMS","r/PKMS","Settling on a PKM... for the ADHD-riddled student who is currently trying 7 PKMs at once.","Hey everyone :) I have been heavy in the productivity space for years, and have tried pretty much every tool in the book, from to-do lists, calendar apps, PKMs, all-in-ones... I can't think of any I haven't tried (except the ones where I'm still on the waitlist, such as Lazy.so). I have slowly settled on calendar/gtd tools, with Things 3 and Fantastical being long-time favorites. But, PKM tools are another story... I have struggled over the last year to settle on a single PKM tool as a second brain. Notion: didn't like how slow it felt, and it honestly felt like I spent 90% of my time ""optimizing"" the experience, just or me to barely use it. Evernote: seems nice but also outdated, and I'm afraid to pay the $130 for a (supposedly?) dying software with a diminishing community. Obsidian: honestly still optimizing, and don't feel like it fits the ""quick capture"" functionality I look for. Apple Notes: perfect for a quick capture, but not enough functionality for me at the moment... you all get the point. So, what do you all use, and why have you settled on that tool? And, what recommendations do you have for my needs? I want an app that is primarily for knowledge management, has a quick/easy way to capture thoughts on the go, local notes that I can use offline, and I'm not sure if visual aids are necessarily my thing yet. I also am not necessarily in need for study aids, as I am an Anki power-user. Finally, I am also not afraid to pay a pretty penny to ensure I can leave this whole ""quest for management"" behind. Thanks, excited to hear what you all have to say :)","Discussion","1709517152","2024-03-04T01:52:32+00:00","37","37","0.96","59","4e357a1493fe14bb","","reddit-PKMS-settling_on_a_pkm_for_the_adhdriddled_student_who:comment:ktlhmys","comment","ktlhmys","t1_ktlhmys","https://www.reddit.com/r/PKMS/comments/1b5yqzm/settling_on_a_pkm_for_the_adhdriddled_student_who/ktlhmys/","/r/PKMS/comments/1b5yqzm/settling_on_a_pkm_for_the_adhdriddled_student_who/ktlhmys/","t3_1b5yqzm","post","","ktlhmys","0","true","ktlhmys","c4bdf996d6a94fba","","","false","false","","1","1","0","0","0","1709726162","2024-03-06T11:56:02+00:00","false","False","","false","false","false","false","Fellow ADHD here. I was also on the quest to find the One PKM tool that would solve all my problems. But unless you learn how to build your own app, it's an impossible dream. There are three types of apps. Long form like obsidian where each note is the most atomic form of information. Outliners like logseq, tana and remnote where each line is the most atomic form of information. and Object based like capacities and anytype, where each note has a type (person, project, journal). You could use obsidian as an outliner, logseq's notes as objects with properties, etc. But they aren't built specifically with that functionality on mind. Logseq's outline features are way better than obsidian's and Obsidian is a much better Longform writing platform than logseq. So yeah, first decide which type of PKM you want to build then choose the app that best works for you. I decided on outliner because I prefer writing any random thought with a tag wherever I want and then being able to reference that line when I need it. Plus logseq and remnote have better highlighting PDF tools than all the other I've tried. Remnote even has its own web reader. As for which tool, I stuck with remote because the mobile app simply works. Logseq's android app lacks plugins and tana doesn't even have one yet. Remnote focuses on PKM with spaced repetition. You could replace Anki with remnote too, but frankly I don't it use that functionality much.","Fellow ADHD here. I was also on the quest to find the One PKM tool that would solve all my problems. But unless you learn how to build your own app, it's an impossible dream. There are three types of apps. Long form like obsidian where each note is the most atomic form of inform…","1432","251","","","","false","false","journal | app","adhd","notes","long_form_comment | mentions_feature_or_solution | mentions_pain_or_friction | mentions_planner_or_system","47","[THREAD_TITLE]
Settling on a PKM... for the ADHD-riddled student who is currently trying 7 PKMs at once.

[THREAD_BODY]
Hey everyone :) I have been heavy in the productivity space for years, and have tried pretty much every tool in the book, from to-do lists, calendar apps, PKMs, all-in-ones... I can't think of any I haven't tried (except the ones where I'm still on the waitlist, such as Lazy.so). I have slowly settled on calendar/gtd tools, with Things 3 and Fantastical being long-time favorites. But, PKM tools are another story... I have struggled over the last year to settle on a single PKM tool as a second brain. Notion: didn't like how slow it felt, and it honestly felt like I spent 90% of my time ""optimizing"" the experience, just or me to barely use it. Evernote: seems nice but also outdated, and I'm afraid to pay the $130 for a (supposedly?) dying software with a diminishing community. Obsidian: honestly still optimizing, and don't feel like it fits the ""quick capture"" functionality I look for. Apple Notes: perfect for a quick capture, but not enough functionality for me at the moment... you all get the point. So, what do you all use, and why have you settled on that tool? And, what recommendations do you have for my needs? I want an app that is primarily for knowledge management, has a quick/easy way to capture thoughts on the go, local notes that I can use offline, and I'm not sure if visual aids are necessarily my thing yet. I also am not necessarily in need for study aids, as I am an Anki power-user. Finally, I am also not afraid to pay a pretty penny to ensure I can leave this whole ""quest for management"" behind. Thanks, excited to hear what you all have to say :)

[CURRENT_RECORD]
Fellow ADHD here. I was also on the quest to find the One PKM tool that would solve all my problems. But unless you learn how to build your own app, it's an impossible dream. There are three types of apps. Long form like obsidian where each note is the most atomic form of information. Outliners like logseq, tana and remnote where each line is the most atomic form of information. and Object based like capacities and anytype, where each note has a type (person, project, journal). You could use obsidian as an outliner, logseq's notes as objects with properties, etc. But they aren't built specifically with that functionality on mind. Logseq's outline features are way better than obsidian's and Obsidian is a much better Longform writing platform than logseq. So yeah, first decide which type of PKM you want to build then choose the app that best works for you. I decided on outliner because I prefer writing any random thought with a tag wherever I want and then being able to reference that line when I need it. Plus logseq and remnote have better highlighting PDF tools than all the other I've tried. Remnote even has its own web reader. As for which tool, I stuck with remote because the mobile app simply works. Logseq's android app lacks plugins and tana doesn't even have one yet. Remnote focuses on PKM with spaced repetition. You could replace Anki with remnote too, but frankly I don't it use that functionality much."
"C:\Projects\Web\planner-tdah\research\reddit_data\reddit-PKMS-settling_on_a_pkm_for_the_adhdriddled_student_who.json","reddit-PKMS-settling_on_a_pkm_for_the_adhdriddled_student_who","1b5yqzm","t3_1b5yqzm","https://www.reddit.com/r/PKMS/comments/1b5yqzm/settling_on_a_pkm_for_the_adhdriddled_student_who/","PKMS","r/PKMS","Settling on a PKM... for the ADHD-riddled student who is currently trying 7 PKMs at once.","Hey everyone :) I have been heavy in the productivity space for years, and have tried pretty much every tool in the book, from to-do lists, calendar apps, PKMs, all-in-ones... I can't think of any I haven't tried (except the ones where I'm still on the waitlist, such as Lazy.so). I have slowly settled on calendar/gtd tools, with Things 3 and Fantastical being long-time favorites. But, PKM tools are another story... I have struggled over the last year to settle on a single PKM tool as a second brain. Notion: didn't like how slow it felt, and it honestly felt like I spent 90% of my time ""optimizing"" the experience, just or me to barely use it. Evernote: seems nice but also outdated, and I'm afraid to pay the $130 for a (supposedly?) dying software with a diminishing community. Obsidian: honestly still optimizing, and don't feel like it fits the ""quick capture"" functionality I look for. Apple Notes: perfect for a quick capture, but not enough functionality for me at the moment... you all get the point. So, what do you all use, and why have you settled on that tool? And, what recommendations do you have for my needs? I want an app that is primarily for knowledge management, has a quick/easy way to capture thoughts on the go, local notes that I can use offline, and I'm not sure if visual aids are necessarily my thing yet. I also am not necessarily in need for study aids, as I am an Anki power-user. Finally, I am also not afraid to pay a pretty penny to ensure I can leave this whole ""quest for management"" behind. Thanks, excited to hear what you all have to say :)","Discussion","1709517152","2024-03-04T01:52:32+00:00","37","37","0.96","59","4e357a1493fe14bb","","reddit-PKMS-settling_on_a_pkm_for_the_adhdriddled_student_who:comment:kupv3n8","comment","kupv3n8","t1_kupv3n8","https://www.reddit.com/r/PKMS/comments/1b5yqzm/settling_on_a_pkm_for_the_adhdriddled_student_who/kupv3n8/","/r/PKMS/comments/1b5yqzm/settling_on_a_pkm_for_the_adhdriddled_student_who/kupv3n8/","t3_1b5yqzm","post","","kupv3n8","0","true","kupv3n8","cf3cefedc53f7d63","","","false","false","","1","1","0","0","0","1710356045","2024-03-13T18:54:05+00:00","false","False","","false","false","false","false","Evernote. King of the hill.","Evernote. King of the hill.","27","5","","","","false","false","","","","","0","[THREAD_TITLE]
Settling on a PKM... for the ADHD-riddled student who is currently trying 7 PKMs at once.

[THREAD_BODY]
Hey everyone :) I have been heavy in the productivity space for years, and have tried pretty much every tool in the book, from to-do lists, calendar apps, PKMs, all-in-ones... I can't think of any I haven't tried (except the ones where I'm still on the waitlist, such as Lazy.so). I have slowly settled on calendar/gtd tools, with Things 3 and Fantastical being long-time favorites. But, PKM tools are another story... I have struggled over the last year to settle on a single PKM tool as a second brain. Notion: didn't like how slow it felt, and it honestly felt like I spent 90% of my time ""optimizing"" the experience, just or me to barely use it. Evernote: seems nice but also outdated, and I'm afraid to pay the $130 for a (supposedly?) dying software with a diminishing community. Obsidian: honestly still optimizing, and don't feel like it fits the ""quick capture"" functionality I look for. Apple Notes: perfect for a quick capture, but not enough functionality for me at the moment... you all get the point. So, what do you all use, and why have you settled on that tool? And, what recommendations do you have for my needs? I want an app that is primarily for knowledge management, has a quick/easy way to capture thoughts on the go, local notes that I can use offline, and I'm not sure if visual aids are necessarily my thing yet. I also am not necessarily in need for study aids, as I am an Anki power-user. Finally, I am also not afraid to pay a pretty penny to ensure I can leave this whole ""quest for management"" behind. Thanks, excited to hear what you all have to say :)

[CURRENT_RECORD]
Evernote. King of the hill."
"C:\Projects\Web\planner-tdah\research\reddit_data\reddit-PKMS-settling_on_a_pkm_for_the_adhdriddled_student_who.json","reddit-PKMS-settling_on_a_pkm_for_the_adhdriddled_student_who","1b5yqzm","t3_1b5yqzm","https://www.reddit.com/r/PKMS/comments/1b5yqzm/settling_on_a_pkm_for_the_adhdriddled_student_who/","PKMS","r/PKMS","Settling on a PKM... for the ADHD-riddled student who is currently trying 7 PKMs at once.","Hey everyone :) I have been heavy in the productivity space for years, and have tried pretty much every tool in the book, from to-do lists, calendar apps, PKMs, all-in-ones... I can't think of any I haven't tried (except the ones where I'm still on the waitlist, such as Lazy.so). I have slowly settled on calendar/gtd tools, with Things 3 and Fantastical being long-time favorites. But, PKM tools are another story... I have struggled over the last year to settle on a single PKM tool as a second brain. Notion: didn't like how slow it felt, and it honestly felt like I spent 90% of my time ""optimizing"" the experience, just or me to barely use it. Evernote: seems nice but also outdated, and I'm afraid to pay the $130 for a (supposedly?) dying software with a diminishing community. Obsidian: honestly still optimizing, and don't feel like it fits the ""quick capture"" functionality I look for. Apple Notes: perfect for a quick capture, but not enough functionality for me at the moment... you all get the point. So, what do you all use, and why have you settled on that tool? And, what recommendations do you have for my needs? I want an app that is primarily for knowledge management, has a quick/easy way to capture thoughts on the go, local notes that I can use offline, and I'm not sure if visual aids are necessarily my thing yet. I also am not necessarily in need for study aids, as I am an Anki power-user. Finally, I am also not afraid to pay a pretty penny to ensure I can leave this whole ""quest for management"" behind. Thanks, excited to hear what you all have to say :)","Discussion","1709517152","2024-03-04T01:52:32+00:00","37","37","0.96","59","4e357a1493fe14bb","","reddit-PKMS-settling_on_a_pkm_for_the_adhdriddled_student_who:comment:l9ne759","comment","l9ne759","t1_l9ne759","https://www.reddit.com/r/PKMS/comments/1b5yqzm/settling_on_a_pkm_for_the_adhdriddled_student_who/l9ne759/","/r/PKMS/comments/1b5yqzm/settling_on_a_pkm_for_the_adhdriddled_student_who/l9ne759/","t3_1b5yqzm","post","","l9ne759","0","true","l9ne759","cb58ae4aac7c5a42","","","false","false","","1","1","0","0","0","1718993270","2024-06-21T18:07:50+00:00","false","False","","false","false","false","false","hi not sure if this is still valid, since this was about 3 months ago at time of me posting, but: so i’m recently diagnosed (ADHD), but i’ve been in the pkms space for about 4 years now. honestly / so far, anytype. anytype will help you figure out what the rest of your system needs to be. nothing is going to be a perfect solution, and my system is constantly failing and reworking itself. every time you fail you’ll learn more about your needs. if i could do everything over from the beginning, i truly believe anytype would have gotten me to this stage a LOT faster. also, i got here bc im looking for a second brain building buddy. please lmk if this interests you!","hi not sure if this is still valid, since this was about 3 months ago at time of me posting, but: so i’m recently diagnosed (ADHD), but i’ve been in the pkms space for about 4 years now. honestly / so far, anytype. anytype will help you figure out what the rest of your system ne…","669","127","","","","false","false","","adhd | time","","forgetfulness_or_time_signal | long_form_comment | mentions_pain_or_friction","38","[THREAD_TITLE]
Settling on a PKM... for the ADHD-riddled student who is currently trying 7 PKMs at once.

[THREAD_BODY]
Hey everyone :) I have been heavy in the productivity space for years, and have tried pretty much every tool in the book, from to-do lists, calendar apps, PKMs, all-in-ones... I can't think of any I haven't tried (except the ones where I'm still on the waitlist, such as Lazy.so). I have slowly settled on calendar/gtd tools, with Things 3 and Fantastical being long-time favorites. But, PKM tools are another story... I have struggled over the last year to settle on a single PKM tool as a second brain. Notion: didn't like how slow it felt, and it honestly felt like I spent 90% of my time ""optimizing"" the experience, just or me to barely use it. Evernote: seems nice but also outdated, and I'm afraid to pay the $130 for a (supposedly?) dying software with a diminishing community. Obsidian: honestly still optimizing, and don't feel like it fits the ""quick capture"" functionality I look for. Apple Notes: perfect for a quick capture, but not enough functionality for me at the moment... you all get the point. So, what do you all use, and why have you settled on that tool? And, what recommendations do you have for my needs? I want an app that is primarily for knowledge management, has a quick/easy way to capture thoughts on the go, local notes that I can use offline, and I'm not sure if visual aids are necessarily my thing yet. I also am not necessarily in need for study aids, as I am an Anki power-user. Finally, I am also not afraid to pay a pretty penny to ensure I can leave this whole ""quest for management"" behind. Thanks, excited to hear what you all have to say :)

[CURRENT_RECORD]
hi not sure if this is still valid, since this was about 3 months ago at time of me posting, but: so i’m recently diagnosed (ADHD), but i’ve been in the pkms space for about 4 years now. honestly / so far, anytype. anytype will help you figure out what the rest of your system needs to be. nothing is going to be a perfect solution, and my system is constantly failing and reworking itself. every time you fail you’ll learn more about your needs. if i could do everything over from the beginning, i truly believe anytype would have gotten me to this stage a LOT faster. also, i got here bc im looking for a second brain building buddy. please lmk if this interests you!"
"C:\Projects\Web\planner-tdah\research\reddit_data\reddit-PKMS-settling_on_a_pkm_for_the_adhdriddled_student_who.json","reddit-PKMS-settling_on_a_pkm_for_the_adhdriddled_student_who","1b5yqzm","t3_1b5yqzm","https://www.reddit.com/r/PKMS/comments/1b5yqzm/settling_on_a_pkm_for_the_adhdriddled_student_who/","PKMS","r/PKMS","Settling on a PKM... for the ADHD-riddled student who is currently trying 7 PKMs at once.","Hey everyone :) I have been heavy in the productivity space for years, and have tried pretty much every tool in the book, from to-do lists, calendar apps, PKMs, all-in-ones... I can't think of any I haven't tried (except the ones where I'm still on the waitlist, such as Lazy.so). I have slowly settled on calendar/gtd tools, with Things 3 and Fantastical being long-time favorites. But, PKM tools are another story... I have struggled over the last year to settle on a single PKM tool as a second brain. Notion: didn't like how slow it felt, and it honestly felt like I spent 90% of my time ""optimizing"" the experience, just or me to barely use it. Evernote: seems nice but also outdated, and I'm afraid to pay the $130 for a (supposedly?) dying software with a diminishing community. Obsidian: honestly still optimizing, and don't feel like it fits the ""quick capture"" functionality I look for. Apple Notes: perfect for a quick capture, but not enough functionality for me at the moment... you all get the point. So, what do you all use, and why have you settled on that tool? And, what recommendations do you have for my needs? I want an app that is primarily for knowledge management, has a quick/easy way to capture thoughts on the go, local notes that I can use offline, and I'm not sure if visual aids are necessarily my thing yet. I also am not necessarily in need for study aids, as I am an Anki power-user. Finally, I am also not afraid to pay a pretty penny to ensure I can leave this whole ""quest for management"" behind. Thanks, excited to hear what you all have to say :)","Discussion","1709517152","2024-03-04T01:52:32+00:00","37","37","0.96","59","4e357a1493fe14bb","","reddit-PKMS-settling_on_a_pkm_for_the_adhdriddled_student_who:comment:kt8vzx3","comment","kt8vzx3","t1_kt8vzx3","https://www.reddit.com/r/PKMS/comments/1b5yqzm/settling_on_a_pkm_for_the_adhdriddled_student_who/kt8vzx3/","/r/PKMS/comments/1b5yqzm/settling_on_a_pkm_for_the_adhdriddled_student_who/kt8vzx3/","t3_1b5yqzm","post","","kt8vzx3","0","true","kt8vzx3","5b2453f6414fa806","","Saner.AI","false","false","","0","0","0","0","0","1709522554","2024-03-04T03:22:34+00:00","false","False","","false","false","false","false","Hey, can add Saner.ai to your power tools list :)","Hey, can add Saner.ai to your power tools list :)","49","10","","","","false","false","","","","","0","[THREAD_TITLE]
Settling on a PKM... for the ADHD-riddled student who is currently trying 7 PKMs at once.

[THREAD_BODY]
Hey everyone :) I have been heavy in the productivity space for years, and have tried pretty much every tool in the book, from to-do lists, calendar apps, PKMs, all-in-ones... I can't think of any I haven't tried (except the ones where I'm still on the waitlist, such as Lazy.so). I have slowly settled on calendar/gtd tools, with Things 3 and Fantastical being long-time favorites. But, PKM tools are another story... I have struggled over the last year to settle on a single PKM tool as a second brain. Notion: didn't like how slow it felt, and it honestly felt like I spent 90% of my time ""optimizing"" the experience, just or me to barely use it. Evernote: seems nice but also outdated, and I'm afraid to pay the $130 for a (supposedly?) dying software with a diminishing community. Obsidian: honestly still optimizing, and don't feel like it fits the ""quick capture"" functionality I look for. Apple Notes: perfect for a quick capture, but not enough functionality for me at the moment... you all get the point. So, what do you all use, and why have you settled on that tool? And, what recommendations do you have for my needs? I want an app that is primarily for knowledge management, has a quick/easy way to capture thoughts on the go, local notes that I can use offline, and I'm not sure if visual aids are necessarily my thing yet. I also am not necessarily in need for study aids, as I am an Anki power-user. Finally, I am also not afraid to pay a pretty penny to ensure I can leave this whole ""quest for management"" behind. Thanks, excited to hear what you all have to say :)

[CURRENT_RECORD]
Hey, can add Saner.ai to your power tools list :)"
"C:\Projects\Web\planner-tdah\research\reddit_data\reddit-PKMS-settling_on_a_pkm_for_the_adhdriddled_student_who.json","reddit-PKMS-settling_on_a_pkm_for_the_adhdriddled_student_who","1b5yqzm","t3_1b5yqzm","https://www.reddit.com/r/PKMS/comments/1b5yqzm/settling_on_a_pkm_for_the_adhdriddled_student_who/","PKMS","r/PKMS","Settling on a PKM... for the ADHD-riddled student who is currently trying 7 PKMs at once.","Hey everyone :) I have been heavy in the productivity space for years, and have tried pretty much every tool in the book, from to-do lists, calendar apps, PKMs, all-in-ones... I can't think of any I haven't tried (except the ones where I'm still on the waitlist, such as Lazy.so). I have slowly settled on calendar/gtd tools, with Things 3 and Fantastical being long-time favorites. But, PKM tools are another story... I have struggled over the last year to settle on a single PKM tool as a second brain. Notion: didn't like how slow it felt, and it honestly felt like I spent 90% of my time ""optimizing"" the experience, just or me to barely use it. Evernote: seems nice but also outdated, and I'm afraid to pay the $130 for a (supposedly?) dying software with a diminishing community. Obsidian: honestly still optimizing, and don't feel like it fits the ""quick capture"" functionality I look for. Apple Notes: perfect for a quick capture, but not enough functionality for me at the moment... you all get the point. So, what do you all use, and why have you settled on that tool? And, what recommendations do you have for my needs? I want an app that is primarily for knowledge management, has a quick/easy way to capture thoughts on the go, local notes that I can use offline, and I'm not sure if visual aids are necessarily my thing yet. I also am not necessarily in need for study aids, as I am an Anki power-user. Finally, I am also not afraid to pay a pretty penny to ensure I can leave this whole ""quest for management"" behind. Thanks, excited to hear what you all have to say :)","Discussion","1709517152","2024-03-04T01:52:32+00:00","37","37","0.96","59","4e357a1493fe14bb","","reddit-PKMS-settling_on_a_pkm_for_the_adhdriddled_student_who:comment:ktadb8w","comment","ktadb8w","t1_ktadb8w","https://www.reddit.com/r/PKMS/comments/1b5yqzm/settling_on_a_pkm_for_the_adhdriddled_student_who/ktadb8w/","/r/PKMS/comments/1b5yqzm/settling_on_a_pkm_for_the_adhdriddled_student_who/ktadb8w/","t3_1b5yqzm","post","","ktadb8w","0","true","ktadb8w","4d80c779417ac21a","","","false","false","","0","0","0","0","0","1709555174","2024-03-04T12:26:14+00:00","false","False","","false","false","false","false","Reflect and/or Bear - still trying to decide between those two.","Reflect and/or Bear - still trying to decide between those two.","63","11","","","","false","false","","","","","0","[THREAD_TITLE]
Settling on a PKM... for the ADHD-riddled student who is currently trying 7 PKMs at once.

[THREAD_BODY]
Hey everyone :) I have been heavy in the productivity space for years, and have tried pretty much every tool in the book, from to-do lists, calendar apps, PKMs, all-in-ones... I can't think of any I haven't tried (except the ones where I'm still on the waitlist, such as Lazy.so). I have slowly settled on calendar/gtd tools, with Things 3 and Fantastical being long-time favorites. But, PKM tools are another story... I have struggled over the last year to settle on a single PKM tool as a second brain. Notion: didn't like how slow it felt, and it honestly felt like I spent 90% of my time ""optimizing"" the experience, just or me to barely use it. Evernote: seems nice but also outdated, and I'm afraid to pay the $130 for a (supposedly?) dying software with a diminishing community. Obsidian: honestly still optimizing, and don't feel like it fits the ""quick capture"" functionality I look for. Apple Notes: perfect for a quick capture, but not enough functionality for me at the moment... you all get the point. So, what do you all use, and why have you settled on that tool? And, what recommendations do you have for my needs? I want an app that is primarily for knowledge management, has a quick/easy way to capture thoughts on the go, local notes that I can use offline, and I'm not sure if visual aids are necessarily my thing yet. I also am not necessarily in need for study aids, as I am an Anki power-user. Finally, I am also not afraid to pay a pretty penny to ensure I can leave this whole ""quest for management"" behind. Thanks, excited to hear what you all have to say :)

[CURRENT_RECORD]
Reflect and/or Bear - still trying to decide between those two."
"C:\Projects\Web\planner-tdah\research\reddit_data\reddit-PKMS-settling_on_a_pkm_for_the_adhdriddled_student_who.json","reddit-PKMS-settling_on_a_pkm_for_the_adhdriddled_student_who","1b5yqzm","t3_1b5yqzm","https://www.reddit.com/r/PKMS/comments/1b5yqzm/settling_on_a_pkm_for_the_adhdriddled_student_who/","PKMS","r/PKMS","Settling on a PKM... for the ADHD-riddled student who is currently trying 7 PKMs at once.","Hey everyone :) I have been heavy in the productivity space for years, and have tried pretty much every tool in the book, from to-do lists, calendar apps, PKMs, all-in-ones... I can't think of any I haven't tried (except the ones where I'm still on the waitlist, such as Lazy.so). I have slowly settled on calendar/gtd tools, with Things 3 and Fantastical being long-time favorites. But, PKM tools are another story... I have struggled over the last year to settle on a single PKM tool as a second brain. Notion: didn't like how slow it felt, and it honestly felt like I spent 90% of my time ""optimizing"" the experience, just or me to barely use it. Evernote: seems nice but also outdated, and I'm afraid to pay the $130 for a (supposedly?) dying software with a diminishing community. Obsidian: honestly still optimizing, and don't feel like it fits the ""quick capture"" functionality I look for. Apple Notes: perfect for a quick capture, but not enough functionality for me at the moment... you all get the point. So, what do you all use, and why have you settled on that tool? And, what recommendations do you have for my needs? I want an app that is primarily for knowledge management, has a quick/easy way to capture thoughts on the go, local notes that I can use offline, and I'm not sure if visual aids are necessarily my thing yet. I also am not necessarily in need for study aids, as I am an Anki power-user. Finally, I am also not afraid to pay a pretty penny to ensure I can leave this whole ""quest for management"" behind. Thanks, excited to hear what you all have to say :)","Discussion","1709517152","2024-03-04T01:52:32+00:00","37","37","0.96","59","4e357a1493fe14bb","","reddit-PKMS-settling_on_a_pkm_for_the_adhdriddled_student_who:comment:kt9gjbw","comment","kt9gjbw","t1_kt9gjbw","https://www.reddit.com/r/PKMS/comments/1b5yqzm/settling_on_a_pkm_for_the_adhdriddled_student_who/kt9gjbw/","/r/PKMS/comments/1b5yqzm/settling_on_a_pkm_for_the_adhdriddled_student_who/kt9gjbw/","t3_1b5yqzm","post","","kt9gjbw","0","true","kt9gjbw","c58ee64cb886e31d","","","false","false","","1","1","0","0","0","1709532849","2024-03-04T06:14:09+00:00","false","False","","false","false","false","false","The note taking app that I have tried for building my second brain! @msonenote @logseq @NotionHQ @AnytypeLabs @obsdmd @evernote @acreom @hypernotes @evernote @googledocs @dayoneapp @xTilesHQ @CapacitiesHQ From my experience there is no perfect tool but you can choose one based on your priorities and experience.","The note taking app that I have tried for building my second brain! @msonenote @logseq @NotionHQ @AnytypeLabs @obsdmd @evernote @acreom @hypernotes @evernote @googledocs @dayoneapp @xTilesHQ @CapacitiesHQ From my experience there is no perfect tool but you can choose one based o…","312","45","","","","false","false","notion | app","","notes","mentions_feature_or_solution | mentions_planner_or_system","22","[THREAD_TITLE]
Settling on a PKM... for the ADHD-riddled student who is currently trying 7 PKMs at once.

[THREAD_BODY]
Hey everyone :) I have been heavy in the productivity space for years, and have tried pretty much every tool in the book, from to-do lists, calendar apps, PKMs, all-in-ones... I can't think of any I haven't tried (except the ones where I'm still on the waitlist, such as Lazy.so). I have slowly settled on calendar/gtd tools, with Things 3 and Fantastical being long-time favorites. But, PKM tools are another story... I have struggled over the last year to settle on a single PKM tool as a second brain. Notion: didn't like how slow it felt, and it honestly felt like I spent 90% of my time ""optimizing"" the experience, just or me to barely use it. Evernote: seems nice but also outdated, and I'm afraid to pay the $130 for a (supposedly?) dying software with a diminishing community. Obsidian: honestly still optimizing, and don't feel like it fits the ""quick capture"" functionality I look for. Apple Notes: perfect for a quick capture, but not enough functionality for me at the moment... you all get the point. So, what do you all use, and why have you settled on that tool? And, what recommendations do you have for my needs? I want an app that is primarily for knowledge management, has a quick/easy way to capture thoughts on the go, local notes that I can use offline, and I'm not sure if visual aids are necessarily my thing yet. I also am not necessarily in need for study aids, as I am an Anki power-user. Finally, I am also not afraid to pay a pretty penny to ensure I can leave this whole ""quest for management"" behind. Thanks, excited to hear what you all have to say :)

[CURRENT_RECORD]
The note taking app that I have tried for building my second brain! @msonenote @logseq @NotionHQ @AnytypeLabs @obsdmd @evernote @acreom @hypernotes @evernote @googledocs @dayoneapp @xTilesHQ @CapacitiesHQ From my experience there is no perfect tool but you can choose one based on your priorities and experience."
"C:\Projects\Web\planner-tdah\research\reddit_data\reddit-PKMS-settling_on_a_pkm_for_the_adhdriddled_student_who.json","reddit-PKMS-settling_on_a_pkm_for_the_adhdriddled_student_who","1b5yqzm","t3_1b5yqzm","https://www.reddit.com/r/PKMS/comments/1b5yqzm/settling_on_a_pkm_for_the_adhdriddled_student_who/","PKMS","r/PKMS","Settling on a PKM... for the ADHD-riddled student who is currently trying 7 PKMs at once.","Hey everyone :) I have been heavy in the productivity space for years, and have tried pretty much every tool in the book, from to-do lists, calendar apps, PKMs, all-in-ones... I can't think of any I haven't tried (except the ones where I'm still on the waitlist, such as Lazy.so). I have slowly settled on calendar/gtd tools, with Things 3 and Fantastical being long-time favorites. But, PKM tools are another story... I have struggled over the last year to settle on a single PKM tool as a second brain. Notion: didn't like how slow it felt, and it honestly felt like I spent 90% of my time ""optimizing"" the experience, just or me to barely use it. Evernote: seems nice but also outdated, and I'm afraid to pay the $130 for a (supposedly?) dying software with a diminishing community. Obsidian: honestly still optimizing, and don't feel like it fits the ""quick capture"" functionality I look for. Apple Notes: perfect for a quick capture, but not enough functionality for me at the moment... you all get the point. So, what do you all use, and why have you settled on that tool? And, what recommendations do you have for my needs? I want an app that is primarily for knowledge management, has a quick/easy way to capture thoughts on the go, local notes that I can use offline, and I'm not sure if visual aids are necessarily my thing yet. I also am not necessarily in need for study aids, as I am an Anki power-user. Finally, I am also not afraid to pay a pretty penny to ensure I can leave this whole ""quest for management"" behind. Thanks, excited to hear what you all have to say :)","Discussion","1709517152","2024-03-04T01:52:32+00:00","37","37","0.96","59","4e357a1493fe14bb","","reddit-PKMS-settling_on_a_pkm_for_the_adhdriddled_student_who:comment:ktacip6","comment","ktacip6","t1_ktacip6","https://www.reddit.com/r/PKMS/comments/1b5yqzm/settling_on_a_pkm_for_the_adhdriddled_student_who/ktacip6/","/r/PKMS/comments/1b5yqzm/settling_on_a_pkm_for_the_adhdriddled_student_who/ktacip6/","t3_1b5yqzm","post","","ktacip6","0","true","ktacip6","777bca6c5ced7740","","","false","false","","1","1","0","0","0","1709554749","2024-03-04T12:19:09+00:00","false","False","","false","false","false","false","Obsidian is plugin based and there is over 1500 plugins. You can basically make it whatever you want with a bit of research and configuration, so here’s my tip: try the other options, but if nothing seems to fit, Obsidian is your best bet. I personally use Obsidian for its ability to transform my whole set of notes into a functional database. A few apps can do that, and Obsidian does it best in my opinion.","Obsidian is plugin based and there is over 1500 plugins. You can basically make it whatever you want with a bit of research and configuration, so here’s my tip: try the other options, but if nothing seems to fit, Obsidian is your best bet. I personally use Obsidian for its abili…","409","76","","","","false","false","app","","notes","mentions_feature_or_solution | mentions_planner_or_system","18","[THREAD_TITLE]
Settling on a PKM... for the ADHD-riddled student who is currently trying 7 PKMs at once.

[THREAD_BODY]
Hey everyone :) I have been heavy in the productivity space for years, and have tried pretty much every tool in the book, from to-do lists, calendar apps, PKMs, all-in-ones... I can't think of any I haven't tried (except the ones where I'm still on the waitlist, such as Lazy.so). I have slowly settled on calendar/gtd tools, with Things 3 and Fantastical being long-time favorites. But, PKM tools are another story... I have struggled over the last year to settle on a single PKM tool as a second brain. Notion: didn't like how slow it felt, and it honestly felt like I spent 90% of my time ""optimizing"" the experience, just or me to barely use it. Evernote: seems nice but also outdated, and I'm afraid to pay the $130 for a (supposedly?) dying software with a diminishing community. Obsidian: honestly still optimizing, and don't feel like it fits the ""quick capture"" functionality I look for. Apple Notes: perfect for a quick capture, but not enough functionality for me at the moment... you all get the point. So, what do you all use, and why have you settled on that tool? And, what recommendations do you have for my needs? I want an app that is primarily for knowledge management, has a quick/easy way to capture thoughts on the go, local notes that I can use offline, and I'm not sure if visual aids are necessarily my thing yet. I also am not necessarily in need for study aids, as I am an Anki power-user. Finally, I am also not afraid to pay a pretty penny to ensure I can leave this whole ""quest for management"" behind. Thanks, excited to hear what you all have to say :)

[CURRENT_RECORD]
Obsidian is plugin based and there is over 1500 plugins. You can basically make it whatever you want with a bit of research and configuration, so here’s my tip: try the other options, but if nothing seems to fit, Obsidian is your best bet. I personally use Obsidian for its ability to transform my whole set of notes into a functional database. A few apps can do that, and Obsidian does it best in my opinion."
"C:\Projects\Web\planner-tdah\research\reddit_data\reddit-PKMS-settling_on_a_pkm_for_the_adhdriddled_student_who.json","reddit-PKMS-settling_on_a_pkm_for_the_adhdriddled_student_who","1b5yqzm","t3_1b5yqzm","https://www.reddit.com/r/PKMS/comments/1b5yqzm/settling_on_a_pkm_for_the_adhdriddled_student_who/","PKMS","r/PKMS","Settling on a PKM... for the ADHD-riddled student who is currently trying 7 PKMs at once.","Hey everyone :) I have been heavy in the productivity space for years, and have tried pretty much every tool in the book, from to-do lists, calendar apps, PKMs, all-in-ones... I can't think of any I haven't tried (except the ones where I'm still on the waitlist, such as Lazy.so). I have slowly settled on calendar/gtd tools, with Things 3 and Fantastical being long-time favorites. But, PKM tools are another story... I have struggled over the last year to settle on a single PKM tool as a second brain. Notion: didn't like how slow it felt, and it honestly felt like I spent 90% of my time ""optimizing"" the experience, just or me to barely use it. Evernote: seems nice but also outdated, and I'm afraid to pay the $130 for a (supposedly?) dying software with a diminishing community. Obsidian: honestly still optimizing, and don't feel like it fits the ""quick capture"" functionality I look for. Apple Notes: perfect for a quick capture, but not enough functionality for me at the moment... you all get the point. So, what do you all use, and why have you settled on that tool? And, what recommendations do you have for my needs? I want an app that is primarily for knowledge management, has a quick/easy way to capture thoughts on the go, local notes that I can use offline, and I'm not sure if visual aids are necessarily my thing yet. I also am not necessarily in need for study aids, as I am an Anki power-user. Finally, I am also not afraid to pay a pretty penny to ensure I can leave this whole ""quest for management"" behind. Thanks, excited to hear what you all have to say :)","Discussion","1709517152","2024-03-04T01:52:32+00:00","37","37","0.96","59","4e357a1493fe14bb","","reddit-PKMS-settling_on_a_pkm_for_the_adhdriddled_student_who:comment:ktatufd","comment","ktatufd","t1_ktatufd","https://www.reddit.com/r/PKMS/comments/1b5yqzm/settling_on_a_pkm_for_the_adhdriddled_student_who/ktatufd/","/r/PKMS/comments/1b5yqzm/settling_on_a_pkm_for_the_adhdriddled_student_who/ktatufd/","t3_1b5yqzm","post","","ktatufd","0","true","ktatufd","9f3ea2d248f21833","","Obsidian &amp; Todoist","false","false","","1","1","0","0","0","1709562731","2024-03-04T14:32:11+00:00","false","False","","false","false","false","false","ADHDer using Obsidian. For quick capture, I have an ""Inbox"" note that is automatically opens when I start the app. At the end of the day, or whenever I have a moment, I'll find a proper home for the notes in my inbox.","ADHDer using Obsidian. For quick capture, I have an ""Inbox"" note that is automatically opens when I start the app. At the end of the day, or whenever I have a moment, I'll find a proper home for the notes in my inbox.","217","43","","","","false","false","app","adhd","notes","mentions_feature_or_solution | mentions_pain_or_friction | mentions_planner_or_system","23","[THREAD_TITLE]
Settling on a PKM... for the ADHD-riddled student who is currently trying 7 PKMs at once.

[THREAD_BODY]
Hey everyone :) I have been heavy in the productivity space for years, and have tried pretty much every tool in the book, from to-do lists, calendar apps, PKMs, all-in-ones... I can't think of any I haven't tried (except the ones where I'm still on the waitlist, such as Lazy.so). I have slowly settled on calendar/gtd tools, with Things 3 and Fantastical being long-time favorites. But, PKM tools are another story... I have struggled over the last year to settle on a single PKM tool as a second brain. Notion: didn't like how slow it felt, and it honestly felt like I spent 90% of my time ""optimizing"" the experience, just or me to barely use it. Evernote: seems nice but also outdated, and I'm afraid to pay the $130 for a (supposedly?) dying software with a diminishing community. Obsidian: honestly still optimizing, and don't feel like it fits the ""quick capture"" functionality I look for. Apple Notes: perfect for a quick capture, but not enough functionality for me at the moment... you all get the point. So, what do you all use, and why have you settled on that tool? And, what recommendations do you have for my needs? I want an app that is primarily for knowledge management, has a quick/easy way to capture thoughts on the go, local notes that I can use offline, and I'm not sure if visual aids are necessarily my thing yet. I also am not necessarily in need for study aids, as I am an Anki power-user. Finally, I am also not afraid to pay a pretty penny to ensure I can leave this whole ""quest for management"" behind. Thanks, excited to hear what you all have to say :)

[CURRENT_RECORD]
ADHDer using Obsidian. For quick capture, I have an ""Inbox"" note that is automatically opens when I start the app. At the end of the day, or whenever I have a moment, I'll find a proper home for the notes in my inbox."
