"source_file","source_file_stem","thread_id","thread_fullname","thread_url","subreddit","subreddit_prefixed","thread_title","thread_selftext_clean","thread_flair","thread_created_utc","thread_created_iso","thread_score","thread_ups","thread_upvote_ratio","thread_num_comments","thread_author_hash","thread_author_public","record_id","record_type","comment_id","comment_fullname","comment_url","comment_permalink","parent_id_raw","parent_type","parent_comment_id","root_comment_id","depth","is_top_level","path_ids","author_hash","author_public","author_flair_text","is_submitter","stickied","distinguished","score","ups","downs","controversiality","reply_count_direct","created_utc","created_iso","edited","edited_utc","edited_iso","collapsed","locked","archived","score_hidden","body_clean","body_excerpt_280","body_length_chars","body_word_count","parent_body_excerpt","root_body_excerpt","text_urls","contains_question","contains_recommendation_language","planner_terms_found","pain_terms_found","feature_terms_found","signal_tags","relevance_score_0_100","text_for_ai"
"C:\Projects\Web\planner-tdah\research\reddit_data\reddit-ADHDUK-what_adhd_apps_do_you_use.json","reddit-ADHDUK-what_adhd_apps_do_you_use","1ervyfx","t3_1ervyfx","https://www.reddit.com/r/ADHDUK/comments/1ervyfx/what_adhd_apps_do_you_use/","ADHDUK","r/ADHDUK","What ADHD Apps do you use?","Hey ADHDers! 👋 I’ve been on a journey to find the best apps to help with productivity, time management, and staying on top of things. As someone with ADHD, I know how tricky it can be to find the right tools that actually work for our unique brains. I’m curious—what apps are you all using at the moment to help with these challenges? Whether it’s a to-do list, calendar, or something more specialized, I’d love to hear what works for you. Also, are there any features you wish these apps had? Maybe something that could make them even more ADHD-friendly? Thanks in advance for your suggestions!","General Questions/Advice/Support","1723622555","2024-08-14T08:02:35+00:00","43","43","0.98","43","0a3c8b3246009e2d","","reddit-ADHDUK-what_adhd_apps_do_you_use:post:1ervyfx","thread_post","","","https://www.reddit.com/r/ADHDUK/comments/1ervyfx/what_adhd_apps_do_you_use/","/r/ADHDUK/comments/1ervyfx/what_adhd_apps_do_you_use/","","","","","","","","0a3c8b3246009e2d","","","true","false","","43","43","0","","","1723622555","2024-08-14T08:02:35+00:00","false","False","","","false","false","false","What ADHD Apps do you use? Hey ADHDers! 👋 I’ve been on a journey to find the best apps to help with productivity, time management, and staying on top of things. As someone with ADHD, I know how tricky it can be to find the right tools that actually work for our unique brains. I’m curious—what apps are you all using at the moment to help with these challenges? Whether it’s a to-do list, calendar, or something more specialized, I’d love to hear what works for you. Also, are there any features you wish these apps had? Maybe something that could make them even more ADHD-friendly? Thanks in advance for your suggestions!","What ADHD Apps do you use? Hey ADHDers! 👋 I’ve been on a journey to find the best apps to help with productivity, time management, and staying on top of things. As someone with ADHD, I know how tricky it can be to find the right tools that actually work for our unique brains. I’…","622","112","","","","true","true","calendar | app | to-do","adhd | time","","contains_question | forgetfulness_or_time_signal | long_form_comment | mentions_pain_or_friction | mentions_planner_or_system | mentions_working_solution_or_recommendation","68","[THREAD_TITLE]
What ADHD Apps do you use?

[THREAD_BODY]
Hey ADHDers! 👋 I’ve been on a journey to find the best apps to help with productivity, time management, and staying on top of things. As someone with ADHD, I know how tricky it can be to find the right tools that actually work for our unique brains. I’m curious—what apps are you all using at the moment to help with these challenges? Whether it’s a to-do list, calendar, or something more specialized, I’d love to hear what works for you. Also, are there any features you wish these apps had? Maybe something that could make them even more ADHD-friendly? Thanks in advance for your suggestions!"
"C:\Projects\Web\planner-tdah\research\reddit_data\reddit-ADHDUK-what_adhd_apps_do_you_use.json","reddit-ADHDUK-what_adhd_apps_do_you_use","1ervyfx","t3_1ervyfx","https://www.reddit.com/r/ADHDUK/comments/1ervyfx/what_adhd_apps_do_you_use/","ADHDUK","r/ADHDUK","What ADHD Apps do you use?","Hey ADHDers! 👋 I’ve been on a journey to find the best apps to help with productivity, time management, and staying on top of things. As someone with ADHD, I know how tricky it can be to find the right tools that actually work for our unique brains. I’m curious—what apps are you all using at the moment to help with these challenges? Whether it’s a to-do list, calendar, or something more specialized, I’d love to hear what works for you. Also, are there any features you wish these apps had? Maybe something that could make them even more ADHD-friendly? Thanks in advance for your suggestions!","General Questions/Advice/Support","1723622555","2024-08-14T08:02:35+00:00","43","43","0.98","43","0a3c8b3246009e2d","","reddit-ADHDUK-what_adhd_apps_do_you_use:comment:li1o79e","comment","li1o79e","t1_li1o79e","https://www.reddit.com/r/ADHDUK/comments/1ervyfx/what_adhd_apps_do_you_use/li1o79e/","/r/ADHDUK/comments/1ervyfx/what_adhd_apps_do_you_use/li1o79e/","t3_1ervyfx","post","","li1o79e","0","true","li1o79e","3f2760a58f23fd50","","","false","false","","38","38","0","0","2","1723626586","2024-08-14T09:09:46+00:00","false","False","","false","false","false","false","Goblin Tools (https://goblin.tools)","Goblin Tools (https://goblin.tools)","35","3","","","https://goblin.tools","false","false","","","","","13","[THREAD_TITLE]
What ADHD Apps do you use?

[THREAD_BODY]
Hey ADHDers! 👋 I’ve been on a journey to find the best apps to help with productivity, time management, and staying on top of things. As someone with ADHD, I know how tricky it can be to find the right tools that actually work for our unique brains. I’m curious—what apps are you all using at the moment to help with these challenges? Whether it’s a to-do list, calendar, or something more specialized, I’d love to hear what works for you. Also, are there any features you wish these apps had? Maybe something that could make them even more ADHD-friendly? Thanks in advance for your suggestions!

[CURRENT_RECORD]
Goblin Tools (https://goblin.tools)"
"C:\Projects\Web\planner-tdah\research\reddit_data\reddit-ADHDUK-what_adhd_apps_do_you_use.json","reddit-ADHDUK-what_adhd_apps_do_you_use","1ervyfx","t3_1ervyfx","https://www.reddit.com/r/ADHDUK/comments/1ervyfx/what_adhd_apps_do_you_use/","ADHDUK","r/ADHDUK","What ADHD Apps do you use?","Hey ADHDers! 👋 I’ve been on a journey to find the best apps to help with productivity, time management, and staying on top of things. As someone with ADHD, I know how tricky it can be to find the right tools that actually work for our unique brains. I’m curious—what apps are you all using at the moment to help with these challenges? Whether it’s a to-do list, calendar, or something more specialized, I’d love to hear what works for you. Also, are there any features you wish these apps had? Maybe something that could make them even more ADHD-friendly? Thanks in advance for your suggestions!","General Questions/Advice/Support","1723622555","2024-08-14T08:02:35+00:00","43","43","0.98","43","0a3c8b3246009e2d","","reddit-ADHDUK-what_adhd_apps_do_you_use:comment:li2va1u","comment","li2va1u","t1_li2va1u","https://www.reddit.com/r/ADHDUK/comments/1ervyfx/what_adhd_apps_do_you_use/li2va1u/","/r/ADHDUK/comments/1ervyfx/what_adhd_apps_do_you_use/li2va1u/","t1_li1o79e","comment","li1o79e","li1o79e","1","false","li1o79e > li2va1u","90be98d8f28ff1b0","","","false","false","","6","6","0","0","0","1723646019","2024-08-14T14:33:39+00:00","false","False","","false","false","false","false","Sometimes I put the most unhinged shit I want to say in the formaliser and the results are just amazing. It’s helped so much.","Sometimes I put the most unhinged shit I want to say in the formaliser and the results are just amazing. It’s helped so much.","125","24","Goblin Tools (https://goblin.tools)","Goblin Tools (https://goblin.tools)","","false","true","","time","","mentions_pain_or_friction | mentions_working_solution_or_recommendation","28","[THREAD_TITLE]
What ADHD Apps do you use?

[THREAD_BODY]
Hey ADHDers! 👋 I’ve been on a journey to find the best apps to help with productivity, time management, and staying on top of things. As someone with ADHD, I know how tricky it can be to find the right tools that actually work for our unique brains. I’m curious—what apps are you all using at the moment to help with these challenges? Whether it’s a to-do list, calendar, or something more specialized, I’d love to hear what works for you. Also, are there any features you wish these apps had? Maybe something that could make them even more ADHD-friendly? Thanks in advance for your suggestions!

[PARENT_COMMENT_CONTEXT]
Goblin Tools (https://goblin.tools)

[CURRENT_RECORD]
Sometimes I put the most unhinged shit I want to say in the formaliser and the results are just amazing. It’s helped so much."
"C:\Projects\Web\planner-tdah\research\reddit_data\reddit-ADHDUK-what_adhd_apps_do_you_use.json","reddit-ADHDUK-what_adhd_apps_do_you_use","1ervyfx","t3_1ervyfx","https://www.reddit.com/r/ADHDUK/comments/1ervyfx/what_adhd_apps_do_you_use/","ADHDUK","r/ADHDUK","What ADHD Apps do you use?","Hey ADHDers! 👋 I’ve been on a journey to find the best apps to help with productivity, time management, and staying on top of things. As someone with ADHD, I know how tricky it can be to find the right tools that actually work for our unique brains. I’m curious—what apps are you all using at the moment to help with these challenges? Whether it’s a to-do list, calendar, or something more specialized, I’d love to hear what works for you. Also, are there any features you wish these apps had? Maybe something that could make them even more ADHD-friendly? Thanks in advance for your suggestions!","General Questions/Advice/Support","1723622555","2024-08-14T08:02:35+00:00","43","43","0.98","43","0a3c8b3246009e2d","","reddit-ADHDUK-what_adhd_apps_do_you_use:comment:m7knop8","comment","m7knop8","t1_m7knop8","https://www.reddit.com/r/ADHDUK/comments/1ervyfx/what_adhd_apps_do_you_use/m7knop8/","/r/ADHDUK/comments/1ervyfx/what_adhd_apps_do_you_use/m7knop8/","t1_li1o79e","comment","li1o79e","li1o79e","1","false","li1o79e > m7knop8","86662684f54be4e4","","","false","false","","2","2","0","0","0","1737085694","2025-01-17T03:48:14+00:00","false","False","","false","false","false","false","THE BEST","THE BEST","8","2","Goblin Tools (https://goblin.tools)","Goblin Tools (https://goblin.tools)","","false","false","","","","","0","[THREAD_TITLE]
What ADHD Apps do you use?

[THREAD_BODY]
Hey ADHDers! 👋 I’ve been on a journey to find the best apps to help with productivity, time management, and staying on top of things. As someone with ADHD, I know how tricky it can be to find the right tools that actually work for our unique brains. I’m curious—what apps are you all using at the moment to help with these challenges? Whether it’s a to-do list, calendar, or something more specialized, I’d love to hear what works for you. Also, are there any features you wish these apps had? Maybe something that could make them even more ADHD-friendly? Thanks in advance for your suggestions!

[PARENT_COMMENT_CONTEXT]
Goblin Tools (https://goblin.tools)

[CURRENT_RECORD]
THE BEST"
"C:\Projects\Web\planner-tdah\research\reddit_data\reddit-ADHDUK-what_adhd_apps_do_you_use.json","reddit-ADHDUK-what_adhd_apps_do_you_use","1ervyfx","t3_1ervyfx","https://www.reddit.com/r/ADHDUK/comments/1ervyfx/what_adhd_apps_do_you_use/","ADHDUK","r/ADHDUK","What ADHD Apps do you use?","Hey ADHDers! 👋 I’ve been on a journey to find the best apps to help with productivity, time management, and staying on top of things. As someone with ADHD, I know how tricky it can be to find the right tools that actually work for our unique brains. I’m curious—what apps are you all using at the moment to help with these challenges? Whether it’s a to-do list, calendar, or something more specialized, I’d love to hear what works for you. Also, are there any features you wish these apps had? Maybe something that could make them even more ADHD-friendly? Thanks in advance for your suggestions!","General Questions/Advice/Support","1723622555","2024-08-14T08:02:35+00:00","43","43","0.98","43","0a3c8b3246009e2d","","reddit-ADHDUK-what_adhd_apps_do_you_use:comment:o090hab","comment","o090hab","t1_o090hab","https://www.reddit.com/r/ADHDUK/comments/1ervyfx/what_adhd_apps_do_you_use/o090hab/","/r/ADHDUK/comments/1ervyfx/what_adhd_apps_do_you_use/o090hab/","t3_1ervyfx","post","","o090hab","0","true","o090hab","0c568b455f33b7ab","","","false","false","","33","33","0","0","0","1768718087","2026-01-18T06:34:47+00:00","false","False","","false","false","false","false","NoPlex has weirdly fixed my screenshot graveyard. I just share the screenshot to the app and it spits out an actual task from it, so “missed call” becomes “call back,” random to‑do list screenshot becomes real items. It’s the only reason half my “I’ll remember this later” stuff is actually getting done.","NoPlex has weirdly fixed my screenshot graveyard. I just share the screenshot to the app and it spits out an actual task from it, so “missed call” becomes “call back,” random to‑do list screenshot becomes real items. It’s the only reason half my “I’ll remember this later” stuff…","304","52","","","","false","false","app","","","mentions_planner_or_system","24","[THREAD_TITLE]
What ADHD Apps do you use?

[THREAD_BODY]
Hey ADHDers! 👋 I’ve been on a journey to find the best apps to help with productivity, time management, and staying on top of things. As someone with ADHD, I know how tricky it can be to find the right tools that actually work for our unique brains. I’m curious—what apps are you all using at the moment to help with these challenges? Whether it’s a to-do list, calendar, or something more specialized, I’d love to hear what works for you. Also, are there any features you wish these apps had? Maybe something that could make them even more ADHD-friendly? Thanks in advance for your suggestions!

[CURRENT_RECORD]
NoPlex has weirdly fixed my screenshot graveyard. I just share the screenshot to the app and it spits out an actual task from it, so “missed call” becomes “call back,” random to‑do list screenshot becomes real items. It’s the only reason half my “I’ll remember this later” stuff is actually getting done."
"C:\Projects\Web\planner-tdah\research\reddit_data\reddit-ADHDUK-what_adhd_apps_do_you_use.json","reddit-ADHDUK-what_adhd_apps_do_you_use","1ervyfx","t3_1ervyfx","https://www.reddit.com/r/ADHDUK/comments/1ervyfx/what_adhd_apps_do_you_use/","ADHDUK","r/ADHDUK","What ADHD Apps do you use?","Hey ADHDers! 👋 I’ve been on a journey to find the best apps to help with productivity, time management, and staying on top of things. As someone with ADHD, I know how tricky it can be to find the right tools that actually work for our unique brains. I’m curious—what apps are you all using at the moment to help with these challenges? Whether it’s a to-do list, calendar, or something more specialized, I’d love to hear what works for you. Also, are there any features you wish these apps had? Maybe something that could make them even more ADHD-friendly? Thanks in advance for your suggestions!","General Questions/Advice/Support","1723622555","2024-08-14T08:02:35+00:00","43","43","0.98","43","0a3c8b3246009e2d","","reddit-ADHDUK-what_adhd_apps_do_you_use:comment:li1nf26","comment","li1nf26","t1_li1nf26","https://www.reddit.com/r/ADHDUK/comments/1ervyfx/what_adhd_apps_do_you_use/li1nf26/","/r/ADHDUK/comments/1ervyfx/what_adhd_apps_do_you_use/li1nf26/","t3_1ervyfx","post","","li1nf26","0","true","li1nf26","c850b7bb307ab793","","ADHD-C (Combined Type)","false","false","","14","14","0","0","5","1723626065","2024-08-14T09:01:05+00:00","false","False","","false","false","false","false","I've been using finch for a couple of months now since my diagnosis and it really helps! I loved tamagotchi as a kid so it scratches that itch while actually getting me to do the things I need to do. Highly recommend if you want to be reminded of things, but not bombarded. I can safely say it's kept me on top of washing up a lot more, which is the task I've always hated the most 😅","I've been using finch for a couple of months now since my diagnosis and it really helps! I loved tamagotchi as a kid so it scratches that itch while actually getting me to do the things I need to do. Highly recommend if you want to be reminded of things, but not bombarded. I can…","383","78","","","","false","true","to do","","","mentions_planner_or_system | mentions_working_solution_or_recommendation","34","[THREAD_TITLE]
What ADHD Apps do you use?

[THREAD_BODY]
Hey ADHDers! 👋 I’ve been on a journey to find the best apps to help with productivity, time management, and staying on top of things. As someone with ADHD, I know how tricky it can be to find the right tools that actually work for our unique brains. I’m curious—what apps are you all using at the moment to help with these challenges? Whether it’s a to-do list, calendar, or something more specialized, I’d love to hear what works for you. Also, are there any features you wish these apps had? Maybe something that could make them even more ADHD-friendly? Thanks in advance for your suggestions!

[CURRENT_RECORD]
I've been using finch for a couple of months now since my diagnosis and it really helps! I loved tamagotchi as a kid so it scratches that itch while actually getting me to do the things I need to do. Highly recommend if you want to be reminded of things, but not bombarded. I can safely say it's kept me on top of washing up a lot more, which is the task I've always hated the most 😅"
"C:\Projects\Web\planner-tdah\research\reddit_data\reddit-ADHDUK-what_adhd_apps_do_you_use.json","reddit-ADHDUK-what_adhd_apps_do_you_use","1ervyfx","t3_1ervyfx","https://www.reddit.com/r/ADHDUK/comments/1ervyfx/what_adhd_apps_do_you_use/","ADHDUK","r/ADHDUK","What ADHD Apps do you use?","Hey ADHDers! 👋 I’ve been on a journey to find the best apps to help with productivity, time management, and staying on top of things. As someone with ADHD, I know how tricky it can be to find the right tools that actually work for our unique brains. I’m curious—what apps are you all using at the moment to help with these challenges? Whether it’s a to-do list, calendar, or something more specialized, I’d love to hear what works for you. Also, are there any features you wish these apps had? Maybe something that could make them even more ADHD-friendly? Thanks in advance for your suggestions!","General Questions/Advice/Support","1723622555","2024-08-14T08:02:35+00:00","43","43","0.98","43","0a3c8b3246009e2d","","reddit-ADHDUK-what_adhd_apps_do_you_use:comment:li1xred","comment","li1xred","t1_li1xred","https://www.reddit.com/r/ADHDUK/comments/1ervyfx/what_adhd_apps_do_you_use/li1xred/","/r/ADHDUK/comments/1ervyfx/what_adhd_apps_do_you_use/li1xred/","t1_li1nf26","comment","li1nf26","li1nf26","1","false","li1nf26 > li1xred","da49ae062eff137c","","","false","false","","8","8","0","0","0","1723632529","2024-08-14T10:48:49+00:00","false","False","","false","false","false","false","I also use Finch and it has helped me improve my morning routine - I now make my bed and floss.","I also use Finch and it has helped me improve my morning routine - I now make my bed and floss.","95","21","I've been using finch for a couple of months now since my diagnosis and it really helps! I loved tamagotchi as a kid so it scratches that itch while actually getting me to do the things I need to do. Highly recommend if you want to be reminded of things, but not bombarded. I can safely say it's kept me on top of washing up a lot more, which is the task I've always hated the most 😅","I've been using finch for a couple of months now since my diagnosis and it really helps! I loved tamagotchi as a kid so it scratches that itch while actually getting me to do the things I need to do. Highly recommend if you want to be reminded of things, but not bombarded. I can safely say it's kept me on top of washing up a lot more, which is the task I've always hated the most 😅","","false","true","routine","","","mentions_planner_or_system | mentions_working_solution_or_recommendation","27","[THREAD_TITLE]
What ADHD Apps do you use?

[THREAD_BODY]
Hey ADHDers! 👋 I’ve been on a journey to find the best apps to help with productivity, time management, and staying on top of things. As someone with ADHD, I know how tricky it can be to find the right tools that actually work for our unique brains. I’m curious—what apps are you all using at the moment to help with these challenges? Whether it’s a to-do list, calendar, or something more specialized, I’d love to hear what works for you. Also, are there any features you wish these apps had? Maybe something that could make them even more ADHD-friendly? Thanks in advance for your suggestions!

[PARENT_COMMENT_CONTEXT]
I've been using finch for a couple of months now since my diagnosis and it really helps! I loved tamagotchi as a kid so it scratches that itch while actually getting me to do the things I need to do. Highly recommend if you want to be reminded of things, but not bombarded. I can safely say it's kept me on top of washing up a lot more, which is the task I've always hated the most 😅

[CURRENT_RECORD]
I also use Finch and it has helped me improve my morning routine - I now make my bed and floss."
"C:\Projects\Web\planner-tdah\research\reddit_data\reddit-ADHDUK-what_adhd_apps_do_you_use.json","reddit-ADHDUK-what_adhd_apps_do_you_use","1ervyfx","t3_1ervyfx","https://www.reddit.com/r/ADHDUK/comments/1ervyfx/what_adhd_apps_do_you_use/","ADHDUK","r/ADHDUK","What ADHD Apps do you use?","Hey ADHDers! 👋 I’ve been on a journey to find the best apps to help with productivity, time management, and staying on top of things. As someone with ADHD, I know how tricky it can be to find the right tools that actually work for our unique brains. I’m curious—what apps are you all using at the moment to help with these challenges? Whether it’s a to-do list, calendar, or something more specialized, I’d love to hear what works for you. Also, are there any features you wish these apps had? Maybe something that could make them even more ADHD-friendly? Thanks in advance for your suggestions!","General Questions/Advice/Support","1723622555","2024-08-14T08:02:35+00:00","43","43","0.98","43","0a3c8b3246009e2d","","reddit-ADHDUK-what_adhd_apps_do_you_use:comment:li1y4tm","comment","li1y4tm","t1_li1y4tm","https://www.reddit.com/r/ADHDUK/comments/1ervyfx/what_adhd_apps_do_you_use/li1y4tm/","/r/ADHDUK/comments/1ervyfx/what_adhd_apps_do_you_use/li1y4tm/","t1_li1nf26","comment","li1nf26","li1nf26","1","false","li1nf26 > li1y4tm","dd56e88448cd0a4d","","","false","false","","6","6","0","0","0","1723632729","2024-08-14T10:52:09+00:00","false","False","","false","false","false","false","Finch is the only app/system that’s worked for me. I love it!","Finch is the only app/system that’s worked for me. I love it!","61","12","I've been using finch for a couple of months now since my diagnosis and it really helps! I loved tamagotchi as a kid so it scratches that itch while actually getting me to do the things I need to do. Highly recommend if you want to be reminded of things, but not bombarded. I can safely say it's kept me on top of washing up a lot more, which is the task I've always hated the most 😅","I've been using finch for a couple of months now since my diagnosis and it really helps! I loved tamagotchi as a kid so it scratches that itch while actually getting me to do the things I need to do. Highly recommend if you want to be reminded of things, but not bombarded. I can safely say it's kept me on top of washing up a lot more, which is the task I've always hated the most 😅","","false","true","app","","","mentions_planner_or_system | mentions_working_solution_or_recommendation","17","[THREAD_TITLE]
What ADHD Apps do you use?

[THREAD_BODY]
Hey ADHDers! 👋 I’ve been on a journey to find the best apps to help with productivity, time management, and staying on top of things. As someone with ADHD, I know how tricky it can be to find the right tools that actually work for our unique brains. I’m curious—what apps are you all using at the moment to help with these challenges? Whether it’s a to-do list, calendar, or something more specialized, I’d love to hear what works for you. Also, are there any features you wish these apps had? Maybe something that could make them even more ADHD-friendly? Thanks in advance for your suggestions!

[PARENT_COMMENT_CONTEXT]
I've been using finch for a couple of months now since my diagnosis and it really helps! I loved tamagotchi as a kid so it scratches that itch while actually getting me to do the things I need to do. Highly recommend if you want to be reminded of things, but not bombarded. I can safely say it's kept me on top of washing up a lot more, which is the task I've always hated the most 😅

[CURRENT_RECORD]
Finch is the only app/system that’s worked for me. I love it!"
"C:\Projects\Web\planner-tdah\research\reddit_data\reddit-ADHDUK-what_adhd_apps_do_you_use.json","reddit-ADHDUK-what_adhd_apps_do_you_use","1ervyfx","t3_1ervyfx","https://www.reddit.com/r/ADHDUK/comments/1ervyfx/what_adhd_apps_do_you_use/","ADHDUK","r/ADHDUK","What ADHD Apps do you use?","Hey ADHDers! 👋 I’ve been on a journey to find the best apps to help with productivity, time management, and staying on top of things. As someone with ADHD, I know how tricky it can be to find the right tools that actually work for our unique brains. I’m curious—what apps are you all using at the moment to help with these challenges? Whether it’s a to-do list, calendar, or something more specialized, I’d love to hear what works for you. Also, are there any features you wish these apps had? Maybe something that could make them even more ADHD-friendly? Thanks in advance for your suggestions!","General Questions/Advice/Support","1723622555","2024-08-14T08:02:35+00:00","43","43","0.98","43","0a3c8b3246009e2d","","reddit-ADHDUK-what_adhd_apps_do_you_use:comment:li2ppto","comment","li2ppto","t1_li2ppto","https://www.reddit.com/r/ADHDUK/comments/1ervyfx/what_adhd_apps_do_you_use/li2ppto/","/r/ADHDUK/comments/1ervyfx/what_adhd_apps_do_you_use/li2ppto/","t1_li1nf26","comment","li1nf26","li1nf26","1","false","li1nf26 > li2ppto","09d319e37523c14f","","","false","false","","4","4","0","0","0","1723644156","2024-08-14T14:02:36+00:00","false","False","","false","false","false","false","I love Finch (and helps I have a friend who uses it too!) It also has a really sweet feature where if you're having a hard time you can request a hug and it helps more than I thought it would 🥹","I love Finch (and helps I have a friend who uses it too!) It also has a really sweet feature where if you're having a hard time you can request a hug and it helps more than I thought it would 🥹","193","42","I've been using finch for a couple of months now since my diagnosis and it really helps! I loved tamagotchi as a kid so it scratches that itch while actually getting me to do the things I need to do. Highly recommend if you want to be reminded of things, but not bombarded. I can safely say it's kept me on top of washing up a lot more, which is the task I've always hated the most 😅","I've been using finch for a couple of months now since my diagnosis and it really helps! I loved tamagotchi as a kid so it scratches that itch while actually getting me to do the things I need to do. Highly recommend if you want to be reminded of things, but not bombarded. I can safely say it's kept me on top of washing up a lot more, which is the task I've always hated the most 😅","","false","true","","time","","forgetfulness_or_time_signal | mentions_pain_or_friction | mentions_working_solution_or_recommendation","31","[THREAD_TITLE]
What ADHD Apps do you use?

[THREAD_BODY]
Hey ADHDers! 👋 I’ve been on a journey to find the best apps to help with productivity, time management, and staying on top of things. As someone with ADHD, I know how tricky it can be to find the right tools that actually work for our unique brains. I’m curious—what apps are you all using at the moment to help with these challenges? Whether it’s a to-do list, calendar, or something more specialized, I’d love to hear what works for you. Also, are there any features you wish these apps had? Maybe something that could make them even more ADHD-friendly? Thanks in advance for your suggestions!

[PARENT_COMMENT_CONTEXT]
I've been using finch for a couple of months now since my diagnosis and it really helps! I loved tamagotchi as a kid so it scratches that itch while actually getting me to do the things I need to do. Highly recommend if you want to be reminded of things, but not bombarded. I can safely say it's kept me on top of washing up a lot more, which is the task I've always hated the most 😅

[CURRENT_RECORD]
I love Finch (and helps I have a friend who uses it too!) It also has a really sweet feature where if you're having a hard time you can request a hug and it helps more than I thought it would 🥹"
"C:\Projects\Web\planner-tdah\research\reddit_data\reddit-ADHDUK-what_adhd_apps_do_you_use.json","reddit-ADHDUK-what_adhd_apps_do_you_use","1ervyfx","t3_1ervyfx","https://www.reddit.com/r/ADHDUK/comments/1ervyfx/what_adhd_apps_do_you_use/","ADHDUK","r/ADHDUK","What ADHD Apps do you use?","Hey ADHDers! 👋 I’ve been on a journey to find the best apps to help with productivity, time management, and staying on top of things. As someone with ADHD, I know how tricky it can be to find the right tools that actually work for our unique brains. I’m curious—what apps are you all using at the moment to help with these challenges? Whether it’s a to-do list, calendar, or something more specialized, I’d love to hear what works for you. Also, are there any features you wish these apps had? Maybe something that could make them even more ADHD-friendly? Thanks in advance for your suggestions!","General Questions/Advice/Support","1723622555","2024-08-14T08:02:35+00:00","43","43","0.98","43","0a3c8b3246009e2d","","reddit-ADHDUK-what_adhd_apps_do_you_use:comment:li2uwd7","comment","li2uwd7","t1_li2uwd7","https://www.reddit.com/r/ADHDUK/comments/1ervyfx/what_adhd_apps_do_you_use/li2uwd7/","/r/ADHDUK/comments/1ervyfx/what_adhd_apps_do_you_use/li2uwd7/","t1_li1nf26","comment","li1nf26","li1nf26","1","false","li1nf26 > li2uwd7","6e57aa041ddbd94a","","","false","false","","3","3","0","0","0","1723645892","2024-08-14T14:31:32+00:00","false","False","","false","false","false","false","Me too, only app I've stuck too, 104 day streak!! Love it x","Me too, only app I've stuck too, 104 day streak!! Love it x","59","13","I've been using finch for a couple of months now since my diagnosis and it really helps! I loved tamagotchi as a kid so it scratches that itch while actually getting me to do the things I need to do. Highly recommend if you want to be reminded of things, but not bombarded. I can safely say it's kept me on top of washing up a lot more, which is the task I've always hated the most 😅","I've been using finch for a couple of months now since my diagnosis and it really helps! I loved tamagotchi as a kid so it scratches that itch while actually getting me to do the things I need to do. Highly recommend if you want to be reminded of things, but not bombarded. I can safely say it's kept me on top of washing up a lot more, which is the task I've always hated the most 😅","","false","true","app","","","mentions_planner_or_system | mentions_working_solution_or_recommendation","12","[THREAD_TITLE]
What ADHD Apps do you use?

[THREAD_BODY]
Hey ADHDers! 👋 I’ve been on a journey to find the best apps to help with productivity, time management, and staying on top of things. As someone with ADHD, I know how tricky it can be to find the right tools that actually work for our unique brains. I’m curious—what apps are you all using at the moment to help with these challenges? Whether it’s a to-do list, calendar, or something more specialized, I’d love to hear what works for you. Also, are there any features you wish these apps had? Maybe something that could make them even more ADHD-friendly? Thanks in advance for your suggestions!

[PARENT_COMMENT_CONTEXT]
I've been using finch for a couple of months now since my diagnosis and it really helps! I loved tamagotchi as a kid so it scratches that itch while actually getting me to do the things I need to do. Highly recommend if you want to be reminded of things, but not bombarded. I can safely say it's kept me on top of washing up a lot more, which is the task I've always hated the most 😅

[CURRENT_RECORD]
Me too, only app I've stuck too, 104 day streak!! Love it x"
"C:\Projects\Web\planner-tdah\research\reddit_data\reddit-ADHDUK-what_adhd_apps_do_you_use.json","reddit-ADHDUK-what_adhd_apps_do_you_use","1ervyfx","t3_1ervyfx","https://www.reddit.com/r/ADHDUK/comments/1ervyfx/what_adhd_apps_do_you_use/","ADHDUK","r/ADHDUK","What ADHD Apps do you use?","Hey ADHDers! 👋 I’ve been on a journey to find the best apps to help with productivity, time management, and staying on top of things. As someone with ADHD, I know how tricky it can be to find the right tools that actually work for our unique brains. I’m curious—what apps are you all using at the moment to help with these challenges? Whether it’s a to-do list, calendar, or something more specialized, I’d love to hear what works for you. Also, are there any features you wish these apps had? Maybe something that could make them even more ADHD-friendly? Thanks in advance for your suggestions!","General Questions/Advice/Support","1723622555","2024-08-14T08:02:35+00:00","43","43","0.98","43","0a3c8b3246009e2d","","reddit-ADHDUK-what_adhd_apps_do_you_use:comment:li3kaal","comment","li3kaal","t1_li3kaal","https://www.reddit.com/r/ADHDUK/comments/1ervyfx/what_adhd_apps_do_you_use/li3kaal/","/r/ADHDUK/comments/1ervyfx/what_adhd_apps_do_you_use/li3kaal/","t1_li1nf26","comment","li1nf26","li1nf26","1","false","li1nf26 > li3kaal","810915fac1d3447e","","","false","false","","3","3","0","0","0","1723653982","2024-08-14T16:46:22+00:00","false","False","","false","false","false","false","Yep, another finch user here too! Been using it for months now, I even use it for my work tasks too. As others have said, it's the only thing that has worked for me.","Yep, another finch user here too! Been using it for months now, I even use it for my work tasks too. As others have said, it's the only thing that has worked for me.","165","34","I've been using finch for a couple of months now since my diagnosis and it really helps! I loved tamagotchi as a kid so it scratches that itch while actually getting me to do the things I need to do. Highly recommend if you want to be reminded of things, but not bombarded. I can safely say it's kept me on top of washing up a lot more, which is the task I've always hated the most 😅","I've been using finch for a couple of months now since my diagnosis and it really helps! I loved tamagotchi as a kid so it scratches that itch while actually getting me to do the things I need to do. Highly recommend if you want to be reminded of things, but not bombarded. I can safely say it's kept me on top of washing up a lot more, which is the task I've always hated the most 😅","","false","true","","tasks","","mentions_pain_or_friction | mentions_working_solution_or_recommendation","23","[THREAD_TITLE]
What ADHD Apps do you use?

[THREAD_BODY]
Hey ADHDers! 👋 I’ve been on a journey to find the best apps to help with productivity, time management, and staying on top of things. As someone with ADHD, I know how tricky it can be to find the right tools that actually work for our unique brains. I’m curious—what apps are you all using at the moment to help with these challenges? Whether it’s a to-do list, calendar, or something more specialized, I’d love to hear what works for you. Also, are there any features you wish these apps had? Maybe something that could make them even more ADHD-friendly? Thanks in advance for your suggestions!

[PARENT_COMMENT_CONTEXT]
I've been using finch for a couple of months now since my diagnosis and it really helps! I loved tamagotchi as a kid so it scratches that itch while actually getting me to do the things I need to do. Highly recommend if you want to be reminded of things, but not bombarded. I can safely say it's kept me on top of washing up a lot more, which is the task I've always hated the most 😅

[CURRENT_RECORD]
Yep, another finch user here too! Been using it for months now, I even use it for my work tasks too. As others have said, it's the only thing that has worked for me."
"C:\Projects\Web\planner-tdah\research\reddit_data\reddit-ADHDUK-what_adhd_apps_do_you_use.json","reddit-ADHDUK-what_adhd_apps_do_you_use","1ervyfx","t3_1ervyfx","https://www.reddit.com/r/ADHDUK/comments/1ervyfx/what_adhd_apps_do_you_use/","ADHDUK","r/ADHDUK","What ADHD Apps do you use?","Hey ADHDers! 👋 I’ve been on a journey to find the best apps to help with productivity, time management, and staying on top of things. As someone with ADHD, I know how tricky it can be to find the right tools that actually work for our unique brains. I’m curious—what apps are you all using at the moment to help with these challenges? Whether it’s a to-do list, calendar, or something more specialized, I’d love to hear what works for you. Also, are there any features you wish these apps had? Maybe something that could make them even more ADHD-friendly? Thanks in advance for your suggestions!","General Questions/Advice/Support","1723622555","2024-08-14T08:02:35+00:00","43","43","0.98","43","0a3c8b3246009e2d","","reddit-ADHDUK-what_adhd_apps_do_you_use:comment:li1lk9l","comment","li1lk9l","t1_li1lk9l","https://www.reddit.com/r/ADHDUK/comments/1ervyfx/what_adhd_apps_do_you_use/li1lk9l/","/r/ADHDUK/comments/1ervyfx/what_adhd_apps_do_you_use/li1lk9l/","t3_1ervyfx","post","","li1lk9l","0","true","li1lk9l","097bc590fc9468da","","","false","false","","13","13","0","0","2","1723624808","2024-08-14T08:40:08+00:00","false","False","","false","false","false","false","Try tick tick or todoist I think lots of people have success with them. I also used to use an app called ""fabulous"", the same company recently released another app called ""clarify"" for adhd specifically. It's like a coaching app that helps build routines. I had some small success a few years ago but my schedule changes a lot (self employed) and my mum suddenly died last year which wrecked me. I've tried a couple of the apps again but I feel like I'm putting too much pressure on myself and I just end up with 1000 notifications to ignore 😬 Fabulous and Clarify are a bit too flowery and ""American"" (not a dig, as a Brit man in his 30s I'm not the target audience and I know they must work for lots of people) and I basically don't feel accountable enough for other apps. SO I've found a pen and paper short (no more than 5 points) to do list is working. I'll do it in bed and make sure at least one thing is easily done in the morning to get me started like stick the washing on. Actually hand writing a list as well as a short diary entry (sometimes I just write what I did that day, sometimes I rant, sometimes I write a little story, it doesn't matter) feels like I'm more accountable and WANT to do the stuff. Hope that wasn't too rambly and you find something that works! TL;DR : the key for me is feeling accountable and the only thing I've found that works is hand writing.","Try tick tick or todoist I think lots of people have success with them. I also used to use an app called ""fabulous"", the same company recently released another app called ""clarify"" for adhd specifically. It's like a coaching app that helps build routines. I had some small succes…","1384","266","","","","false","true","app | to do | todo | schedule | routine","adhd | time | too much","change","long_form_comment | mentions_feature_or_solution | mentions_pain_or_friction | mentions_planner_or_system | mentions_working_solution_or_recommendation | overwhelm_or_complexity_signal","93","[THREAD_TITLE]
What ADHD Apps do you use?

[THREAD_BODY]
Hey ADHDers! 👋 I’ve been on a journey to find the best apps to help with productivity, time management, and staying on top of things. As someone with ADHD, I know how tricky it can be to find the right tools that actually work for our unique brains. I’m curious—what apps are you all using at the moment to help with these challenges? Whether it’s a to-do list, calendar, or something more specialized, I’d love to hear what works for you. Also, are there any features you wish these apps had? Maybe something that could make them even more ADHD-friendly? Thanks in advance for your suggestions!

[CURRENT_RECORD]
Try tick tick or todoist I think lots of people have success with them. I also used to use an app called ""fabulous"", the same company recently released another app called ""clarify"" for adhd specifically. It's like a coaching app that helps build routines. I had some small success a few years ago but my schedule changes a lot (self employed) and my mum suddenly died last year which wrecked me. I've tried a couple of the apps again but I feel like I'm putting too much pressure on myself and I just end up with 1000 notifications to ignore 😬 Fabulous and Clarify are a bit too flowery and ""American"" (not a dig, as a Brit man in his 30s I'm not the target audience and I know they must work for lots of people) and I basically don't feel accountable enough for other apps. SO I've found a pen and paper short (no more than 5 points) to do list is working. I'll do it in bed and make sure at least one thing is easily done in the morning to get me started like stick the washing on. Actually hand writing a list as well as a short diary entry (sometimes I just write what I did that day, sometimes I rant, sometimes I write a little story, it doesn't matter) feels like I'm more accountable and WANT to do the stuff. Hope that wasn't too rambly and you find something that works! TL;DR : the key for me is feeling accountable and the only thing I've found that works is hand writing."
"C:\Projects\Web\planner-tdah\research\reddit_data\reddit-ADHDUK-what_adhd_apps_do_you_use.json","reddit-ADHDUK-what_adhd_apps_do_you_use","1ervyfx","t3_1ervyfx","https://www.reddit.com/r/ADHDUK/comments/1ervyfx/what_adhd_apps_do_you_use/","ADHDUK","r/ADHDUK","What ADHD Apps do you use?","Hey ADHDers! 👋 I’ve been on a journey to find the best apps to help with productivity, time management, and staying on top of things. As someone with ADHD, I know how tricky it can be to find the right tools that actually work for our unique brains. I’m curious—what apps are you all using at the moment to help with these challenges? Whether it’s a to-do list, calendar, or something more specialized, I’d love to hear what works for you. Also, are there any features you wish these apps had? Maybe something that could make them even more ADHD-friendly? Thanks in advance for your suggestions!","General Questions/Advice/Support","1723622555","2024-08-14T08:02:35+00:00","43","43","0.98","43","0a3c8b3246009e2d","","reddit-ADHDUK-what_adhd_apps_do_you_use:comment:li2znz7","comment","li2znz7","t1_li2znz7","https://www.reddit.com/r/ADHDUK/comments/1ervyfx/what_adhd_apps_do_you_use/li2znz7/","/r/ADHDUK/comments/1ervyfx/what_adhd_apps_do_you_use/li2znz7/","t1_li1lk9l","comment","li1lk9l","li1lk9l","1","false","li1lk9l > li2znz7","eee2d2f76975fd7a","","ADHD-PI (Predominantly Inattentive)","false","false","","2","2","0","0","1","1723647438","2024-08-14T14:57:18+00:00","false","False","","false","false","false","false","I’m seconding TickTick I love it so much and it keeps everything together. I recently upgraded to premium so it can even keep tasks as live activities so i don’t forget them I use it in conjunction with a white board, notebook and postit notes. Tick Tick is the master to-do that I can sort by priority or date The whiteboard is for more long term things for me to not forget about, (eg skills and routines) The notebook is for everything that’s not a task, psychiatrist appointments notes, scripts for phone calls, random bits of paper. It’s a mess but if i’m looking for something i’ve forgotten I go in there. Finally the post it notes are for the days that are tough to remember anything. I write what my priorities for the day are (getting them off my tick tick ‘today’ and whiteboard) and then I can stick it on my wall or desk where I can see it and I get the physical gratification of crossing things of by hand and the finishing the smaller things on there too (eg brush teeth, have a shower)","I’m seconding TickTick I love it so much and it keeps everything together. I recently upgraded to premium so it can even keep tasks as live activities so i don’t forget them I use it in conjunction with a white board, notebook and postit notes. Tick Tick is the master to-do that…","1001","188","Try tick tick or todoist I think lots of people have success with them. I also used to use an app called ""fabulous"", the same company recently released another app called ""clarify"" for adhd specifically. It's like a coaching app that helps build routines. I had some small success a few years ago but my schedule changes a lot (self employed) and my mum suddenly died last year which wrecked me. I've tried a couple of the apps again but I feel like I'm putting too much pressure on myself and I just end up with 1000 notifications to ignore 😬 Fabulous and Clarify are a bit too flowery and ""American"" (not a dig, as a Brit man in his 30s I'm not the target audience and I know they must work for lo…","Try tick tick or todoist I think lots of people have success with them. I also used to use an app called ""fabulous"", the same company recently released another app called ""clarify"" for adhd specifically. It's like a coaching app that helps build routines. I had some small success a few years ago but my schedule changes a lot (self employed) and my mum suddenly died last year which wrecked me. I've tried a couple of the apps again but I feel like I'm putting too much pressure on myself and I just end up with 1000 notifications to ignore 😬 Fabulous and Clarify are a bit too flowery and ""American"" (not a dig, as a Brit man in his 30s I'm not the target audience and I know they must work for lo…","","false","true","app | to-do | routine","forget | forgot | forgotten | tasks","notes | appointments","forgetfulness_or_time_signal | long_form_comment | mentions_feature_or_solution | mentions_pain_or_friction | mentions_planner_or_system | mentions_working_solution_or_recommendation","89","[THREAD_TITLE]
What ADHD Apps do you use?

[THREAD_BODY]
Hey ADHDers! 👋 I’ve been on a journey to find the best apps to help with productivity, time management, and staying on top of things. As someone with ADHD, I know how tricky it can be to find the right tools that actually work for our unique brains. I’m curious—what apps are you all using at the moment to help with these challenges? Whether it’s a to-do list, calendar, or something more specialized, I’d love to hear what works for you. Also, are there any features you wish these apps had? Maybe something that could make them even more ADHD-friendly? Thanks in advance for your suggestions!

[PARENT_COMMENT_CONTEXT]
Try tick tick or todoist I think lots of people have success with them. I also used to use an app called ""fabulous"", the same company recently released another app called ""clarify"" for adhd specifically. It's like a coaching app that helps build routines. I had some small success a few years ago but my schedule changes a lot (self employed) and my mum suddenly died last year which wrecked me. I've tried a couple of the apps again but I feel like I'm putting too much pressure on myself and I just end up with 1000 notifications to ignore 😬 Fabulous and Clarify are a bit too flowery and ""American"" (not a dig, as a Brit man in his 30s I'm not the target audience and I know they must work for lo…

[CURRENT_RECORD]
I’m seconding TickTick I love it so much and it keeps everything together. I recently upgraded to premium so it can even keep tasks as live activities so i don’t forget them I use it in conjunction with a white board, notebook and postit notes. Tick Tick is the master to-do that I can sort by priority or date The whiteboard is for more long term things for me to not forget about, (eg skills and routines) The notebook is for everything that’s not a task, psychiatrist appointments notes, scripts for phone calls, random bits of paper. It’s a mess but if i’m looking for something i’ve forgotten I go in there. Finally the post it notes are for the days that are tough to remember anything. I write what my priorities for the day are (getting them off my tick tick ‘today’ and whiteboard) and then I can stick it on my wall or desk where I can see it and I get the physical gratification of crossing things of by hand and the finishing the smaller things on there too (eg brush teeth, have a shower)"
"C:\Projects\Web\planner-tdah\research\reddit_data\reddit-ADHDUK-what_adhd_apps_do_you_use.json","reddit-ADHDUK-what_adhd_apps_do_you_use","1ervyfx","t3_1ervyfx","https://www.reddit.com/r/ADHDUK/comments/1ervyfx/what_adhd_apps_do_you_use/","ADHDUK","r/ADHDUK","What ADHD Apps do you use?","Hey ADHDers! 👋 I’ve been on a journey to find the best apps to help with productivity, time management, and staying on top of things. As someone with ADHD, I know how tricky it can be to find the right tools that actually work for our unique brains. I’m curious—what apps are you all using at the moment to help with these challenges? Whether it’s a to-do list, calendar, or something more specialized, I’d love to hear what works for you. Also, are there any features you wish these apps had? Maybe something that could make them even more ADHD-friendly? Thanks in advance for your suggestions!","General Questions/Advice/Support","1723622555","2024-08-14T08:02:35+00:00","43","43","0.98","43","0a3c8b3246009e2d","","reddit-ADHDUK-what_adhd_apps_do_you_use:comment:li4luse","comment","li4luse","t1_li4luse","https://www.reddit.com/r/ADHDUK/comments/1ervyfx/what_adhd_apps_do_you_use/li4luse/","/r/ADHDUK/comments/1ervyfx/what_adhd_apps_do_you_use/li4luse/","t1_li2znz7","comment","li2znz7","li1lk9l","2","false","li1lk9l > li2znz7 > li4luse","097bc590fc9468da","","","false","false","","1","1","0","0","1","1723665882","2024-08-14T20:04:42+00:00","false","False","","false","false","false","false","That's it I'm getting a whiteboard! Do you do post it notes every day? And also do you consistently put all of those smaller bits on there like teeth / shower etc? My horrible brain refuses to when it comes to smaller things but then I don't bloody do them. I don't even forget to brush my teeth half the time, my brain makes an excuse not to (""you're about to have breakfast and coffee just brush after"" which obviously doesn't happen, and then follows the self blame). For the same reason it doesn't like planning out those basic tasks (followed by more blame). Thank you for the inspiration!","That's it I'm getting a whiteboard! Do you do post it notes every day? And also do you consistently put all of those smaller bits on there like teeth / shower etc? My horrible brain refuses to when it comes to smaller things but then I don't bloody do them. I don't even forget t…","594","109","I’m seconding TickTick I love it so much and it keeps everything together. I recently upgraded to premium so it can even keep tasks as live activities so i don’t forget them I use it in conjunction with a white board, notebook and postit notes. Tick Tick is the master to-do that I can sort by priority or date The whiteboard is for more long term things for me to not forget about, (eg skills and routines) The notebook is for everything that’s not a task, psychiatrist appointments notes, scripts for phone calls, random bits of paper. It’s a mess but if i’m looking for something i’ve forgotten I go in there. Finally the post it notes are for the days that are tough to remember anything. I writ…","Try tick tick or todoist I think lots of people have success with them. I also used to use an app called ""fabulous"", the same company recently released another app called ""clarify"" for adhd specifically. It's like a coaching app that helps build routines. I had some small success a few years ago but my schedule changes a lot (self employed) and my mum suddenly died last year which wrecked me. I've tried a couple of the apps again but I feel like I'm putting too much pressure on myself and I just end up with 1000 notifications to ignore 😬 Fabulous and Clarify are a bit too flowery and ""American"" (not a dig, as a Brit man in his 30s I'm not the target audience and I know they must work for lo…","","true","false","plan | planning | app","forget | time | tasks","notes","contains_question | forgetfulness_or_time_signal | long_form_comment | mentions_feature_or_solution | mentions_pain_or_friction | mentions_planner_or_system","62","[THREAD_TITLE]
What ADHD Apps do you use?

[THREAD_BODY]
Hey ADHDers! 👋 I’ve been on a journey to find the best apps to help with productivity, time management, and staying on top of things. As someone with ADHD, I know how tricky it can be to find the right tools that actually work for our unique brains. I’m curious—what apps are you all using at the moment to help with these challenges? Whether it’s a to-do list, calendar, or something more specialized, I’d love to hear what works for you. Also, are there any features you wish these apps had? Maybe something that could make them even more ADHD-friendly? Thanks in advance for your suggestions!

[ROOT_COMMENT_CONTEXT]
Try tick tick or todoist I think lots of people have success with them. I also used to use an app called ""fabulous"", the same company recently released another app called ""clarify"" for adhd specifically. It's like a coaching app that helps build routines. I had some small success a few years ago but my schedule changes a lot (self employed) and my mum suddenly died last year which wrecked me. I've tried a couple of the apps again but I feel like I'm putting too much pressure on myself and I just end up with 1000 notifications to ignore 😬 Fabulous and Clarify are a bit too flowery and ""American"" (not a dig, as a Brit man in his 30s I'm not the target audience and I know they must work for lo…

[PARENT_COMMENT_CONTEXT]
I’m seconding TickTick I love it so much and it keeps everything together. I recently upgraded to premium so it can even keep tasks as live activities so i don’t forget them I use it in conjunction with a white board, notebook and postit notes. Tick Tick is the master to-do that I can sort by priority or date The whiteboard is for more long term things for me to not forget about, (eg skills and routines) The notebook is for everything that’s not a task, psychiatrist appointments notes, scripts for phone calls, random bits of paper. It’s a mess but if i’m looking for something i’ve forgotten I go in there. Finally the post it notes are for the days that are tough to remember anything. I writ…

[CURRENT_RECORD]
That's it I'm getting a whiteboard! Do you do post it notes every day? And also do you consistently put all of those smaller bits on there like teeth / shower etc? My horrible brain refuses to when it comes to smaller things but then I don't bloody do them. I don't even forget to brush my teeth half the time, my brain makes an excuse not to (""you're about to have breakfast and coffee just brush after"" which obviously doesn't happen, and then follows the self blame). For the same reason it doesn't like planning out those basic tasks (followed by more blame). Thank you for the inspiration!"
"C:\Projects\Web\planner-tdah\research\reddit_data\reddit-ADHDUK-what_adhd_apps_do_you_use.json","reddit-ADHDUK-what_adhd_apps_do_you_use","1ervyfx","t3_1ervyfx","https://www.reddit.com/r/ADHDUK/comments/1ervyfx/what_adhd_apps_do_you_use/","ADHDUK","r/ADHDUK","What ADHD Apps do you use?","Hey ADHDers! 👋 I’ve been on a journey to find the best apps to help with productivity, time management, and staying on top of things. As someone with ADHD, I know how tricky it can be to find the right tools that actually work for our unique brains. I’m curious—what apps are you all using at the moment to help with these challenges? Whether it’s a to-do list, calendar, or something more specialized, I’d love to hear what works for you. Also, are there any features you wish these apps had? Maybe something that could make them even more ADHD-friendly? Thanks in advance for your suggestions!","General Questions/Advice/Support","1723622555","2024-08-14T08:02:35+00:00","43","43","0.98","43","0a3c8b3246009e2d","","reddit-ADHDUK-what_adhd_apps_do_you_use:comment:lia10kc","comment","lia10kc","t1_lia10kc","https://www.reddit.com/r/ADHDUK/comments/1ervyfx/what_adhd_apps_do_you_use/lia10kc/","/r/ADHDUK/comments/1ervyfx/what_adhd_apps_do_you_use/lia10kc/","t1_li4luse","comment","li4luse","li1lk9l","3","false","li1lk9l > li2znz7 > li4luse > lia10kc","eee2d2f76975fd7a","","ADHD-PI (Predominantly Inattentive)","false","false","","3","3","0","0","0","1723745732","2024-08-15T18:15:32+00:00","false","False","","false","false","false","false","I don’t use post-it every day, only if i’m having a day that i find myself struggling to sort through all the info in my head and need to write it out. More about how I manage things with my whiteboard: - i have my ideal daily tasks in 4 categories in Blue -> when I wake up (meds, water, stretch…) -> Good daily habits (Read the News and do the NYT games) -> My dog (Food, walk, enrichment) -> Far fetched ideal (Leave my phone out of my room, screen time) - In Green I have a list of my friends and family I need to rember to text and check up on - And in purple I have my goals I don’t want to forget about (Digital art, 5K Run, etc.) This acts as the part of my brain that’s supposed to remember those things anyway but doesn’t. I don’t include shower and teeth on it because I have a separate system for those. Before leaving the house I always do 3 things when i get dressed in the bathroom. - Teeth - Hair - wash face I remember if by the number 3 as my memory is not good enough to remember it anyway. I’ve been doing it like that for so long now that I feel icky without it but If i am having a very tricky day those things do make it on the post-it’s. I hope that helps, and I definitely agree with a white board it’s so useful!! It’s taken me a very long time to work out systems that work for me but it’s amazing now!","I don’t use post-it every day, only if i’m having a day that i find myself struggling to sort through all the info in my head and need to write it out. More about how I manage things with my whiteboard: - i have my ideal daily tasks in 4 categories in Blue -> when I wake up (med…","1329","274","That's it I'm getting a whiteboard! Do you do post it notes every day? And also do you consistently put all of those smaller bits on there like teeth / shower etc? My horrible brain refuses to when it comes to smaller things but then I don't bloody do them. I don't even forget to brush my teeth half the time, my brain makes an excuse not to (""you're about to have breakfast and coffee just brush after"" which obviously doesn't happen, and then follows the self blame). For the same reason it doesn't like planning out those basic tasks (followed by more blame). Thank you for the inspiration!","Try tick tick or todoist I think lots of people have success with them. I also used to use an app called ""fabulous"", the same company recently released another app called ""clarify"" for adhd specifically. It's like a coaching app that helps build routines. I had some small success a few years ago but my schedule changes a lot (self employed) and my mum suddenly died last year which wrecked me. I've tried a couple of the apps again but I feel like I'm putting too much pressure on myself and I just end up with 1000 notifications to ignore 😬 Fabulous and Clarify are a bit too flowery and ""American"" (not a dig, as a Brit man in his 30s I'm not the target audience and I know they must work for lo…","","false","true","daily","forget | time | tasks","categories | daily","forgetfulness_or_time_signal | long_form_comment | mentions_feature_or_solution | mentions_pain_or_friction | mentions_planner_or_system | mentions_working_solution_or_recommendation","73","[THREAD_TITLE]
What ADHD Apps do you use?

[THREAD_BODY]
Hey ADHDers! 👋 I’ve been on a journey to find the best apps to help with productivity, time management, and staying on top of things. As someone with ADHD, I know how tricky it can be to find the right tools that actually work for our unique brains. I’m curious—what apps are you all using at the moment to help with these challenges? Whether it’s a to-do list, calendar, or something more specialized, I’d love to hear what works for you. Also, are there any features you wish these apps had? Maybe something that could make them even more ADHD-friendly? Thanks in advance for your suggestions!

[ROOT_COMMENT_CONTEXT]
Try tick tick or todoist I think lots of people have success with them. I also used to use an app called ""fabulous"", the same company recently released another app called ""clarify"" for adhd specifically. It's like a coaching app that helps build routines. I had some small success a few years ago but my schedule changes a lot (self employed) and my mum suddenly died last year which wrecked me. I've tried a couple of the apps again but I feel like I'm putting too much pressure on myself and I just end up with 1000 notifications to ignore 😬 Fabulous and Clarify are a bit too flowery and ""American"" (not a dig, as a Brit man in his 30s I'm not the target audience and I know they must work for lo…

[PARENT_COMMENT_CONTEXT]
That's it I'm getting a whiteboard! Do you do post it notes every day? And also do you consistently put all of those smaller bits on there like teeth / shower etc? My horrible brain refuses to when it comes to smaller things but then I don't bloody do them. I don't even forget to brush my teeth half the time, my brain makes an excuse not to (""you're about to have breakfast and coffee just brush after"" which obviously doesn't happen, and then follows the self blame). For the same reason it doesn't like planning out those basic tasks (followed by more blame). Thank you for the inspiration!

[CURRENT_RECORD]
I don’t use post-it every day, only if i’m having a day that i find myself struggling to sort through all the info in my head and need to write it out. More about how I manage things with my whiteboard: - i have my ideal daily tasks in 4 categories in Blue -> when I wake up (meds, water, stretch…) -> Good daily habits (Read the News and do the NYT games) -> My dog (Food, walk, enrichment) -> Far fetched ideal (Leave my phone out of my room, screen time) - In Green I have a list of my friends and family I need to rember to text and check up on - And in purple I have my goals I don’t want to forget about (Digital art, 5K Run, etc.) This acts as the part of my brain that’s supposed to remember those things anyway but doesn’t. I don’t include shower and teeth on it because I have a separate system for those. Before leaving the house I always do 3 things when i get dressed in the bathroom. - Teeth - Hair - wash face I remember if by the number 3 as my memory is not good enough to remember it anyway. I’ve been doing it like that for so long now that I feel icky without it but If i am having a very tricky day those things do make it on the post-it’s. I hope that helps, and I definitely agree with a white board it’s so useful!! It’s taken me a very long time to work out systems that work for me but it’s amazing now!"
"C:\Projects\Web\planner-tdah\research\reddit_data\reddit-ADHDUK-what_adhd_apps_do_you_use.json","reddit-ADHDUK-what_adhd_apps_do_you_use","1ervyfx","t3_1ervyfx","https://www.reddit.com/r/ADHDUK/comments/1ervyfx/what_adhd_apps_do_you_use/","ADHDUK","r/ADHDUK","What ADHD Apps do you use?","Hey ADHDers! 👋 I’ve been on a journey to find the best apps to help with productivity, time management, and staying on top of things. As someone with ADHD, I know how tricky it can be to find the right tools that actually work for our unique brains. I’m curious—what apps are you all using at the moment to help with these challenges? Whether it’s a to-do list, calendar, or something more specialized, I’d love to hear what works for you. Also, are there any features you wish these apps had? Maybe something that could make them even more ADHD-friendly? Thanks in advance for your suggestions!","General Questions/Advice/Support","1723622555","2024-08-14T08:02:35+00:00","43","43","0.98","43","0a3c8b3246009e2d","","reddit-ADHDUK-what_adhd_apps_do_you_use:comment:lidzbwv","comment","lidzbwv","t1_lidzbwv","https://www.reddit.com/r/ADHDUK/comments/1ervyfx/what_adhd_apps_do_you_use/lidzbwv/","/r/ADHDUK/comments/1ervyfx/what_adhd_apps_do_you_use/lidzbwv/","t1_li1lk9l","comment","li1lk9l","li1lk9l","1","false","li1lk9l > lidzbwv","e493b913c621ecd7","","ADHD-C (Combined Type)","false","false","","1","1","0","0","0","1723806833","2024-08-16T11:13:53+00:00","false","False","","false","false","false","false","I love this. It's good to know that I'm not the only one who uses handwritten lists and Post-It notes! To-do lists are my nemesis. At work, I use ToDo or Planner for tasks. I tend to talk myself into side projects, so I use Outlook to block out time to prevent meetings from being scheduled. when I need to focus on a project. I also record personal reminders in my Outlook, which I make private. I often ignore tasks, so I make a handwritten list of priorities corresponding to them and update my tasks every few days so there's a digital trail. Outside of work, I keep a diary and use my phone calendar. I use Post-it notes for personal things I must remember to do during the day, such as phone calls or emails, which I stick to my monitor. I also use Post-it notes in my diary for extra information or more detailed notes of what I need to do. For important pieces of information, I'll use highlighter pens. I noticed that if the Post-It notes are on my screen every day, I'll start to ignore them. I make an effort to act on them and make sure I remove Post-Its for completed tasks as soon as they are done. I tried Todoist and Llama Life. Llama Life is interesting because the alerts, timers, and reminders persist. I used it for the Pomodoro technique when I was doing a qualification.","I love this. It's good to know that I'm not the only one who uses handwritten lists and Post-It notes! To-do lists are my nemesis. At work, I use ToDo or Planner for tasks. I tend to talk myself into side projects, so I use Outlook to block out time to prevent meetings from bein…","1292","243","Try tick tick or todoist I think lots of people have success with them. I also used to use an app called ""fabulous"", the same company recently released another app called ""clarify"" for adhd specifically. It's like a coaching app that helps build routines. I had some small success a few years ago but my schedule changes a lot (self employed) and my mum suddenly died last year which wrecked me. I've tried a couple of the apps again but I feel like I'm putting too much pressure on myself and I just end up with 1000 notifications to ignore 😬 Fabulous and Clarify are a bit too flowery and ""American"" (not a dig, as a Brit man in his 30s I'm not the target audience and I know they must work for lo…","Try tick tick or todoist I think lots of people have success with them. I also used to use an app called ""fabulous"", the same company recently released another app called ""clarify"" for adhd specifically. It's like a coaching app that helps build routines. I had some small success a few years ago but my schedule changes a lot (self employed) and my mum suddenly died last year which wrecked me. I've tried a couple of the apps again but I feel like I'm putting too much pressure on myself and I just end up with 1000 notifications to ignore 😬 Fabulous and Clarify are a bit too flowery and ""American"" (not a dig, as a Brit man in his 30s I'm not the target audience and I know they must work for lo…","","false","true","planner | plan | calendar | to do | to-do | todo | schedule","time | tasks","reminder | reminders | notes","forgetfulness_or_time_signal | long_form_comment | mentions_feature_or_solution | mentions_pain_or_friction | mentions_planner_or_system | mentions_working_solution_or_recommendation","88","[THREAD_TITLE]
What ADHD Apps do you use?

[THREAD_BODY]
Hey ADHDers! 👋 I’ve been on a journey to find the best apps to help with productivity, time management, and staying on top of things. As someone with ADHD, I know how tricky it can be to find the right tools that actually work for our unique brains. I’m curious—what apps are you all using at the moment to help with these challenges? Whether it’s a to-do list, calendar, or something more specialized, I’d love to hear what works for you. Also, are there any features you wish these apps had? Maybe something that could make them even more ADHD-friendly? Thanks in advance for your suggestions!

[PARENT_COMMENT_CONTEXT]
Try tick tick or todoist I think lots of people have success with them. I also used to use an app called ""fabulous"", the same company recently released another app called ""clarify"" for adhd specifically. It's like a coaching app that helps build routines. I had some small success a few years ago but my schedule changes a lot (self employed) and my mum suddenly died last year which wrecked me. I've tried a couple of the apps again but I feel like I'm putting too much pressure on myself and I just end up with 1000 notifications to ignore 😬 Fabulous and Clarify are a bit too flowery and ""American"" (not a dig, as a Brit man in his 30s I'm not the target audience and I know they must work for lo…

[CURRENT_RECORD]
I love this. It's good to know that I'm not the only one who uses handwritten lists and Post-It notes! To-do lists are my nemesis. At work, I use ToDo or Planner for tasks. I tend to talk myself into side projects, so I use Outlook to block out time to prevent meetings from being scheduled. when I need to focus on a project. I also record personal reminders in my Outlook, which I make private. I often ignore tasks, so I make a handwritten list of priorities corresponding to them and update my tasks every few days so there's a digital trail. Outside of work, I keep a diary and use my phone calendar. I use Post-it notes for personal things I must remember to do during the day, such as phone calls or emails, which I stick to my monitor. I also use Post-it notes in my diary for extra information or more detailed notes of what I need to do. For important pieces of information, I'll use highlighter pens. I noticed that if the Post-It notes are on my screen every day, I'll start to ignore them. I make an effort to act on them and make sure I remove Post-Its for completed tasks as soon as they are done. I tried Todoist and Llama Life. Llama Life is interesting because the alerts, timers, and reminders persist. I used it for the Pomodoro technique when I was doing a qualification."
"C:\Projects\Web\planner-tdah\research\reddit_data\reddit-ADHDUK-what_adhd_apps_do_you_use.json","reddit-ADHDUK-what_adhd_apps_do_you_use","1ervyfx","t3_1ervyfx","https://www.reddit.com/r/ADHDUK/comments/1ervyfx/what_adhd_apps_do_you_use/","ADHDUK","r/ADHDUK","What ADHD Apps do you use?","Hey ADHDers! 👋 I’ve been on a journey to find the best apps to help with productivity, time management, and staying on top of things. As someone with ADHD, I know how tricky it can be to find the right tools that actually work for our unique brains. I’m curious—what apps are you all using at the moment to help with these challenges? Whether it’s a to-do list, calendar, or something more specialized, I’d love to hear what works for you. Also, are there any features you wish these apps had? Maybe something that could make them even more ADHD-friendly? Thanks in advance for your suggestions!","General Questions/Advice/Support","1723622555","2024-08-14T08:02:35+00:00","43","43","0.98","43","0a3c8b3246009e2d","","reddit-ADHDUK-what_adhd_apps_do_you_use:comment:li1z8xd","comment","li1z8xd","t1_li1z8xd","https://www.reddit.com/r/ADHDUK/comments/1ervyfx/what_adhd_apps_do_you_use/li1z8xd/","/r/ADHDUK/comments/1ervyfx/what_adhd_apps_do_you_use/li1z8xd/","t3_1ervyfx","post","","li1z8xd","0","true","li1z8xd","7e17a11cf852b583","","AuDHD","false","false","","9","9","0","0","1","1723633327","2024-08-14T11:02:07+00:00","false","False","","false","false","false","false","I've tried all of the apps and can never stick with them. Pen and paper have been somewhat effective for me in the past. My current setup which is the most effective for me is Google calendar and Google tasks on my phone along with a Garmin smart watch(Vívoactive 5). I can view upcoming calendar events and mark tasks as completed straight from my watch, which is helpful because I tend to ignore them on my phone. On the watch I also use a visual timer as well as a pomodoro timer.","I've tried all of the apps and can never stick with them. Pen and paper have been somewhat effective for me in the past. My current setup which is the most effective for me is Google calendar and Google tasks on my phone along with a Garmin smart watch(Vívoactive 5). I can view…","483","92","","","","false","false","calendar | app","time | tasks","visual","mentions_feature_or_solution | mentions_pain_or_friction | mentions_planner_or_system","50","[THREAD_TITLE]
What ADHD Apps do you use?

[THREAD_BODY]
Hey ADHDers! 👋 I’ve been on a journey to find the best apps to help with productivity, time management, and staying on top of things. As someone with ADHD, I know how tricky it can be to find the right tools that actually work for our unique brains. I’m curious—what apps are you all using at the moment to help with these challenges? Whether it’s a to-do list, calendar, or something more specialized, I’d love to hear what works for you. Also, are there any features you wish these apps had? Maybe something that could make them even more ADHD-friendly? Thanks in advance for your suggestions!

[CURRENT_RECORD]
I've tried all of the apps and can never stick with them. Pen and paper have been somewhat effective for me in the past. My current setup which is the most effective for me is Google calendar and Google tasks on my phone along with a Garmin smart watch(Vívoactive 5). I can view upcoming calendar events and mark tasks as completed straight from my watch, which is helpful because I tend to ignore them on my phone. On the watch I also use a visual timer as well as a pomodoro timer."
"C:\Projects\Web\planner-tdah\research\reddit_data\reddit-ADHDUK-what_adhd_apps_do_you_use.json","reddit-ADHDUK-what_adhd_apps_do_you_use","1ervyfx","t3_1ervyfx","https://www.reddit.com/r/ADHDUK/comments/1ervyfx/what_adhd_apps_do_you_use/","ADHDUK","r/ADHDUK","What ADHD Apps do you use?","Hey ADHDers! 👋 I’ve been on a journey to find the best apps to help with productivity, time management, and staying on top of things. As someone with ADHD, I know how tricky it can be to find the right tools that actually work for our unique brains. I’m curious—what apps are you all using at the moment to help with these challenges? Whether it’s a to-do list, calendar, or something more specialized, I’d love to hear what works for you. Also, are there any features you wish these apps had? Maybe something that could make them even more ADHD-friendly? Thanks in advance for your suggestions!","General Questions/Advice/Support","1723622555","2024-08-14T08:02:35+00:00","43","43","0.98","43","0a3c8b3246009e2d","","reddit-ADHDUK-what_adhd_apps_do_you_use:comment:li202o2","comment","li202o2","t1_li202o2","https://www.reddit.com/r/ADHDUK/comments/1ervyfx/what_adhd_apps_do_you_use/li202o2/","/r/ADHDUK/comments/1ervyfx/what_adhd_apps_do_you_use/li202o2/","t1_li1z8xd","comment","li1z8xd","li1z8xd","1","false","li1z8xd > li202o2","f6b1035d685dbabb","","","false","false","","4","4","0","0","0","1723633759","2024-08-14T11:09:19+00:00","false","False","","false","false","false","false","I’m with you on that, I use google calendar and tasks too! I have them both as widgets on my phone so it’s the first thing I see when I unlock my phone. Seems to be going well! Also have it on laptop so should anything pop up through the day I can add things as I am going, without the need to pick up my phone.. (which then could lead to doom scrolling for a bit)","I’m with you on that, I use google calendar and tasks too! I have them both as widgets on my phone so it’s the first thing I see when I unlock my phone. Seems to be going well! Also have it on laptop so should anything pop up through the day I can add things as I am going, witho…","364","77","I've tried all of the apps and can never stick with them. Pen and paper have been somewhat effective for me in the past. My current setup which is the most effective for me is Google calendar and Google tasks on my phone along with a Garmin smart watch(Vívoactive 5). I can view upcoming calendar events and mark tasks as completed straight from my watch, which is helpful because I tend to ignore them on my phone. On the watch I also use a visual timer as well as a pomodoro timer.","I've tried all of the apps and can never stick with them. Pen and paper have been somewhat effective for me in the past. My current setup which is the most effective for me is Google calendar and Google tasks on my phone along with a Garmin smart watch(Vívoactive 5). I can view upcoming calendar events and mark tasks as completed straight from my watch, which is helpful because I tend to ignore them on my phone. On the watch I also use a visual timer as well as a pomodoro timer.","","false","false","calendar | to do","tasks","","mentions_pain_or_friction | mentions_planner_or_system","23","[THREAD_TITLE]
What ADHD Apps do you use?

[THREAD_BODY]
Hey ADHDers! 👋 I’ve been on a journey to find the best apps to help with productivity, time management, and staying on top of things. As someone with ADHD, I know how tricky it can be to find the right tools that actually work for our unique brains. I’m curious—what apps are you all using at the moment to help with these challenges? Whether it’s a to-do list, calendar, or something more specialized, I’d love to hear what works for you. Also, are there any features you wish these apps had? Maybe something that could make them even more ADHD-friendly? Thanks in advance for your suggestions!

[PARENT_COMMENT_CONTEXT]
I've tried all of the apps and can never stick with them. Pen and paper have been somewhat effective for me in the past. My current setup which is the most effective for me is Google calendar and Google tasks on my phone along with a Garmin smart watch(Vívoactive 5). I can view upcoming calendar events and mark tasks as completed straight from my watch, which is helpful because I tend to ignore them on my phone. On the watch I also use a visual timer as well as a pomodoro timer.

[CURRENT_RECORD]
I’m with you on that, I use google calendar and tasks too! I have them both as widgets on my phone so it’s the first thing I see when I unlock my phone. Seems to be going well! Also have it on laptop so should anything pop up through the day I can add things as I am going, without the need to pick up my phone.. (which then could lead to doom scrolling for a bit)"
"C:\Projects\Web\planner-tdah\research\reddit_data\reddit-ADHDUK-what_adhd_apps_do_you_use.json","reddit-ADHDUK-what_adhd_apps_do_you_use","1ervyfx","t3_1ervyfx","https://www.reddit.com/r/ADHDUK/comments/1ervyfx/what_adhd_apps_do_you_use/","ADHDUK","r/ADHDUK","What ADHD Apps do you use?","Hey ADHDers! 👋 I’ve been on a journey to find the best apps to help with productivity, time management, and staying on top of things. As someone with ADHD, I know how tricky it can be to find the right tools that actually work for our unique brains. I’m curious—what apps are you all using at the moment to help with these challenges? Whether it’s a to-do list, calendar, or something more specialized, I’d love to hear what works for you. Also, are there any features you wish these apps had? Maybe something that could make them even more ADHD-friendly? Thanks in advance for your suggestions!","General Questions/Advice/Support","1723622555","2024-08-14T08:02:35+00:00","43","43","0.98","43","0a3c8b3246009e2d","","reddit-ADHDUK-what_adhd_apps_do_you_use:comment:li2efbb","comment","li2efbb","t1_li2efbb","https://www.reddit.com/r/ADHDUK/comments/1ervyfx/what_adhd_apps_do_you_use/li2efbb/","/r/ADHDUK/comments/1ervyfx/what_adhd_apps_do_you_use/li2efbb/","t3_1ervyfx","post","","li2efbb","0","true","li2efbb","12c928676ea866d8","","ADHD-C (Combined Type)","false","false","","6","6","0","0","0","1723640074","2024-08-14T12:54:34+00:00","false","False","","false","false","false","false","I have a bad habit of overcomplicating things and spending hours setting up and then re-setting up 'productivity stacks' but in reality simplicity is best ChatGPT is incredible and I'd highly recommend Apple Calendar / Reminders for my day to day - Absolutely everything goes in here and I have lists for most sections of my life, with location based reminders for things like ""don't forget to take this with you when you leave the house"" I also use iCloud Drive for backing up all my photos and documents etc, all my emails from the beginning of time are on there as well as I use my own domain (it's so handy being able to search for an email I get in like, 2017) Obsidian for Notes/stuff I need to remember long term YNAB for budgeting and reining in my compulsive spending Snoop for checking for pesky monthly subscriptions in my accounts QuickBooks for my company accounts and saving receipts when I spend it otherwise I'll forget to claim it Health for tracking my BP and heart rate for the ADHD meds, also has a great medication tracker with reminders for when I forget to take it 1Password is an absolute lifesaver, it keeps all my passwords, OTPs etc and means I can have secure passwords without forgetting them Grammarly because I make a lot of simple grammar/spelling mistakes and my job involves writing copy/social media posting Special mentions to Flightly because I fucking love planes and it's nice to have on trips, and Duolingo for some reason it's the only thing I've managed to keep a habit of, I'm at 180 days which is mad I think that's everything...","I have a bad habit of overcomplicating things and spending hours setting up and then re-setting up 'productivity stacks' but in reality simplicity is best ChatGPT is incredible and I'd highly recommend Apple Calendar / Reminders for my day to day - Absolutely everything goes in…","1573","280","","","","false","true","plan | calendar | app | tracker | monthly","adhd | forget | time","simple | reminder | reminders | notes | monthly","forgetfulness_or_time_signal | long_form_comment | mentions_feature_or_solution | mentions_pain_or_friction | mentions_planner_or_system | mentions_working_solution_or_recommendation","100","[THREAD_TITLE]
What ADHD Apps do you use?

[THREAD_BODY]
Hey ADHDers! 👋 I’ve been on a journey to find the best apps to help with productivity, time management, and staying on top of things. As someone with ADHD, I know how tricky it can be to find the right tools that actually work for our unique brains. I’m curious—what apps are you all using at the moment to help with these challenges? Whether it’s a to-do list, calendar, or something more specialized, I’d love to hear what works for you. Also, are there any features you wish these apps had? Maybe something that could make them even more ADHD-friendly? Thanks in advance for your suggestions!

[CURRENT_RECORD]
I have a bad habit of overcomplicating things and spending hours setting up and then re-setting up 'productivity stacks' but in reality simplicity is best ChatGPT is incredible and I'd highly recommend Apple Calendar / Reminders for my day to day - Absolutely everything goes in here and I have lists for most sections of my life, with location based reminders for things like ""don't forget to take this with you when you leave the house"" I also use iCloud Drive for backing up all my photos and documents etc, all my emails from the beginning of time are on there as well as I use my own domain (it's so handy being able to search for an email I get in like, 2017) Obsidian for Notes/stuff I need to remember long term YNAB for budgeting and reining in my compulsive spending Snoop for checking for pesky monthly subscriptions in my accounts QuickBooks for my company accounts and saving receipts when I spend it otherwise I'll forget to claim it Health for tracking my BP and heart rate for the ADHD meds, also has a great medication tracker with reminders for when I forget to take it 1Password is an absolute lifesaver, it keeps all my passwords, OTPs etc and means I can have secure passwords without forgetting them Grammarly because I make a lot of simple grammar/spelling mistakes and my job involves writing copy/social media posting Special mentions to Flightly because I fucking love planes and it's nice to have on trips, and Duolingo for some reason it's the only thing I've managed to keep a habit of, I'm at 180 days which is mad I think that's everything..."
"C:\Projects\Web\planner-tdah\research\reddit_data\reddit-ADHDUK-what_adhd_apps_do_you_use.json","reddit-ADHDUK-what_adhd_apps_do_you_use","1ervyfx","t3_1ervyfx","https://www.reddit.com/r/ADHDUK/comments/1ervyfx/what_adhd_apps_do_you_use/","ADHDUK","r/ADHDUK","What ADHD Apps do you use?","Hey ADHDers! 👋 I’ve been on a journey to find the best apps to help with productivity, time management, and staying on top of things. As someone with ADHD, I know how tricky it can be to find the right tools that actually work for our unique brains. I’m curious—what apps are you all using at the moment to help with these challenges? Whether it’s a to-do list, calendar, or something more specialized, I’d love to hear what works for you. Also, are there any features you wish these apps had? Maybe something that could make them even more ADHD-friendly? Thanks in advance for your suggestions!","General Questions/Advice/Support","1723622555","2024-08-14T08:02:35+00:00","43","43","0.98","43","0a3c8b3246009e2d","","reddit-ADHDUK-what_adhd_apps_do_you_use:comment:li2u4ln","comment","li2u4ln","t1_li2u4ln","https://www.reddit.com/r/ADHDUK/comments/1ervyfx/what_adhd_apps_do_you_use/li2u4ln/","/r/ADHDUK/comments/1ervyfx/what_adhd_apps_do_you_use/li2u4ln/","t3_1ervyfx","post","","li2u4ln","0","true","li2u4ln","74481e2d81dc0aec","","ADHD-C (Combined Type)","false","false","","6","6","0","0","1","1723645638","2024-08-14T14:27:18+00:00","false","False","","false","false","false","false","Notion! It's my second brain. Works seamlessly across all devices too. I can just info dump and word vomit all my thoughts and plans into it and go over them as needed. It's so customisable, you can put anything into it.","Notion! It's my second brain. Works seamlessly across all devices too. I can just info dump and word vomit all my thoughts and plans into it and go over them as needed. It's so customisable, you can put anything into it.","220","41","","","","false","false","plan | notion","","custom","mentions_feature_or_solution | mentions_planner_or_system","30","[THREAD_TITLE]
What ADHD Apps do you use?

[THREAD_BODY]
Hey ADHDers! 👋 I’ve been on a journey to find the best apps to help with productivity, time management, and staying on top of things. As someone with ADHD, I know how tricky it can be to find the right tools that actually work for our unique brains. I’m curious—what apps are you all using at the moment to help with these challenges? Whether it’s a to-do list, calendar, or something more specialized, I’d love to hear what works for you. Also, are there any features you wish these apps had? Maybe something that could make them even more ADHD-friendly? Thanks in advance for your suggestions!

[CURRENT_RECORD]
Notion! It's my second brain. Works seamlessly across all devices too. I can just info dump and word vomit all my thoughts and plans into it and go over them as needed. It's so customisable, you can put anything into it."
"C:\Projects\Web\planner-tdah\research\reddit_data\reddit-ADHDUK-what_adhd_apps_do_you_use.json","reddit-ADHDUK-what_adhd_apps_do_you_use","1ervyfx","t3_1ervyfx","https://www.reddit.com/r/ADHDUK/comments/1ervyfx/what_adhd_apps_do_you_use/","ADHDUK","r/ADHDUK","What ADHD Apps do you use?","Hey ADHDers! 👋 I’ve been on a journey to find the best apps to help with productivity, time management, and staying on top of things. As someone with ADHD, I know how tricky it can be to find the right tools that actually work for our unique brains. I’m curious—what apps are you all using at the moment to help with these challenges? Whether it’s a to-do list, calendar, or something more specialized, I’d love to hear what works for you. Also, are there any features you wish these apps had? Maybe something that could make them even more ADHD-friendly? Thanks in advance for your suggestions!","General Questions/Advice/Support","1723622555","2024-08-14T08:02:35+00:00","43","43","0.98","43","0a3c8b3246009e2d","","reddit-ADHDUK-what_adhd_apps_do_you_use:comment:li34u9i","comment","li34u9i","t1_li34u9i","https://www.reddit.com/r/ADHDUK/comments/1ervyfx/what_adhd_apps_do_you_use/li34u9i/","/r/ADHDUK/comments/1ervyfx/what_adhd_apps_do_you_use/li34u9i/","t1_li2u4ln","comment","li2u4ln","li2u4ln","1","false","li2u4ln > li34u9i","925000156aad8b03","","","false","false","","3","3","0","0","1","1723649094","2024-08-14T15:24:54+00:00","false","False","","false","false","false","false","I want to love it, but the fact that it's so customisable has actually been a detriment as I have no idea where to begin!","I want to love it, but the fact that it's so customisable has actually been a detriment as I have no idea where to begin!","121","25","Notion! It's my second brain. Works seamlessly across all devices too. I can just info dump and word vomit all my thoughts and plans into it and go over them as needed. It's so customisable, you can put anything into it.","Notion! It's my second brain. Works seamlessly across all devices too. I can just info dump and word vomit all my thoughts and plans into it and go over them as needed. It's so customisable, you can put anything into it.","","false","true","","","custom","mentions_feature_or_solution | mentions_working_solution_or_recommendation","25","[THREAD_TITLE]
What ADHD Apps do you use?

[THREAD_BODY]
Hey ADHDers! 👋 I’ve been on a journey to find the best apps to help with productivity, time management, and staying on top of things. As someone with ADHD, I know how tricky it can be to find the right tools that actually work for our unique brains. I’m curious—what apps are you all using at the moment to help with these challenges? Whether it’s a to-do list, calendar, or something more specialized, I’d love to hear what works for you. Also, are there any features you wish these apps had? Maybe something that could make them even more ADHD-friendly? Thanks in advance for your suggestions!

[PARENT_COMMENT_CONTEXT]
Notion! It's my second brain. Works seamlessly across all devices too. I can just info dump and word vomit all my thoughts and plans into it and go over them as needed. It's so customisable, you can put anything into it.

[CURRENT_RECORD]
I want to love it, but the fact that it's so customisable has actually been a detriment as I have no idea where to begin!"
"C:\Projects\Web\planner-tdah\research\reddit_data\reddit-ADHDUK-what_adhd_apps_do_you_use.json","reddit-ADHDUK-what_adhd_apps_do_you_use","1ervyfx","t3_1ervyfx","https://www.reddit.com/r/ADHDUK/comments/1ervyfx/what_adhd_apps_do_you_use/","ADHDUK","r/ADHDUK","What ADHD Apps do you use?","Hey ADHDers! 👋 I’ve been on a journey to find the best apps to help with productivity, time management, and staying on top of things. As someone with ADHD, I know how tricky it can be to find the right tools that actually work for our unique brains. I’m curious—what apps are you all using at the moment to help with these challenges? Whether it’s a to-do list, calendar, or something more specialized, I’d love to hear what works for you. Also, are there any features you wish these apps had? Maybe something that could make them even more ADHD-friendly? Thanks in advance for your suggestions!","General Questions/Advice/Support","1723622555","2024-08-14T08:02:35+00:00","43","43","0.98","43","0a3c8b3246009e2d","","reddit-ADHDUK-what_adhd_apps_do_you_use:comment:li3l2jn","comment","li3l2jn","t1_li3l2jn","https://www.reddit.com/r/ADHDUK/comments/1ervyfx/what_adhd_apps_do_you_use/li3l2jn/","/r/ADHDUK/comments/1ervyfx/what_adhd_apps_do_you_use/li3l2jn/","t1_li34u9i","comment","li34u9i","li2u4ln","2","false","li2u4ln > li34u9i > li3l2jn","74481e2d81dc0aec","","ADHD-C (Combined Type)","false","false","","2","2","0","0","0","1723654227","2024-08-14T16:50:27+00:00","false","False","","false","false","false","false","I just starting typing and use plain pages and bullet points! But maybe pick a free template and run with that?","I just starting typing and use plain pages and bullet points! But maybe pick a free template and run with that?","111","21","I want to love it, but the fact that it's so customisable has actually been a detriment as I have no idea where to begin!","Notion! It's my second brain. Works seamlessly across all devices too. I can just info dump and word vomit all my thoughts and plans into it and go over them as needed. It's so customisable, you can put anything into it.","","true","false","template","","","contains_question | mentions_planner_or_system | printable_modular_system_signal","20","[THREAD_TITLE]
What ADHD Apps do you use?

[THREAD_BODY]
Hey ADHDers! 👋 I’ve been on a journey to find the best apps to help with productivity, time management, and staying on top of things. As someone with ADHD, I know how tricky it can be to find the right tools that actually work for our unique brains. I’m curious—what apps are you all using at the moment to help with these challenges? Whether it’s a to-do list, calendar, or something more specialized, I’d love to hear what works for you. Also, are there any features you wish these apps had? Maybe something that could make them even more ADHD-friendly? Thanks in advance for your suggestions!

[ROOT_COMMENT_CONTEXT]
Notion! It's my second brain. Works seamlessly across all devices too. I can just info dump and word vomit all my thoughts and plans into it and go over them as needed. It's so customisable, you can put anything into it.

[PARENT_COMMENT_CONTEXT]
I want to love it, but the fact that it's so customisable has actually been a detriment as I have no idea where to begin!

[CURRENT_RECORD]
I just starting typing and use plain pages and bullet points! But maybe pick a free template and run with that?"
"C:\Projects\Web\planner-tdah\research\reddit_data\reddit-ADHDUK-what_adhd_apps_do_you_use.json","reddit-ADHDUK-what_adhd_apps_do_you_use","1ervyfx","t3_1ervyfx","https://www.reddit.com/r/ADHDUK/comments/1ervyfx/what_adhd_apps_do_you_use/","ADHDUK","r/ADHDUK","What ADHD Apps do you use?","Hey ADHDers! 👋 I’ve been on a journey to find the best apps to help with productivity, time management, and staying on top of things. As someone with ADHD, I know how tricky it can be to find the right tools that actually work for our unique brains. I’m curious—what apps are you all using at the moment to help with these challenges? Whether it’s a to-do list, calendar, or something more specialized, I’d love to hear what works for you. Also, are there any features you wish these apps had? Maybe something that could make them even more ADHD-friendly? Thanks in advance for your suggestions!","General Questions/Advice/Support","1723622555","2024-08-14T08:02:35+00:00","43","43","0.98","43","0a3c8b3246009e2d","","reddit-ADHDUK-what_adhd_apps_do_you_use:comment:li2vloj","comment","li2vloj","t1_li2vloj","https://www.reddit.com/r/ADHDUK/comments/1ervyfx/what_adhd_apps_do_you_use/li2vloj/","/r/ADHDUK/comments/1ervyfx/what_adhd_apps_do_you_use/li2vloj/","t3_1ervyfx","post","","li2vloj","0","true","li2vloj","6874d09aa129f68b","","","false","false","","4","4","0","0","0","1723646125","2024-08-14T14:35:25+00:00","false","False","","false","false","false","false","Microsoft To Do is simple - no fuss, easy to use, has a widget and it’s free. Integrates with outlook and other Microsoft services too, which can be handy. As long as you’re not distracted by the ‘the best apps/way of doing something’: this is a perfect ADHD fixation & procrastination technique!","Microsoft To Do is simple - no fuss, easy to use, has a widget and it’s free. Integrates with outlook and other Microsoft services too, which can be handy. As long as you’re not distracted by the ‘the best apps/way of doing something’: this is a perfect ADHD fixation & procrasti…","296","52","","","","false","false","app | to do","adhd | procrastination","simple","mentions_feature_or_solution | mentions_pain_or_friction | mentions_planner_or_system","32","[THREAD_TITLE]
What ADHD Apps do you use?

[THREAD_BODY]
Hey ADHDers! 👋 I’ve been on a journey to find the best apps to help with productivity, time management, and staying on top of things. As someone with ADHD, I know how tricky it can be to find the right tools that actually work for our unique brains. I’m curious—what apps are you all using at the moment to help with these challenges? Whether it’s a to-do list, calendar, or something more specialized, I’d love to hear what works for you. Also, are there any features you wish these apps had? Maybe something that could make them even more ADHD-friendly? Thanks in advance for your suggestions!

[CURRENT_RECORD]
Microsoft To Do is simple - no fuss, easy to use, has a widget and it’s free. Integrates with outlook and other Microsoft services too, which can be handy. As long as you’re not distracted by the ‘the best apps/way of doing something’: this is a perfect ADHD fixation & procrastination technique!"
"C:\Projects\Web\planner-tdah\research\reddit_data\reddit-ADHDUK-what_adhd_apps_do_you_use.json","reddit-ADHDUK-what_adhd_apps_do_you_use","1ervyfx","t3_1ervyfx","https://www.reddit.com/r/ADHDUK/comments/1ervyfx/what_adhd_apps_do_you_use/","ADHDUK","r/ADHDUK","What ADHD Apps do you use?","Hey ADHDers! 👋 I’ve been on a journey to find the best apps to help with productivity, time management, and staying on top of things. As someone with ADHD, I know how tricky it can be to find the right tools that actually work for our unique brains. I’m curious—what apps are you all using at the moment to help with these challenges? Whether it’s a to-do list, calendar, or something more specialized, I’d love to hear what works for you. Also, are there any features you wish these apps had? Maybe something that could make them even more ADHD-friendly? Thanks in advance for your suggestions!","General Questions/Advice/Support","1723622555","2024-08-14T08:02:35+00:00","43","43","0.98","43","0a3c8b3246009e2d","","reddit-ADHDUK-what_adhd_apps_do_you_use:comment:li4owe6","comment","li4owe6","t1_li4owe6","https://www.reddit.com/r/ADHDUK/comments/1ervyfx/what_adhd_apps_do_you_use/li4owe6/","/r/ADHDUK/comments/1ervyfx/what_adhd_apps_do_you_use/li4owe6/","t3_1ervyfx","post","","li4owe6","0","true","li4owe6","86873f5bab3463d1","","ADHD-C (Combined Type)","false","false","","3","3","0","0","0","1723666819","2024-08-14T20:20:19+00:00","false","False","","false","false","false","false","I’ve been using Structured. You plan your tasks and it gives you a visual timeline of your day. You can have sub lists/checklists and tick tasks off. You can set notifications to tell you when you have 5 mins to go before the next task as well as start and end. The premium version also has an AI feature that can plan your tasks for you 😃","I’ve been using Structured. You plan your tasks and it gives you a visual timeline of your day. You can have sub lists/checklists and tick tasks off. You can set notifications to tell you when you have 5 mins to go before the next task as well as start and end. The premium versi…","339","67","","","","false","false","plan | checklist","time | tasks","visual | checklist","mentions_feature_or_solution | mentions_pain_or_friction | mentions_planner_or_system","36","[THREAD_TITLE]
What ADHD Apps do you use?

[THREAD_BODY]
Hey ADHDers! 👋 I’ve been on a journey to find the best apps to help with productivity, time management, and staying on top of things. As someone with ADHD, I know how tricky it can be to find the right tools that actually work for our unique brains. I’m curious—what apps are you all using at the moment to help with these challenges? Whether it’s a to-do list, calendar, or something more specialized, I’d love to hear what works for you. Also, are there any features you wish these apps had? Maybe something that could make them even more ADHD-friendly? Thanks in advance for your suggestions!

[CURRENT_RECORD]
I’ve been using Structured. You plan your tasks and it gives you a visual timeline of your day. You can have sub lists/checklists and tick tasks off. You can set notifications to tell you when you have 5 mins to go before the next task as well as start and end. The premium version also has an AI feature that can plan your tasks for you 😃"
"C:\Projects\Web\planner-tdah\research\reddit_data\reddit-ADHDUK-what_adhd_apps_do_you_use.json","reddit-ADHDUK-what_adhd_apps_do_you_use","1ervyfx","t3_1ervyfx","https://www.reddit.com/r/ADHDUK/comments/1ervyfx/what_adhd_apps_do_you_use/","ADHDUK","r/ADHDUK","What ADHD Apps do you use?","Hey ADHDers! 👋 I’ve been on a journey to find the best apps to help with productivity, time management, and staying on top of things. As someone with ADHD, I know how tricky it can be to find the right tools that actually work for our unique brains. I’m curious—what apps are you all using at the moment to help with these challenges? Whether it’s a to-do list, calendar, or something more specialized, I’d love to hear what works for you. Also, are there any features you wish these apps had? Maybe something that could make them even more ADHD-friendly? Thanks in advance for your suggestions!","General Questions/Advice/Support","1723622555","2024-08-14T08:02:35+00:00","43","43","0.98","43","0a3c8b3246009e2d","","reddit-ADHDUK-what_adhd_apps_do_you_use:comment:li21xnd","comment","li21xnd","t1_li21xnd","https://www.reddit.com/r/ADHDUK/comments/1ervyfx/what_adhd_apps_do_you_use/li21xnd/","/r/ADHDUK/comments/1ervyfx/what_adhd_apps_do_you_use/li21xnd/","t3_1ervyfx","post","","li21xnd","0","true","li21xnd","375fef181bd791aa","","","false","false","","2","2","0","0","0","1723634690","2024-08-14T11:24:50+00:00","false","False","","false","false","false","false","I use an app called take your pills it's brilliant it not only has a constant notification until you tell it you've taken that pill but also it means I don't forget whether or not I've taken my meds that day","I use an app called take your pills it's brilliant it not only has a constant notification until you tell it you've taken that pill but also it means I don't forget whether or not I've taken my meds that day","207","41","","","","false","false","app","forget","","forgetfulness_or_time_signal | mentions_pain_or_friction | mentions_planner_or_system","27","[THREAD_TITLE]
What ADHD Apps do you use?

[THREAD_BODY]
Hey ADHDers! 👋 I’ve been on a journey to find the best apps to help with productivity, time management, and staying on top of things. As someone with ADHD, I know how tricky it can be to find the right tools that actually work for our unique brains. I’m curious—what apps are you all using at the moment to help with these challenges? Whether it’s a to-do list, calendar, or something more specialized, I’d love to hear what works for you. Also, are there any features you wish these apps had? Maybe something that could make them even more ADHD-friendly? Thanks in advance for your suggestions!

[CURRENT_RECORD]
I use an app called take your pills it's brilliant it not only has a constant notification until you tell it you've taken that pill but also it means I don't forget whether or not I've taken my meds that day"
"C:\Projects\Web\planner-tdah\research\reddit_data\reddit-ADHDUK-what_adhd_apps_do_you_use.json","reddit-ADHDUK-what_adhd_apps_do_you_use","1ervyfx","t3_1ervyfx","https://www.reddit.com/r/ADHDUK/comments/1ervyfx/what_adhd_apps_do_you_use/","ADHDUK","r/ADHDUK","What ADHD Apps do you use?","Hey ADHDers! 👋 I’ve been on a journey to find the best apps to help with productivity, time management, and staying on top of things. As someone with ADHD, I know how tricky it can be to find the right tools that actually work for our unique brains. I’m curious—what apps are you all using at the moment to help with these challenges? Whether it’s a to-do list, calendar, or something more specialized, I’d love to hear what works for you. Also, are there any features you wish these apps had? Maybe something that could make them even more ADHD-friendly? Thanks in advance for your suggestions!","General Questions/Advice/Support","1723622555","2024-08-14T08:02:35+00:00","43","43","0.98","43","0a3c8b3246009e2d","","reddit-ADHDUK-what_adhd_apps_do_you_use:comment:li28vub","comment","li28vub","t1_li28vub","https://www.reddit.com/r/ADHDUK/comments/1ervyfx/what_adhd_apps_do_you_use/li28vub/","/r/ADHDUK/comments/1ervyfx/what_adhd_apps_do_you_use/li28vub/","t3_1ervyfx","post","","li28vub","0","true","li28vub","6bf5b845b26ae74c","","","false","false","","2","2","0","0","0","1723637836","2024-08-14T12:17:16+00:00","false","False","","false","false","false","false","Engross for me has been brilliant and nails all the things I want, it has pom timers, todo lists with bullets and it synchs over my devices.","Engross for me has been brilliant and nails all the things I want, it has pom timers, todo lists with bullets and it synchs over my devices.","140","27","","","","false","false","todo","time","","mentions_pain_or_friction | mentions_planner_or_system","19","[THREAD_TITLE]
What ADHD Apps do you use?

[THREAD_BODY]
Hey ADHDers! 👋 I’ve been on a journey to find the best apps to help with productivity, time management, and staying on top of things. As someone with ADHD, I know how tricky it can be to find the right tools that actually work for our unique brains. I’m curious—what apps are you all using at the moment to help with these challenges? Whether it’s a to-do list, calendar, or something more specialized, I’d love to hear what works for you. Also, are there any features you wish these apps had? Maybe something that could make them even more ADHD-friendly? Thanks in advance for your suggestions!

[CURRENT_RECORD]
Engross for me has been brilliant and nails all the things I want, it has pom timers, todo lists with bullets and it synchs over my devices."
"C:\Projects\Web\planner-tdah\research\reddit_data\reddit-ADHDUK-what_adhd_apps_do_you_use.json","reddit-ADHDUK-what_adhd_apps_do_you_use","1ervyfx","t3_1ervyfx","https://www.reddit.com/r/ADHDUK/comments/1ervyfx/what_adhd_apps_do_you_use/","ADHDUK","r/ADHDUK","What ADHD Apps do you use?","Hey ADHDers! 👋 I’ve been on a journey to find the best apps to help with productivity, time management, and staying on top of things. As someone with ADHD, I know how tricky it can be to find the right tools that actually work for our unique brains. I’m curious—what apps are you all using at the moment to help with these challenges? Whether it’s a to-do list, calendar, or something more specialized, I’d love to hear what works for you. Also, are there any features you wish these apps had? Maybe something that could make them even more ADHD-friendly? Thanks in advance for your suggestions!","General Questions/Advice/Support","1723622555","2024-08-14T08:02:35+00:00","43","43","0.98","43","0a3c8b3246009e2d","","reddit-ADHDUK-what_adhd_apps_do_you_use:comment:li2b7pd","comment","li2b7pd","t1_li2b7pd","https://www.reddit.com/r/ADHDUK/comments/1ervyfx/what_adhd_apps_do_you_use/li2b7pd/","/r/ADHDUK/comments/1ervyfx/what_adhd_apps_do_you_use/li2b7pd/","t3_1ervyfx","post","","li2b7pd","0","true","li2b7pd","12b7be7241da9899","","","false","false","","1","1","0","0","0","1723638805","2024-08-14T12:33:25+00:00","false","False","","false","false","false","false","I use Trello for my work as Project Manager","I use Trello for my work as Project Manager","43","9","","","","false","false","","","","","0","[THREAD_TITLE]
What ADHD Apps do you use?

[THREAD_BODY]
Hey ADHDers! 👋 I’ve been on a journey to find the best apps to help with productivity, time management, and staying on top of things. As someone with ADHD, I know how tricky it can be to find the right tools that actually work for our unique brains. I’m curious—what apps are you all using at the moment to help with these challenges? Whether it’s a to-do list, calendar, or something more specialized, I’d love to hear what works for you. Also, are there any features you wish these apps had? Maybe something that could make them even more ADHD-friendly? Thanks in advance for your suggestions!

[CURRENT_RECORD]
I use Trello for my work as Project Manager"
"C:\Projects\Web\planner-tdah\research\reddit_data\reddit-ADHDUK-what_adhd_apps_do_you_use.json","reddit-ADHDUK-what_adhd_apps_do_you_use","1ervyfx","t3_1ervyfx","https://www.reddit.com/r/ADHDUK/comments/1ervyfx/what_adhd_apps_do_you_use/","ADHDUK","r/ADHDUK","What ADHD Apps do you use?","Hey ADHDers! 👋 I’ve been on a journey to find the best apps to help with productivity, time management, and staying on top of things. As someone with ADHD, I know how tricky it can be to find the right tools that actually work for our unique brains. I’m curious—what apps are you all using at the moment to help with these challenges? Whether it’s a to-do list, calendar, or something more specialized, I’d love to hear what works for you. Also, are there any features you wish these apps had? Maybe something that could make them even more ADHD-friendly? Thanks in advance for your suggestions!","General Questions/Advice/Support","1723622555","2024-08-14T08:02:35+00:00","43","43","0.98","43","0a3c8b3246009e2d","","reddit-ADHDUK-what_adhd_apps_do_you_use:comment:li2dpb2","comment","li2dpb2","t1_li2dpb2","https://www.reddit.com/r/ADHDUK/comments/1ervyfx/what_adhd_apps_do_you_use/li2dpb2/","/r/ADHDUK/comments/1ervyfx/what_adhd_apps_do_you_use/li2dpb2/","t3_1ervyfx","post","","li2dpb2","0","true","li2dpb2","903aef7a7b3db728","","","false","false","","1","1","0","0","0","1723639794","2024-08-14T12:49:54+00:00","false","False","","false","false","false","false","Following","Following","9","1","","","","false","false","","","","","0","[THREAD_TITLE]
What ADHD Apps do you use?

[THREAD_BODY]
Hey ADHDers! 👋 I’ve been on a journey to find the best apps to help with productivity, time management, and staying on top of things. As someone with ADHD, I know how tricky it can be to find the right tools that actually work for our unique brains. I’m curious—what apps are you all using at the moment to help with these challenges? Whether it’s a to-do list, calendar, or something more specialized, I’d love to hear what works for you. Also, are there any features you wish these apps had? Maybe something that could make them even more ADHD-friendly? Thanks in advance for your suggestions!

[CURRENT_RECORD]
Following"
"C:\Projects\Web\planner-tdah\research\reddit_data\reddit-ADHDUK-what_adhd_apps_do_you_use.json","reddit-ADHDUK-what_adhd_apps_do_you_use","1ervyfx","t3_1ervyfx","https://www.reddit.com/r/ADHDUK/comments/1ervyfx/what_adhd_apps_do_you_use/","ADHDUK","r/ADHDUK","What ADHD Apps do you use?","Hey ADHDers! 👋 I’ve been on a journey to find the best apps to help with productivity, time management, and staying on top of things. As someone with ADHD, I know how tricky it can be to find the right tools that actually work for our unique brains. I’m curious—what apps are you all using at the moment to help with these challenges? Whether it’s a to-do list, calendar, or something more specialized, I’d love to hear what works for you. Also, are there any features you wish these apps had? Maybe something that could make them even more ADHD-friendly? Thanks in advance for your suggestions!","General Questions/Advice/Support","1723622555","2024-08-14T08:02:35+00:00","43","43","0.98","43","0a3c8b3246009e2d","","reddit-ADHDUK-what_adhd_apps_do_you_use:comment:li2ntjz","comment","li2ntjz","t1_li2ntjz","https://www.reddit.com/r/ADHDUK/comments/1ervyfx/what_adhd_apps_do_you_use/li2ntjz/","/r/ADHDUK/comments/1ervyfx/what_adhd_apps_do_you_use/li2ntjz/","t3_1ervyfx","post","","li2ntjz","0","true","li2ntjz","5f149926d455858f","","","false","false","","1","1","0","0","0","1723643501","2024-08-14T13:51:41+00:00","false","False","","false","false","false","false","Daily Habits app has been great for me Daily Habits (https://apps.apple.com/gb/app/daily-habits-habit-tracker/id1133119692)","Daily Habits app has been great for me Daily Habits (https://apps.apple.com/gb/app/daily-habits-habit-tracker/id1133119692)","123","11","","","https://apps.apple.com/gb/app/daily-habits-habit-tracker/id1133119692","false","true","app | tracker | daily","","daily","mentions_feature_or_solution | mentions_planner_or_system | mentions_working_solution_or_recommendation","24","[THREAD_TITLE]
What ADHD Apps do you use?

[THREAD_BODY]
Hey ADHDers! 👋 I’ve been on a journey to find the best apps to help with productivity, time management, and staying on top of things. As someone with ADHD, I know how tricky it can be to find the right tools that actually work for our unique brains. I’m curious—what apps are you all using at the moment to help with these challenges? Whether it’s a to-do list, calendar, or something more specialized, I’d love to hear what works for you. Also, are there any features you wish these apps had? Maybe something that could make them even more ADHD-friendly? Thanks in advance for your suggestions!

[CURRENT_RECORD]
Daily Habits app has been great for me Daily Habits (https://apps.apple.com/gb/app/daily-habits-habit-tracker/id1133119692)"
"C:\Projects\Web\planner-tdah\research\reddit_data\reddit-ADHDUK-what_adhd_apps_do_you_use.json","reddit-ADHDUK-what_adhd_apps_do_you_use","1ervyfx","t3_1ervyfx","https://www.reddit.com/r/ADHDUK/comments/1ervyfx/what_adhd_apps_do_you_use/","ADHDUK","r/ADHDUK","What ADHD Apps do you use?","Hey ADHDers! 👋 I’ve been on a journey to find the best apps to help with productivity, time management, and staying on top of things. As someone with ADHD, I know how tricky it can be to find the right tools that actually work for our unique brains. I’m curious—what apps are you all using at the moment to help with these challenges? Whether it’s a to-do list, calendar, or something more specialized, I’d love to hear what works for you. Also, are there any features you wish these apps had? Maybe something that could make them even more ADHD-friendly? Thanks in advance for your suggestions!","General Questions/Advice/Support","1723622555","2024-08-14T08:02:35+00:00","43","43","0.98","43","0a3c8b3246009e2d","","reddit-ADHDUK-what_adhd_apps_do_you_use:comment:li3546d","comment","li3546d","t1_li3546d","https://www.reddit.com/r/ADHDUK/comments/1ervyfx/what_adhd_apps_do_you_use/li3546d/","/r/ADHDUK/comments/1ervyfx/what_adhd_apps_do_you_use/li3546d/","t3_1ervyfx","post","","li3546d","0","true","li3546d","925000156aad8b03","","","false","false","","1","1","0","0","0","1723649181","2024-08-14T15:26:21+00:00","false","False","","false","false","false","false","My therapy for tracking meds. Theraview for tracking the timings of them as it shows how a lot of them kick in over time. It's a bit America-centric but has enough UK equivalents for me to use","My therapy for tracking meds. Theraview for tracking the timings of them as it shows how a lot of them kick in over time. It's a bit America-centric but has enough UK equivalents for me to use","192","37","","","","false","false","","time","","forgetfulness_or_time_signal | mentions_pain_or_friction","23","[THREAD_TITLE]
What ADHD Apps do you use?

[THREAD_BODY]
Hey ADHDers! 👋 I’ve been on a journey to find the best apps to help with productivity, time management, and staying on top of things. As someone with ADHD, I know how tricky it can be to find the right tools that actually work for our unique brains. I’m curious—what apps are you all using at the moment to help with these challenges? Whether it’s a to-do list, calendar, or something more specialized, I’d love to hear what works for you. Also, are there any features you wish these apps had? Maybe something that could make them even more ADHD-friendly? Thanks in advance for your suggestions!

[CURRENT_RECORD]
My therapy for tracking meds. Theraview for tracking the timings of them as it shows how a lot of them kick in over time. It's a bit America-centric but has enough UK equivalents for me to use"
"C:\Projects\Web\planner-tdah\research\reddit_data\reddit-ADHDUK-what_adhd_apps_do_you_use.json","reddit-ADHDUK-what_adhd_apps_do_you_use","1ervyfx","t3_1ervyfx","https://www.reddit.com/r/ADHDUK/comments/1ervyfx/what_adhd_apps_do_you_use/","ADHDUK","r/ADHDUK","What ADHD Apps do you use?","Hey ADHDers! 👋 I’ve been on a journey to find the best apps to help with productivity, time management, and staying on top of things. As someone with ADHD, I know how tricky it can be to find the right tools that actually work for our unique brains. I’m curious—what apps are you all using at the moment to help with these challenges? Whether it’s a to-do list, calendar, or something more specialized, I’d love to hear what works for you. Also, are there any features you wish these apps had? Maybe something that could make them even more ADHD-friendly? Thanks in advance for your suggestions!","General Questions/Advice/Support","1723622555","2024-08-14T08:02:35+00:00","43","43","0.98","43","0a3c8b3246009e2d","","reddit-ADHDUK-what_adhd_apps_do_you_use:comment:li371ox","comment","li371ox","t1_li371ox","https://www.reddit.com/r/ADHDUK/comments/1ervyfx/what_adhd_apps_do_you_use/li371ox/","/r/ADHDUK/comments/1ervyfx/what_adhd_apps_do_you_use/li371ox/","t3_1ervyfx","post","","li371ox","0","true","li371ox","2c21cbf47c5426c6","","ADHD-PI (Predominantly Inattentive)","false","false","","1","1","0","0","0","1723649794","2024-08-14T15:36:34+00:00","false","False","","false","false","false","false","I use TickTick and a Filofax with custom printed inserts (I don't need weekly pages, for example, so I just have monthly overviews).","I use TickTick and a Filofax with custom printed inserts (I don't need weekly pages, for example, so I just have monthly overviews).","132","23","","","","false","false","filofax | weekly | monthly","","print | weekly | monthly | custom | overview","mentions_feature_or_solution | mentions_planner_or_system","42","[THREAD_TITLE]
What ADHD Apps do you use?

[THREAD_BODY]
Hey ADHDers! 👋 I’ve been on a journey to find the best apps to help with productivity, time management, and staying on top of things. As someone with ADHD, I know how tricky it can be to find the right tools that actually work for our unique brains. I’m curious—what apps are you all using at the moment to help with these challenges? Whether it’s a to-do list, calendar, or something more specialized, I’d love to hear what works for you. Also, are there any features you wish these apps had? Maybe something that could make them even more ADHD-friendly? Thanks in advance for your suggestions!

[CURRENT_RECORD]
I use TickTick and a Filofax with custom printed inserts (I don't need weekly pages, for example, so I just have monthly overviews)."
"C:\Projects\Web\planner-tdah\research\reddit_data\reddit-ADHDUK-what_adhd_apps_do_you_use.json","reddit-ADHDUK-what_adhd_apps_do_you_use","1ervyfx","t3_1ervyfx","https://www.reddit.com/r/ADHDUK/comments/1ervyfx/what_adhd_apps_do_you_use/","ADHDUK","r/ADHDUK","What ADHD Apps do you use?","Hey ADHDers! 👋 I’ve been on a journey to find the best apps to help with productivity, time management, and staying on top of things. As someone with ADHD, I know how tricky it can be to find the right tools that actually work for our unique brains. I’m curious—what apps are you all using at the moment to help with these challenges? Whether it’s a to-do list, calendar, or something more specialized, I’d love to hear what works for you. Also, are there any features you wish these apps had? Maybe something that could make them even more ADHD-friendly? Thanks in advance for your suggestions!","General Questions/Advice/Support","1723622555","2024-08-14T08:02:35+00:00","43","43","0.98","43","0a3c8b3246009e2d","","reddit-ADHDUK-what_adhd_apps_do_you_use:comment:li3pu5v","comment","li3pu5v","t1_li3pu5v","https://www.reddit.com/r/ADHDUK/comments/1ervyfx/what_adhd_apps_do_you_use/li3pu5v/","/r/ADHDUK/comments/1ervyfx/what_adhd_apps_do_you_use/li3pu5v/","t3_1ervyfx","post","","li3pu5v","0","true","li3pu5v","b458f81e137c96f9","","","false","false","","1","1","0","0","0","1723655714","2024-08-14T17:15:14+00:00","false","False","","false","false","false","false","opal !! i had an issue where as soon as i’d get up, i would go on social media. but now i have opal set up to limit my screen time e.g 9am-10pm for certain apps and it’s working so far","opal !! i had an issue where as soon as i’d get up, i would go on social media. but now i have opal set up to limit my screen time e.g 9am-10pm for certain apps and it’s working so far","184","41","","","","false","false","app","time","","forgetfulness_or_time_signal | mentions_pain_or_friction | mentions_planner_or_system","27","[THREAD_TITLE]
What ADHD Apps do you use?

[THREAD_BODY]
Hey ADHDers! 👋 I’ve been on a journey to find the best apps to help with productivity, time management, and staying on top of things. As someone with ADHD, I know how tricky it can be to find the right tools that actually work for our unique brains. I’m curious—what apps are you all using at the moment to help with these challenges? Whether it’s a to-do list, calendar, or something more specialized, I’d love to hear what works for you. Also, are there any features you wish these apps had? Maybe something that could make them even more ADHD-friendly? Thanks in advance for your suggestions!

[CURRENT_RECORD]
opal !! i had an issue where as soon as i’d get up, i would go on social media. but now i have opal set up to limit my screen time e.g 9am-10pm for certain apps and it’s working so far"
"C:\Projects\Web\planner-tdah\research\reddit_data\reddit-ADHDUK-what_adhd_apps_do_you_use.json","reddit-ADHDUK-what_adhd_apps_do_you_use","1ervyfx","t3_1ervyfx","https://www.reddit.com/r/ADHDUK/comments/1ervyfx/what_adhd_apps_do_you_use/","ADHDUK","r/ADHDUK","What ADHD Apps do you use?","Hey ADHDers! 👋 I’ve been on a journey to find the best apps to help with productivity, time management, and staying on top of things. As someone with ADHD, I know how tricky it can be to find the right tools that actually work for our unique brains. I’m curious—what apps are you all using at the moment to help with these challenges? Whether it’s a to-do list, calendar, or something more specialized, I’d love to hear what works for you. Also, are there any features you wish these apps had? Maybe something that could make them even more ADHD-friendly? Thanks in advance for your suggestions!","General Questions/Advice/Support","1723622555","2024-08-14T08:02:35+00:00","43","43","0.98","43","0a3c8b3246009e2d","","reddit-ADHDUK-what_adhd_apps_do_you_use:comment:li4916a","comment","li4916a","t1_li4916a","https://www.reddit.com/r/ADHDUK/comments/1ervyfx/what_adhd_apps_do_you_use/li4916a/","/r/ADHDUK/comments/1ervyfx/what_adhd_apps_do_you_use/li4916a/","t3_1ervyfx","post","","li4916a","0","true","li4916a","de1d95ded75a33c4","","","false","false","","1","1","0","0","0","1723661683","2024-08-14T18:54:43+00:00","false","False","","false","false","false","false","Google calendar 😂 Started following this guide (https://youtu.be/8G4Q5dw3aQo?si=Zi6QfKjGRTnCYgeY) a year ago and haven't looked back","Google calendar 😂 Started following this guide (https://youtu.be/8G4Q5dw3aQo?si=Zi6QfKjGRTnCYgeY) a year ago and haven't looked back","132","15","","","https://youtu.be/8G4Q5dw3aQo?si=Zi6QfKjGRTnCYgeY","true","false","calendar","","","contains_question | mentions_planner_or_system","4","[THREAD_TITLE]
What ADHD Apps do you use?

[THREAD_BODY]
Hey ADHDers! 👋 I’ve been on a journey to find the best apps to help with productivity, time management, and staying on top of things. As someone with ADHD, I know how tricky it can be to find the right tools that actually work for our unique brains. I’m curious—what apps are you all using at the moment to help with these challenges? Whether it’s a to-do list, calendar, or something more specialized, I’d love to hear what works for you. Also, are there any features you wish these apps had? Maybe something that could make them even more ADHD-friendly? Thanks in advance for your suggestions!

[CURRENT_RECORD]
Google calendar 😂 Started following this guide (https://youtu.be/8G4Q5dw3aQo?si=Zi6QfKjGRTnCYgeY) a year ago and haven't looked back"
"C:\Projects\Web\planner-tdah\research\reddit_data\reddit-ADHDUK-what_adhd_apps_do_you_use.json","reddit-ADHDUK-what_adhd_apps_do_you_use","1ervyfx","t3_1ervyfx","https://www.reddit.com/r/ADHDUK/comments/1ervyfx/what_adhd_apps_do_you_use/","ADHDUK","r/ADHDUK","What ADHD Apps do you use?","Hey ADHDers! 👋 I’ve been on a journey to find the best apps to help with productivity, time management, and staying on top of things. As someone with ADHD, I know how tricky it can be to find the right tools that actually work for our unique brains. I’m curious—what apps are you all using at the moment to help with these challenges? Whether it’s a to-do list, calendar, or something more specialized, I’d love to hear what works for you. Also, are there any features you wish these apps had? Maybe something that could make them even more ADHD-friendly? Thanks in advance for your suggestions!","General Questions/Advice/Support","1723622555","2024-08-14T08:02:35+00:00","43","43","0.98","43","0a3c8b3246009e2d","","reddit-ADHDUK-what_adhd_apps_do_you_use:comment:li4arez","comment","li4arez","t1_li4arez","https://www.reddit.com/r/ADHDUK/comments/1ervyfx/what_adhd_apps_do_you_use/li4arez/","/r/ADHDUK/comments/1ervyfx/what_adhd_apps_do_you_use/li4arez/","t3_1ervyfx","post","","li4arez","0","true","li4arez","28489c40e952703e","","","false","false","","1","1","0","0","0","1723662225","2024-08-14T19:03:45+00:00","false","False","","false","false","false","false","I have found that apps targeting specific aspects/issues just did not work for me as it meant too many one-use tools to get familiar with and remember to use. What has worked and pretty much changed my life was to take a systemic approach - prompted by discussions at work and our adoption of the “CPR” framework, which I am basically replicating for personal life, although it is a bit trickier when people around you don’t have to join in (this will make sense in a sec!). It stands for “communication, planning and resources” and is detailed in Come Up For Air by Nick Sonnenberg (free on Spotify last time I checked). I hate self-help books and their platitudes, and I haven’t even read that one, but the key points that work particularly well for me are asynchronous communication, and “one source of truth”/optimising information for speed of retrieval rather than speed of transmission. Asynchronous communication means being able to communicate things without expecting an immediate reply/barging in someone else’s focus time - for example, my partner and I have a few to do lists in shared Google docs - I can add anything that pops in my head regardless of whether it’s urgent or not, in a way that just wouldn’t be appropriate via WhatsApp, and it won’t get lost - he can add comments / contribute / tick things off whenever works for him. Optimising information for ease of retrieval means I have one super flexible tool (Asana, awesome and super powerful for work, more limited but still very handy on a free personal subscription) where I jot down basically anything - where in the past I could spend hours researching a thing I wanted to buy only to be unable to find the item I’d finally landed on a couple of days later, or have to do lists on paper I’d lose/forget about, I can now super easily create tasks, save links, add documents, add reminders, etc. It would also help with asynchronous communication as you can allocate tasks to others, leave comments, etc., but as mentioned, you need to get the buy in from the people around you, and they’d need to commit to using it properly and regularly, which is probably not that easy when you don’t already have that habit from using for work. On top of that, I also automate everything I can - I have subscriptions for toilet paper, cat litter, cleaning products, anything I use regularly and won’t change, and a standing weekly shopping list for my online order. None of those are app specific, there are plenty depending on your needs/price point/etc., and if all else fails, Amazon Subscribe & Save is available on pretty much anything you can think of. And finally, I have echo devices in almost every room, with a variety of lists set up (I haven’t looked into linking it to Asana yet, will pop it on the list!) for those times my hands are taken/ I don’t have time to write something down.","I have found that apps targeting specific aspects/issues just did not work for me as it meant too many one-use tools to get familiar with and remember to use. What has worked and pretty much changed my life was to take a systemic approach - prompted by discussions at work and ou…","2863","508","","","","false","false","plan | planning | app | to do | weekly","forget | lost | time | tasks","flexible | reminder | reminders | weekly | change","forgetfulness_or_time_signal | long_form_comment | mentions_feature_or_solution | mentions_pain_or_friction | mentions_planner_or_system | novelty_or_format_change_signal","98","[THREAD_TITLE]
What ADHD Apps do you use?

[THREAD_BODY]
Hey ADHDers! 👋 I’ve been on a journey to find the best apps to help with productivity, time management, and staying on top of things. As someone with ADHD, I know how tricky it can be to find the right tools that actually work for our unique brains. I’m curious—what apps are you all using at the moment to help with these challenges? Whether it’s a to-do list, calendar, or something more specialized, I’d love to hear what works for you. Also, are there any features you wish these apps had? Maybe something that could make them even more ADHD-friendly? Thanks in advance for your suggestions!

[CURRENT_RECORD]
I have found that apps targeting specific aspects/issues just did not work for me as it meant too many one-use tools to get familiar with and remember to use. What has worked and pretty much changed my life was to take a systemic approach - prompted by discussions at work and our adoption of the “CPR” framework, which I am basically replicating for personal life, although it is a bit trickier when people around you don’t have to join in (this will make sense in a sec!). It stands for “communication, planning and resources” and is detailed in Come Up For Air by Nick Sonnenberg (free on Spotify last time I checked). I hate self-help books and their platitudes, and I haven’t even read that one, but the key points that work particularly well for me are asynchronous communication, and “one source of truth”/optimising information for speed of retrieval rather than speed of transmission. Asynchronous communication means being able to communicate things without expecting an immediate reply/barging in someone else’s focus time - for example, my partner and I have a few to do lists in shared Google docs - I can add anything that pops in my head regardless of whether it’s urgent or not, in a way that just wouldn’t be appropriate via WhatsApp, and it won’t get lost - he can add comments / contribute / tick things off whenever works for him. Optimising information for ease of retrieval means I have one super flexible tool (Asana, awesome and super powerful for work, more limited but still very handy on a free personal subscription) where I jot down basically anything - where in the past I could spend hours researching a thing I wanted to buy only to be unable to find the item I’d finally landed on a couple of days later, or have to do lists on paper I’d lose/forget about, I can now super easily create tasks, save links, add documents, add reminders, etc. It would also help with asynchronous communication as you can allocate tasks to others, leave comments, etc., but as mentioned, you need to get the buy in from the people around you, and they’d need to commit to using it properly and regularly, which is probably not that easy when you don’t already have that habit from using for work. On top of that, I also automate everything I can - I have subscriptions for toilet paper, cat litter, cleaning products, anything I use regularly and won’t change, and a standing weekly shopping list for my online order. None of those are app specific, there are plenty depending on your needs/price point/etc., and if all else fails, Amazon Subscribe & Save is available on pretty much anything you can think of. And finally, I have echo devices in almost every room, with a variety of lists set up (I haven’t looked into linking it to Asana yet, will pop it on the list!) for those times my hands are taken/ I don’t have time to write something down."
"C:\Projects\Web\planner-tdah\research\reddit_data\reddit-ADHDUK-what_adhd_apps_do_you_use.json","reddit-ADHDUK-what_adhd_apps_do_you_use","1ervyfx","t3_1ervyfx","https://www.reddit.com/r/ADHDUK/comments/1ervyfx/what_adhd_apps_do_you_use/","ADHDUK","r/ADHDUK","What ADHD Apps do you use?","Hey ADHDers! 👋 I’ve been on a journey to find the best apps to help with productivity, time management, and staying on top of things. As someone with ADHD, I know how tricky it can be to find the right tools that actually work for our unique brains. I’m curious—what apps are you all using at the moment to help with these challenges? Whether it’s a to-do list, calendar, or something more specialized, I’d love to hear what works for you. Also, are there any features you wish these apps had? Maybe something that could make them even more ADHD-friendly? Thanks in advance for your suggestions!","General Questions/Advice/Support","1723622555","2024-08-14T08:02:35+00:00","43","43","0.98","43","0a3c8b3246009e2d","","reddit-ADHDUK-what_adhd_apps_do_you_use:comment:li5li6d","comment","li5li6d","t1_li5li6d","https://www.reddit.com/r/ADHDUK/comments/1ervyfx/what_adhd_apps_do_you_use/li5li6d/","/r/ADHDUK/comments/1ervyfx/what_adhd_apps_do_you_use/li5li6d/","t3_1ervyfx","post","","li5li6d","0","true","li5li6d","b20f6e3ddaa9214a","","","false","false","","1","1","0","0","0","1723677700","2024-08-14T23:21:40+00:00","false","False","","false","false","false","false","At work I use Sansuma. I love it because it integrates with so many other softwares, which means my daily planning is all on one screen. I found writing a to do list was a task in itself so I love any tool that syncs everything together!","At work I use Sansuma. I love it because it integrates with so many other softwares, which means my daily planning is all on one screen. I found writing a to do list was a task in itself so I love any tool that syncs everything together!","237","47","","","","false","true","plan | planning | to do | daily","","daily","mentions_feature_or_solution | mentions_planner_or_system | mentions_working_solution_or_recommendation","38","[THREAD_TITLE]
What ADHD Apps do you use?

[THREAD_BODY]
Hey ADHDers! 👋 I’ve been on a journey to find the best apps to help with productivity, time management, and staying on top of things. As someone with ADHD, I know how tricky it can be to find the right tools that actually work for our unique brains. I’m curious—what apps are you all using at the moment to help with these challenges? Whether it’s a to-do list, calendar, or something more specialized, I’d love to hear what works for you. Also, are there any features you wish these apps had? Maybe something that could make them even more ADHD-friendly? Thanks in advance for your suggestions!

[CURRENT_RECORD]
At work I use Sansuma. I love it because it integrates with so many other softwares, which means my daily planning is all on one screen. I found writing a to do list was a task in itself so I love any tool that syncs everything together!"
"C:\Projects\Web\planner-tdah\research\reddit_data\reddit-ADHDUK-what_adhd_apps_do_you_use.json","reddit-ADHDUK-what_adhd_apps_do_you_use","1ervyfx","t3_1ervyfx","https://www.reddit.com/r/ADHDUK/comments/1ervyfx/what_adhd_apps_do_you_use/","ADHDUK","r/ADHDUK","What ADHD Apps do you use?","Hey ADHDers! 👋 I’ve been on a journey to find the best apps to help with productivity, time management, and staying on top of things. As someone with ADHD, I know how tricky it can be to find the right tools that actually work for our unique brains. I’m curious—what apps are you all using at the moment to help with these challenges? Whether it’s a to-do list, calendar, or something more specialized, I’d love to hear what works for you. Also, are there any features you wish these apps had? Maybe something that could make them even more ADHD-friendly? Thanks in advance for your suggestions!","General Questions/Advice/Support","1723622555","2024-08-14T08:02:35+00:00","43","43","0.98","43","0a3c8b3246009e2d","","reddit-ADHDUK-what_adhd_apps_do_you_use:comment:li5mq6s","comment","li5mq6s","t1_li5mq6s","https://www.reddit.com/r/ADHDUK/comments/1ervyfx/what_adhd_apps_do_you_use/li5mq6s/","/r/ADHDUK/comments/1ervyfx/what_adhd_apps_do_you_use/li5mq6s/","t3_1ervyfx","post","","li5mq6s","0","true","li5mq6s","c85df8f2ec31673f","","","false","false","","1","1","0","0","0","1723678138","2024-08-14T23:28:58+00:00","false","False","","false","false","false","false","Timecap, it's a really simple app that helps you keep track of building habits and goals, eg. drinking more water. I find it helps me keep track of stuff I would forget to do which makes my life easier and less stressful.","Timecap, it's a really simple app that helps you keep track of building habits and goals, eg. drinking more water. I find it helps me keep track of stuff I would forget to do which makes my life easier and less stressful.","221","42","","","","false","true","app | to do","forget | time","simple","forgetfulness_or_time_signal | mentions_feature_or_solution | mentions_pain_or_friction | mentions_planner_or_system | mentions_working_solution_or_recommendation","48","[THREAD_TITLE]
What ADHD Apps do you use?

[THREAD_BODY]
Hey ADHDers! 👋 I’ve been on a journey to find the best apps to help with productivity, time management, and staying on top of things. As someone with ADHD, I know how tricky it can be to find the right tools that actually work for our unique brains. I’m curious—what apps are you all using at the moment to help with these challenges? Whether it’s a to-do list, calendar, or something more specialized, I’d love to hear what works for you. Also, are there any features you wish these apps had? Maybe something that could make them even more ADHD-friendly? Thanks in advance for your suggestions!

[CURRENT_RECORD]
Timecap, it's a really simple app that helps you keep track of building habits and goals, eg. drinking more water. I find it helps me keep track of stuff I would forget to do which makes my life easier and less stressful."
"C:\Projects\Web\planner-tdah\research\reddit_data\reddit-ADHDUK-what_adhd_apps_do_you_use.json","reddit-ADHDUK-what_adhd_apps_do_you_use","1ervyfx","t3_1ervyfx","https://www.reddit.com/r/ADHDUK/comments/1ervyfx/what_adhd_apps_do_you_use/","ADHDUK","r/ADHDUK","What ADHD Apps do you use?","Hey ADHDers! 👋 I’ve been on a journey to find the best apps to help with productivity, time management, and staying on top of things. As someone with ADHD, I know how tricky it can be to find the right tools that actually work for our unique brains. I’m curious—what apps are you all using at the moment to help with these challenges? Whether it’s a to-do list, calendar, or something more specialized, I’d love to hear what works for you. Also, are there any features you wish these apps had? Maybe something that could make them even more ADHD-friendly? Thanks in advance for your suggestions!","General Questions/Advice/Support","1723622555","2024-08-14T08:02:35+00:00","43","43","0.98","43","0a3c8b3246009e2d","","reddit-ADHDUK-what_adhd_apps_do_you_use:comment:li78snj","comment","li78snj","t1_li78snj","https://www.reddit.com/r/ADHDUK/comments/1ervyfx/what_adhd_apps_do_you_use/li78snj/","/r/ADHDUK/comments/1ervyfx/what_adhd_apps_do_you_use/li78snj/","t3_1ervyfx","post","","li78snj","0","true","li78snj","bbfa30cf9487da04","","","false","false","","1","1","0","0","0","1723703536","2024-08-15T06:32:16+00:00","false","False","","false","false","false","false","Apple reminders coupled with Siri, but this is of course only relevant to those in the apple eco-system.","Apple reminders coupled with Siri, but this is of course only relevant to those in the apple eco-system.","104","18","","","","false","false","app","","reminder | reminders","mentions_feature_or_solution | mentions_planner_or_system","12","[THREAD_TITLE]
What ADHD Apps do you use?

[THREAD_BODY]
Hey ADHDers! 👋 I’ve been on a journey to find the best apps to help with productivity, time management, and staying on top of things. As someone with ADHD, I know how tricky it can be to find the right tools that actually work for our unique brains. I’m curious—what apps are you all using at the moment to help with these challenges? Whether it’s a to-do list, calendar, or something more specialized, I’d love to hear what works for you. Also, are there any features you wish these apps had? Maybe something that could make them even more ADHD-friendly? Thanks in advance for your suggestions!

[CURRENT_RECORD]
Apple reminders coupled with Siri, but this is of course only relevant to those in the apple eco-system."
"C:\Projects\Web\planner-tdah\research\reddit_data\reddit-ADHDUK-what_adhd_apps_do_you_use.json","reddit-ADHDUK-what_adhd_apps_do_you_use","1ervyfx","t3_1ervyfx","https://www.reddit.com/r/ADHDUK/comments/1ervyfx/what_adhd_apps_do_you_use/","ADHDUK","r/ADHDUK","What ADHD Apps do you use?","Hey ADHDers! 👋 I’ve been on a journey to find the best apps to help with productivity, time management, and staying on top of things. As someone with ADHD, I know how tricky it can be to find the right tools that actually work for our unique brains. I’m curious—what apps are you all using at the moment to help with these challenges? Whether it’s a to-do list, calendar, or something more specialized, I’d love to hear what works for you. Also, are there any features you wish these apps had? Maybe something that could make them even more ADHD-friendly? Thanks in advance for your suggestions!","General Questions/Advice/Support","1723622555","2024-08-14T08:02:35+00:00","43","43","0.98","43","0a3c8b3246009e2d","","reddit-ADHDUK-what_adhd_apps_do_you_use:comment:li7iw7r","comment","li7iw7r","t1_li7iw7r","https://www.reddit.com/r/ADHDUK/comments/1ervyfx/what_adhd_apps_do_you_use/li7iw7r/","/r/ADHDUK/comments/1ervyfx/what_adhd_apps_do_you_use/li7iw7r/","t3_1ervyfx","post","","li7iw7r","0","true","li7iw7r","01e8240934712d65","","","false","false","","1","1","0","0","0","1723710044","2024-08-15T08:20:44+00:00","false","False","","false","false","false","false","I use structured for mapping out my day. It is the only way I get out of the house on time for work in the mornings 😂 it’s also really useful for days off when I have a lot of stuff to do. The premium version is £14 a year and that allows you to integrate your calendar","I use structured for mapping out my day. It is the only way I get out of the house on time for work in the mornings 😂 it’s also really useful for days off when I have a lot of stuff to do. The premium version is £14 a year and that allows you to integrate your calendar","269","58","","","","false","true","calendar | app | to do","time","","forgetfulness_or_time_signal | mentions_pain_or_friction | mentions_planner_or_system | mentions_working_solution_or_recommendation","43","[THREAD_TITLE]
What ADHD Apps do you use?

[THREAD_BODY]
Hey ADHDers! 👋 I’ve been on a journey to find the best apps to help with productivity, time management, and staying on top of things. As someone with ADHD, I know how tricky it can be to find the right tools that actually work for our unique brains. I’m curious—what apps are you all using at the moment to help with these challenges? Whether it’s a to-do list, calendar, or something more specialized, I’d love to hear what works for you. Also, are there any features you wish these apps had? Maybe something that could make them even more ADHD-friendly? Thanks in advance for your suggestions!

[CURRENT_RECORD]
I use structured for mapping out my day. It is the only way I get out of the house on time for work in the mornings 😂 it’s also really useful for days off when I have a lot of stuff to do. The premium version is £14 a year and that allows you to integrate your calendar"
"C:\Projects\Web\planner-tdah\research\reddit_data\reddit-ADHDUK-what_adhd_apps_do_you_use.json","reddit-ADHDUK-what_adhd_apps_do_you_use","1ervyfx","t3_1ervyfx","https://www.reddit.com/r/ADHDUK/comments/1ervyfx/what_adhd_apps_do_you_use/","ADHDUK","r/ADHDUK","What ADHD Apps do you use?","Hey ADHDers! 👋 I’ve been on a journey to find the best apps to help with productivity, time management, and staying on top of things. As someone with ADHD, I know how tricky it can be to find the right tools that actually work for our unique brains. I’m curious—what apps are you all using at the moment to help with these challenges? Whether it’s a to-do list, calendar, or something more specialized, I’d love to hear what works for you. Also, are there any features you wish these apps had? Maybe something that could make them even more ADHD-friendly? Thanks in advance for your suggestions!","General Questions/Advice/Support","1723622555","2024-08-14T08:02:35+00:00","43","43","0.98","43","0a3c8b3246009e2d","","reddit-ADHDUK-what_adhd_apps_do_you_use:comment:li8t5i5","comment","li8t5i5","t1_li8t5i5","https://www.reddit.com/r/ADHDUK/comments/1ervyfx/what_adhd_apps_do_you_use/li8t5i5/","/r/ADHDUK/comments/1ervyfx/what_adhd_apps_do_you_use/li8t5i5/","t3_1ervyfx","post","","li8t5i5","0","true","li8t5i5","c5c193c3f3aa43fd","","","false","false","","1","1","0","0","0","1723731936","2024-08-15T14:25:36+00:00","false","False","","false","false","false","false","Honestly I can't persist with anything, so mostly only the basics: - Lots of alarms. Like, 4-6 for my 'morning routine' to make sure I get out the door on time. - Google Keep for notes with reminders attached. ... that's about it reallly.","Honestly I can't persist with anything, so mostly only the basics: - Lots of alarms. Like, 4-6 for my 'morning routine' to make sure I get out the door on time. - Google Keep for notes with reminders attached. ... that's about it reallly.","238","44","","","","false","false","routine","time","reminder | reminders | notes","forgetfulness_or_time_signal | mentions_feature_or_solution | mentions_pain_or_friction | mentions_planner_or_system","39","[THREAD_TITLE]
What ADHD Apps do you use?

[THREAD_BODY]
Hey ADHDers! 👋 I’ve been on a journey to find the best apps to help with productivity, time management, and staying on top of things. As someone with ADHD, I know how tricky it can be to find the right tools that actually work for our unique brains. I’m curious—what apps are you all using at the moment to help with these challenges? Whether it’s a to-do list, calendar, or something more specialized, I’d love to hear what works for you. Also, are there any features you wish these apps had? Maybe something that could make them even more ADHD-friendly? Thanks in advance for your suggestions!

[CURRENT_RECORD]
Honestly I can't persist with anything, so mostly only the basics: - Lots of alarms. Like, 4-6 for my 'morning routine' to make sure I get out the door on time. - Google Keep for notes with reminders attached. ... that's about it reallly."
"C:\Projects\Web\planner-tdah\research\reddit_data\reddit-ADHDUK-what_adhd_apps_do_you_use.json","reddit-ADHDUK-what_adhd_apps_do_you_use","1ervyfx","t3_1ervyfx","https://www.reddit.com/r/ADHDUK/comments/1ervyfx/what_adhd_apps_do_you_use/","ADHDUK","r/ADHDUK","What ADHD Apps do you use?","Hey ADHDers! 👋 I’ve been on a journey to find the best apps to help with productivity, time management, and staying on top of things. As someone with ADHD, I know how tricky it can be to find the right tools that actually work for our unique brains. I’m curious—what apps are you all using at the moment to help with these challenges? Whether it’s a to-do list, calendar, or something more specialized, I’d love to hear what works for you. Also, are there any features you wish these apps had? Maybe something that could make them even more ADHD-friendly? Thanks in advance for your suggestions!","General Questions/Advice/Support","1723622555","2024-08-14T08:02:35+00:00","43","43","0.98","43","0a3c8b3246009e2d","","reddit-ADHDUK-what_adhd_apps_do_you_use:comment:lidhfsj","comment","lidhfsj","t1_lidhfsj","https://www.reddit.com/r/ADHDUK/comments/1ervyfx/what_adhd_apps_do_you_use/lidhfsj/","/r/ADHDUK/comments/1ervyfx/what_adhd_apps_do_you_use/lidhfsj/","t3_1ervyfx","post","","lidhfsj","0","true","lidhfsj","9c2fb7e869296126","","","false","false","","1","1","0","0","0","1723795864","2024-08-16T08:11:04+00:00","false","False","","false","false","false","false","Two apps spring to mind: Tick Tick for noting and/or scheduling (or delaying/scrapping) tasks and Bitwarden for creating and storing passwords. Both synchronise cross-platform, unlike Llama Life, which I've tried but is only reluctantly dragging itself on to the platform of affordable (Android) phones. Another useful one, similar to Tick Tick, is just called Tasks. Occasionally, if I'm looking for planning the bigger picture, I use Infinity. Now that I've given up work as a pointless exercise in stroking others' egos, i.e. I've retired, I'm a bit more relaxed about where my data goes, but I generally prefer to avoid giving data to big corporations. There's a lot to be said for the convenience of cross-platform synchronising, but it's woefully insecure unless you keep your own cloud. Paper and whiteboards, by contrast, offer simplicity and security.","Two apps spring to mind: Tick Tick for noting and/or scheduling (or delaying/scrapping) tasks and Bitwarden for creating and storing passwords. Both synchronise cross-platform, unlike Llama Life, which I've tried but is only reluctantly dragging itself on to the platform of affo…","860","136","","","","false","true","plan | planning | app","tasks","","long_form_comment | mentions_pain_or_friction | mentions_planner_or_system | mentions_working_solution_or_recommendation","45","[THREAD_TITLE]
What ADHD Apps do you use?

[THREAD_BODY]
Hey ADHDers! 👋 I’ve been on a journey to find the best apps to help with productivity, time management, and staying on top of things. As someone with ADHD, I know how tricky it can be to find the right tools that actually work for our unique brains. I’m curious—what apps are you all using at the moment to help with these challenges? Whether it’s a to-do list, calendar, or something more specialized, I’d love to hear what works for you. Also, are there any features you wish these apps had? Maybe something that could make them even more ADHD-friendly? Thanks in advance for your suggestions!

[CURRENT_RECORD]
Two apps spring to mind: Tick Tick for noting and/or scheduling (or delaying/scrapping) tasks and Bitwarden for creating and storing passwords. Both synchronise cross-platform, unlike Llama Life, which I've tried but is only reluctantly dragging itself on to the platform of affordable (Android) phones. Another useful one, similar to Tick Tick, is just called Tasks. Occasionally, if I'm looking for planning the bigger picture, I use Infinity. Now that I've given up work as a pointless exercise in stroking others' egos, i.e. I've retired, I'm a bit more relaxed about where my data goes, but I generally prefer to avoid giving data to big corporations. There's a lot to be said for the convenience of cross-platform synchronising, but it's woefully insecure unless you keep your own cloud. Paper and whiteboards, by contrast, offer simplicity and security."
"C:\Projects\Web\planner-tdah\research\reddit_data\reddit-ADHDUK-what_adhd_apps_do_you_use.json","reddit-ADHDUK-what_adhd_apps_do_you_use","1ervyfx","t3_1ervyfx","https://www.reddit.com/r/ADHDUK/comments/1ervyfx/what_adhd_apps_do_you_use/","ADHDUK","r/ADHDUK","What ADHD Apps do you use?","Hey ADHDers! 👋 I’ve been on a journey to find the best apps to help with productivity, time management, and staying on top of things. As someone with ADHD, I know how tricky it can be to find the right tools that actually work for our unique brains. I’m curious—what apps are you all using at the moment to help with these challenges? Whether it’s a to-do list, calendar, or something more specialized, I’d love to hear what works for you. Also, are there any features you wish these apps had? Maybe something that could make them even more ADHD-friendly? Thanks in advance for your suggestions!","General Questions/Advice/Support","1723622555","2024-08-14T08:02:35+00:00","43","43","0.98","43","0a3c8b3246009e2d","","reddit-ADHDUK-what_adhd_apps_do_you_use:comment:nt2pee6","comment","nt2pee6","t1_nt2pee6","https://www.reddit.com/r/ADHDUK/comments/1ervyfx/what_adhd_apps_do_you_use/nt2pee6/","/r/ADHDUK/comments/1ervyfx/what_adhd_apps_do_you_use/nt2pee6/","t3_1ervyfx","post","","nt2pee6","0","true","nt2pee6","dece73dbcf750829","","","false","false","","1","1","0","0","0","1765263481","2025-12-09T06:58:01+00:00","false","False","","false","false","false","false","Sure (https://apps.apple.com/ru/app/sure-photo-proofs-checklists/id6754885481?l=en-GB) It’s mainly for avoiding those distracting baseline worries so you can keep your attention for real productivity tasks. Sure is a tiny tool for those “wait… did I actually turn it off?” moments: you take a quick photo before leaving, confirm it with a Focus Moment swipe, and later review it instead of re-checking in real life. Great for cutting doubt loops and everyday anxiety.","Sure (https://apps.apple.com/ru/app/sure-photo-proofs-checklists/id6754885481?l=en-GB) It’s mainly for avoiding those distracting baseline worries so you can keep your attention for real productivity tasks. Sure is a tiny tool for those “wait… did I actually turn it off?” moment…","467","67","","","https://apps.apple.com/ru/app/sure-photo-proofs-checklists/id6754885481?l=en-GB","true","true","app | checklist","anxiety | tasks","checklist | review","contains_question | mentions_feature_or_solution | mentions_pain_or_friction | mentions_planner_or_system | mentions_working_solution_or_recommendation","44","[THREAD_TITLE]
What ADHD Apps do you use?

[THREAD_BODY]
Hey ADHDers! 👋 I’ve been on a journey to find the best apps to help with productivity, time management, and staying on top of things. As someone with ADHD, I know how tricky it can be to find the right tools that actually work for our unique brains. I’m curious—what apps are you all using at the moment to help with these challenges? Whether it’s a to-do list, calendar, or something more specialized, I’d love to hear what works for you. Also, are there any features you wish these apps had? Maybe something that could make them even more ADHD-friendly? Thanks in advance for your suggestions!

[CURRENT_RECORD]
Sure (https://apps.apple.com/ru/app/sure-photo-proofs-checklists/id6754885481?l=en-GB) It’s mainly for avoiding those distracting baseline worries so you can keep your attention for real productivity tasks. Sure is a tiny tool for those “wait… did I actually turn it off?” moments: you take a quick photo before leaving, confirm it with a Focus Moment swipe, and later review it instead of re-checking in real life. Great for cutting doubt loops and everyday anxiety."
"C:\Projects\Web\planner-tdah\research\reddit_data\reddit-ADHDUK-what_adhd_apps_do_you_use.json","reddit-ADHDUK-what_adhd_apps_do_you_use","1ervyfx","t3_1ervyfx","https://www.reddit.com/r/ADHDUK/comments/1ervyfx/what_adhd_apps_do_you_use/","ADHDUK","r/ADHDUK","What ADHD Apps do you use?","Hey ADHDers! 👋 I’ve been on a journey to find the best apps to help with productivity, time management, and staying on top of things. As someone with ADHD, I know how tricky it can be to find the right tools that actually work for our unique brains. I’m curious—what apps are you all using at the moment to help with these challenges? Whether it’s a to-do list, calendar, or something more specialized, I’d love to hear what works for you. Also, are there any features you wish these apps had? Maybe something that could make them even more ADHD-friendly? Thanks in advance for your suggestions!","General Questions/Advice/Support","1723622555","2024-08-14T08:02:35+00:00","43","43","0.98","43","0a3c8b3246009e2d","","reddit-ADHDUK-what_adhd_apps_do_you_use:comment:oapz3p3","comment","oapz3p3","t1_oapz3p3","https://www.reddit.com/r/ADHDUK/comments/1ervyfx/what_adhd_apps_do_you_use/oapz3p3/","/r/ADHDUK/comments/1ervyfx/what_adhd_apps_do_you_use/oapz3p3/","t3_1ervyfx","post","","oapz3p3","0","true","oapz3p3","a1b9b09b4cd622ad","","","false","false","","1","1","0","0","0","1773653942","2026-03-16T09:39:02+00:00","false","False","","false","false","false","false","I’ve found that a lot of ADHD apps are decent at planning, but not as good at the moment where you’re just… stuck and can’t start. What’s been more useful for me lately is using something specifically for task paralysis / getting unstuck, rather than another full system with more notifications. Thawly AI has been good for that because it focuses on helping you start with a tiny first step instead of trying to make you manage your whole life at once. Curious whether anyone else here has found “starting” harder than “planning”?","I’ve found that a lot of ADHD apps are decent at planning, but not as good at the moment where you’re just… stuck and can’t start. What’s been more useful for me lately is using something specifically for task paralysis / getting unstuck, rather than another full system with mor…","531","93","","","","true","true","plan | planning | app","adhd","","contains_question | long_form_comment | mentions_pain_or_friction | mentions_planner_or_system | mentions_working_solution_or_recommendation","45","[THREAD_TITLE]
What ADHD Apps do you use?

[THREAD_BODY]
Hey ADHDers! 👋 I’ve been on a journey to find the best apps to help with productivity, time management, and staying on top of things. As someone with ADHD, I know how tricky it can be to find the right tools that actually work for our unique brains. I’m curious—what apps are you all using at the moment to help with these challenges? Whether it’s a to-do list, calendar, or something more specialized, I’d love to hear what works for you. Also, are there any features you wish these apps had? Maybe something that could make them even more ADHD-friendly? Thanks in advance for your suggestions!

[CURRENT_RECORD]
I’ve found that a lot of ADHD apps are decent at planning, but not as good at the moment where you’re just… stuck and can’t start. What’s been more useful for me lately is using something specifically for task paralysis / getting unstuck, rather than another full system with more notifications. Thawly AI has been good for that because it focuses on helping you start with a tiny first step instead of trying to make you manage your whole life at once. Curious whether anyone else here has found “starting” harder than “planning”?"
