"source_file","source_file_stem","thread_id","thread_fullname","thread_url","subreddit","subreddit_prefixed","thread_title","thread_selftext_clean","thread_flair","thread_created_utc","thread_created_iso","thread_score","thread_ups","thread_upvote_ratio","thread_num_comments","thread_author_hash","thread_author_public","record_id","record_type","comment_id","comment_fullname","comment_url","comment_permalink","parent_id_raw","parent_type","parent_comment_id","root_comment_id","depth","is_top_level","path_ids","author_hash","author_public","author_flair_text","is_submitter","stickied","distinguished","score","ups","downs","controversiality","reply_count_direct","created_utc","created_iso","edited","edited_utc","edited_iso","collapsed","locked","archived","score_hidden","body_clean","body_excerpt_280","body_length_chars","body_word_count","parent_body_excerpt","root_body_excerpt","text_urls","contains_question","contains_recommendation_language","planner_terms_found","pain_terms_found","feature_terms_found","signal_tags","relevance_score_0_100","text_for_ai"
"C:\Projects\Web\planner-tdah\research\reddit_data\reddit-ADHD-adhd_planner_what_works_what_doesnt.json","reddit-ADHD-adhd_planner_what_works_what_doesnt","1h13wls","t3_1h13wls","https://www.reddit.com/r/ADHD/comments/1h13wls/adhd_planner_what_works_what_doesnt/","ADHD","r/ADHD","ADHD planner - what works? what doesn’t?","I have a student w/ADHD who needs a planner. It's my job to get him to actually use it, but all my attempts have been pushed aside and igored. What planners have worked? I am brainstorming, so no information is off the table (well, maybe that side quest about minihorses eating crabapples). What advice, directions, examples, not-to-dos, or other anything-to-considers do you got for me in this process? Thank you :-D Edit: I've read and taken notes on all the feedback. Y'all really love to have strong feelings about planners and I don't suppose you're wrong about any of it. Thank you very much.","Questions/Advice","1732712933.0","2024-11-27T13:08:53+00:00","59","59","0.92","120","224e0411ccc9e1af","","reddit-ADHD-adhd_planner_what_works_what_doesnt:post:1h13wls","thread_post","","","https://www.reddit.com/r/ADHD/comments/1h13wls/adhd_planner_what_works_what_doesnt/","/r/ADHD/comments/1h13wls/adhd_planner_what_works_what_doesnt/","","","","","","","","224e0411ccc9e1af","","","true","false","","59","59","0","","","1732712933.0","2024-11-27T13:08:53+00:00","1732847439.0","1732847439.0","2024-11-29T02:30:39+00:00","","false","true","false","ADHD planner - what works? what doesn’t? I have a student w/ADHD who needs a planner. It's my job to get him to actually use it, but all my attempts have been pushed aside and igored. What planners have worked? I am brainstorming, so no information is off the table (well, maybe that side quest about minihorses eating crabapples). What advice, directions, examples, not-to-dos, or other anything-to-considers do you got for me in this process? Thank you :-D Edit: I've read and taken notes on all the feedback. Y'all really love to have strong feelings about planners and I don't suppose you're wrong about any of it. Thank you very much.","ADHD planner - what works? what doesn’t? I have a student w/ADHD who needs a planner. It's my job to get him to actually use it, but all my attempts have been pushed aside and igored. What planners have worked? I am brainstorming, so no information is off the table (well, maybe…","639","111","","","","true","true","planner | planners | plan | app | to-do","adhd","notes","contains_question | long_form_comment | mentions_feature_or_solution | mentions_pain_or_friction | mentions_planner_or_system | mentions_working_solution_or_recommendation","72","[THREAD_TITLE]
ADHD planner - what works? what doesn’t?

[THREAD_BODY]
I have a student w/ADHD who needs a planner. It's my job to get him to actually use it, but all my attempts have been pushed aside and igored. What planners have worked? I am brainstorming, so no information is off the table (well, maybe that side quest about minihorses eating crabapples). What advice, directions, examples, not-to-dos, or other anything-to-considers do you got for me in this process? Thank you :-D Edit: I've read and taken notes on all the feedback. Y'all really love to have strong feelings about planners and I don't suppose you're wrong about any of it. Thank you very much."
"C:\Projects\Web\planner-tdah\research\reddit_data\reddit-ADHD-adhd_planner_what_works_what_doesnt.json","reddit-ADHD-adhd_planner_what_works_what_doesnt","1h13wls","t3_1h13wls","https://www.reddit.com/r/ADHD/comments/1h13wls/adhd_planner_what_works_what_doesnt/","ADHD","r/ADHD","ADHD planner - what works? what doesn’t?","I have a student w/ADHD who needs a planner. It's my job to get him to actually use it, but all my attempts have been pushed aside and igored. What planners have worked? I am brainstorming, so no information is off the table (well, maybe that side quest about minihorses eating crabapples). What advice, directions, examples, not-to-dos, or other anything-to-considers do you got for me in this process? Thank you :-D Edit: I've read and taken notes on all the feedback. Y'all really love to have strong feelings about planners and I don't suppose you're wrong about any of it. Thank you very much.","Questions/Advice","1732712933.0","2024-11-27T13:08:53+00:00","59","59","0.92","120","224e0411ccc9e1af","","reddit-ADHD-adhd_planner_what_works_what_doesnt:comment:lz8plow","comment","lz8plow","t1_lz8plow","https://www.reddit.com/r/ADHD/comments/1h13wls/adhd_planner_what_works_what_doesnt/lz8plow/","/r/ADHD/comments/1h13wls/adhd_planner_what_works_what_doesnt/lz8plow/","t3_1h13wls","post","","lz8plow","0","true","lz8plow","7e227c124009d816","","","false","false","","235","235","0","0","4","1732715558.0","2024-11-27T13:52:38+00:00","false","False","","false","false","true","false","He’s not going to use the planner. This will be a fruitless and frustrating endeavor that will leave everyone worse off. If possible get him used to using a calendar app where he can quickly add something to it by voice. If he can say, “hey siri, set a reminder for my math homework” that has a far greater chance of success than a physical planner.","He’s not going to use the planner. This will be a fruitless and frustrating endeavor that will leave everyone worse off. If possible get him used to using a calendar app where he can quickly add something to it by voice. If he can say, “hey siri, set a reminder for my math homew…","349","66","","","","false","true","planner | plan | calendar | app","frustrating","reminder","mentions_feature_or_solution | mentions_pain_or_friction | mentions_planner_or_system | mentions_working_solution_or_recommendation","61","[THREAD_TITLE]
ADHD planner - what works? what doesn’t?

[THREAD_BODY]
I have a student w/ADHD who needs a planner. It's my job to get him to actually use it, but all my attempts have been pushed aside and igored. What planners have worked? I am brainstorming, so no information is off the table (well, maybe that side quest about minihorses eating crabapples). What advice, directions, examples, not-to-dos, or other anything-to-considers do you got for me in this process? Thank you :-D Edit: I've read and taken notes on all the feedback. Y'all really love to have strong feelings about planners and I don't suppose you're wrong about any of it. Thank you very much.

[CURRENT_RECORD]
He’s not going to use the planner. This will be a fruitless and frustrating endeavor that will leave everyone worse off. If possible get him used to using a calendar app where he can quickly add something to it by voice. If he can say, “hey siri, set a reminder for my math homework” that has a far greater chance of success than a physical planner."
"C:\Projects\Web\planner-tdah\research\reddit_data\reddit-ADHD-adhd_planner_what_works_what_doesnt.json","reddit-ADHD-adhd_planner_what_works_what_doesnt","1h13wls","t3_1h13wls","https://www.reddit.com/r/ADHD/comments/1h13wls/adhd_planner_what_works_what_doesnt/","ADHD","r/ADHD","ADHD planner - what works? what doesn’t?","I have a student w/ADHD who needs a planner. It's my job to get him to actually use it, but all my attempts have been pushed aside and igored. What planners have worked? I am brainstorming, so no information is off the table (well, maybe that side quest about minihorses eating crabapples). What advice, directions, examples, not-to-dos, or other anything-to-considers do you got for me in this process? Thank you :-D Edit: I've read and taken notes on all the feedback. Y'all really love to have strong feelings about planners and I don't suppose you're wrong about any of it. Thank you very much.","Questions/Advice","1732712933.0","2024-11-27T13:08:53+00:00","59","59","0.92","120","224e0411ccc9e1af","","reddit-ADHD-adhd_planner_what_works_what_doesnt:comment:lz8zktf","comment","lz8zktf","t1_lz8zktf","https://www.reddit.com/r/ADHD/comments/1h13wls/adhd_planner_what_works_what_doesnt/lz8zktf/","/r/ADHD/comments/1h13wls/adhd_planner_what_works_what_doesnt/lz8zktf/","t1_lz8plow","comment","lz8plow","lz8plow","1","false","lz8plow > lz8zktf","43cbceb22441e10c","","","false","false","","42","42","0","0","1","1732719187.0","2024-11-27T14:53:07+00:00","false","False","","false","false","true","false","""Hey Google"" is my best friend 🙏","""Hey Google"" is my best friend 🙏","32","7","He’s not going to use the planner. This will be a fruitless and frustrating endeavor that will leave everyone worse off. If possible get him used to using a calendar app where he can quickly add something to it by voice. If he can say, “hey siri, set a reminder for my math homework” that has a far greater chance of success than a physical planner.","He’s not going to use the planner. This will be a fruitless and frustrating endeavor that will leave everyone worse off. If possible get him used to using a calendar app where he can quickly add something to it by voice. If he can say, “hey siri, set a reminder for my math homework” that has a far greater chance of success than a physical planner.","","false","false","","","","","13","[THREAD_TITLE]
ADHD planner - what works? what doesn’t?

[THREAD_BODY]
I have a student w/ADHD who needs a planner. It's my job to get him to actually use it, but all my attempts have been pushed aside and igored. What planners have worked? I am brainstorming, so no information is off the table (well, maybe that side quest about minihorses eating crabapples). What advice, directions, examples, not-to-dos, or other anything-to-considers do you got for me in this process? Thank you :-D Edit: I've read and taken notes on all the feedback. Y'all really love to have strong feelings about planners and I don't suppose you're wrong about any of it. Thank you very much.

[PARENT_COMMENT_CONTEXT]
He’s not going to use the planner. This will be a fruitless and frustrating endeavor that will leave everyone worse off. If possible get him used to using a calendar app where he can quickly add something to it by voice. If he can say, “hey siri, set a reminder for my math homework” that has a far greater chance of success than a physical planner.

[CURRENT_RECORD]
""Hey Google"" is my best friend 🙏"
"C:\Projects\Web\planner-tdah\research\reddit_data\reddit-ADHD-adhd_planner_what_works_what_doesnt.json","reddit-ADHD-adhd_planner_what_works_what_doesnt","1h13wls","t3_1h13wls","https://www.reddit.com/r/ADHD/comments/1h13wls/adhd_planner_what_works_what_doesnt/","ADHD","r/ADHD","ADHD planner - what works? what doesn’t?","I have a student w/ADHD who needs a planner. It's my job to get him to actually use it, but all my attempts have been pushed aside and igored. What planners have worked? I am brainstorming, so no information is off the table (well, maybe that side quest about minihorses eating crabapples). What advice, directions, examples, not-to-dos, or other anything-to-considers do you got for me in this process? Thank you :-D Edit: I've read and taken notes on all the feedback. Y'all really love to have strong feelings about planners and I don't suppose you're wrong about any of it. Thank you very much.","Questions/Advice","1732712933.0","2024-11-27T13:08:53+00:00","59","59","0.92","120","224e0411ccc9e1af","","reddit-ADHD-adhd_planner_what_works_what_doesnt:comment:lz9fpxi","comment","lz9fpxi","t1_lz9fpxi","https://www.reddit.com/r/ADHD/comments/1h13wls/adhd_planner_what_works_what_doesnt/lz9fpxi/","/r/ADHD/comments/1h13wls/adhd_planner_what_works_what_doesnt/lz9fpxi/","t1_lz8zktf","comment","lz8zktf","lz8plow","2","false","lz8plow > lz8zktf > lz9fpxi","40b8394eee06198d","","","false","false","","15","15","0","0","2","1732724430.0","2024-11-27T16:20:30+00:00","false","False","","false","false","true","false","""Hey Google What's the weather"" is a godsend for helping me find my phone.","""Hey Google What's the weather"" is a godsend for helping me find my phone.","74","14","""Hey Google"" is my best friend 🙏","He’s not going to use the planner. This will be a fruitless and frustrating endeavor that will leave everyone worse off. If possible get him used to using a calendar app where he can quickly add something to it by voice. If he can say, “hey siri, set a reminder for my math homework” that has a far greater chance of success than a physical planner.","","false","false","","","","","8","[THREAD_TITLE]
ADHD planner - what works? what doesn’t?

[THREAD_BODY]
I have a student w/ADHD who needs a planner. It's my job to get him to actually use it, but all my attempts have been pushed aside and igored. What planners have worked? I am brainstorming, so no information is off the table (well, maybe that side quest about minihorses eating crabapples). What advice, directions, examples, not-to-dos, or other anything-to-considers do you got for me in this process? Thank you :-D Edit: I've read and taken notes on all the feedback. Y'all really love to have strong feelings about planners and I don't suppose you're wrong about any of it. Thank you very much.

[ROOT_COMMENT_CONTEXT]
He’s not going to use the planner. This will be a fruitless and frustrating endeavor that will leave everyone worse off. If possible get him used to using a calendar app where he can quickly add something to it by voice. If he can say, “hey siri, set a reminder for my math homework” that has a far greater chance of success than a physical planner.

[PARENT_COMMENT_CONTEXT]
""Hey Google"" is my best friend 🙏

[CURRENT_RECORD]
""Hey Google What's the weather"" is a godsend for helping me find my phone."
"C:\Projects\Web\planner-tdah\research\reddit_data\reddit-ADHD-adhd_planner_what_works_what_doesnt.json","reddit-ADHD-adhd_planner_what_works_what_doesnt","1h13wls","t3_1h13wls","https://www.reddit.com/r/ADHD/comments/1h13wls/adhd_planner_what_works_what_doesnt/","ADHD","r/ADHD","ADHD planner - what works? what doesn’t?","I have a student w/ADHD who needs a planner. It's my job to get him to actually use it, but all my attempts have been pushed aside and igored. What planners have worked? I am brainstorming, so no information is off the table (well, maybe that side quest about minihorses eating crabapples). What advice, directions, examples, not-to-dos, or other anything-to-considers do you got for me in this process? Thank you :-D Edit: I've read and taken notes on all the feedback. Y'all really love to have strong feelings about planners and I don't suppose you're wrong about any of it. Thank you very much.","Questions/Advice","1732712933.0","2024-11-27T13:08:53+00:00","59","59","0.92","120","224e0411ccc9e1af","","reddit-ADHD-adhd_planner_what_works_what_doesnt:comment:lz9ikn8","comment","lz9ikn8","t1_lz9ikn8","https://www.reddit.com/r/ADHD/comments/1h13wls/adhd_planner_what_works_what_doesnt/lz9ikn8/","/r/ADHD/comments/1h13wls/adhd_planner_what_works_what_doesnt/lz9ikn8/","t1_lz9fpxi","comment","lz9fpxi","lz8plow","3","false","lz8plow > lz8zktf > lz9fpxi > lz9ikn8","43cbceb22441e10c","","","false","false","","8","8","0","0","1","1732725310.0","2024-11-27T16:35:10+00:00","false","False","","false","false","true","false","Thats a good one I'm going to remember that! For me its usually ""Hey Google, remind me to insert 5 long rambling sentences of stuff I have to do tomorrow at 7 am"" lol. Works a treat","Thats a good one I'm going to remember that! For me its usually ""Hey Google, remind me to insert 5 long rambling sentences of stuff I have to do tomorrow at 7 am"" lol. Works a treat","181","37","""Hey Google What's the weather"" is a godsend for helping me find my phone.","He’s not going to use the planner. This will be a fruitless and frustrating endeavor that will leave everyone worse off. If possible get him used to using a calendar app where he can quickly add something to it by voice. If he can say, “hey siri, set a reminder for my math homework” that has a far greater chance of success than a physical planner.","","false","false","to do","","","mentions_planner_or_system","22","[THREAD_TITLE]
ADHD planner - what works? what doesn’t?

[THREAD_BODY]
I have a student w/ADHD who needs a planner. It's my job to get him to actually use it, but all my attempts have been pushed aside and igored. What planners have worked? I am brainstorming, so no information is off the table (well, maybe that side quest about minihorses eating crabapples). What advice, directions, examples, not-to-dos, or other anything-to-considers do you got for me in this process? Thank you :-D Edit: I've read and taken notes on all the feedback. Y'all really love to have strong feelings about planners and I don't suppose you're wrong about any of it. Thank you very much.

[ROOT_COMMENT_CONTEXT]
He’s not going to use the planner. This will be a fruitless and frustrating endeavor that will leave everyone worse off. If possible get him used to using a calendar app where he can quickly add something to it by voice. If he can say, “hey siri, set a reminder for my math homework” that has a far greater chance of success than a physical planner.

[PARENT_COMMENT_CONTEXT]
""Hey Google What's the weather"" is a godsend for helping me find my phone.

[CURRENT_RECORD]
Thats a good one I'm going to remember that! For me its usually ""Hey Google, remind me to insert 5 long rambling sentences of stuff I have to do tomorrow at 7 am"" lol. Works a treat"
"C:\Projects\Web\planner-tdah\research\reddit_data\reddit-ADHD-adhd_planner_what_works_what_doesnt.json","reddit-ADHD-adhd_planner_what_works_what_doesnt","1h13wls","t3_1h13wls","https://www.reddit.com/r/ADHD/comments/1h13wls/adhd_planner_what_works_what_doesnt/","ADHD","r/ADHD","ADHD planner - what works? what doesn’t?","I have a student w/ADHD who needs a planner. It's my job to get him to actually use it, but all my attempts have been pushed aside and igored. What planners have worked? I am brainstorming, so no information is off the table (well, maybe that side quest about minihorses eating crabapples). What advice, directions, examples, not-to-dos, or other anything-to-considers do you got for me in this process? Thank you :-D Edit: I've read and taken notes on all the feedback. Y'all really love to have strong feelings about planners and I don't suppose you're wrong about any of it. Thank you very much.","Questions/Advice","1732712933.0","2024-11-27T13:08:53+00:00","59","59","0.92","120","224e0411ccc9e1af","","reddit-ADHD-adhd_planner_what_works_what_doesnt:comment:lz9khl5","comment","lz9khl5","t1_lz9khl5","https://www.reddit.com/r/ADHD/comments/1h13wls/adhd_planner_what_works_what_doesnt/lz9khl5/","/r/ADHD/comments/1h13wls/adhd_planner_what_works_what_doesnt/lz9khl5/","t1_lz9ikn8","comment","lz9ikn8","lz8plow","4","false","lz8plow > lz8zktf > lz9fpxi > lz9ikn8 > lz9khl5","40b8394eee06198d","","","false","false","","1","1","0","0","0","1732725897.0","2024-11-27T16:44:57+00:00","false","False","","false","true","true","false","I have been using Alexa at home for that. Hadn't thought of doing so with my phone /Google. Thanks, I need something on the go and that rocks. I run learning 'sessions' that are hands on simulations- I have alarms set for the last 10 min warning and end of session warning. I set it to play my Spotify play list. So far the learners find it less jarring and are amused- and it keeps me from going over time. It also is obvious- other's notice and it makes me pay attention, I had a cheap smart watch that vibrated for similar- but I tended to kinda ignore it and then I lost the watch.","I have been using Alexa at home for that. Hadn't thought of doing so with my phone /Google. Thanks, I need something on the go and that rocks. I run learning 'sessions' that are hands on simulations- I have alarms set for the last 10 min warning and end of session warning. I set…","585","115","Thats a good one I'm going to remember that! For me its usually ""Hey Google, remind me to insert 5 long rambling sentences of stuff I have to do tomorrow at 7 am"" lol. Works a treat","He’s not going to use the planner. This will be a fruitless and frustrating endeavor that will leave everyone worse off. If possible get him used to using a calendar app where he can quickly add something to it by voice. If he can say, “hey siri, set a reminder for my math homework” that has a far greater chance of success than a physical planner.","","false","false","","lost | time","","forgetfulness_or_time_signal | long_form_comment | mentions_pain_or_friction","38","[THREAD_TITLE]
ADHD planner - what works? what doesn’t?

[THREAD_BODY]
I have a student w/ADHD who needs a planner. It's my job to get him to actually use it, but all my attempts have been pushed aside and igored. What planners have worked? I am brainstorming, so no information is off the table (well, maybe that side quest about minihorses eating crabapples). What advice, directions, examples, not-to-dos, or other anything-to-considers do you got for me in this process? Thank you :-D Edit: I've read and taken notes on all the feedback. Y'all really love to have strong feelings about planners and I don't suppose you're wrong about any of it. Thank you very much.

[ROOT_COMMENT_CONTEXT]
He’s not going to use the planner. This will be a fruitless and frustrating endeavor that will leave everyone worse off. If possible get him used to using a calendar app where he can quickly add something to it by voice. If he can say, “hey siri, set a reminder for my math homework” that has a far greater chance of success than a physical planner.

[PARENT_COMMENT_CONTEXT]
Thats a good one I'm going to remember that! For me its usually ""Hey Google, remind me to insert 5 long rambling sentences of stuff I have to do tomorrow at 7 am"" lol. Works a treat

[CURRENT_RECORD]
I have been using Alexa at home for that. Hadn't thought of doing so with my phone /Google. Thanks, I need something on the go and that rocks. I run learning 'sessions' that are hands on simulations- I have alarms set for the last 10 min warning and end of session warning. I set it to play my Spotify play list. So far the learners find it less jarring and are amused- and it keeps me from going over time. It also is obvious- other's notice and it makes me pay attention, I had a cheap smart watch that vibrated for similar- but I tended to kinda ignore it and then I lost the watch."
"C:\Projects\Web\planner-tdah\research\reddit_data\reddit-ADHD-adhd_planner_what_works_what_doesnt.json","reddit-ADHD-adhd_planner_what_works_what_doesnt","1h13wls","t3_1h13wls","https://www.reddit.com/r/ADHD/comments/1h13wls/adhd_planner_what_works_what_doesnt/","ADHD","r/ADHD","ADHD planner - what works? what doesn’t?","I have a student w/ADHD who needs a planner. It's my job to get him to actually use it, but all my attempts have been pushed aside and igored. What planners have worked? I am brainstorming, so no information is off the table (well, maybe that side quest about minihorses eating crabapples). What advice, directions, examples, not-to-dos, or other anything-to-considers do you got for me in this process? Thank you :-D Edit: I've read and taken notes on all the feedback. Y'all really love to have strong feelings about planners and I don't suppose you're wrong about any of it. Thank you very much.","Questions/Advice","1732712933.0","2024-11-27T13:08:53+00:00","59","59","0.92","120","224e0411ccc9e1af","","reddit-ADHD-adhd_planner_what_works_what_doesnt:comment:lzcdxmy","comment","lzcdxmy","t1_lzcdxmy","https://www.reddit.com/r/ADHD/comments/1h13wls/adhd_planner_what_works_what_doesnt/lzcdxmy/","/r/ADHD/comments/1h13wls/adhd_planner_what_works_what_doesnt/lzcdxmy/","t1_lz9fpxi","comment","lz9fpxi","lz8plow","3","false","lz8plow > lz8zktf > lz9fpxi > lzcdxmy","99bfdca2cd74da4f","","","false","false","","1","1","0","0","0","1732759942.0","2024-11-28T02:12:22+00:00","false","False","","false","false","true","false","it's basically impossible for me to lose my phone now since my watch which is literally strapped to me 24/7 can ping it","it's basically impossible for me to lose my phone now since my watch which is literally strapped to me 24/7 can ping it","119","23","""Hey Google What's the weather"" is a godsend for helping me find my phone.","He’s not going to use the planner. This will be a fruitless and frustrating endeavor that will leave everyone worse off. If possible get him used to using a calendar app where he can quickly add something to it by voice. If he can say, “hey siri, set a reminder for my math homework” that has a far greater chance of success than a physical planner.","","false","false","app","","","mentions_planner_or_system","14","[THREAD_TITLE]
ADHD planner - what works? what doesn’t?

[THREAD_BODY]
I have a student w/ADHD who needs a planner. It's my job to get him to actually use it, but all my attempts have been pushed aside and igored. What planners have worked? I am brainstorming, so no information is off the table (well, maybe that side quest about minihorses eating crabapples). What advice, directions, examples, not-to-dos, or other anything-to-considers do you got for me in this process? Thank you :-D Edit: I've read and taken notes on all the feedback. Y'all really love to have strong feelings about planners and I don't suppose you're wrong about any of it. Thank you very much.

[ROOT_COMMENT_CONTEXT]
He’s not going to use the planner. This will be a fruitless and frustrating endeavor that will leave everyone worse off. If possible get him used to using a calendar app where he can quickly add something to it by voice. If he can say, “hey siri, set a reminder for my math homework” that has a far greater chance of success than a physical planner.

[PARENT_COMMENT_CONTEXT]
""Hey Google What's the weather"" is a godsend for helping me find my phone.

[CURRENT_RECORD]
it's basically impossible for me to lose my phone now since my watch which is literally strapped to me 24/7 can ping it"
"C:\Projects\Web\planner-tdah\research\reddit_data\reddit-ADHD-adhd_planner_what_works_what_doesnt.json","reddit-ADHD-adhd_planner_what_works_what_doesnt","1h13wls","t3_1h13wls","https://www.reddit.com/r/ADHD/comments/1h13wls/adhd_planner_what_works_what_doesnt/","ADHD","r/ADHD","ADHD planner - what works? what doesn’t?","I have a student w/ADHD who needs a planner. It's my job to get him to actually use it, but all my attempts have been pushed aside and igored. What planners have worked? I am brainstorming, so no information is off the table (well, maybe that side quest about minihorses eating crabapples). What advice, directions, examples, not-to-dos, or other anything-to-considers do you got for me in this process? Thank you :-D Edit: I've read and taken notes on all the feedback. Y'all really love to have strong feelings about planners and I don't suppose you're wrong about any of it. Thank you very much.","Questions/Advice","1732712933.0","2024-11-27T13:08:53+00:00","59","59","0.92","120","224e0411ccc9e1af","","reddit-ADHD-adhd_planner_what_works_what_doesnt:comment:lz9chk8","comment","lz9chk8","t1_lz9chk8","https://www.reddit.com/r/ADHD/comments/1h13wls/adhd_planner_what_works_what_doesnt/lz9chk8/","/r/ADHD/comments/1h13wls/adhd_planner_what_works_what_doesnt/lz9chk8/","t1_lz8plow","comment","lz8plow","lz8plow","1","false","lz8plow > lz9chk8","a8e32fb924aff4fe","","","false","false","","18","18","0","0","0","1732723415.0","2024-11-27T16:03:35+00:00","false","False","","false","false","true","false","This 100%. I use Google Calendar for everything. Its one thing to put a reminder on there but its equally important that you set up its notification cuz half the time I forget I put a meeting or appointment until it reminds me the evening before or morning of.","This 100%. I use Google Calendar for everything. Its one thing to put a reminder on there but its equally important that you set up its notification cuz half the time I forget I put a meeting or appointment until it reminds me the evening before or morning of.","260","49","He’s not going to use the planner. This will be a fruitless and frustrating endeavor that will leave everyone worse off. If possible get him used to using a calendar app where he can quickly add something to it by voice. If he can say, “hey siri, set a reminder for my math homework” that has a far greater chance of success than a physical planner.","He’s not going to use the planner. This will be a fruitless and frustrating endeavor that will leave everyone worse off. If possible get him used to using a calendar app where he can quickly add something to it by voice. If he can say, “hey siri, set a reminder for my math homework” that has a far greater chance of success than a physical planner.","","false","false","calendar | app","forget | time","reminder","forgetfulness_or_time_signal | mentions_feature_or_solution | mentions_pain_or_friction | mentions_planner_or_system","45","[THREAD_TITLE]
ADHD planner - what works? what doesn’t?

[THREAD_BODY]
I have a student w/ADHD who needs a planner. It's my job to get him to actually use it, but all my attempts have been pushed aside and igored. What planners have worked? I am brainstorming, so no information is off the table (well, maybe that side quest about minihorses eating crabapples). What advice, directions, examples, not-to-dos, or other anything-to-considers do you got for me in this process? Thank you :-D Edit: I've read and taken notes on all the feedback. Y'all really love to have strong feelings about planners and I don't suppose you're wrong about any of it. Thank you very much.

[PARENT_COMMENT_CONTEXT]
He’s not going to use the planner. This will be a fruitless and frustrating endeavor that will leave everyone worse off. If possible get him used to using a calendar app where he can quickly add something to it by voice. If he can say, “hey siri, set a reminder for my math homework” that has a far greater chance of success than a physical planner.

[CURRENT_RECORD]
This 100%. I use Google Calendar for everything. Its one thing to put a reminder on there but its equally important that you set up its notification cuz half the time I forget I put a meeting or appointment until it reminds me the evening before or morning of."
"C:\Projects\Web\planner-tdah\research\reddit_data\reddit-ADHD-adhd_planner_what_works_what_doesnt.json","reddit-ADHD-adhd_planner_what_works_what_doesnt","1h13wls","t3_1h13wls","https://www.reddit.com/r/ADHD/comments/1h13wls/adhd_planner_what_works_what_doesnt/","ADHD","r/ADHD","ADHD planner - what works? what doesn’t?","I have a student w/ADHD who needs a planner. It's my job to get him to actually use it, but all my attempts have been pushed aside and igored. What planners have worked? I am brainstorming, so no information is off the table (well, maybe that side quest about minihorses eating crabapples). What advice, directions, examples, not-to-dos, or other anything-to-considers do you got for me in this process? Thank you :-D Edit: I've read and taken notes on all the feedback. Y'all really love to have strong feelings about planners and I don't suppose you're wrong about any of it. Thank you very much.","Questions/Advice","1732712933.0","2024-11-27T13:08:53+00:00","59","59","0.92","120","224e0411ccc9e1af","","reddit-ADHD-adhd_planner_what_works_what_doesnt:comment:lz9j195","comment","lz9j195","t1_lz9j195","https://www.reddit.com/r/ADHD/comments/1h13wls/adhd_planner_what_works_what_doesnt/lz9j195/","/r/ADHD/comments/1h13wls/adhd_planner_what_works_what_doesnt/lz9j195/","t1_lz8plow","comment","lz8plow","lz8plow","1","false","lz8plow > lz9j195","7ab4ab675f06690d","","ADHD-PI (Primarily Inattentive)","false","false","","7","7","0","0","0","1732725451.0","2024-11-27T16:37:31+00:00","false","False","","false","false","true","false","thats the reason why i just bought a new smartwatch so i can easily yell ""hey google, remind me to XYZ"" at it","thats the reason why i just bought a new smartwatch so i can easily yell ""hey google, remind me to XYZ"" at it","109","23","He’s not going to use the planner. This will be a fruitless and frustrating endeavor that will leave everyone worse off. If possible get him used to using a calendar app where he can quickly add something to it by voice. If he can say, “hey siri, set a reminder for my math homework” that has a far greater chance of success than a physical planner.","He’s not going to use the planner. This will be a fruitless and frustrating endeavor that will leave everyone worse off. If possible get him used to using a calendar app where he can quickly add something to it by voice. If he can say, “hey siri, set a reminder for my math homework” that has a far greater chance of success than a physical planner.","","false","false","","","","","15","[THREAD_TITLE]
ADHD planner - what works? what doesn’t?

[THREAD_BODY]
I have a student w/ADHD who needs a planner. It's my job to get him to actually use it, but all my attempts have been pushed aside and igored. What planners have worked? I am brainstorming, so no information is off the table (well, maybe that side quest about minihorses eating crabapples). What advice, directions, examples, not-to-dos, or other anything-to-considers do you got for me in this process? Thank you :-D Edit: I've read and taken notes on all the feedback. Y'all really love to have strong feelings about planners and I don't suppose you're wrong about any of it. Thank you very much.

[PARENT_COMMENT_CONTEXT]
He’s not going to use the planner. This will be a fruitless and frustrating endeavor that will leave everyone worse off. If possible get him used to using a calendar app where he can quickly add something to it by voice. If he can say, “hey siri, set a reminder for my math homework” that has a far greater chance of success than a physical planner.

[CURRENT_RECORD]
thats the reason why i just bought a new smartwatch so i can easily yell ""hey google, remind me to XYZ"" at it"
"C:\Projects\Web\planner-tdah\research\reddit_data\reddit-ADHD-adhd_planner_what_works_what_doesnt.json","reddit-ADHD-adhd_planner_what_works_what_doesnt","1h13wls","t3_1h13wls","https://www.reddit.com/r/ADHD/comments/1h13wls/adhd_planner_what_works_what_doesnt/","ADHD","r/ADHD","ADHD planner - what works? what doesn’t?","I have a student w/ADHD who needs a planner. It's my job to get him to actually use it, but all my attempts have been pushed aside and igored. What planners have worked? I am brainstorming, so no information is off the table (well, maybe that side quest about minihorses eating crabapples). What advice, directions, examples, not-to-dos, or other anything-to-considers do you got for me in this process? Thank you :-D Edit: I've read and taken notes on all the feedback. Y'all really love to have strong feelings about planners and I don't suppose you're wrong about any of it. Thank you very much.","Questions/Advice","1732712933.0","2024-11-27T13:08:53+00:00","59","59","0.92","120","224e0411ccc9e1af","","reddit-ADHD-adhd_planner_what_works_what_doesnt:comment:lza7c5a","comment","lza7c5a","t1_lza7c5a","https://www.reddit.com/r/ADHD/comments/1h13wls/adhd_planner_what_works_what_doesnt/lza7c5a/","/r/ADHD/comments/1h13wls/adhd_planner_what_works_what_doesnt/lza7c5a/","t1_lz8plow","comment","lz8plow","lz8plow","1","false","lz8plow > lza7c5a","49788173da5e44f9","","","false","false","","3","3","0","0","0","1732732938.0","2024-11-27T18:42:18+00:00","false","False","","false","false","true","false","Agreed. You’ve got to remember to use the planner for it to be effective.","Agreed. You’ve got to remember to use the planner for it to be effective.","73","14","He’s not going to use the planner. This will be a fruitless and frustrating endeavor that will leave everyone worse off. If possible get him used to using a calendar app where he can quickly add something to it by voice. If he can say, “hey siri, set a reminder for my math homework” that has a far greater chance of success than a physical planner.","He’s not going to use the planner. This will be a fruitless and frustrating endeavor that will leave everyone worse off. If possible get him used to using a calendar app where he can quickly add something to it by voice. If he can say, “hey siri, set a reminder for my math homework” that has a far greater chance of success than a physical planner.","","false","false","planner | plan","","","mentions_planner_or_system","8","[THREAD_TITLE]
ADHD planner - what works? what doesn’t?

[THREAD_BODY]
I have a student w/ADHD who needs a planner. It's my job to get him to actually use it, but all my attempts have been pushed aside and igored. What planners have worked? I am brainstorming, so no information is off the table (well, maybe that side quest about minihorses eating crabapples). What advice, directions, examples, not-to-dos, or other anything-to-considers do you got for me in this process? Thank you :-D Edit: I've read and taken notes on all the feedback. Y'all really love to have strong feelings about planners and I don't suppose you're wrong about any of it. Thank you very much.

[PARENT_COMMENT_CONTEXT]
He’s not going to use the planner. This will be a fruitless and frustrating endeavor that will leave everyone worse off. If possible get him used to using a calendar app where he can quickly add something to it by voice. If he can say, “hey siri, set a reminder for my math homework” that has a far greater chance of success than a physical planner.

[CURRENT_RECORD]
Agreed. You’ve got to remember to use the planner for it to be effective."
"C:\Projects\Web\planner-tdah\research\reddit_data\reddit-ADHD-adhd_planner_what_works_what_doesnt.json","reddit-ADHD-adhd_planner_what_works_what_doesnt","1h13wls","t3_1h13wls","https://www.reddit.com/r/ADHD/comments/1h13wls/adhd_planner_what_works_what_doesnt/","ADHD","r/ADHD","ADHD planner - what works? what doesn’t?","I have a student w/ADHD who needs a planner. It's my job to get him to actually use it, but all my attempts have been pushed aside and igored. What planners have worked? I am brainstorming, so no information is off the table (well, maybe that side quest about minihorses eating crabapples). What advice, directions, examples, not-to-dos, or other anything-to-considers do you got for me in this process? Thank you :-D Edit: I've read and taken notes on all the feedback. Y'all really love to have strong feelings about planners and I don't suppose you're wrong about any of it. Thank you very much.","Questions/Advice","1732712933.0","2024-11-27T13:08:53+00:00","59","59","0.92","120","224e0411ccc9e1af","","reddit-ADHD-adhd_planner_what_works_what_doesnt:comment:lz8ohdz","comment","lz8ohdz","t1_lz8ohdz","https://www.reddit.com/r/ADHD/comments/1h13wls/adhd_planner_what_works_what_doesnt/lz8ohdz/","/r/ADHD/comments/1h13wls/adhd_planner_what_works_what_doesnt/lz8ohdz/","t3_1h13wls","post","","lz8ohdz","0","true","lz8ohdz","6a140d7de1088663","","","false","false","","78","78","0","0","2","1732715126.0","2024-11-27T13:45:26+00:00","false","False","","false","false","true","false","I could have the nicest planner in the world, maybe even put stuff in it, and would forget it exists after X amount of time. The best thing I can say is to make it continuously novel, or gamify it somehow.","I could have the nicest planner in the world, maybe even put stuff in it, and would forget it exists after X amount of time. The best thing I can say is to make it continuously novel, or gamify it somehow.","205","41","","","","false","false","planner | plan","forget | time","","forgetfulness_or_time_signal | mentions_pain_or_friction | mentions_planner_or_system","54","[THREAD_TITLE]
ADHD planner - what works? what doesn’t?

[THREAD_BODY]
I have a student w/ADHD who needs a planner. It's my job to get him to actually use it, but all my attempts have been pushed aside and igored. What planners have worked? I am brainstorming, so no information is off the table (well, maybe that side quest about minihorses eating crabapples). What advice, directions, examples, not-to-dos, or other anything-to-considers do you got for me in this process? Thank you :-D Edit: I've read and taken notes on all the feedback. Y'all really love to have strong feelings about planners and I don't suppose you're wrong about any of it. Thank you very much.

[CURRENT_RECORD]
I could have the nicest planner in the world, maybe even put stuff in it, and would forget it exists after X amount of time. The best thing I can say is to make it continuously novel, or gamify it somehow."
"C:\Projects\Web\planner-tdah\research\reddit_data\reddit-ADHD-adhd_planner_what_works_what_doesnt.json","reddit-ADHD-adhd_planner_what_works_what_doesnt","1h13wls","t3_1h13wls","https://www.reddit.com/r/ADHD/comments/1h13wls/adhd_planner_what_works_what_doesnt/","ADHD","r/ADHD","ADHD planner - what works? what doesn’t?","I have a student w/ADHD who needs a planner. It's my job to get him to actually use it, but all my attempts have been pushed aside and igored. What planners have worked? I am brainstorming, so no information is off the table (well, maybe that side quest about minihorses eating crabapples). What advice, directions, examples, not-to-dos, or other anything-to-considers do you got for me in this process? Thank you :-D Edit: I've read and taken notes on all the feedback. Y'all really love to have strong feelings about planners and I don't suppose you're wrong about any of it. Thank you very much.","Questions/Advice","1732712933.0","2024-11-27T13:08:53+00:00","59","59","0.92","120","224e0411ccc9e1af","","reddit-ADHD-adhd_planner_what_works_what_doesnt:comment:lzc85tr","comment","lzc85tr","t1_lzc85tr","https://www.reddit.com/r/ADHD/comments/1h13wls/adhd_planner_what_works_what_doesnt/lzc85tr/","/r/ADHD/comments/1h13wls/adhd_planner_what_works_what_doesnt/lzc85tr/","t1_lz8ohdz","comment","lz8ohdz","lz8ohdz","1","false","lz8ohdz > lzc85tr","508b75fa32b8cc95","","","false","false","","6","6","0","0","0","1732757714.0","2024-11-28T01:35:14+00:00","false","False","","false","false","true","false","I have a whiteboard on my nightstand and on my desk for this exact reason. The whiteboard never goes away. It’s the first thing I see in the morning and it’s constantly in my peripheral vision while working. Otherwise I’d forget about ever owning them… Although one of my markers have run out and I keep forgetting to order more 😭","I have a whiteboard on my nightstand and on my desk for this exact reason. The whiteboard never goes away. It’s the first thing I see in the morning and it’s constantly in my peripheral vision while working. Otherwise I’d forget about ever owning them… Although one of my markers…","330","61","I could have the nicest planner in the world, maybe even put stuff in it, and would forget it exists after X amount of time. The best thing I can say is to make it continuously novel, or gamify it somehow.","I could have the nicest planner in the world, maybe even put stuff in it, and would forget it exists after X amount of time. The best thing I can say is to make it continuously novel, or gamify it somehow.","","false","false","","forget","","forgetfulness_or_time_signal | mentions_pain_or_friction","28","[THREAD_TITLE]
ADHD planner - what works? what doesn’t?

[THREAD_BODY]
I have a student w/ADHD who needs a planner. It's my job to get him to actually use it, but all my attempts have been pushed aside and igored. What planners have worked? I am brainstorming, so no information is off the table (well, maybe that side quest about minihorses eating crabapples). What advice, directions, examples, not-to-dos, or other anything-to-considers do you got for me in this process? Thank you :-D Edit: I've read and taken notes on all the feedback. Y'all really love to have strong feelings about planners and I don't suppose you're wrong about any of it. Thank you very much.

[PARENT_COMMENT_CONTEXT]
I could have the nicest planner in the world, maybe even put stuff in it, and would forget it exists after X amount of time. The best thing I can say is to make it continuously novel, or gamify it somehow.

[CURRENT_RECORD]
I have a whiteboard on my nightstand and on my desk for this exact reason. The whiteboard never goes away. It’s the first thing I see in the morning and it’s constantly in my peripheral vision while working. Otherwise I’d forget about ever owning them… Although one of my markers have run out and I keep forgetting to order more 😭"
"C:\Projects\Web\planner-tdah\research\reddit_data\reddit-ADHD-adhd_planner_what_works_what_doesnt.json","reddit-ADHD-adhd_planner_what_works_what_doesnt","1h13wls","t3_1h13wls","https://www.reddit.com/r/ADHD/comments/1h13wls/adhd_planner_what_works_what_doesnt/","ADHD","r/ADHD","ADHD planner - what works? what doesn’t?","I have a student w/ADHD who needs a planner. It's my job to get him to actually use it, but all my attempts have been pushed aside and igored. What planners have worked? I am brainstorming, so no information is off the table (well, maybe that side quest about minihorses eating crabapples). What advice, directions, examples, not-to-dos, or other anything-to-considers do you got for me in this process? Thank you :-D Edit: I've read and taken notes on all the feedback. Y'all really love to have strong feelings about planners and I don't suppose you're wrong about any of it. Thank you very much.","Questions/Advice","1732712933.0","2024-11-27T13:08:53+00:00","59","59","0.92","120","224e0411ccc9e1af","","reddit-ADHD-adhd_planner_what_works_what_doesnt:comment:lza8ual","comment","lza8ual","t1_lza8ual","https://www.reddit.com/r/ADHD/comments/1h13wls/adhd_planner_what_works_what_doesnt/lza8ual/","/r/ADHD/comments/1h13wls/adhd_planner_what_works_what_doesnt/lza8ual/","t1_lz8ohdz","comment","lz8ohdz","lz8ohdz","1","false","lz8ohdz > lza8ual","f359ba8e904b1a50","","ADHD","false","false","","9","9","0","0","0","1732733404.0","2024-11-27T18:50:04+00:00","false","False","","true","false","true","false",">…make it continuously novel, or gamify it somehow. Like the Anti-Planner (https://anti-planner.com/shop/the-anti-planner-how-to-get-sht-done-when-you-dont-feel-like-it/comment-page-49/#comments)? I heard some great things about it and a lot of ADHDers seem to really like it so it could be something that could work.",">…make it continuously novel, or gamify it somehow. Like the Anti-Planner (https://anti-planner.com/shop/the-anti-planner-how-to-get-sht-done-when-you-dont-feel-like-it/comment-page-49/#comments)? I heard some great things about it and a lot of ADHDers seem to really like it so…","317","37","I could have the nicest planner in the world, maybe even put stuff in it, and would forget it exists after X amount of time. The best thing I can say is to make it continuously novel, or gamify it somehow.","I could have the nicest planner in the world, maybe even put stuff in it, and would forget it exists after X amount of time. The best thing I can say is to make it continuously novel, or gamify it somehow.","https://anti-planner.com/shop/the-anti-planner-how-to-get-sht-done-when-you-dont-feel-like-it/comment-page-49/#comments","true","true","planner | plan","adhd","","contains_question | mentions_pain_or_friction | mentions_planner_or_system | mentions_working_solution_or_recommendation","36","[THREAD_TITLE]
ADHD planner - what works? what doesn’t?

[THREAD_BODY]
I have a student w/ADHD who needs a planner. It's my job to get him to actually use it, but all my attempts have been pushed aside and igored. What planners have worked? I am brainstorming, so no information is off the table (well, maybe that side quest about minihorses eating crabapples). What advice, directions, examples, not-to-dos, or other anything-to-considers do you got for me in this process? Thank you :-D Edit: I've read and taken notes on all the feedback. Y'all really love to have strong feelings about planners and I don't suppose you're wrong about any of it. Thank you very much.

[PARENT_COMMENT_CONTEXT]
I could have the nicest planner in the world, maybe even put stuff in it, and would forget it exists after X amount of time. The best thing I can say is to make it continuously novel, or gamify it somehow.

[CURRENT_RECORD]
>…make it continuously novel, or gamify it somehow. Like the Anti-Planner (https://anti-planner.com/shop/the-anti-planner-how-to-get-sht-done-when-you-dont-feel-like-it/comment-page-49/#comments)? I heard some great things about it and a lot of ADHDers seem to really like it so it could be something that could work."
"C:\Projects\Web\planner-tdah\research\reddit_data\reddit-ADHD-adhd_planner_what_works_what_doesnt.json","reddit-ADHD-adhd_planner_what_works_what_doesnt","1h13wls","t3_1h13wls","https://www.reddit.com/r/ADHD/comments/1h13wls/adhd_planner_what_works_what_doesnt/","ADHD","r/ADHD","ADHD planner - what works? what doesn’t?","I have a student w/ADHD who needs a planner. It's my job to get him to actually use it, but all my attempts have been pushed aside and igored. What planners have worked? I am brainstorming, so no information is off the table (well, maybe that side quest about minihorses eating crabapples). What advice, directions, examples, not-to-dos, or other anything-to-considers do you got for me in this process? Thank you :-D Edit: I've read and taken notes on all the feedback. Y'all really love to have strong feelings about planners and I don't suppose you're wrong about any of it. Thank you very much.","Questions/Advice","1732712933.0","2024-11-27T13:08:53+00:00","59","59","0.92","120","224e0411ccc9e1af","","reddit-ADHD-adhd_planner_what_works_what_doesnt:comment:lz8m7ml","comment","lz8m7ml","t1_lz8m7ml","https://www.reddit.com/r/ADHD/comments/1h13wls/adhd_planner_what_works_what_doesnt/lz8m7ml/","/r/ADHD/comments/1h13wls/adhd_planner_what_works_what_doesnt/lz8m7ml/","t3_1h13wls","post","","lz8m7ml","0","true","lz8m7ml","c97a09d319057ee8","","ADHD-PI (Primarily Inattentive)","false","false","","56","56","0","0","0","1732714232.0","2024-11-27T13:30:32+00:00","false","False","","false","false","true","false","New, fun things work until they don’t.","New, fun things work until they don’t.","38","7","","","","false","false","","","","","15","[THREAD_TITLE]
ADHD planner - what works? what doesn’t?

[THREAD_BODY]
I have a student w/ADHD who needs a planner. It's my job to get him to actually use it, but all my attempts have been pushed aside and igored. What planners have worked? I am brainstorming, so no information is off the table (well, maybe that side quest about minihorses eating crabapples). What advice, directions, examples, not-to-dos, or other anything-to-considers do you got for me in this process? Thank you :-D Edit: I've read and taken notes on all the feedback. Y'all really love to have strong feelings about planners and I don't suppose you're wrong about any of it. Thank you very much.

[CURRENT_RECORD]
New, fun things work until they don’t."
"C:\Projects\Web\planner-tdah\research\reddit_data\reddit-ADHD-adhd_planner_what_works_what_doesnt.json","reddit-ADHD-adhd_planner_what_works_what_doesnt","1h13wls","t3_1h13wls","https://www.reddit.com/r/ADHD/comments/1h13wls/adhd_planner_what_works_what_doesnt/","ADHD","r/ADHD","ADHD planner - what works? what doesn’t?","I have a student w/ADHD who needs a planner. It's my job to get him to actually use it, but all my attempts have been pushed aside and igored. What planners have worked? I am brainstorming, so no information is off the table (well, maybe that side quest about minihorses eating crabapples). What advice, directions, examples, not-to-dos, or other anything-to-considers do you got for me in this process? Thank you :-D Edit: I've read and taken notes on all the feedback. Y'all really love to have strong feelings about planners and I don't suppose you're wrong about any of it. Thank you very much.","Questions/Advice","1732712933.0","2024-11-27T13:08:53+00:00","59","59","0.92","120","224e0411ccc9e1af","","reddit-ADHD-adhd_planner_what_works_what_doesnt:comment:lz8v4cc","comment","lz8v4cc","t1_lz8v4cc","https://www.reddit.com/r/ADHD/comments/1h13wls/adhd_planner_what_works_what_doesnt/lz8v4cc/","/r/ADHD/comments/1h13wls/adhd_planner_what_works_what_doesnt/lz8v4cc/","t3_1h13wls","post","","lz8v4cc","0","true","lz8v4cc","3f371992e9a2f1a7","","ADHD-C (Combined type)","false","false","","36","36","0","0","0","1732717610.0","2024-11-27T14:26:50+00:00","false","False","","false","false","true","false","If you ask the three dozen or so planners I've tried to use over the past 20 years, there's a high likelihood they will not work. The best thing for me is a calendar app (I need to use Outlook for work but I used to use Google Calendar). You can set reminders which means you can get a reminder one week before AND five days before AND one day before AND 12 hours before which we often need. Having it written down once is not going to necessarily be helpful. I saw your comment where you mention a ""reward journal"" -- not sure what that is exactly, but reward systems don't work for most of us. We aren't being forgetful, lazy, or stubborn where getting a reward will reenforce positive behavior. All it will do is set as a reminder that we're failing and NOT getting rewarded at something that is physical difficult for us to do. That causes many of us a type of paralysis and makes it even harder to accomplish whatever the goal is you are trying to set.","If you ask the three dozen or so planners I've tried to use over the past 20 years, there's a high likelihood they will not work. The best thing for me is a calendar app (I need to use Outlook for work but I used to use Google Calendar). You can set reminders which means you can…","957","183","","","","false","false","planner | planners | plan | calendar | journal | app | to do","lazy | forget","reminder | reminders","guilt_or_shame_signal | long_form_comment | mentions_feature_or_solution | mentions_pain_or_friction | mentions_planner_or_system","86","[THREAD_TITLE]
ADHD planner - what works? what doesn’t?

[THREAD_BODY]
I have a student w/ADHD who needs a planner. It's my job to get him to actually use it, but all my attempts have been pushed aside and igored. What planners have worked? I am brainstorming, so no information is off the table (well, maybe that side quest about minihorses eating crabapples). What advice, directions, examples, not-to-dos, or other anything-to-considers do you got for me in this process? Thank you :-D Edit: I've read and taken notes on all the feedback. Y'all really love to have strong feelings about planners and I don't suppose you're wrong about any of it. Thank you very much.

[CURRENT_RECORD]
If you ask the three dozen or so planners I've tried to use over the past 20 years, there's a high likelihood they will not work. The best thing for me is a calendar app (I need to use Outlook for work but I used to use Google Calendar). You can set reminders which means you can get a reminder one week before AND five days before AND one day before AND 12 hours before which we often need. Having it written down once is not going to necessarily be helpful. I saw your comment where you mention a ""reward journal"" -- not sure what that is exactly, but reward systems don't work for most of us. We aren't being forgetful, lazy, or stubborn where getting a reward will reenforce positive behavior. All it will do is set as a reminder that we're failing and NOT getting rewarded at something that is physical difficult for us to do. That causes many of us a type of paralysis and makes it even harder to accomplish whatever the goal is you are trying to set."
"C:\Projects\Web\planner-tdah\research\reddit_data\reddit-ADHD-adhd_planner_what_works_what_doesnt.json","reddit-ADHD-adhd_planner_what_works_what_doesnt","1h13wls","t3_1h13wls","https://www.reddit.com/r/ADHD/comments/1h13wls/adhd_planner_what_works_what_doesnt/","ADHD","r/ADHD","ADHD planner - what works? what doesn’t?","I have a student w/ADHD who needs a planner. It's my job to get him to actually use it, but all my attempts have been pushed aside and igored. What planners have worked? I am brainstorming, so no information is off the table (well, maybe that side quest about minihorses eating crabapples). What advice, directions, examples, not-to-dos, or other anything-to-considers do you got for me in this process? Thank you :-D Edit: I've read and taken notes on all the feedback. Y'all really love to have strong feelings about planners and I don't suppose you're wrong about any of it. Thank you very much.","Questions/Advice","1732712933.0","2024-11-27T13:08:53+00:00","59","59","0.92","120","224e0411ccc9e1af","","reddit-ADHD-adhd_planner_what_works_what_doesnt:comment:lz8p4xk","comment","lz8p4xk","t1_lz8p4xk","https://www.reddit.com/r/ADHD/comments/1h13wls/adhd_planner_what_works_what_doesnt/lz8p4xk/","/r/ADHD/comments/1h13wls/adhd_planner_what_works_what_doesnt/lz8p4xk/","t3_1h13wls","post","","lz8p4xk","0","true","lz8p4xk","3591f3187fd3fa08","","","false","false","","20","20","0","0","2","1732715381.0","2024-11-27T13:49:41+00:00","false","False","","false","false","true","false","I have a planner that goes off the half hour (12-12:30-1-1:30-etc), and has an over look of the whole month as well. I find this helpful because I am able to “see” time. I use different colors to box responsibly types (blue for school, purple for personal, yellow for work, orange for appointments, etc.). I’m completely lost without my planner, and this system has worked best so far. I forget about electronic based apps, so they usually aren’t helpful. I also put 20 minutes before bed to look over what I’m doing the next day and keep track of tasks with an index card each day. I also review my planner and index card in the morning. Every Friday I work on updating it.","I have a planner that goes off the half hour (12-12:30-1-1:30-etc), and has an over look of the whole month as well. I find this helpful because I am able to “see” time. I use different colors to box responsibly types (blue for school, purple for personal, yellow for work, orang…","674","124","","","","false","false","planner | plan | app","forget | lost | time | tasks","color | appointments | review","forgetfulness_or_time_signal | long_form_comment | mentions_feature_or_solution | mentions_pain_or_friction | mentions_planner_or_system","85","[THREAD_TITLE]
ADHD planner - what works? what doesn’t?

[THREAD_BODY]
I have a student w/ADHD who needs a planner. It's my job to get him to actually use it, but all my attempts have been pushed aside and igored. What planners have worked? I am brainstorming, so no information is off the table (well, maybe that side quest about minihorses eating crabapples). What advice, directions, examples, not-to-dos, or other anything-to-considers do you got for me in this process? Thank you :-D Edit: I've read and taken notes on all the feedback. Y'all really love to have strong feelings about planners and I don't suppose you're wrong about any of it. Thank you very much.

[CURRENT_RECORD]
I have a planner that goes off the half hour (12-12:30-1-1:30-etc), and has an over look of the whole month as well. I find this helpful because I am able to “see” time. I use different colors to box responsibly types (blue for school, purple for personal, yellow for work, orange for appointments, etc.). I’m completely lost without my planner, and this system has worked best so far. I forget about electronic based apps, so they usually aren’t helpful. I also put 20 minutes before bed to look over what I’m doing the next day and keep track of tasks with an index card each day. I also review my planner and index card in the morning. Every Friday I work on updating it."
"C:\Projects\Web\planner-tdah\research\reddit_data\reddit-ADHD-adhd_planner_what_works_what_doesnt.json","reddit-ADHD-adhd_planner_what_works_what_doesnt","1h13wls","t3_1h13wls","https://www.reddit.com/r/ADHD/comments/1h13wls/adhd_planner_what_works_what_doesnt/","ADHD","r/ADHD","ADHD planner - what works? what doesn’t?","I have a student w/ADHD who needs a planner. It's my job to get him to actually use it, but all my attempts have been pushed aside and igored. What planners have worked? I am brainstorming, so no information is off the table (well, maybe that side quest about minihorses eating crabapples). What advice, directions, examples, not-to-dos, or other anything-to-considers do you got for me in this process? Thank you :-D Edit: I've read and taken notes on all the feedback. Y'all really love to have strong feelings about planners and I don't suppose you're wrong about any of it. Thank you very much.","Questions/Advice","1732712933.0","2024-11-27T13:08:53+00:00","59","59","0.92","120","224e0411ccc9e1af","","reddit-ADHD-adhd_planner_what_works_what_doesnt:comment:lz92wql","comment","lz92wql","t1_lz92wql","https://www.reddit.com/r/ADHD/comments/1h13wls/adhd_planner_what_works_what_doesnt/lz92wql/","/r/ADHD/comments/1h13wls/adhd_planner_what_works_what_doesnt/lz92wql/","t1_lz8p4xk","comment","lz8p4xk","lz8p4xk","1","false","lz8p4xk > lz92wql","f7c6b76cb17ace64","","","false","false","","2","2","0","0","1","1732720320.0","2024-11-27T15:12:00+00:00","false","False","","false","false","true","false","That sounds great! Could you post a link to the type you use?","That sounds great! Could you post a link to the type you use?","61","13","I have a planner that goes off the half hour (12-12:30-1-1:30-etc), and has an over look of the whole month as well. I find this helpful because I am able to “see” time. I use different colors to box responsibly types (blue for school, purple for personal, yellow for work, orange for appointments, etc.). I’m completely lost without my planner, and this system has worked best so far. I forget about electronic based apps, so they usually aren’t helpful. I also put 20 minutes before bed to look over what I’m doing the next day and keep track of tasks with an index card each day. I also review my planner and index card in the morning. Every Friday I work on updating it.","I have a planner that goes off the half hour (12-12:30-1-1:30-etc), and has an over look of the whole month as well. I find this helpful because I am able to “see” time. I use different colors to box responsibly types (blue for school, purple for personal, yellow for work, orange for appointments, etc.). I’m completely lost without my planner, and this system has worked best so far. I forget about electronic based apps, so they usually aren’t helpful. I also put 20 minutes before bed to look over what I’m doing the next day and keep track of tasks with an index card each day. I also review my planner and index card in the morning. Every Friday I work on updating it.","","true","true","","","","contains_question | mentions_working_solution_or_recommendation","11","[THREAD_TITLE]
ADHD planner - what works? what doesn’t?

[THREAD_BODY]
I have a student w/ADHD who needs a planner. It's my job to get him to actually use it, but all my attempts have been pushed aside and igored. What planners have worked? I am brainstorming, so no information is off the table (well, maybe that side quest about minihorses eating crabapples). What advice, directions, examples, not-to-dos, or other anything-to-considers do you got for me in this process? Thank you :-D Edit: I've read and taken notes on all the feedback. Y'all really love to have strong feelings about planners and I don't suppose you're wrong about any of it. Thank you very much.

[PARENT_COMMENT_CONTEXT]
I have a planner that goes off the half hour (12-12:30-1-1:30-etc), and has an over look of the whole month as well. I find this helpful because I am able to “see” time. I use different colors to box responsibly types (blue for school, purple for personal, yellow for work, orange for appointments, etc.). I’m completely lost without my planner, and this system has worked best so far. I forget about electronic based apps, so they usually aren’t helpful. I also put 20 minutes before bed to look over what I’m doing the next day and keep track of tasks with an index card each day. I also review my planner and index card in the morning. Every Friday I work on updating it.

[CURRENT_RECORD]
That sounds great! Could you post a link to the type you use?"
"C:\Projects\Web\planner-tdah\research\reddit_data\reddit-ADHD-adhd_planner_what_works_what_doesnt.json","reddit-ADHD-adhd_planner_what_works_what_doesnt","1h13wls","t3_1h13wls","https://www.reddit.com/r/ADHD/comments/1h13wls/adhd_planner_what_works_what_doesnt/","ADHD","r/ADHD","ADHD planner - what works? what doesn’t?","I have a student w/ADHD who needs a planner. It's my job to get him to actually use it, but all my attempts have been pushed aside and igored. What planners have worked? I am brainstorming, so no information is off the table (well, maybe that side quest about minihorses eating crabapples). What advice, directions, examples, not-to-dos, or other anything-to-considers do you got for me in this process? Thank you :-D Edit: I've read and taken notes on all the feedback. Y'all really love to have strong feelings about planners and I don't suppose you're wrong about any of it. Thank you very much.","Questions/Advice","1732712933.0","2024-11-27T13:08:53+00:00","59","59","0.92","120","224e0411ccc9e1af","","reddit-ADHD-adhd_planner_what_works_what_doesnt:comment:lzc7zrl","comment","lzc7zrl","t1_lzc7zrl","https://www.reddit.com/r/ADHD/comments/1h13wls/adhd_planner_what_works_what_doesnt/lzc7zrl/","/r/ADHD/comments/1h13wls/adhd_planner_what_works_what_doesnt/lzc7zrl/","t1_lz92wql","comment","lz92wql","lz8p4xk","2","false","lz8p4xk > lz92wql > lzc7zrl","3591f3187fd3fa08","","","false","false","","1","1","0","0","0","1732757649.0","2024-11-28T01:34:09+00:00","false","False","","false","false","true","false","Sorry, I didnt know we couldn't posts links but you can go on amazon and type in 'planner 2025 30 min' and the one I use costs around $11-12","Sorry, I didnt know we couldn't posts links but you can go on amazon and type in 'planner 2025 30 min' and the one I use costs around $11-12","140","29","That sounds great! Could you post a link to the type you use?","I have a planner that goes off the half hour (12-12:30-1-1:30-etc), and has an over look of the whole month as well. I find this helpful because I am able to “see” time. I use different colors to box responsibly types (blue for school, purple for personal, yellow for work, orange for appointments, etc.). I’m completely lost without my planner, and this system has worked best so far. I forget about electronic based apps, so they usually aren’t helpful. I also put 20 minutes before bed to look over what I’m doing the next day and keep track of tasks with an index card each day. I also review my planner and index card in the morning. Every Friday I work on updating it.","","false","false","planner | plan","","","mentions_planner_or_system","18","[THREAD_TITLE]
ADHD planner - what works? what doesn’t?

[THREAD_BODY]
I have a student w/ADHD who needs a planner. It's my job to get him to actually use it, but all my attempts have been pushed aside and igored. What planners have worked? I am brainstorming, so no information is off the table (well, maybe that side quest about minihorses eating crabapples). What advice, directions, examples, not-to-dos, or other anything-to-considers do you got for me in this process? Thank you :-D Edit: I've read and taken notes on all the feedback. Y'all really love to have strong feelings about planners and I don't suppose you're wrong about any of it. Thank you very much.

[ROOT_COMMENT_CONTEXT]
I have a planner that goes off the half hour (12-12:30-1-1:30-etc), and has an over look of the whole month as well. I find this helpful because I am able to “see” time. I use different colors to box responsibly types (blue for school, purple for personal, yellow for work, orange for appointments, etc.). I’m completely lost without my planner, and this system has worked best so far. I forget about electronic based apps, so they usually aren’t helpful. I also put 20 minutes before bed to look over what I’m doing the next day and keep track of tasks with an index card each day. I also review my planner and index card in the morning. Every Friday I work on updating it.

[PARENT_COMMENT_CONTEXT]
That sounds great! Could you post a link to the type you use?

[CURRENT_RECORD]
Sorry, I didnt know we couldn't posts links but you can go on amazon and type in 'planner 2025 30 min' and the one I use costs around $11-12"
"C:\Projects\Web\planner-tdah\research\reddit_data\reddit-ADHD-adhd_planner_what_works_what_doesnt.json","reddit-ADHD-adhd_planner_what_works_what_doesnt","1h13wls","t3_1h13wls","https://www.reddit.com/r/ADHD/comments/1h13wls/adhd_planner_what_works_what_doesnt/","ADHD","r/ADHD","ADHD planner - what works? what doesn’t?","I have a student w/ADHD who needs a planner. It's my job to get him to actually use it, but all my attempts have been pushed aside and igored. What planners have worked? I am brainstorming, so no information is off the table (well, maybe that side quest about minihorses eating crabapples). What advice, directions, examples, not-to-dos, or other anything-to-considers do you got for me in this process? Thank you :-D Edit: I've read and taken notes on all the feedback. Y'all really love to have strong feelings about planners and I don't suppose you're wrong about any of it. Thank you very much.","Questions/Advice","1732712933.0","2024-11-27T13:08:53+00:00","59","59","0.92","120","224e0411ccc9e1af","","reddit-ADHD-adhd_planner_what_works_what_doesnt:comment:lz98ho7","comment","lz98ho7","t1_lz98ho7","https://www.reddit.com/r/ADHD/comments/1h13wls/adhd_planner_what_works_what_doesnt/lz98ho7/","/r/ADHD/comments/1h13wls/adhd_planner_what_works_what_doesnt/lz98ho7/","t1_lz8p4xk","comment","lz8p4xk","lz8p4xk","1","false","lz8p4xk > lz98ho7","25b53254245dd922","","","false","false","","1","1","0","0","3","1732722145.0","2024-11-27T15:42:25+00:00","false","False","","false","false","true","false","Would love more info on this too! I assume it's paper based then? How do you keep track of half hour but also the overlook of the month?","Would love more info on this too! I assume it's paper based then? How do you keep track of half hour but also the overlook of the month?","136","28","I have a planner that goes off the half hour (12-12:30-1-1:30-etc), and has an over look of the whole month as well. I find this helpful because I am able to “see” time. I use different colors to box responsibly types (blue for school, purple for personal, yellow for work, orange for appointments, etc.). I’m completely lost without my planner, and this system has worked best so far. I forget about electronic based apps, so they usually aren’t helpful. I also put 20 minutes before bed to look over what I’m doing the next day and keep track of tasks with an index card each day. I also review my planner and index card in the morning. Every Friday I work on updating it.","I have a planner that goes off the half hour (12-12:30-1-1:30-etc), and has an over look of the whole month as well. I find this helpful because I am able to “see” time. I use different colors to box responsibly types (blue for school, purple for personal, yellow for work, orange for appointments, etc.). I’m completely lost without my planner, and this system has worked best so far. I forget about electronic based apps, so they usually aren’t helpful. I also put 20 minutes before bed to look over what I’m doing the next day and keep track of tasks with an index card each day. I also review my planner and index card in the morning. Every Friday I work on updating it.","","true","true","","","","contains_question | mentions_working_solution_or_recommendation","21","[THREAD_TITLE]
ADHD planner - what works? what doesn’t?

[THREAD_BODY]
I have a student w/ADHD who needs a planner. It's my job to get him to actually use it, but all my attempts have been pushed aside and igored. What planners have worked? I am brainstorming, so no information is off the table (well, maybe that side quest about minihorses eating crabapples). What advice, directions, examples, not-to-dos, or other anything-to-considers do you got for me in this process? Thank you :-D Edit: I've read and taken notes on all the feedback. Y'all really love to have strong feelings about planners and I don't suppose you're wrong about any of it. Thank you very much.

[PARENT_COMMENT_CONTEXT]
I have a planner that goes off the half hour (12-12:30-1-1:30-etc), and has an over look of the whole month as well. I find this helpful because I am able to “see” time. I use different colors to box responsibly types (blue for school, purple for personal, yellow for work, orange for appointments, etc.). I’m completely lost without my planner, and this system has worked best so far. I forget about electronic based apps, so they usually aren’t helpful. I also put 20 minutes before bed to look over what I’m doing the next day and keep track of tasks with an index card each day. I also review my planner and index card in the morning. Every Friday I work on updating it.

[CURRENT_RECORD]
Would love more info on this too! I assume it's paper based then? How do you keep track of half hour but also the overlook of the month?"
"C:\Projects\Web\planner-tdah\research\reddit_data\reddit-ADHD-adhd_planner_what_works_what_doesnt.json","reddit-ADHD-adhd_planner_what_works_what_doesnt","1h13wls","t3_1h13wls","https://www.reddit.com/r/ADHD/comments/1h13wls/adhd_planner_what_works_what_doesnt/","ADHD","r/ADHD","ADHD planner - what works? what doesn’t?","I have a student w/ADHD who needs a planner. It's my job to get him to actually use it, but all my attempts have been pushed aside and igored. What planners have worked? I am brainstorming, so no information is off the table (well, maybe that side quest about minihorses eating crabapples). What advice, directions, examples, not-to-dos, or other anything-to-considers do you got for me in this process? Thank you :-D Edit: I've read and taken notes on all the feedback. Y'all really love to have strong feelings about planners and I don't suppose you're wrong about any of it. Thank you very much.","Questions/Advice","1732712933.0","2024-11-27T13:08:53+00:00","59","59","0.92","120","224e0411ccc9e1af","","reddit-ADHD-adhd_planner_what_works_what_doesnt:comment:lzc6wlc","comment","lzc6wlc","t1_lzc6wlc","https://www.reddit.com/r/ADHD/comments/1h13wls/adhd_planner_what_works_what_doesnt/lzc6wlc/","/r/ADHD/comments/1h13wls/adhd_planner_what_works_what_doesnt/lzc6wlc/","t1_lz98ho7","comment","lz98ho7","lz8p4xk","2","false","lz8p4xk > lz98ho7 > lzc6wlc","3591f3187fd3fa08","","","false","false","","2","2","0","0","0","1732757228.0","2024-11-28T01:27:08+00:00","false","False","","false","false","true","false","When a new month begins it has two pages that comprise the whole month at a glance, then on the next two pages it is Mon-Sun, days 1-7, with verticle columns for the hours of the day, and so fourth.","When a new month begins it has two pages that comprise the whole month at a glance, then on the next two pages it is Mon-Sun, days 1-7, with verticle columns for the hours of the day, and so fourth.","198","40","Would love more info on this too! I assume it's paper based then? How do you keep track of half hour but also the overlook of the month?","I have a planner that goes off the half hour (12-12:30-1-1:30-etc), and has an over look of the whole month as well. I find this helpful because I am able to “see” time. I use different colors to box responsibly types (blue for school, purple for personal, yellow for work, orange for appointments, etc.). I’m completely lost without my planner, and this system has worked best so far. I forget about electronic based apps, so they usually aren’t helpful. I also put 20 minutes before bed to look over what I’m doing the next day and keep track of tasks with an index card each day. I also review my planner and index card in the morning. Every Friday I work on updating it.","","false","false","","","columns","mentions_feature_or_solution","14","[THREAD_TITLE]
ADHD planner - what works? what doesn’t?

[THREAD_BODY]
I have a student w/ADHD who needs a planner. It's my job to get him to actually use it, but all my attempts have been pushed aside and igored. What planners have worked? I am brainstorming, so no information is off the table (well, maybe that side quest about minihorses eating crabapples). What advice, directions, examples, not-to-dos, or other anything-to-considers do you got for me in this process? Thank you :-D Edit: I've read and taken notes on all the feedback. Y'all really love to have strong feelings about planners and I don't suppose you're wrong about any of it. Thank you very much.

[ROOT_COMMENT_CONTEXT]
I have a planner that goes off the half hour (12-12:30-1-1:30-etc), and has an over look of the whole month as well. I find this helpful because I am able to “see” time. I use different colors to box responsibly types (blue for school, purple for personal, yellow for work, orange for appointments, etc.). I’m completely lost without my planner, and this system has worked best so far. I forget about electronic based apps, so they usually aren’t helpful. I also put 20 minutes before bed to look over what I’m doing the next day and keep track of tasks with an index card each day. I also review my planner and index card in the morning. Every Friday I work on updating it.

[PARENT_COMMENT_CONTEXT]
Would love more info on this too! I assume it's paper based then? How do you keep track of half hour but also the overlook of the month?

[CURRENT_RECORD]
When a new month begins it has two pages that comprise the whole month at a glance, then on the next two pages it is Mon-Sun, days 1-7, with verticle columns for the hours of the day, and so fourth."
"C:\Projects\Web\planner-tdah\research\reddit_data\reddit-ADHD-adhd_planner_what_works_what_doesnt.json","reddit-ADHD-adhd_planner_what_works_what_doesnt","1h13wls","t3_1h13wls","https://www.reddit.com/r/ADHD/comments/1h13wls/adhd_planner_what_works_what_doesnt/","ADHD","r/ADHD","ADHD planner - what works? what doesn’t?","I have a student w/ADHD who needs a planner. It's my job to get him to actually use it, but all my attempts have been pushed aside and igored. What planners have worked? I am brainstorming, so no information is off the table (well, maybe that side quest about minihorses eating crabapples). What advice, directions, examples, not-to-dos, or other anything-to-considers do you got for me in this process? Thank you :-D Edit: I've read and taken notes on all the feedback. Y'all really love to have strong feelings about planners and I don't suppose you're wrong about any of it. Thank you very much.","Questions/Advice","1732712933.0","2024-11-27T13:08:53+00:00","59","59","0.92","120","224e0411ccc9e1af","","reddit-ADHD-adhd_planner_what_works_what_doesnt:comment:lz9grox","comment","lz9grox","t1_lz9grox","https://www.reddit.com/r/ADHD/comments/1h13wls/adhd_planner_what_works_what_doesnt/lz9grox/","/r/ADHD/comments/1h13wls/adhd_planner_what_works_what_doesnt/lz9grox/","t1_lz98ho7","comment","lz98ho7","lz8p4xk","2","false","lz8p4xk > lz98ho7 > lz9grox","22325e87d32ac298","","","false","false","","1","1","0","0","0","1732724751.0","2024-11-27T16:25:51+00:00","false","False","","false","false","true","false","A lot of planners have multiple 'spreads' - monthly, weekly, daily, etc. If you get a vertical weekly or daily layout, you can find some that do a timeline by hour, some by 30 mins, and some that leave just a blank outline so you can write in the timeline you prefer!","A lot of planners have multiple 'spreads' - monthly, weekly, daily, etc. If you get a vertical weekly or daily layout, you can find some that do a timeline by hour, some by 30 mins, and some that leave just a blank outline so you can write in the timeline you prefer!","267","52","Would love more info on this too! I assume it's paper based then? How do you keep track of half hour but also the overlook of the month?","I have a planner that goes off the half hour (12-12:30-1-1:30-etc), and has an over look of the whole month as well. I find this helpful because I am able to “see” time. I use different colors to box responsibly types (blue for school, purple for personal, yellow for work, orange for appointments, etc.). I’m completely lost without my planner, and this system has worked best so far. I forget about electronic based apps, so they usually aren’t helpful. I also put 20 minutes before bed to look over what I’m doing the next day and keep track of tasks with an index card each day. I also review my planner and index card in the morning. Every Friday I work on updating it.","","false","false","planner | planners | plan | weekly | monthly | daily","time","layout | weekly | monthly | daily","mentions_feature_or_solution | mentions_pain_or_friction | mentions_planner_or_system","51","[THREAD_TITLE]
ADHD planner - what works? what doesn’t?

[THREAD_BODY]
I have a student w/ADHD who needs a planner. It's my job to get him to actually use it, but all my attempts have been pushed aside and igored. What planners have worked? I am brainstorming, so no information is off the table (well, maybe that side quest about minihorses eating crabapples). What advice, directions, examples, not-to-dos, or other anything-to-considers do you got for me in this process? Thank you :-D Edit: I've read and taken notes on all the feedback. Y'all really love to have strong feelings about planners and I don't suppose you're wrong about any of it. Thank you very much.

[ROOT_COMMENT_CONTEXT]
I have a planner that goes off the half hour (12-12:30-1-1:30-etc), and has an over look of the whole month as well. I find this helpful because I am able to “see” time. I use different colors to box responsibly types (blue for school, purple for personal, yellow for work, orange for appointments, etc.). I’m completely lost without my planner, and this system has worked best so far. I forget about electronic based apps, so they usually aren’t helpful. I also put 20 minutes before bed to look over what I’m doing the next day and keep track of tasks with an index card each day. I also review my planner and index card in the morning. Every Friday I work on updating it.

[PARENT_COMMENT_CONTEXT]
Would love more info on this too! I assume it's paper based then? How do you keep track of half hour but also the overlook of the month?

[CURRENT_RECORD]
A lot of planners have multiple 'spreads' - monthly, weekly, daily, etc. If you get a vertical weekly or daily layout, you can find some that do a timeline by hour, some by 30 mins, and some that leave just a blank outline so you can write in the timeline you prefer!"
"C:\Projects\Web\planner-tdah\research\reddit_data\reddit-ADHD-adhd_planner_what_works_what_doesnt.json","reddit-ADHD-adhd_planner_what_works_what_doesnt","1h13wls","t3_1h13wls","https://www.reddit.com/r/ADHD/comments/1h13wls/adhd_planner_what_works_what_doesnt/","ADHD","r/ADHD","ADHD planner - what works? what doesn’t?","I have a student w/ADHD who needs a planner. It's my job to get him to actually use it, but all my attempts have been pushed aside and igored. What planners have worked? I am brainstorming, so no information is off the table (well, maybe that side quest about minihorses eating crabapples). What advice, directions, examples, not-to-dos, or other anything-to-considers do you got for me in this process? Thank you :-D Edit: I've read and taken notes on all the feedback. Y'all really love to have strong feelings about planners and I don't suppose you're wrong about any of it. Thank you very much.","Questions/Advice","1732712933.0","2024-11-27T13:08:53+00:00","59","59","0.92","120","224e0411ccc9e1af","","reddit-ADHD-adhd_planner_what_works_what_doesnt:comment:lza9iy1","comment","lza9iy1","t1_lza9iy1","https://www.reddit.com/r/ADHD/comments/1h13wls/adhd_planner_what_works_what_doesnt/lza9iy1/","/r/ADHD/comments/1h13wls/adhd_planner_what_works_what_doesnt/lza9iy1/","t1_lz98ho7","comment","lz98ho7","lz8p4xk","2","false","lz8p4xk > lz98ho7 > lza9iy1","1e26789417310262","","","false","false","","1","1","0","0","0","1732733617.0","2024-11-27T18:53:37+00:00","false","False","","false","false","true","false","You can also build your own planner in whatever way works best for your brain. I use Agendio but there's multiple services out there","You can also build your own planner in whatever way works best for your brain. I use Agendio but there's multiple services out there","132","24","Would love more info on this too! I assume it's paper based then? How do you keep track of half hour but also the overlook of the month?","I have a planner that goes off the half hour (12-12:30-1-1:30-etc), and has an over look of the whole month as well. I find this helpful because I am able to “see” time. I use different colors to box responsibly types (blue for school, purple for personal, yellow for work, orange for appointments, etc.). I’m completely lost without my planner, and this system has worked best so far. I forget about electronic based apps, so they usually aren’t helpful. I also put 20 minutes before bed to look over what I’m doing the next day and keep track of tasks with an index card each day. I also review my planner and index card in the morning. Every Friday I work on updating it.","","false","false","planner | plan","","","mentions_planner_or_system","18","[THREAD_TITLE]
ADHD planner - what works? what doesn’t?

[THREAD_BODY]
I have a student w/ADHD who needs a planner. It's my job to get him to actually use it, but all my attempts have been pushed aside and igored. What planners have worked? I am brainstorming, so no information is off the table (well, maybe that side quest about minihorses eating crabapples). What advice, directions, examples, not-to-dos, or other anything-to-considers do you got for me in this process? Thank you :-D Edit: I've read and taken notes on all the feedback. Y'all really love to have strong feelings about planners and I don't suppose you're wrong about any of it. Thank you very much.

[ROOT_COMMENT_CONTEXT]
I have a planner that goes off the half hour (12-12:30-1-1:30-etc), and has an over look of the whole month as well. I find this helpful because I am able to “see” time. I use different colors to box responsibly types (blue for school, purple for personal, yellow for work, orange for appointments, etc.). I’m completely lost without my planner, and this system has worked best so far. I forget about electronic based apps, so they usually aren’t helpful. I also put 20 minutes before bed to look over what I’m doing the next day and keep track of tasks with an index card each day. I also review my planner and index card in the morning. Every Friday I work on updating it.

[PARENT_COMMENT_CONTEXT]
Would love more info on this too! I assume it's paper based then? How do you keep track of half hour but also the overlook of the month?

[CURRENT_RECORD]
You can also build your own planner in whatever way works best for your brain. I use Agendio but there's multiple services out there"
"C:\Projects\Web\planner-tdah\research\reddit_data\reddit-ADHD-adhd_planner_what_works_what_doesnt.json","reddit-ADHD-adhd_planner_what_works_what_doesnt","1h13wls","t3_1h13wls","https://www.reddit.com/r/ADHD/comments/1h13wls/adhd_planner_what_works_what_doesnt/","ADHD","r/ADHD","ADHD planner - what works? what doesn’t?","I have a student w/ADHD who needs a planner. It's my job to get him to actually use it, but all my attempts have been pushed aside and igored. What planners have worked? I am brainstorming, so no information is off the table (well, maybe that side quest about minihorses eating crabapples). What advice, directions, examples, not-to-dos, or other anything-to-considers do you got for me in this process? Thank you :-D Edit: I've read and taken notes on all the feedback. Y'all really love to have strong feelings about planners and I don't suppose you're wrong about any of it. Thank you very much.","Questions/Advice","1732712933.0","2024-11-27T13:08:53+00:00","59","59","0.92","120","224e0411ccc9e1af","","reddit-ADHD-adhd_planner_what_works_what_doesnt:comment:lz935wg","comment","lz935wg","t1_lz935wg","https://www.reddit.com/r/ADHD/comments/1h13wls/adhd_planner_what_works_what_doesnt/lz935wg/","/r/ADHD/comments/1h13wls/adhd_planner_what_works_what_doesnt/lz935wg/","t3_1h13wls","post","","lz935wg","0","true","lz935wg","13b858c115b0e766","","","false","false","","24","24","0","0","1","1732720405.0","2024-11-27T15:13:25+00:00","false","False","","false","false","true","false","Bullet journal worked for me, but it took months and years of practice and use for it to become an essential tool that I would actually use. And one of the biggest keys to my being able to use it consistently was actually being able to use it inconsistently. So I worry about the part where it’s your job to get him to use the planner. This is going to backfire for both of you. It’s going to fail, leaving both of you feeling shitty, most especially him because your job depends on him doing the work, ultimately. If he fails, he is the failure in this scenario. So he has much more at stake than you, but it’s a shitty situation all around. Unless you change the goal. Maybe help walk him through the steps of a basic bullet journal, or whatever HE chooses, help him troubleshoot how to make it work, change what you’re using if it’s not working, let him take breaks and e inconsistent, give him the tools to be able to utilize a planner rather than expect the planner to really work right now. I’ll say again: if this doesn’t work, he’s the one who is going judge himself and carry this forward for the rest of his life. So please choose your actions carefully.","Bullet journal worked for me, but it took months and years of practice and use for it to become an essential tool that I would actually use. And one of the biggest keys to my being able to use it consistently was actually being able to use it inconsistently. So I worry about the…","1164","220","","","","false","true","planner | plan | bullet journal | journal","not working | inconsistent","change","long_form_comment | mentions_feature_or_solution | mentions_pain_or_friction | mentions_planner_or_system | mentions_working_solution_or_recommendation | novelty_or_format_change_signal","81","[THREAD_TITLE]
ADHD planner - what works? what doesn’t?

[THREAD_BODY]
I have a student w/ADHD who needs a planner. It's my job to get him to actually use it, but all my attempts have been pushed aside and igored. What planners have worked? I am brainstorming, so no information is off the table (well, maybe that side quest about minihorses eating crabapples). What advice, directions, examples, not-to-dos, or other anything-to-considers do you got for me in this process? Thank you :-D Edit: I've read and taken notes on all the feedback. Y'all really love to have strong feelings about planners and I don't suppose you're wrong about any of it. Thank you very much.

[CURRENT_RECORD]
Bullet journal worked for me, but it took months and years of practice and use for it to become an essential tool that I would actually use. And one of the biggest keys to my being able to use it consistently was actually being able to use it inconsistently. So I worry about the part where it’s your job to get him to use the planner. This is going to backfire for both of you. It’s going to fail, leaving both of you feeling shitty, most especially him because your job depends on him doing the work, ultimately. If he fails, he is the failure in this scenario. So he has much more at stake than you, but it’s a shitty situation all around. Unless you change the goal. Maybe help walk him through the steps of a basic bullet journal, or whatever HE chooses, help him troubleshoot how to make it work, change what you’re using if it’s not working, let him take breaks and e inconsistent, give him the tools to be able to utilize a planner rather than expect the planner to really work right now. I’ll say again: if this doesn’t work, he’s the one who is going judge himself and carry this forward for the rest of his life. So please choose your actions carefully."
"C:\Projects\Web\planner-tdah\research\reddit_data\reddit-ADHD-adhd_planner_what_works_what_doesnt.json","reddit-ADHD-adhd_planner_what_works_what_doesnt","1h13wls","t3_1h13wls","https://www.reddit.com/r/ADHD/comments/1h13wls/adhd_planner_what_works_what_doesnt/","ADHD","r/ADHD","ADHD planner - what works? what doesn’t?","I have a student w/ADHD who needs a planner. It's my job to get him to actually use it, but all my attempts have been pushed aside and igored. What planners have worked? I am brainstorming, so no information is off the table (well, maybe that side quest about minihorses eating crabapples). What advice, directions, examples, not-to-dos, or other anything-to-considers do you got for me in this process? Thank you :-D Edit: I've read and taken notes on all the feedback. Y'all really love to have strong feelings about planners and I don't suppose you're wrong about any of it. Thank you very much.","Questions/Advice","1732712933.0","2024-11-27T13:08:53+00:00","59","59","0.92","120","224e0411ccc9e1af","","reddit-ADHD-adhd_planner_what_works_what_doesnt:comment:lzcxqdx","comment","lzcxqdx","t1_lzcxqdx","https://www.reddit.com/r/ADHD/comments/1h13wls/adhd_planner_what_works_what_doesnt/lzcxqdx/","/r/ADHD/comments/1h13wls/adhd_planner_what_works_what_doesnt/lzcxqdx/","t1_lz935wg","comment","lz935wg","lz935wg","1","false","lz935wg > lzcxqdx","bdfdc61e5db91a3c","","","false","false","","2","2","0","0","0","1732768167.0","2024-11-28T04:29:27+00:00","false","False","","false","false","true","false","ditto this. One of the reasons bullet journaling works so much better for me than anything else I've tried is that all the other things tend to work fine if you keep up with them steadily, but once you slip it's hard to get back to a usable point. Bullet journaling fails more gracefully.","ditto this. One of the reasons bullet journaling works so much better for me than anything else I've tried is that all the other things tend to work fine if you keep up with them steadily, but once you slip it's hard to get back to a usable point. Bullet journaling fails more gr…","288","54","Bullet journal worked for me, but it took months and years of practice and use for it to become an essential tool that I would actually use. And one of the biggest keys to my being able to use it consistently was actually being able to use it inconsistently. So I worry about the part where it’s your job to get him to use the planner. This is going to backfire for both of you. It’s going to fail, leaving both of you feeling shitty, most especially him because your job depends on him doing the work, ultimately. If he fails, he is the failure in this scenario. So he has much more at stake than you, but it’s a shitty situation all around. Unless you change the goal. Maybe help walk him through…","Bullet journal worked for me, but it took months and years of practice and use for it to become an essential tool that I would actually use. And one of the biggest keys to my being able to use it consistently was actually being able to use it inconsistently. So I worry about the part where it’s your job to get him to use the planner. This is going to backfire for both of you. It’s going to fail, leaving both of you feeling shitty, most especially him because your job depends on him doing the work, ultimately. If he fails, he is the failure in this scenario. So he has much more at stake than you, but it’s a shitty situation all around. Unless you change the goal. Maybe help walk him through…","","false","false","bullet journal | journal","","","mentions_planner_or_system","18","[THREAD_TITLE]
ADHD planner - what works? what doesn’t?

[THREAD_BODY]
I have a student w/ADHD who needs a planner. It's my job to get him to actually use it, but all my attempts have been pushed aside and igored. What planners have worked? I am brainstorming, so no information is off the table (well, maybe that side quest about minihorses eating crabapples). What advice, directions, examples, not-to-dos, or other anything-to-considers do you got for me in this process? Thank you :-D Edit: I've read and taken notes on all the feedback. Y'all really love to have strong feelings about planners and I don't suppose you're wrong about any of it. Thank you very much.

[PARENT_COMMENT_CONTEXT]
Bullet journal worked for me, but it took months and years of practice and use for it to become an essential tool that I would actually use. And one of the biggest keys to my being able to use it consistently was actually being able to use it inconsistently. So I worry about the part where it’s your job to get him to use the planner. This is going to backfire for both of you. It’s going to fail, leaving both of you feeling shitty, most especially him because your job depends on him doing the work, ultimately. If he fails, he is the failure in this scenario. So he has much more at stake than you, but it’s a shitty situation all around. Unless you change the goal. Maybe help walk him through…

[CURRENT_RECORD]
ditto this. One of the reasons bullet journaling works so much better for me than anything else I've tried is that all the other things tend to work fine if you keep up with them steadily, but once you slip it's hard to get back to a usable point. Bullet journaling fails more gracefully."
"C:\Projects\Web\planner-tdah\research\reddit_data\reddit-ADHD-adhd_planner_what_works_what_doesnt.json","reddit-ADHD-adhd_planner_what_works_what_doesnt","1h13wls","t3_1h13wls","https://www.reddit.com/r/ADHD/comments/1h13wls/adhd_planner_what_works_what_doesnt/","ADHD","r/ADHD","ADHD planner - what works? what doesn’t?","I have a student w/ADHD who needs a planner. It's my job to get him to actually use it, but all my attempts have been pushed aside and igored. What planners have worked? I am brainstorming, so no information is off the table (well, maybe that side quest about minihorses eating crabapples). What advice, directions, examples, not-to-dos, or other anything-to-considers do you got for me in this process? Thank you :-D Edit: I've read and taken notes on all the feedback. Y'all really love to have strong feelings about planners and I don't suppose you're wrong about any of it. Thank you very much.","Questions/Advice","1732712933.0","2024-11-27T13:08:53+00:00","59","59","0.92","120","224e0411ccc9e1af","","reddit-ADHD-adhd_planner_what_works_what_doesnt:comment:lz8psup","comment","lz8psup","t1_lz8psup","https://www.reddit.com/r/ADHD/comments/1h13wls/adhd_planner_what_works_what_doesnt/lz8psup/","/r/ADHD/comments/1h13wls/adhd_planner_what_works_what_doesnt/lz8psup/","t3_1h13wls","post","","lz8psup","0","true","lz8psup","457957361e9bd623","","ADHD","false","false","","15","15","0","0","0","1732715634.0","2024-11-27T13:53:54+00:00","false","False","","false","false","true","false","Unfortunately, it's really up to him as to what he finds interesting. ADHD is about pursuing only things you find interesting, and that's unique to each individual. He also needs to learn how he organizes and prioritizes his memories. That's really just a trial and error process, in my experience. Maybe buy him some colored pens/pencils. And maybe some different stationary. And if he has any hobbies/interests, maybe some themed folders or stickers. Unfortunately, as an ADHD person, I have to be self-motivated to do things. If it's boring, I won't do it. I've managed my way through adulthood by convincing myself that boring things are at least somewhat interesting — or creating a work environment that's more interesting but also not distracting. Best of luck.","Unfortunately, it's really up to him as to what he finds interesting. ADHD is about pursuing only things you find interesting, and that's unique to each individual. He also needs to learn how he organizes and prioritizes his memories. That's really just a trial and error process…","768","126","","","","false","false","to do | organize","adhd","color | folder","long_form_comment | mentions_feature_or_solution | mentions_pain_or_friction | mentions_planner_or_system","46","[THREAD_TITLE]
ADHD planner - what works? what doesn’t?

[THREAD_BODY]
I have a student w/ADHD who needs a planner. It's my job to get him to actually use it, but all my attempts have been pushed aside and igored. What planners have worked? I am brainstorming, so no information is off the table (well, maybe that side quest about minihorses eating crabapples). What advice, directions, examples, not-to-dos, or other anything-to-considers do you got for me in this process? Thank you :-D Edit: I've read and taken notes on all the feedback. Y'all really love to have strong feelings about planners and I don't suppose you're wrong about any of it. Thank you very much.

[CURRENT_RECORD]
Unfortunately, it's really up to him as to what he finds interesting. ADHD is about pursuing only things you find interesting, and that's unique to each individual. He also needs to learn how he organizes and prioritizes his memories. That's really just a trial and error process, in my experience. Maybe buy him some colored pens/pencils. And maybe some different stationary. And if he has any hobbies/interests, maybe some themed folders or stickers. Unfortunately, as an ADHD person, I have to be self-motivated to do things. If it's boring, I won't do it. I've managed my way through adulthood by convincing myself that boring things are at least somewhat interesting — or creating a work environment that's more interesting but also not distracting. Best of luck."
"C:\Projects\Web\planner-tdah\research\reddit_data\reddit-ADHD-adhd_planner_what_works_what_doesnt.json","reddit-ADHD-adhd_planner_what_works_what_doesnt","1h13wls","t3_1h13wls","https://www.reddit.com/r/ADHD/comments/1h13wls/adhd_planner_what_works_what_doesnt/","ADHD","r/ADHD","ADHD planner - what works? what doesn’t?","I have a student w/ADHD who needs a planner. It's my job to get him to actually use it, but all my attempts have been pushed aside and igored. What planners have worked? I am brainstorming, so no information is off the table (well, maybe that side quest about minihorses eating crabapples). What advice, directions, examples, not-to-dos, or other anything-to-considers do you got for me in this process? Thank you :-D Edit: I've read and taken notes on all the feedback. Y'all really love to have strong feelings about planners and I don't suppose you're wrong about any of it. Thank you very much.","Questions/Advice","1732712933.0","2024-11-27T13:08:53+00:00","59","59","0.92","120","224e0411ccc9e1af","","reddit-ADHD-adhd_planner_what_works_what_doesnt:comment:lz90wln","comment","lz90wln","t1_lz90wln","https://www.reddit.com/r/ADHD/comments/1h13wls/adhd_planner_what_works_what_doesnt/lz90wln/","/r/ADHD/comments/1h13wls/adhd_planner_what_works_what_doesnt/lz90wln/","t3_1h13wls","post","","lz90wln","0","true","lz90wln","6681985105db4e4e","","","false","false","","13","13","0","0","0","1732719642.0","2024-11-27T15:00:42+00:00","false","False","","false","false","true","false","I feel for you, because your boss has given you an impossible task. My advice: habit trackers with stickers or fun colored pens for instant gratification. Fun colored sticky notes for the wall or a whiteboard will go so much farther than a planner. The second that planner is closed it’s out of sight, out of mind!","I feel for you, because your boss has given you an impossible task. My advice: habit trackers with stickers or fun colored pens for instant gratification. Fun colored sticky notes for the wall or a whiteboard will go so much farther than a planner. The second that planner is clo…","314","57","","","","false","false","planner | plan | habit tracker | tracker","","color | notes","forgetfulness_or_time_signal | mentions_feature_or_solution | mentions_planner_or_system","47","[THREAD_TITLE]
ADHD planner - what works? what doesn’t?

[THREAD_BODY]
I have a student w/ADHD who needs a planner. It's my job to get him to actually use it, but all my attempts have been pushed aside and igored. What planners have worked? I am brainstorming, so no information is off the table (well, maybe that side quest about minihorses eating crabapples). What advice, directions, examples, not-to-dos, or other anything-to-considers do you got for me in this process? Thank you :-D Edit: I've read and taken notes on all the feedback. Y'all really love to have strong feelings about planners and I don't suppose you're wrong about any of it. Thank you very much.

[CURRENT_RECORD]
I feel for you, because your boss has given you an impossible task. My advice: habit trackers with stickers or fun colored pens for instant gratification. Fun colored sticky notes for the wall or a whiteboard will go so much farther than a planner. The second that planner is closed it’s out of sight, out of mind!"
"C:\Projects\Web\planner-tdah\research\reddit_data\reddit-ADHD-adhd_planner_what_works_what_doesnt.json","reddit-ADHD-adhd_planner_what_works_what_doesnt","1h13wls","t3_1h13wls","https://www.reddit.com/r/ADHD/comments/1h13wls/adhd_planner_what_works_what_doesnt/","ADHD","r/ADHD","ADHD planner - what works? what doesn’t?","I have a student w/ADHD who needs a planner. It's my job to get him to actually use it, but all my attempts have been pushed aside and igored. What planners have worked? I am brainstorming, so no information is off the table (well, maybe that side quest about minihorses eating crabapples). What advice, directions, examples, not-to-dos, or other anything-to-considers do you got for me in this process? Thank you :-D Edit: I've read and taken notes on all the feedback. Y'all really love to have strong feelings about planners and I don't suppose you're wrong about any of it. Thank you very much.","Questions/Advice","1732712933.0","2024-11-27T13:08:53+00:00","59","59","0.92","120","224e0411ccc9e1af","","reddit-ADHD-adhd_planner_what_works_what_doesnt:comment:lz8n31u","comment","lz8n31u","t1_lz8n31u","https://www.reddit.com/r/ADHD/comments/1h13wls/adhd_planner_what_works_what_doesnt/lz8n31u/","/r/ADHD/comments/1h13wls/adhd_planner_what_works_what_doesnt/lz8n31u/","t3_1h13wls","post","","lz8n31u","0","true","lz8n31u","02c512887e61d0f1","","","false","false","","10","10","0","0","0","1732714577.0","2024-11-27T13:36:17+00:00","false","False","","false","false","true","false","I don't know how, but you have to get him excited, interested into using the tool. Then set solid reminders with consequences to force them to follow the plan. A structured plan with alternating preferred and unpreffered tasks might help. Unfortunately, having a planner with tasks outlined is not the ultimate solution, the issue is that if we don't get interested or challenged to start a task, NO planner in the world would get the job done, heck it's already hard for us to stay on a task if we feel no challenge or we stay on the same task for ages as we aren't satisfied with the end results. Again, everyone is different, but that's my experience with planners. For God's sake I can remember where I put an old post it with stuff to do when I get challenged, and I snooze app planner reminders or I just dismiss it. Good luck and thank you for helping that student. Believe me, we remember people that did us wrong and those who helped.","I don't know how, but you have to get him excited, interested into using the tool. Then set solid reminders with consequences to force them to follow the plan. A structured plan with alternating preferred and unpreffered tasks might help. Unfortunately, having a planner with tas…","943","174","","","","false","true","planner | planners | plan | app | to do","tasks","reminder | reminders","long_form_comment | mentions_feature_or_solution | mentions_pain_or_friction | mentions_planner_or_system | mentions_working_solution_or_recommendation","66","[THREAD_TITLE]
ADHD planner - what works? what doesn’t?

[THREAD_BODY]
I have a student w/ADHD who needs a planner. It's my job to get him to actually use it, but all my attempts have been pushed aside and igored. What planners have worked? I am brainstorming, so no information is off the table (well, maybe that side quest about minihorses eating crabapples). What advice, directions, examples, not-to-dos, or other anything-to-considers do you got for me in this process? Thank you :-D Edit: I've read and taken notes on all the feedback. Y'all really love to have strong feelings about planners and I don't suppose you're wrong about any of it. Thank you very much.

[CURRENT_RECORD]
I don't know how, but you have to get him excited, interested into using the tool. Then set solid reminders with consequences to force them to follow the plan. A structured plan with alternating preferred and unpreffered tasks might help. Unfortunately, having a planner with tasks outlined is not the ultimate solution, the issue is that if we don't get interested or challenged to start a task, NO planner in the world would get the job done, heck it's already hard for us to stay on a task if we feel no challenge or we stay on the same task for ages as we aren't satisfied with the end results. Again, everyone is different, but that's my experience with planners. For God's sake I can remember where I put an old post it with stuff to do when I get challenged, and I snooze app planner reminders or I just dismiss it. Good luck and thank you for helping that student. Believe me, we remember people that did us wrong and those who helped."
"C:\Projects\Web\planner-tdah\research\reddit_data\reddit-ADHD-adhd_planner_what_works_what_doesnt.json","reddit-ADHD-adhd_planner_what_works_what_doesnt","1h13wls","t3_1h13wls","https://www.reddit.com/r/ADHD/comments/1h13wls/adhd_planner_what_works_what_doesnt/","ADHD","r/ADHD","ADHD planner - what works? what doesn’t?","I have a student w/ADHD who needs a planner. It's my job to get him to actually use it, but all my attempts have been pushed aside and igored. What planners have worked? I am brainstorming, so no information is off the table (well, maybe that side quest about minihorses eating crabapples). What advice, directions, examples, not-to-dos, or other anything-to-considers do you got for me in this process? Thank you :-D Edit: I've read and taken notes on all the feedback. Y'all really love to have strong feelings about planners and I don't suppose you're wrong about any of it. Thank you very much.","Questions/Advice","1732712933.0","2024-11-27T13:08:53+00:00","59","59","0.92","120","224e0411ccc9e1af","","reddit-ADHD-adhd_planner_what_works_what_doesnt:comment:lz8vd6p","comment","lz8vd6p","t1_lz8vd6p","https://www.reddit.com/r/ADHD/comments/1h13wls/adhd_planner_what_works_what_doesnt/lz8vd6p/","/r/ADHD/comments/1h13wls/adhd_planner_what_works_what_doesnt/lz8vd6p/","t3_1h13wls","post","","lz8vd6p","0","true","lz8vd6p","bc78c0d166f240e4","","ADHD-PI (Primarily Inattentive)","false","false","","9","9","0","0","0","1732717698.0","2024-11-27T14:28:18+00:00","false","False","","false","false","true","false","Yeah no, the planner isn’t gonna work. The first planner I’ve ever actually used is my current one and that’s because I’m medicated so I can remember to use it. You should try an app that sends notifications for events instead, it will work much better. I have also found success with having a whiteboard in my room that I can just write whatever reminder I want on and I’ll see it as I’m leaving or entering my room","Yeah no, the planner isn’t gonna work. The first planner I’ve ever actually used is my current one and that’s because I’m medicated so I can remember to use it. You should try an app that sends notifications for events instead, it will work much better. I have also found success…","416","79","","","","false","false","planner | plan | app","","reminder","mentions_feature_or_solution | mentions_planner_or_system","31","[THREAD_TITLE]
ADHD planner - what works? what doesn’t?

[THREAD_BODY]
I have a student w/ADHD who needs a planner. It's my job to get him to actually use it, but all my attempts have been pushed aside and igored. What planners have worked? I am brainstorming, so no information is off the table (well, maybe that side quest about minihorses eating crabapples). What advice, directions, examples, not-to-dos, or other anything-to-considers do you got for me in this process? Thank you :-D Edit: I've read and taken notes on all the feedback. Y'all really love to have strong feelings about planners and I don't suppose you're wrong about any of it. Thank you very much.

[CURRENT_RECORD]
Yeah no, the planner isn’t gonna work. The first planner I’ve ever actually used is my current one and that’s because I’m medicated so I can remember to use it. You should try an app that sends notifications for events instead, it will work much better. I have also found success with having a whiteboard in my room that I can just write whatever reminder I want on and I’ll see it as I’m leaving or entering my room"
"C:\Projects\Web\planner-tdah\research\reddit_data\reddit-ADHD-adhd_planner_what_works_what_doesnt.json","reddit-ADHD-adhd_planner_what_works_what_doesnt","1h13wls","t3_1h13wls","https://www.reddit.com/r/ADHD/comments/1h13wls/adhd_planner_what_works_what_doesnt/","ADHD","r/ADHD","ADHD planner - what works? what doesn’t?","I have a student w/ADHD who needs a planner. It's my job to get him to actually use it, but all my attempts have been pushed aside and igored. What planners have worked? I am brainstorming, so no information is off the table (well, maybe that side quest about minihorses eating crabapples). What advice, directions, examples, not-to-dos, or other anything-to-considers do you got for me in this process? Thank you :-D Edit: I've read and taken notes on all the feedback. Y'all really love to have strong feelings about planners and I don't suppose you're wrong about any of it. Thank you very much.","Questions/Advice","1732712933.0","2024-11-27T13:08:53+00:00","59","59","0.92","120","224e0411ccc9e1af","","reddit-ADHD-adhd_planner_what_works_what_doesnt:comment:lz8y35w","comment","lz8y35w","t1_lz8y35w","https://www.reddit.com/r/ADHD/comments/1h13wls/adhd_planner_what_works_what_doesnt/lz8y35w/","/r/ADHD/comments/1h13wls/adhd_planner_what_works_what_doesnt/lz8y35w/","t3_1h13wls","post","","lz8y35w","0","true","lz8y35w","db21b786f0260cae","","","false","false","","9","9","0","0","0","1732718672.0","2024-11-27T14:44:32+00:00","false","False","","false","false","true","false","Whatever tool(s) you choose this is a process not a product. It will never be “done” or “perfect.” Try a few things, go low tech or use what you already have. Keep what works. Trash what doesn’t. But don’t be afraid to revisit later. It might work better after experience and skill building. What works best for me is having a “low stakes” opportunity to try out the tool. If we jump right into managing my entire life with it, I feel like I’m gonna fail and I usually do. Use it to manage ONE project or ONE event or ONE class. Then build slowly.","Whatever tool(s) you choose this is a process not a product. It will never be “done” or “perfect.” Try a few things, go low tech or use what you already have. Keep what works. Trash what doesn’t. But don’t be afraid to revisit later. It might work better after experience and ski…","547","105","","","","false","false","","","","long_form_comment","25","[THREAD_TITLE]
ADHD planner - what works? what doesn’t?

[THREAD_BODY]
I have a student w/ADHD who needs a planner. It's my job to get him to actually use it, but all my attempts have been pushed aside and igored. What planners have worked? I am brainstorming, so no information is off the table (well, maybe that side quest about minihorses eating crabapples). What advice, directions, examples, not-to-dos, or other anything-to-considers do you got for me in this process? Thank you :-D Edit: I've read and taken notes on all the feedback. Y'all really love to have strong feelings about planners and I don't suppose you're wrong about any of it. Thank you very much.

[CURRENT_RECORD]
Whatever tool(s) you choose this is a process not a product. It will never be “done” or “perfect.” Try a few things, go low tech or use what you already have. Keep what works. Trash what doesn’t. But don’t be afraid to revisit later. It might work better after experience and skill building. What works best for me is having a “low stakes” opportunity to try out the tool. If we jump right into managing my entire life with it, I feel like I’m gonna fail and I usually do. Use it to manage ONE project or ONE event or ONE class. Then build slowly."
"C:\Projects\Web\planner-tdah\research\reddit_data\reddit-ADHD-adhd_planner_what_works_what_doesnt.json","reddit-ADHD-adhd_planner_what_works_what_doesnt","1h13wls","t3_1h13wls","https://www.reddit.com/r/ADHD/comments/1h13wls/adhd_planner_what_works_what_doesnt/","ADHD","r/ADHD","ADHD planner - what works? what doesn’t?","I have a student w/ADHD who needs a planner. It's my job to get him to actually use it, but all my attempts have been pushed aside and igored. What planners have worked? I am brainstorming, so no information is off the table (well, maybe that side quest about minihorses eating crabapples). What advice, directions, examples, not-to-dos, or other anything-to-considers do you got for me in this process? Thank you :-D Edit: I've read and taken notes on all the feedback. Y'all really love to have strong feelings about planners and I don't suppose you're wrong about any of it. Thank you very much.","Questions/Advice","1732712933.0","2024-11-27T13:08:53+00:00","59","59","0.92","120","224e0411ccc9e1af","","reddit-ADHD-adhd_planner_what_works_what_doesnt:comment:lz8y0eu","comment","lz8y0eu","t1_lz8y0eu","https://www.reddit.com/r/ADHD/comments/1h13wls/adhd_planner_what_works_what_doesnt/lz8y0eu/","/r/ADHD/comments/1h13wls/adhd_planner_what_works_what_doesnt/lz8y0eu/","t3_1h13wls","post","","lz8y0eu","0","true","lz8y0eu","e525343fe8e3294e","","","false","false","","7","7","0","0","1","1732718645.0","2024-11-27T14:44:05+00:00","false","False","","false","false","true","false","Sadly... you could buy me the worlds most sophisticated and effective planner only to come by and find me using it as a coaster for my coffee cup or buried under some papers on my desk. My planner: well, it is hard to call it a planner but this works for me. 1. Note Cards: I have a supply of post it notes and 3x5 index cards on my messy work desk. \- I keep the notes in font of my keyboard because I look down frequently and reminds me to keep going. \- When I am assigned repeating tasks or have adhoc items to do I put them on not or card with a check box next to it especially if I think I can complete it today. 2. CLOCKS and ALARMS - EVERYWHERE \- Time is a problem for me. The only 2 time zone - Now and Not Now - seems to apply to me. \- 2 time zones makes everything seems to take longer than I think should take. It's a nagging problem. \- I have clock on my computer, on top of my monitor, one on my watch, in front of my desk, behind my desk, and one on my desk that speaks the time every hour. \- meeting alarms - at 7:30 AM I look at my Outlook calendar for the day. I have preset Alarms in my phone every 30 mins. I flip on a phone alarm for every meeting time I have for the day... 9AM 10AM 1:30 etc. 3. Microsoft OneNote: Anything I need to organize or save, because I forget where put things all the time, goes in MS OneNote. \- My OneNote is organized with different folders for different topics. Meetings, Training, Projects, etc.. \- I use OneNote for meetings notes by sending the meeting invite to OneNote and taking notes there. \- OneNote allows me to search later for keywords by folder or all of OneNote, no I often add keywords that will help me go back later and find what I need. 4. At the end of the work day I have a recurring meeting with (myself) at 4:30 PM in Outlook plan for tomorrow. \- ADHOC tasks, in my meeting I put any adhoc task not complete on new card for tomorrow. I only keep the new card with unfinished items and the reset are tossed in the recycle bin. \- Repeating tasks, if the task repeats then I schedule the task in Outlook ""To Do"" with all the links, processes, locations, and maybe 2-3 alarms before it is due.","Sadly... you could buy me the worlds most sophisticated and effective planner only to come by and find me using it as a coaster for my coffee cup or buried under some papers on my desk. My planner: well, it is hard to call it a planner but this works for me. 1. Note Cards: I hav…","2170","434","","","","false","true","planner | plan | calendar | app | to do | schedule | organize","forget | time | tasks","notes | folder | reset","forgetfulness_or_time_signal | long_form_comment | mentions_feature_or_solution | mentions_pain_or_friction | mentions_planner_or_system | mentions_working_solution_or_recommendation | printable_modular_system_signal","100","[THREAD_TITLE]
ADHD planner - what works? what doesn’t?

[THREAD_BODY]
I have a student w/ADHD who needs a planner. It's my job to get him to actually use it, but all my attempts have been pushed aside and igored. What planners have worked? I am brainstorming, so no information is off the table (well, maybe that side quest about minihorses eating crabapples). What advice, directions, examples, not-to-dos, or other anything-to-considers do you got for me in this process? Thank you :-D Edit: I've read and taken notes on all the feedback. Y'all really love to have strong feelings about planners and I don't suppose you're wrong about any of it. Thank you very much.

[CURRENT_RECORD]
Sadly... you could buy me the worlds most sophisticated and effective planner only to come by and find me using it as a coaster for my coffee cup or buried under some papers on my desk. My planner: well, it is hard to call it a planner but this works for me. 1. Note Cards: I have a supply of post it notes and 3x5 index cards on my messy work desk. \- I keep the notes in font of my keyboard because I look down frequently and reminds me to keep going. \- When I am assigned repeating tasks or have adhoc items to do I put them on not or card with a check box next to it especially if I think I can complete it today. 2. CLOCKS and ALARMS - EVERYWHERE \- Time is a problem for me. The only 2 time zone - Now and Not Now - seems to apply to me. \- 2 time zones makes everything seems to take longer than I think should take. It's a nagging problem. \- I have clock on my computer, on top of my monitor, one on my watch, in front of my desk, behind my desk, and one on my desk that speaks the time every hour. \- meeting alarms - at 7:30 AM I look at my Outlook calendar for the day. I have preset Alarms in my phone every 30 mins. I flip on a phone alarm for every meeting time I have for the day... 9AM 10AM 1:30 etc. 3. Microsoft OneNote: Anything I need to organize or save, because I forget where put things all the time, goes in MS OneNote. \- My OneNote is organized with different folders for different topics. Meetings, Training, Projects, etc.. \- I use OneNote for meetings notes by sending the meeting invite to OneNote and taking notes there. \- OneNote allows me to search later for keywords by folder or all of OneNote, no I often add keywords that will help me go back later and find what I need. 4. At the end of the work day I have a recurring meeting with (myself) at 4:30 PM in Outlook plan for tomorrow. \- ADHOC tasks, in my meeting I put any adhoc task not complete on new card for tomorrow. I only keep the new card with unfinished items and the reset are tossed in the recycle bin. \- Repeating tasks, if the task repeats then I schedule the task in Outlook ""To Do"" with all the links, processes, locations, and maybe 2-3 alarms before it is due."
"C:\Projects\Web\planner-tdah\research\reddit_data\reddit-ADHD-adhd_planner_what_works_what_doesnt.json","reddit-ADHD-adhd_planner_what_works_what_doesnt","1h13wls","t3_1h13wls","https://www.reddit.com/r/ADHD/comments/1h13wls/adhd_planner_what_works_what_doesnt/","ADHD","r/ADHD","ADHD planner - what works? what doesn’t?","I have a student w/ADHD who needs a planner. It's my job to get him to actually use it, but all my attempts have been pushed aside and igored. What planners have worked? I am brainstorming, so no information is off the table (well, maybe that side quest about minihorses eating crabapples). What advice, directions, examples, not-to-dos, or other anything-to-considers do you got for me in this process? Thank you :-D Edit: I've read and taken notes on all the feedback. Y'all really love to have strong feelings about planners and I don't suppose you're wrong about any of it. Thank you very much.","Questions/Advice","1732712933.0","2024-11-27T13:08:53+00:00","59","59","0.92","120","224e0411ccc9e1af","","reddit-ADHD-adhd_planner_what_works_what_doesnt:comment:lza1wdj","comment","lza1wdj","t1_lza1wdj","https://www.reddit.com/r/ADHD/comments/1h13wls/adhd_planner_what_works_what_doesnt/lza1wdj/","/r/ADHD/comments/1h13wls/adhd_planner_what_works_what_doesnt/lza1wdj/","t1_lz8y0eu","comment","lz8y0eu","lz8y0eu","1","false","lz8y0eu > lza1wdj","87ff83f32751360b","","","false","false","","1","1","0","0","0","1732731259.0","2024-11-27T18:14:19+00:00","false","False","","false","false","true","false","I do use a physical planner for day to day tasks but I strongly second One Note as a place to keep personal notes and brainstorms. While it didn’t work for me as a planner, I still use it daily as a brain dump area. The search function has saved me so many times!","I do use a physical planner for day to day tasks but I strongly second One Note as a place to keep personal notes and brainstorms. While it didn’t work for me as a planner, I still use it daily as a brain dump area. The search function has saved me so many times!","263","54","Sadly... you could buy me the worlds most sophisticated and effective planner only to come by and find me using it as a coaster for my coffee cup or buried under some papers on my desk. My planner: well, it is hard to call it a planner but this works for me. 1. Note Cards: I have a supply of post it notes and 3x5 index cards on my messy work desk. \- I keep the notes in font of my keyboard because I look down frequently and reminds me to keep going. \- When I am assigned repeating tasks or have adhoc items to do I put them on not or card with a check box next to it especially if I think I can complete it today. 2. CLOCKS and ALARMS - EVERYWHERE \- Time is a problem for me. The only 2 time z…","Sadly... you could buy me the worlds most sophisticated and effective planner only to come by and find me using it as a coaster for my coffee cup or buried under some papers on my desk. My planner: well, it is hard to call it a planner but this works for me. 1. Note Cards: I have a supply of post it notes and 3x5 index cards on my messy work desk. \- I keep the notes in font of my keyboard because I look down frequently and reminds me to keep going. \- When I am assigned repeating tasks or have adhoc items to do I put them on not or card with a check box next to it especially if I think I can complete it today. 2. CLOCKS and ALARMS - EVERYWHERE \- Time is a problem for me. The only 2 time z…","","false","false","planner | plan | daily","time | tasks","notes | daily","mentions_feature_or_solution | mentions_pain_or_friction | mentions_planner_or_system","40","[THREAD_TITLE]
ADHD planner - what works? what doesn’t?

[THREAD_BODY]
I have a student w/ADHD who needs a planner. It's my job to get him to actually use it, but all my attempts have been pushed aside and igored. What planners have worked? I am brainstorming, so no information is off the table (well, maybe that side quest about minihorses eating crabapples). What advice, directions, examples, not-to-dos, or other anything-to-considers do you got for me in this process? Thank you :-D Edit: I've read and taken notes on all the feedback. Y'all really love to have strong feelings about planners and I don't suppose you're wrong about any of it. Thank you very much.

[PARENT_COMMENT_CONTEXT]
Sadly... you could buy me the worlds most sophisticated and effective planner only to come by and find me using it as a coaster for my coffee cup or buried under some papers on my desk. My planner: well, it is hard to call it a planner but this works for me. 1. Note Cards: I have a supply of post it notes and 3x5 index cards on my messy work desk. \- I keep the notes in font of my keyboard because I look down frequently and reminds me to keep going. \- When I am assigned repeating tasks or have adhoc items to do I put them on not or card with a check box next to it especially if I think I can complete it today. 2. CLOCKS and ALARMS - EVERYWHERE \- Time is a problem for me. The only 2 time z…

[CURRENT_RECORD]
I do use a physical planner for day to day tasks but I strongly second One Note as a place to keep personal notes and brainstorms. While it didn’t work for me as a planner, I still use it daily as a brain dump area. The search function has saved me so many times!"
"C:\Projects\Web\planner-tdah\research\reddit_data\reddit-ADHD-adhd_planner_what_works_what_doesnt.json","reddit-ADHD-adhd_planner_what_works_what_doesnt","1h13wls","t3_1h13wls","https://www.reddit.com/r/ADHD/comments/1h13wls/adhd_planner_what_works_what_doesnt/","ADHD","r/ADHD","ADHD planner - what works? what doesn’t?","I have a student w/ADHD who needs a planner. It's my job to get him to actually use it, but all my attempts have been pushed aside and igored. What planners have worked? I am brainstorming, so no information is off the table (well, maybe that side quest about minihorses eating crabapples). What advice, directions, examples, not-to-dos, or other anything-to-considers do you got for me in this process? Thank you :-D Edit: I've read and taken notes on all the feedback. Y'all really love to have strong feelings about planners and I don't suppose you're wrong about any of it. Thank you very much.","Questions/Advice","1732712933.0","2024-11-27T13:08:53+00:00","59","59","0.92","120","224e0411ccc9e1af","","reddit-ADHD-adhd_planner_what_works_what_doesnt:comment:lz8u338","comment","lz8u338","t1_lz8u338","https://www.reddit.com/r/ADHD/comments/1h13wls/adhd_planner_what_works_what_doesnt/lz8u338/","/r/ADHD/comments/1h13wls/adhd_planner_what_works_what_doesnt/lz8u338/","t3_1h13wls","post","","lz8u338","0","true","lz8u338","1f9831018e49eae9","","","false","false","","6","6","0","0","0","1732717237.0","2024-11-27T14:20:37+00:00","false","False","","false","false","true","false","The best tool for this is often an app on a phone. Phones drive engagement as it is and if you set an alarm on a phone to push opening the app or have notifications from the app it would reinforce the task. Unfortunately, schools usually don't allow use of phones in class (for good reason). But depending on the kid, engagement with an app after school might be helpful. That said, my daughter, diagnosed, (13) just loves blank journals with exciting or fun covers. While she uses them, they don't really get used for tasks, in general. Mostly doodling. We've bought lots of planners for her with fun covers that never get used, despite lots of promises, and begging us to buy them. I just think they're too rigid, and by the time she picks it up again half a year has gone by and she already feels defeated. I'm not diagnosed, although I recognize a lot of similar issues she and I share that are ADHD related. As a kid the only planner I ever used was one the school bought for the entire grade, and at the end of the class we were instructed to write down assignments in a specific spot. Every class they instructed us to do it, every day. I hated it, although I probably benefited from it. Today I just use my notes app, and throw some alarms on my phone to redirect me.","The best tool for this is often an app on a phone. Phones drive engagement as it is and if you set an alarm on a phone to push opening the app or have notifications from the app it would reinforce the task. Unfortunately, schools usually don't allow use of phones in class (for g…","1275","241","","","","false","true","planner | planners | plan | journal | app | to do","adhd | time | rigid | tasks","notes","forgetfulness_or_time_signal | long_form_comment | mentions_feature_or_solution | mentions_pain_or_friction | mentions_planner_or_system | mentions_working_solution_or_recommendation","95","[THREAD_TITLE]
ADHD planner - what works? what doesn’t?

[THREAD_BODY]
I have a student w/ADHD who needs a planner. It's my job to get him to actually use it, but all my attempts have been pushed aside and igored. What planners have worked? I am brainstorming, so no information is off the table (well, maybe that side quest about minihorses eating crabapples). What advice, directions, examples, not-to-dos, or other anything-to-considers do you got for me in this process? Thank you :-D Edit: I've read and taken notes on all the feedback. Y'all really love to have strong feelings about planners and I don't suppose you're wrong about any of it. Thank you very much.

[CURRENT_RECORD]
The best tool for this is often an app on a phone. Phones drive engagement as it is and if you set an alarm on a phone to push opening the app or have notifications from the app it would reinforce the task. Unfortunately, schools usually don't allow use of phones in class (for good reason). But depending on the kid, engagement with an app after school might be helpful. That said, my daughter, diagnosed, (13) just loves blank journals with exciting or fun covers. While she uses them, they don't really get used for tasks, in general. Mostly doodling. We've bought lots of planners for her with fun covers that never get used, despite lots of promises, and begging us to buy them. I just think they're too rigid, and by the time she picks it up again half a year has gone by and she already feels defeated. I'm not diagnosed, although I recognize a lot of similar issues she and I share that are ADHD related. As a kid the only planner I ever used was one the school bought for the entire grade, and at the end of the class we were instructed to write down assignments in a specific spot. Every class they instructed us to do it, every day. I hated it, although I probably benefited from it. Today I just use my notes app, and throw some alarms on my phone to redirect me."
"C:\Projects\Web\planner-tdah\research\reddit_data\reddit-ADHD-adhd_planner_what_works_what_doesnt.json","reddit-ADHD-adhd_planner_what_works_what_doesnt","1h13wls","t3_1h13wls","https://www.reddit.com/r/ADHD/comments/1h13wls/adhd_planner_what_works_what_doesnt/","ADHD","r/ADHD","ADHD planner - what works? what doesn’t?","I have a student w/ADHD who needs a planner. It's my job to get him to actually use it, but all my attempts have been pushed aside and igored. What planners have worked? I am brainstorming, so no information is off the table (well, maybe that side quest about minihorses eating crabapples). What advice, directions, examples, not-to-dos, or other anything-to-considers do you got for me in this process? Thank you :-D Edit: I've read and taken notes on all the feedback. Y'all really love to have strong feelings about planners and I don't suppose you're wrong about any of it. Thank you very much.","Questions/Advice","1732712933.0","2024-11-27T13:08:53+00:00","59","59","0.92","120","224e0411ccc9e1af","","reddit-ADHD-adhd_planner_what_works_what_doesnt:comment:lz99wh7","comment","lz99wh7","t1_lz99wh7","https://www.reddit.com/r/ADHD/comments/1h13wls/adhd_planner_what_works_what_doesnt/lz99wh7/","/r/ADHD/comments/1h13wls/adhd_planner_what_works_what_doesnt/lz99wh7/","t3_1h13wls","post","","lz99wh7","0","true","lz99wh7","","","","false","false","","5","5","0","0","0","1732722592.0","2024-11-27T15:49:52+00:00","false","False","","false","false","true","false","I nannied a kid with autism, adhd among some other developmental comorbidities. He always struggled with remembering to write down assignments or check his planner. Ultimately his engineer dad wrote some code that projected a monthly Google calendar onto a monitor he installed on the wall in their kitchen lol. The kid loved it and was obsessed with knowing the schedule and being involved in the process of “putting things on the calendar”. He used to go straight to it after school to see if anything had been updated or changed and would immediately notice when an appointment time had been adjusted. It was also really reassuring to him as a kid to know what was coming so he could emotionally prepare for it. Anyway! Every kid is different, this specific instance may have been more helpful for the ASD aspect but thought I’d share nonetheless :)","I nannied a kid with autism, adhd among some other developmental comorbidities. He always struggled with remembering to write down assignments or check his planner. Ultimately his engineer dad wrote some code that projected a monthly Google calendar onto a monitor he installed o…","852","147","","","","false","true","planner | plan | calendar | app | monthly | schedule","adhd | time","monthly | change","forgetfulness_or_time_signal | long_form_comment | mentions_feature_or_solution | mentions_pain_or_friction | mentions_planner_or_system | mentions_working_solution_or_recommendation","79","[THREAD_TITLE]
ADHD planner - what works? what doesn’t?

[THREAD_BODY]
I have a student w/ADHD who needs a planner. It's my job to get him to actually use it, but all my attempts have been pushed aside and igored. What planners have worked? I am brainstorming, so no information is off the table (well, maybe that side quest about minihorses eating crabapples). What advice, directions, examples, not-to-dos, or other anything-to-considers do you got for me in this process? Thank you :-D Edit: I've read and taken notes on all the feedback. Y'all really love to have strong feelings about planners and I don't suppose you're wrong about any of it. Thank you very much.

[CURRENT_RECORD]
I nannied a kid with autism, adhd among some other developmental comorbidities. He always struggled with remembering to write down assignments or check his planner. Ultimately his engineer dad wrote some code that projected a monthly Google calendar onto a monitor he installed on the wall in their kitchen lol. The kid loved it and was obsessed with knowing the schedule and being involved in the process of “putting things on the calendar”. He used to go straight to it after school to see if anything had been updated or changed and would immediately notice when an appointment time had been adjusted. It was also really reassuring to him as a kid to know what was coming so he could emotionally prepare for it. Anyway! Every kid is different, this specific instance may have been more helpful for the ASD aspect but thought I’d share nonetheless :)"
"C:\Projects\Web\planner-tdah\research\reddit_data\reddit-ADHD-adhd_planner_what_works_what_doesnt.json","reddit-ADHD-adhd_planner_what_works_what_doesnt","1h13wls","t3_1h13wls","https://www.reddit.com/r/ADHD/comments/1h13wls/adhd_planner_what_works_what_doesnt/","ADHD","r/ADHD","ADHD planner - what works? what doesn’t?","I have a student w/ADHD who needs a planner. It's my job to get him to actually use it, but all my attempts have been pushed aside and igored. What planners have worked? I am brainstorming, so no information is off the table (well, maybe that side quest about minihorses eating crabapples). What advice, directions, examples, not-to-dos, or other anything-to-considers do you got for me in this process? Thank you :-D Edit: I've read and taken notes on all the feedback. Y'all really love to have strong feelings about planners and I don't suppose you're wrong about any of it. Thank you very much.","Questions/Advice","1732712933.0","2024-11-27T13:08:53+00:00","59","59","0.92","120","224e0411ccc9e1af","","reddit-ADHD-adhd_planner_what_works_what_doesnt:comment:lz8rwdl","comment","lz8rwdl","t1_lz8rwdl","https://www.reddit.com/r/ADHD/comments/1h13wls/adhd_planner_what_works_what_doesnt/lz8rwdl/","/r/ADHD/comments/1h13wls/adhd_planner_what_works_what_doesnt/lz8rwdl/","t3_1h13wls","post","","lz8rwdl","0","true","lz8rwdl","9f5bf90a78a44f17","","","false","false","","5","5","0","0","0","1732716436.0","2024-11-27T14:07:16+00:00","false","False","","false","false","true","false","I have like 12 new journals. I use TickTick paid version. Depending on age - they may need a digital planner where an adult is adding stuff and the kid it checking them off. Kids like phones and tablets so.","I have like 12 new journals. I use TickTick paid version. Depending on age - they may need a digital planner where an adult is adding stuff and the kid it checking them off. Kids like phones and tablets so.","206","40","","","","false","false","planner | plan | journal","","","mentions_planner_or_system","27","[THREAD_TITLE]
ADHD planner - what works? what doesn’t?

[THREAD_BODY]
I have a student w/ADHD who needs a planner. It's my job to get him to actually use it, but all my attempts have been pushed aside and igored. What planners have worked? I am brainstorming, so no information is off the table (well, maybe that side quest about minihorses eating crabapples). What advice, directions, examples, not-to-dos, or other anything-to-considers do you got for me in this process? Thank you :-D Edit: I've read and taken notes on all the feedback. Y'all really love to have strong feelings about planners and I don't suppose you're wrong about any of it. Thank you very much.

[CURRENT_RECORD]
I have like 12 new journals. I use TickTick paid version. Depending on age - they may need a digital planner where an adult is adding stuff and the kid it checking them off. Kids like phones and tablets so."
"C:\Projects\Web\planner-tdah\research\reddit_data\reddit-ADHD-adhd_planner_what_works_what_doesnt.json","reddit-ADHD-adhd_planner_what_works_what_doesnt","1h13wls","t3_1h13wls","https://www.reddit.com/r/ADHD/comments/1h13wls/adhd_planner_what_works_what_doesnt/","ADHD","r/ADHD","ADHD planner - what works? what doesn’t?","I have a student w/ADHD who needs a planner. It's my job to get him to actually use it, but all my attempts have been pushed aside and igored. What planners have worked? I am brainstorming, so no information is off the table (well, maybe that side quest about minihorses eating crabapples). What advice, directions, examples, not-to-dos, or other anything-to-considers do you got for me in this process? Thank you :-D Edit: I've read and taken notes on all the feedback. Y'all really love to have strong feelings about planners and I don't suppose you're wrong about any of it. Thank you very much.","Questions/Advice","1732712933.0","2024-11-27T13:08:53+00:00","59","59","0.92","120","224e0411ccc9e1af","","reddit-ADHD-adhd_planner_what_works_what_doesnt:comment:lz8t2ot","comment","lz8t2ot","t1_lz8t2ot","https://www.reddit.com/r/ADHD/comments/1h13wls/adhd_planner_what_works_what_doesnt/lz8t2ot/","/r/ADHD/comments/1h13wls/adhd_planner_what_works_what_doesnt/lz8t2ot/","t3_1h13wls","post","","lz8t2ot","0","true","lz8t2ot","a624a277617bfe71","","","false","false","","4","4","0","0","0","1732716870.0","2024-11-27T14:14:30+00:00","false","False","","false","false","true","false","Bullet journal. + colorful pens. - something like bullet journal 101 for ideas.","Bullet journal. + colorful pens. - something like bullet journal 101 for ideas.","79","13","","","","false","false","bullet journal | journal","","color","mentions_feature_or_solution | mentions_planner_or_system","12","[THREAD_TITLE]
ADHD planner - what works? what doesn’t?

[THREAD_BODY]
I have a student w/ADHD who needs a planner. It's my job to get him to actually use it, but all my attempts have been pushed aside and igored. What planners have worked? I am brainstorming, so no information is off the table (well, maybe that side quest about minihorses eating crabapples). What advice, directions, examples, not-to-dos, or other anything-to-considers do you got for me in this process? Thank you :-D Edit: I've read and taken notes on all the feedback. Y'all really love to have strong feelings about planners and I don't suppose you're wrong about any of it. Thank you very much.

[CURRENT_RECORD]
Bullet journal. + colorful pens. - something like bullet journal 101 for ideas."
"C:\Projects\Web\planner-tdah\research\reddit_data\reddit-ADHD-adhd_planner_what_works_what_doesnt.json","reddit-ADHD-adhd_planner_what_works_what_doesnt","1h13wls","t3_1h13wls","https://www.reddit.com/r/ADHD/comments/1h13wls/adhd_planner_what_works_what_doesnt/","ADHD","r/ADHD","ADHD planner - what works? what doesn’t?","I have a student w/ADHD who needs a planner. It's my job to get him to actually use it, but all my attempts have been pushed aside and igored. What planners have worked? I am brainstorming, so no information is off the table (well, maybe that side quest about minihorses eating crabapples). What advice, directions, examples, not-to-dos, or other anything-to-considers do you got for me in this process? Thank you :-D Edit: I've read and taken notes on all the feedback. Y'all really love to have strong feelings about planners and I don't suppose you're wrong about any of it. Thank you very much.","Questions/Advice","1732712933.0","2024-11-27T13:08:53+00:00","59","59","0.92","120","224e0411ccc9e1af","","reddit-ADHD-adhd_planner_what_works_what_doesnt:comment:lz9a3nz","comment","lz9a3nz","t1_lz9a3nz","https://www.reddit.com/r/ADHD/comments/1h13wls/adhd_planner_what_works_what_doesnt/lz9a3nz/","/r/ADHD/comments/1h13wls/adhd_planner_what_works_what_doesnt/lz9a3nz/","t3_1h13wls","post","","lz9a3nz","0","true","lz9a3nz","7fdc6bf5a4daabe6","","","false","false","","5","5","0","0","1","1732722655.0","2024-11-27T15:50:55+00:00","false","False","","false","false","true","false","Planners suckkkkk. As a student i only used my planner to doodle. Instead of forcing him to use something he either doesn’t want to do or physically can’t remember to do, find something else that works. As a kid, my school used a website called Show My Homework, that every kid had to check in on and each teacher could add homeworks to it and students would check them off when they were done. It was efficient, it was easily accessible, as long as you had a device and internet connection, and I much preferred it. Find alternative ways of helping your student keep track of things. If he has a phone, maybe research a range of apps for planning and schedule keeping, preferably ones that are easy to use and also look nice (because nice looking things lead to serotonin which makes it easier to push past executive dysfunction). But like just in general, please stop with the mindset of “this person has adhd, how do I change them to be someone I think they should be, how do I force them to act how I think they should”, it actually stinks! There is more than one way to live life and some people will never find the same things as easy as you find them, their disability won’t go away just because you gave them no other options. Accommodate, let them do things their own way, explore every alternative route so you can find whats easiest for them, and advocate for the world to do the same.","Planners suckkkkk. As a student i only used my planner to doodle. Instead of forcing him to use something he either doesn’t want to do or physically can’t remember to do, find something else that works. As a kid, my school used a website called Show My Homework, that every kid h…","1396","259","","","","false","false","planner | planners | plan | planning | app | to do | schedule","adhd","change","long_form_comment | mentions_feature_or_solution | mentions_pain_or_friction | mentions_planner_or_system | novelty_or_format_change_signal","67","[THREAD_TITLE]
ADHD planner - what works? what doesn’t?

[THREAD_BODY]
I have a student w/ADHD who needs a planner. It's my job to get him to actually use it, but all my attempts have been pushed aside and igored. What planners have worked? I am brainstorming, so no information is off the table (well, maybe that side quest about minihorses eating crabapples). What advice, directions, examples, not-to-dos, or other anything-to-considers do you got for me in this process? Thank you :-D Edit: I've read and taken notes on all the feedback. Y'all really love to have strong feelings about planners and I don't suppose you're wrong about any of it. Thank you very much.

[CURRENT_RECORD]
Planners suckkkkk. As a student i only used my planner to doodle. Instead of forcing him to use something he either doesn’t want to do or physically can’t remember to do, find something else that works. As a kid, my school used a website called Show My Homework, that every kid had to check in on and each teacher could add homeworks to it and students would check them off when they were done. It was efficient, it was easily accessible, as long as you had a device and internet connection, and I much preferred it. Find alternative ways of helping your student keep track of things. If he has a phone, maybe research a range of apps for planning and schedule keeping, preferably ones that are easy to use and also look nice (because nice looking things lead to serotonin which makes it easier to push past executive dysfunction). But like just in general, please stop with the mindset of “this person has adhd, how do I change them to be someone I think they should be, how do I force them to act how I think they should”, it actually stinks! There is more than one way to live life and some people will never find the same things as easy as you find them, their disability won’t go away just because you gave them no other options. Accommodate, let them do things their own way, explore every alternative route so you can find whats easiest for them, and advocate for the world to do the same."
"C:\Projects\Web\planner-tdah\research\reddit_data\reddit-ADHD-adhd_planner_what_works_what_doesnt.json","reddit-ADHD-adhd_planner_what_works_what_doesnt","1h13wls","t3_1h13wls","https://www.reddit.com/r/ADHD/comments/1h13wls/adhd_planner_what_works_what_doesnt/","ADHD","r/ADHD","ADHD planner - what works? what doesn’t?","I have a student w/ADHD who needs a planner. It's my job to get him to actually use it, but all my attempts have been pushed aside and igored. What planners have worked? I am brainstorming, so no information is off the table (well, maybe that side quest about minihorses eating crabapples). What advice, directions, examples, not-to-dos, or other anything-to-considers do you got for me in this process? Thank you :-D Edit: I've read and taken notes on all the feedback. Y'all really love to have strong feelings about planners and I don't suppose you're wrong about any of it. Thank you very much.","Questions/Advice","1732712933.0","2024-11-27T13:08:53+00:00","59","59","0.92","120","224e0411ccc9e1af","","reddit-ADHD-adhd_planner_what_works_what_doesnt:comment:lz9fv6p","comment","lz9fv6p","t1_lz9fv6p","https://www.reddit.com/r/ADHD/comments/1h13wls/adhd_planner_what_works_what_doesnt/lz9fv6p/","/r/ADHD/comments/1h13wls/adhd_planner_what_works_what_doesnt/lz9fv6p/","t1_lz9a3nz","comment","lz9a3nz","lz9a3nz","1","false","lz9a3nz > lz9fv6p","224e0411ccc9e1af","","","true","false","","-1","-1","0","0","3","1732724475.0","2024-11-27T16:21:15+00:00","false","False","","false","false","true","false","I actually do all his backend assignment checks; I’m not worried about his ability to complete homework. I’m concerned because he cannot handle limits to his planning process, which makes him hit hard against social rules. For now, I’d love if he doddles in it, writes poetry, or uses it for a bellybutton lint collection. He needs an external “other” that is still “his” to control. The idea is that it will help develop his internal “other” that adult-form-humans use to executive plan with.","I actually do all his backend assignment checks; I’m not worried about his ability to complete homework. I’m concerned because he cannot handle limits to his planning process, which makes him hit hard against social rules. For now, I’d love if he doddles in it, writes poetry, or…","493","84","Planners suckkkkk. As a student i only used my planner to doodle. Instead of forcing him to use something he either doesn’t want to do or physically can’t remember to do, find something else that works. As a kid, my school used a website called Show My Homework, that every kid had to check in on and each teacher could add homeworks to it and students would check them off when they were done. It was efficient, it was easily accessible, as long as you had a device and internet connection, and I much preferred it. Find alternative ways of helping your student keep track of things. If he has a phone, maybe research a range of apps for planning and schedule keeping, preferably ones that are easy…","Planners suckkkkk. As a student i only used my planner to doodle. Instead of forcing him to use something he either doesn’t want to do or physically can’t remember to do, find something else that works. As a kid, my school used a website called Show My Homework, that every kid had to check in on and each teacher could add homeworks to it and students would check them off when they were done. It was efficient, it was easily accessible, as long as you had a device and internet connection, and I much preferred it. Find alternative ways of helping your student keep track of things. If he has a phone, maybe research a range of apps for planning and schedule keeping, preferably ones that are easy…","","false","true","plan | planning","","","mentions_planner_or_system | mentions_working_solution_or_recommendation","39","[THREAD_TITLE]
ADHD planner - what works? what doesn’t?

[THREAD_BODY]
I have a student w/ADHD who needs a planner. It's my job to get him to actually use it, but all my attempts have been pushed aside and igored. What planners have worked? I am brainstorming, so no information is off the table (well, maybe that side quest about minihorses eating crabapples). What advice, directions, examples, not-to-dos, or other anything-to-considers do you got for me in this process? Thank you :-D Edit: I've read and taken notes on all the feedback. Y'all really love to have strong feelings about planners and I don't suppose you're wrong about any of it. Thank you very much.

[PARENT_COMMENT_CONTEXT]
Planners suckkkkk. As a student i only used my planner to doodle. Instead of forcing him to use something he either doesn’t want to do or physically can’t remember to do, find something else that works. As a kid, my school used a website called Show My Homework, that every kid had to check in on and each teacher could add homeworks to it and students would check them off when they were done. It was efficient, it was easily accessible, as long as you had a device and internet connection, and I much preferred it. Find alternative ways of helping your student keep track of things. If he has a phone, maybe research a range of apps for planning and schedule keeping, preferably ones that are easy…

[CURRENT_RECORD]
I actually do all his backend assignment checks; I’m not worried about his ability to complete homework. I’m concerned because he cannot handle limits to his planning process, which makes him hit hard against social rules. For now, I’d love if he doddles in it, writes poetry, or uses it for a bellybutton lint collection. He needs an external “other” that is still “his” to control. The idea is that it will help develop his internal “other” that adult-form-humans use to executive plan with."
"C:\Projects\Web\planner-tdah\research\reddit_data\reddit-ADHD-adhd_planner_what_works_what_doesnt.json","reddit-ADHD-adhd_planner_what_works_what_doesnt","1h13wls","t3_1h13wls","https://www.reddit.com/r/ADHD/comments/1h13wls/adhd_planner_what_works_what_doesnt/","ADHD","r/ADHD","ADHD planner - what works? what doesn’t?","I have a student w/ADHD who needs a planner. It's my job to get him to actually use it, but all my attempts have been pushed aside and igored. What planners have worked? I am brainstorming, so no information is off the table (well, maybe that side quest about minihorses eating crabapples). What advice, directions, examples, not-to-dos, or other anything-to-considers do you got for me in this process? Thank you :-D Edit: I've read and taken notes on all the feedback. Y'all really love to have strong feelings about planners and I don't suppose you're wrong about any of it. Thank you very much.","Questions/Advice","1732712933.0","2024-11-27T13:08:53+00:00","59","59","0.92","120","224e0411ccc9e1af","","reddit-ADHD-adhd_planner_what_works_what_doesnt:comment:lz9qswp","comment","lz9qswp","t1_lz9qswp","https://www.reddit.com/r/ADHD/comments/1h13wls/adhd_planner_what_works_what_doesnt/lz9qswp/","/r/ADHD/comments/1h13wls/adhd_planner_what_works_what_doesnt/lz9qswp/","t1_lz9fv6p","comment","lz9fv6p","lz9a3nz","2","false","lz9a3nz > lz9fv6p > lz9qswp","7fdc6bf5a4daabe6","","","false","false","","3","3","0","0","0","1732727848.0","2024-11-27T17:17:28+00:00","false","False","","false","false","true","false","Okay so i’m not completely familiar with all the terms you used here but I’ve tried to understand it. I’m not exactly sure on what you mean by “handling limits to his planning process”. What is his planning process and what limits are being placed on it. Could you give examples. As well as examples on what social rules he “hits hard against” I’m assuming by “hitting hard against social rules” you mean he has disruptive behaviour (aggression, talking a lot, being disrespectful). I’m also not sure what you mean by “external “other””. I’ve tried googling what that and internal other means, but I’m getting varied results and it would be great if you specified your definition and what field of study this is for. But from understanding your comment, i’m guessing you mean to say, you want him to have a planner because it would give him structure and feedback from others (the person looking at the planner) that he will respect, and this will instil a source of discipline, which will then develop into him forming his own sense of discipline internally, and this sense of discipline is what adults use in daily life. And like, that sounds definitely like there has been research and study put into that theory, and I cannot claim to be an expert in how teaching works (i dropped out of my uni course to be a teacher), or how adhd affects learning. I can only say how my adhd affects my experience and ik my adhd manifests in different ways. But if I was your student, then i really don’t think this “external other” planner would actually help. Demand Avoidance is more of an autism thing, but it makes it impossible to do anything and really contributes to my executive dysfunction (when the ability to do the things you want to do, is not present or barely present for some reason). Having something forced upon me, having people watching me and “holding me accountable” is actually the worst for me. It adds so much pressure, and stress and while for some people that pressure motivates them, for me it paralysed me. It made me associate doing work with being judged and being stressed out, so my brain would, in order to protect me from emotional distress, avoid doing work as much as possible. Something like your planner might have ruined me as a kid. And being made to feel forced all my life made me immediately burnout and become depressed and suicidal as an adult as i couldn’t even eat or shower without feeling the intense stress placed on my as a child. Please don’t do that to your students! Additionally a lot of kids with adhd also have rejection sensitivity dysphoria, which mean we feel any negative or perceived negative reaction from others as bone cuttingly hurtful. Which makes this whole “percieved” business a lot worse. And things like adhd sometimes can’t be fixed with just discipline. Lots of adhd kids fail in a school system because no matter what a school does, executive dysfunction cannot be helped. And the worst thing you can do, is punish kids who can’t control that aspect of themselves, by constantly putting them through scrutiny and holding them accountable for something they can’t control. So my advice is the same. If you want to try using a planner you can try it. But if it gets to the point where they only use it because you’re forcing them to, it might end up detrimental in the long run. And don’t just stick to planners, try apps, try interesting different way to organise a planner. Offer him choices so he feels like he has agency in all this. And ik as a teacher you don’t have time to get to know all your students, but if you want a better chance at working on this, getting to know what he likes, dislikes, what logic he operates on will help greatly. What are his interests? Any shows he likes? Any video games? Does he have any hobbies. Perhaps if its sports or video games, you could look into those so you have a basic understanding and firstly engage with him by asking him questions about it and offering your own opinions, and then ask him to write about his experiences in the planner you want him to have. If he wins any particularly hard games, who he plays with, if its a video game, what character he plays with. Again, these aren’t guaranteed to work but these are options. You could even get stickers, themed pens etc. And just, be patient. A lot people think of attention issues and emotional deregulation when it comes to adhd, but i bet you a huge experience a lot of people on this subreddit would will understand is, life with adhd is filled with so many feelings of shame. We’re always doing something wrong, our emotions are always too big and unpredictable and we hurt people we don’t mean to hurt or don’t know why we want to hurt. We’re always the ones who are late, who forgot, who wasn’t paying attention, who can’t think of anything else but this one obsession, who can’t function because nothing offers enough stimulation for our brains, and in most cases when we look like we’re doing fine, we’re like ducks that appear to glide peacefully on the water, only to be kicking our feet as hard as physically possible beneath the surface. So if possible, try not to be too encroaching with your expectations, bc most people with adhd will spend their lives feeling like they’re letting people down. You don’t grow out of adhd, attempts to negate symptoms often mean you just learn to spend all your energy pretending to be normal so you don’t disappoint anyone, until you run out of energy and wake up realising you hate who you are without masking, and you burnout.","Okay so i’m not completely familiar with all the terms you used here but I’ve tried to understand it. I’m not exactly sure on what you mean by “handling limits to his planning process”. What is his planning process and what limits are being placed on it. Could you give examples.…","5552","994","I actually do all his backend assignment checks; I’m not worried about his ability to complete homework. I’m concerned because he cannot handle limits to his planning process, which makes him hit hard against social rules. For now, I’d love if he doddles in it, writes poetry, or uses it for a bellybutton lint collection. He needs an external “other” that is still “his” to control. The idea is that it will help develop his internal “other” that adult-form-humans use to executive plan with.","Planners suckkkkk. As a student i only used my planner to doodle. Instead of forcing him to use something he either doesn’t want to do or physically can’t remember to do, find something else that works. As a kid, my school used a website called Show My Homework, that every kid had to check in on and each teacher could add homeworks to it and students would check them off when they were done. It was efficient, it was easily accessible, as long as you had a device and internet connection, and I much preferred it. Find alternative ways of helping your student keep track of things. If he has a phone, maybe research a range of apps for planning and schedule keeping, preferably ones that are easy…","","true","true","planner | planners | plan | planning | app | to do | daily","adhd | shame | forgot | time","daily","contains_question | forgetfulness_or_time_signal | guilt_or_shame_signal | long_form_comment | mentions_feature_or_solution | mentions_pain_or_friction | mentions_planner_or_system | mentions_working_solution_or_recommendation","98","[THREAD_TITLE]
ADHD planner - what works? what doesn’t?

[THREAD_BODY]
I have a student w/ADHD who needs a planner. It's my job to get him to actually use it, but all my attempts have been pushed aside and igored. What planners have worked? I am brainstorming, so no information is off the table (well, maybe that side quest about minihorses eating crabapples). What advice, directions, examples, not-to-dos, or other anything-to-considers do you got for me in this process? Thank you :-D Edit: I've read and taken notes on all the feedback. Y'all really love to have strong feelings about planners and I don't suppose you're wrong about any of it. Thank you very much.

[ROOT_COMMENT_CONTEXT]
Planners suckkkkk. As a student i only used my planner to doodle. Instead of forcing him to use something he either doesn’t want to do or physically can’t remember to do, find something else that works. As a kid, my school used a website called Show My Homework, that every kid had to check in on and each teacher could add homeworks to it and students would check them off when they were done. It was efficient, it was easily accessible, as long as you had a device and internet connection, and I much preferred it. Find alternative ways of helping your student keep track of things. If he has a phone, maybe research a range of apps for planning and schedule keeping, preferably ones that are easy…

[PARENT_COMMENT_CONTEXT]
I actually do all his backend assignment checks; I’m not worried about his ability to complete homework. I’m concerned because he cannot handle limits to his planning process, which makes him hit hard against social rules. For now, I’d love if he doddles in it, writes poetry, or uses it for a bellybutton lint collection. He needs an external “other” that is still “his” to control. The idea is that it will help develop his internal “other” that adult-form-humans use to executive plan with.

[CURRENT_RECORD]
Okay so i’m not completely familiar with all the terms you used here but I’ve tried to understand it. I’m not exactly sure on what you mean by “handling limits to his planning process”. What is his planning process and what limits are being placed on it. Could you give examples. As well as examples on what social rules he “hits hard against” I’m assuming by “hitting hard against social rules” you mean he has disruptive behaviour (aggression, talking a lot, being disrespectful). I’m also not sure what you mean by “external “other””. I’ve tried googling what that and internal other means, but I’m getting varied results and it would be great if you specified your definition and what field of study this is for. But from understanding your comment, i’m guessing you mean to say, you want him to have a planner because it would give him structure and feedback from others (the person looking at the planner) that he will respect, and this will instil a source of discipline, which will then develop into him forming his own sense of discipline internally, and this sense of discipline is what adults use in daily life. And like, that sounds definitely like there has been research and study put into that theory, and I cannot claim to be an expert in how teaching works (i dropped out of my uni course to be a teacher), or how adhd affects learning. I can only say how my adhd affects my experience and ik my adhd manifests in different ways. But if I was your student, then i really don’t think this “external other” planner would actually help. Demand Avoidance is more of an autism thing, but it makes it impossible to do anything and really contributes to my executive dysfunction (when the ability to do the things you want to do, is not present or barely present for some reason). Having something forced upon me, having people watching me and “holding me accountable” is actually the worst for me. It adds so much pressure, and stress and while for some people that pressure motivates them, for me it paralysed me. It made me associate doing work with being judged and being stressed out, so my brain would, in order to protect me from emotional distress, avoid doing work as much as possible. Something like your planner might have ruined me as a kid. And being made to feel forced all my life made me immediately burnout and become depressed and suicidal as an adult as i couldn’t even eat or shower without feeling the intense stress placed on my as a child. Please don’t do that to your students! Additionally a lot of kids with adhd also have rejection sensitivity dysphoria, which mean we feel any negative or perceived negative reaction from others as bone cuttingly hurtful. Which makes this whole “percieved” business a lot worse. And things like adhd sometimes can’t be fixed with just discipline. Lots of adhd kids fail in a school system because no matter what a school does, executive dysfunction cannot be helped. And the worst thing you can do, is punish kids who can’t control that aspect of themselves, by constantly putting them through scrutiny and holding them accountable for something they can’t control. So my advice is the same. If you want to try using a planner you can try it. But if it gets to the point where they only use it because you’re forcing them to, it might end up detrimental in the long run. And don’t just stick to planners, try apps, try interesting different way to organise a planner. Offer him choices so he feels like he has agency in all this. And ik as a teacher you don’t have time to get to know all your students, but if you want a better chance at working on this, getting to know what he likes, dislikes, what logic he operates on will help greatly. What are his interests? Any shows he likes? Any video games? Does he have any hobbies. Perhaps if its sports or video games, you could look into those so you have a basic understanding and firstly engage with him by asking him questions about it and offering your own opinions, and then ask him to write about his experiences in the planner you want hi…"
"C:\Projects\Web\planner-tdah\research\reddit_data\reddit-ADHD-adhd_planner_what_works_what_doesnt.json","reddit-ADHD-adhd_planner_what_works_what_doesnt","1h13wls","t3_1h13wls","https://www.reddit.com/r/ADHD/comments/1h13wls/adhd_planner_what_works_what_doesnt/","ADHD","r/ADHD","ADHD planner - what works? what doesn’t?","I have a student w/ADHD who needs a planner. It's my job to get him to actually use it, but all my attempts have been pushed aside and igored. What planners have worked? I am brainstorming, so no information is off the table (well, maybe that side quest about minihorses eating crabapples). What advice, directions, examples, not-to-dos, or other anything-to-considers do you got for me in this process? Thank you :-D Edit: I've read and taken notes on all the feedback. Y'all really love to have strong feelings about planners and I don't suppose you're wrong about any of it. Thank you very much.","Questions/Advice","1732712933.0","2024-11-27T13:08:53+00:00","59","59","0.92","120","224e0411ccc9e1af","","reddit-ADHD-adhd_planner_what_works_what_doesnt:comment:lz9vyf2","comment","lz9vyf2","t1_lz9vyf2","https://www.reddit.com/r/ADHD/comments/1h13wls/adhd_planner_what_works_what_doesnt/lz9vyf2/","/r/ADHD/comments/1h13wls/adhd_planner_what_works_what_doesnt/lz9vyf2/","t1_lz9fv6p","comment","lz9fv6p","lz9a3nz","2","false","lz9a3nz > lz9fv6p > lz9vyf2","2415e0ecec33caa1","","ADHD-PI (Primarily Inattentive)","false","false","","2","2","0","0","0","1732729438.0","2024-11-27T17:43:58+00:00","false","False","","false","false","true","false","Our executive function issues are not just because we haven't practiced enough to develop them. Sure, we can seem to get better at these sorts of things, but usually it's because we've come up with coping strategies that actually work for us, rather than just getting better at what is difficult for us. It will certainly help to teach him to externalize his planning process, despite what everyone is saying about their experiences with using a planner. Using a planner is hard, but it can be done. More importantly, it can be a good teaching tool, even if it doesn't stick afterwards. The skills he would learn are definitely helpful, and if you're keeping him accountable to using it, that might help a lot too. What generally doesn't work for me with planners is when they have a rigid structure. I hate feeling that I'm ""not doing it right"" if I don't use all the sections... or if i overfill some sections and make a mess of everything. I much prefer the freedom to do whatever I want on the page. Dot grids are nice, because they're subtle but just visible enough to be useful if I want to divide up the page... but in general I treat my planning pages like they're blank. What works for me is allowing one full page for planning each day, because time is finite and the limited space on the page helps me feel this limitation better... but any smaller makes me feel too constrained. I write tasks on this page in a nonlinear way, letting their position on the page have meaning. Tasks for early in the day go near the top, while late-day ones are near the bottom. Chores around the house go more on the right-hand side of the page, while work-related tasks are more leftward. I leave a lot of space around my tasks, so I can add more to them, make notes about what I did, explain why I didn't do the task, or just doodle. I never again want to let myself believe all of this should be happening internally, because that thought set me back years when I tried putting it into action! My external brain is almost as important to me as my internal one.","Our executive function issues are not just because we haven't practiced enough to develop them. Sure, we can seem to get better at these sorts of things, but usually it's because we've come up with coping strategies that actually work for us, rather than just getting better at w…","2057","380","I actually do all his backend assignment checks; I’m not worried about his ability to complete homework. I’m concerned because he cannot handle limits to his planning process, which makes him hit hard against social rules. For now, I’d love if he doddles in it, writes poetry, or uses it for a bellybutton lint collection. He needs an external “other” that is still “his” to control. The idea is that it will help develop his internal “other” that adult-form-humans use to executive plan with.","Planners suckkkkk. As a student i only used my planner to doodle. Instead of forcing him to use something he either doesn’t want to do or physically can’t remember to do, find something else that works. As a kid, my school used a website called Show My Homework, that every kid had to check in on and each teacher could add homeworks to it and students would check them off when they were done. It was efficient, it was easily accessible, as long as you had a device and internet connection, and I much preferred it. Find alternative ways of helping your student keep track of things. If he has a phone, maybe research a range of apps for planning and schedule keeping, preferably ones that are easy…","","false","true","planner | planners | plan | planning | app | to do","executive function | time | rigid | tasks","visible | notes","forgetfulness_or_time_signal | long_form_comment | mentions_feature_or_solution | mentions_pain_or_friction | mentions_planner_or_system | mentions_working_solution_or_recommendation","94","[THREAD_TITLE]
ADHD planner - what works? what doesn’t?

[THREAD_BODY]
I have a student w/ADHD who needs a planner. It's my job to get him to actually use it, but all my attempts have been pushed aside and igored. What planners have worked? I am brainstorming, so no information is off the table (well, maybe that side quest about minihorses eating crabapples). What advice, directions, examples, not-to-dos, or other anything-to-considers do you got for me in this process? Thank you :-D Edit: I've read and taken notes on all the feedback. Y'all really love to have strong feelings about planners and I don't suppose you're wrong about any of it. Thank you very much.

[ROOT_COMMENT_CONTEXT]
Planners suckkkkk. As a student i only used my planner to doodle. Instead of forcing him to use something he either doesn’t want to do or physically can’t remember to do, find something else that works. As a kid, my school used a website called Show My Homework, that every kid had to check in on and each teacher could add homeworks to it and students would check them off when they were done. It was efficient, it was easily accessible, as long as you had a device and internet connection, and I much preferred it. Find alternative ways of helping your student keep track of things. If he has a phone, maybe research a range of apps for planning and schedule keeping, preferably ones that are easy…

[PARENT_COMMENT_CONTEXT]
I actually do all his backend assignment checks; I’m not worried about his ability to complete homework. I’m concerned because he cannot handle limits to his planning process, which makes him hit hard against social rules. For now, I’d love if he doddles in it, writes poetry, or uses it for a bellybutton lint collection. He needs an external “other” that is still “his” to control. The idea is that it will help develop his internal “other” that adult-form-humans use to executive plan with.

[CURRENT_RECORD]
Our executive function issues are not just because we haven't practiced enough to develop them. Sure, we can seem to get better at these sorts of things, but usually it's because we've come up with coping strategies that actually work for us, rather than just getting better at what is difficult for us. It will certainly help to teach him to externalize his planning process, despite what everyone is saying about their experiences with using a planner. Using a planner is hard, but it can be done. More importantly, it can be a good teaching tool, even if it doesn't stick afterwards. The skills he would learn are definitely helpful, and if you're keeping him accountable to using it, that might help a lot too. What generally doesn't work for me with planners is when they have a rigid structure. I hate feeling that I'm ""not doing it right"" if I don't use all the sections... or if i overfill some sections and make a mess of everything. I much prefer the freedom to do whatever I want on the page. Dot grids are nice, because they're subtle but just visible enough to be useful if I want to divide up the page... but in general I treat my planning pages like they're blank. What works for me is allowing one full page for planning each day, because time is finite and the limited space on the page helps me feel this limitation better... but any smaller makes me feel too constrained. I write tasks on this page in a nonlinear way, letting their position on the page have meaning. Tasks for early in the day go near the top, while late-day ones are near the bottom. Chores around the house go more on the right-hand side of the page, while work-related tasks are more leftward. I leave a lot of space around my tasks, so I can add more to them, make notes about what I did, explain why I didn't do the task, or just doodle. I never again want to let myself believe all of this should be happening internally, because that thought set me back years when I tried putting it into action! My external brain is almost as important to me as my internal one."
"C:\Projects\Web\planner-tdah\research\reddit_data\reddit-ADHD-adhd_planner_what_works_what_doesnt.json","reddit-ADHD-adhd_planner_what_works_what_doesnt","1h13wls","t3_1h13wls","https://www.reddit.com/r/ADHD/comments/1h13wls/adhd_planner_what_works_what_doesnt/","ADHD","r/ADHD","ADHD planner - what works? what doesn’t?","I have a student w/ADHD who needs a planner. It's my job to get him to actually use it, but all my attempts have been pushed aside and igored. What planners have worked? I am brainstorming, so no information is off the table (well, maybe that side quest about minihorses eating crabapples). What advice, directions, examples, not-to-dos, or other anything-to-considers do you got for me in this process? Thank you :-D Edit: I've read and taken notes on all the feedback. Y'all really love to have strong feelings about planners and I don't suppose you're wrong about any of it. Thank you very much.","Questions/Advice","1732712933.0","2024-11-27T13:08:53+00:00","59","59","0.92","120","224e0411ccc9e1af","","reddit-ADHD-adhd_planner_what_works_what_doesnt:comment:lzbldmt","comment","lzbldmt","t1_lzbldmt","https://www.reddit.com/r/ADHD/comments/1h13wls/adhd_planner_what_works_what_doesnt/lzbldmt/","/r/ADHD/comments/1h13wls/adhd_planner_what_works_what_doesnt/lzbldmt/","t1_lz9fv6p","comment","lz9fv6p","lz9a3nz","2","false","lz9a3nz > lz9fv6p > lzbldmt","ed2ebedaac05f168","","","false","false","","1","1","0","0","0","1732749030.0","2024-11-27T23:10:30+00:00","false","False","","false","false","true","false","I also don't completely understand the terms you used. What are limits to his planning process? What is his age and grade? I know it seems like having a plan externalized is the obvious answer, but it's easy for us to just ignore that. Please really talk to him and brainstorm what he thinks will help him, or where he thinks his gaps are, and then work together to find solutions. We are so used to being told what the ""right"" solution is and not being listened to. Taking the time to work with him will be slower but will help build skills for the future. As I said in another comment, looseleaf binders can be very helpful for organizing. I've known filmmakers who used them to manage an entire production. Make it as easy as possible for him, and make sure he gives himself pats on the back all along the way. I call them my ""ta-das"". I felt silly at first -- brushed my teeth, ta-da! -- but they accumulate and help me keep going.","I also don't completely understand the terms you used. What are limits to his planning process? What is his age and grade? I know it seems like having a plan externalized is the obvious answer, but it's easy for us to just ignore that. Please really talk to him and brainstorm wh…","935","177","I actually do all his backend assignment checks; I’m not worried about his ability to complete homework. I’m concerned because he cannot handle limits to his planning process, which makes him hit hard against social rules. For now, I’d love if he doddles in it, writes poetry, or uses it for a bellybutton lint collection. He needs an external “other” that is still “his” to control. The idea is that it will help develop his internal “other” that adult-form-humans use to executive plan with.","Planners suckkkkk. As a student i only used my planner to doodle. Instead of forcing him to use something he either doesn’t want to do or physically can’t remember to do, find something else that works. As a kid, my school used a website called Show My Homework, that every kid had to check in on and each teacher could add homeworks to it and students would check them off when they were done. It was efficient, it was easily accessible, as long as you had a device and internet connection, and I much preferred it. Find alternative ways of helping your student keep track of things. If he has a phone, maybe research a range of apps for planning and schedule keeping, preferably ones that are easy…","","true","false","plan | planning | binder | organizing","time","binder","contains_question | forgetfulness_or_time_signal | long_form_comment | mentions_feature_or_solution | mentions_pain_or_friction | mentions_planner_or_system","53","[THREAD_TITLE]
ADHD planner - what works? what doesn’t?

[THREAD_BODY]
I have a student w/ADHD who needs a planner. It's my job to get him to actually use it, but all my attempts have been pushed aside and igored. What planners have worked? I am brainstorming, so no information is off the table (well, maybe that side quest about minihorses eating crabapples). What advice, directions, examples, not-to-dos, or other anything-to-considers do you got for me in this process? Thank you :-D Edit: I've read and taken notes on all the feedback. Y'all really love to have strong feelings about planners and I don't suppose you're wrong about any of it. Thank you very much.

[ROOT_COMMENT_CONTEXT]
Planners suckkkkk. As a student i only used my planner to doodle. Instead of forcing him to use something he either doesn’t want to do or physically can’t remember to do, find something else that works. As a kid, my school used a website called Show My Homework, that every kid had to check in on and each teacher could add homeworks to it and students would check them off when they were done. It was efficient, it was easily accessible, as long as you had a device and internet connection, and I much preferred it. Find alternative ways of helping your student keep track of things. If he has a phone, maybe research a range of apps for planning and schedule keeping, preferably ones that are easy…

[PARENT_COMMENT_CONTEXT]
I actually do all his backend assignment checks; I’m not worried about his ability to complete homework. I’m concerned because he cannot handle limits to his planning process, which makes him hit hard against social rules. For now, I’d love if he doddles in it, writes poetry, or uses it for a bellybutton lint collection. He needs an external “other” that is still “his” to control. The idea is that it will help develop his internal “other” that adult-form-humans use to executive plan with.

[CURRENT_RECORD]
I also don't completely understand the terms you used. What are limits to his planning process? What is his age and grade? I know it seems like having a plan externalized is the obvious answer, but it's easy for us to just ignore that. Please really talk to him and brainstorm what he thinks will help him, or where he thinks his gaps are, and then work together to find solutions. We are so used to being told what the ""right"" solution is and not being listened to. Taking the time to work with him will be slower but will help build skills for the future. As I said in another comment, looseleaf binders can be very helpful for organizing. I've known filmmakers who used them to manage an entire production. Make it as easy as possible for him, and make sure he gives himself pats on the back all along the way. I call them my ""ta-das"". I felt silly at first -- brushed my teeth, ta-da! -- but they accumulate and help me keep going."
"C:\Projects\Web\planner-tdah\research\reddit_data\reddit-ADHD-adhd_planner_what_works_what_doesnt.json","reddit-ADHD-adhd_planner_what_works_what_doesnt","1h13wls","t3_1h13wls","https://www.reddit.com/r/ADHD/comments/1h13wls/adhd_planner_what_works_what_doesnt/","ADHD","r/ADHD","ADHD planner - what works? what doesn’t?","I have a student w/ADHD who needs a planner. It's my job to get him to actually use it, but all my attempts have been pushed aside and igored. What planners have worked? I am brainstorming, so no information is off the table (well, maybe that side quest about minihorses eating crabapples). What advice, directions, examples, not-to-dos, or other anything-to-considers do you got for me in this process? Thank you :-D Edit: I've read and taken notes on all the feedback. Y'all really love to have strong feelings about planners and I don't suppose you're wrong about any of it. Thank you very much.","Questions/Advice","1732712933.0","2024-11-27T13:08:53+00:00","59","59","0.92","120","224e0411ccc9e1af","","reddit-ADHD-adhd_planner_what_works_what_doesnt:comment:lz8m12q","comment","lz8m12q","t1_lz8m12q","https://www.reddit.com/r/ADHD/comments/1h13wls/adhd_planner_what_works_what_doesnt/lz8m12q/","/r/ADHD/comments/1h13wls/adhd_planner_what_works_what_doesnt/lz8m12q/","t3_1h13wls","post","","lz8m12q","0","true","lz8m12q","a6ab75ca4fff0662","","","false","false","","4","4","0","0","1","1732714162.0","2024-11-27T13:29:22+00:00","false","False","","false","false","true","false","What is the planner for? Just to remember school assignments?","What is the planner for? Just to remember school assignments?","61","10","","","","true","false","planner | plan","","","contains_question | mentions_planner_or_system","11","[THREAD_TITLE]
ADHD planner - what works? what doesn’t?

[THREAD_BODY]
I have a student w/ADHD who needs a planner. It's my job to get him to actually use it, but all my attempts have been pushed aside and igored. What planners have worked? I am brainstorming, so no information is off the table (well, maybe that side quest about minihorses eating crabapples). What advice, directions, examples, not-to-dos, or other anything-to-considers do you got for me in this process? Thank you :-D Edit: I've read and taken notes on all the feedback. Y'all really love to have strong feelings about planners and I don't suppose you're wrong about any of it. Thank you very much.

[CURRENT_RECORD]
What is the planner for? Just to remember school assignments?"
"C:\Projects\Web\planner-tdah\research\reddit_data\reddit-ADHD-adhd_planner_what_works_what_doesnt.json","reddit-ADHD-adhd_planner_what_works_what_doesnt","1h13wls","t3_1h13wls","https://www.reddit.com/r/ADHD/comments/1h13wls/adhd_planner_what_works_what_doesnt/","ADHD","r/ADHD","ADHD planner - what works? what doesn’t?","I have a student w/ADHD who needs a planner. It's my job to get him to actually use it, but all my attempts have been pushed aside and igored. What planners have worked? I am brainstorming, so no information is off the table (well, maybe that side quest about minihorses eating crabapples). What advice, directions, examples, not-to-dos, or other anything-to-considers do you got for me in this process? Thank you :-D Edit: I've read and taken notes on all the feedback. Y'all really love to have strong feelings about planners and I don't suppose you're wrong about any of it. Thank you very much.","Questions/Advice","1732712933.0","2024-11-27T13:08:53+00:00","59","59","0.92","120","224e0411ccc9e1af","","reddit-ADHD-adhd_planner_what_works_what_doesnt:comment:lz8p04m","comment","lz8p04m","t1_lz8p04m","https://www.reddit.com/r/ADHD/comments/1h13wls/adhd_planner_what_works_what_doesnt/lz8p04m/","/r/ADHD/comments/1h13wls/adhd_planner_what_works_what_doesnt/lz8p04m/","t1_lz8m12q","comment","lz8m12q","lz8m12q","1","false","lz8m12q > lz8p04m","224e0411ccc9e1af","","","true","false","","3","3","0","0","4","1732715329.0","2024-11-27T13:48:49+00:00","false","False","","false","false","true","false","I mean, school assignments is my boss’s reason. However, he needs something more robust. Maybe a development journal or a reward journal or …??? Is there an “engagement” journal system that just gets people to pick it up and interact?","I mean, school assignments is my boss’s reason. However, he needs something more robust. Maybe a development journal or a reward journal or …??? Is there an “engagement” journal system that just gets people to pick it up and interact?","234","40","What is the planner for? Just to remember school assignments?","What is the planner for? Just to remember school assignments?","","true","false","journal","","","contains_question | mentions_planner_or_system","17","[THREAD_TITLE]
ADHD planner - what works? what doesn’t?

[THREAD_BODY]
I have a student w/ADHD who needs a planner. It's my job to get him to actually use it, but all my attempts have been pushed aside and igored. What planners have worked? I am brainstorming, so no information is off the table (well, maybe that side quest about minihorses eating crabapples). What advice, directions, examples, not-to-dos, or other anything-to-considers do you got for me in this process? Thank you :-D Edit: I've read and taken notes on all the feedback. Y'all really love to have strong feelings about planners and I don't suppose you're wrong about any of it. Thank you very much.

[PARENT_COMMENT_CONTEXT]
What is the planner for? Just to remember school assignments?

[CURRENT_RECORD]
I mean, school assignments is my boss’s reason. However, he needs something more robust. Maybe a development journal or a reward journal or …??? Is there an “engagement” journal system that just gets people to pick it up and interact?"
"C:\Projects\Web\planner-tdah\research\reddit_data\reddit-ADHD-adhd_planner_what_works_what_doesnt.json","reddit-ADHD-adhd_planner_what_works_what_doesnt","1h13wls","t3_1h13wls","https://www.reddit.com/r/ADHD/comments/1h13wls/adhd_planner_what_works_what_doesnt/","ADHD","r/ADHD","ADHD planner - what works? what doesn’t?","I have a student w/ADHD who needs a planner. It's my job to get him to actually use it, but all my attempts have been pushed aside and igored. What planners have worked? I am brainstorming, so no information is off the table (well, maybe that side quest about minihorses eating crabapples). What advice, directions, examples, not-to-dos, or other anything-to-considers do you got for me in this process? Thank you :-D Edit: I've read and taken notes on all the feedback. Y'all really love to have strong feelings about planners and I don't suppose you're wrong about any of it. Thank you very much.","Questions/Advice","1732712933.0","2024-11-27T13:08:53+00:00","59","59","0.92","120","224e0411ccc9e1af","","reddit-ADHD-adhd_planner_what_works_what_doesnt:comment:lz8urth","comment","lz8urth","t1_lz8urth","https://www.reddit.com/r/ADHD/comments/1h13wls/adhd_planner_what_works_what_doesnt/lz8urth/","/r/ADHD/comments/1h13wls/adhd_planner_what_works_what_doesnt/lz8urth/","t1_lz8p04m","comment","lz8p04m","lz8m12q","2","false","lz8m12q > lz8p04m > lz8urth","8d15e7ed4fc4955c","","","false","false","","16","16","0","0","0","1732717484.0","2024-11-27T14:24:44+00:00","false","False","","false","false","true","false","This subreddit could probably circle the earth with all our ""this planner will be the one that fixes all my problems"" graveyards.","This subreddit could probably circle the earth with all our ""this planner will be the one that fixes all my problems"" graveyards.","129","22","I mean, school assignments is my boss’s reason. However, he needs something more robust. Maybe a development journal or a reward journal or …??? Is there an “engagement” journal system that just gets people to pick it up and interact?","What is the planner for? Just to remember school assignments?","","false","false","planner | plan","","","mentions_planner_or_system","23","[THREAD_TITLE]
ADHD planner - what works? what doesn’t?

[THREAD_BODY]
I have a student w/ADHD who needs a planner. It's my job to get him to actually use it, but all my attempts have been pushed aside and igored. What planners have worked? I am brainstorming, so no information is off the table (well, maybe that side quest about minihorses eating crabapples). What advice, directions, examples, not-to-dos, or other anything-to-considers do you got for me in this process? Thank you :-D Edit: I've read and taken notes on all the feedback. Y'all really love to have strong feelings about planners and I don't suppose you're wrong about any of it. Thank you very much.

[ROOT_COMMENT_CONTEXT]
What is the planner for? Just to remember school assignments?

[PARENT_COMMENT_CONTEXT]
I mean, school assignments is my boss’s reason. However, he needs something more robust. Maybe a development journal or a reward journal or …??? Is there an “engagement” journal system that just gets people to pick it up and interact?

[CURRENT_RECORD]
This subreddit could probably circle the earth with all our ""this planner will be the one that fixes all my problems"" graveyards."
"C:\Projects\Web\planner-tdah\research\reddit_data\reddit-ADHD-adhd_planner_what_works_what_doesnt.json","reddit-ADHD-adhd_planner_what_works_what_doesnt","1h13wls","t3_1h13wls","https://www.reddit.com/r/ADHD/comments/1h13wls/adhd_planner_what_works_what_doesnt/","ADHD","r/ADHD","ADHD planner - what works? what doesn’t?","I have a student w/ADHD who needs a planner. It's my job to get him to actually use it, but all my attempts have been pushed aside and igored. What planners have worked? I am brainstorming, so no information is off the table (well, maybe that side quest about minihorses eating crabapples). What advice, directions, examples, not-to-dos, or other anything-to-considers do you got for me in this process? Thank you :-D Edit: I've read and taken notes on all the feedback. Y'all really love to have strong feelings about planners and I don't suppose you're wrong about any of it. Thank you very much.","Questions/Advice","1732712933.0","2024-11-27T13:08:53+00:00","59","59","0.92","120","224e0411ccc9e1af","","reddit-ADHD-adhd_planner_what_works_what_doesnt:comment:lz9g79x","comment","lz9g79x","t1_lz9g79x","https://www.reddit.com/r/ADHD/comments/1h13wls/adhd_planner_what_works_what_doesnt/lz9g79x/","/r/ADHD/comments/1h13wls/adhd_planner_what_works_what_doesnt/lz9g79x/","t1_lz8p04m","comment","lz8p04m","lz8m12q","2","false","lz8m12q > lz8p04m > lz9g79x","22325e87d32ac298","","","false","false","","8","8","0","0","1","1732724578.0","2024-11-27T16:22:58+00:00","false","False","","false","false","true","false","You may want to check out the planner subreddits, they have near encyclopedic knowledge on all the planner systems out there. But honestly, it's a very personal thing. He should pick it out himself. I use my planner diligently, it never leaves my side because it's my ""external brain"" - BUT if someone were to gift me a popular planner like the Plum Planner, Midori, or something with a horizontal weekly layout... I'd hate it and never use it. And it took me a few years to figure out exactly what I want from my planner - which is different than my ADHD mothers favorite planner (she likes blank boxes with no lines or grids, that's my worst nightmare), and those are both different from my ADHD friends' favorite planner (he likes a daily setup instead of weekly, because he does journaling and gratitude stuff in it.). Also, getting exciting tools to use WITH the planner can make it more exciting to use the planner - high quality pens, japanese pencils, colorful gel pens, cool markers or highlighters, washi tape, don't even get me started on planner stickers.","You may want to check out the planner subreddits, they have near encyclopedic knowledge on all the planner systems out there. But honestly, it's a very personal thing. He should pick it out himself. I use my planner diligently, it never leaves my side because it's my ""external b…","1067","188","I mean, school assignments is my boss’s reason. However, he needs something more robust. Maybe a development journal or a reward journal or …??? Is there an “engagement” journal system that just gets people to pick it up and interact?","What is the planner for? Just to remember school assignments?","","false","false","planner | plan | journal | weekly | daily","adhd","color | layout | weekly | daily","long_form_comment | mentions_feature_or_solution | mentions_pain_or_friction | mentions_planner_or_system","79","[THREAD_TITLE]
ADHD planner - what works? what doesn’t?

[THREAD_BODY]
I have a student w/ADHD who needs a planner. It's my job to get him to actually use it, but all my attempts have been pushed aside and igored. What planners have worked? I am brainstorming, so no information is off the table (well, maybe that side quest about minihorses eating crabapples). What advice, directions, examples, not-to-dos, or other anything-to-considers do you got for me in this process? Thank you :-D Edit: I've read and taken notes on all the feedback. Y'all really love to have strong feelings about planners and I don't suppose you're wrong about any of it. Thank you very much.

[ROOT_COMMENT_CONTEXT]
What is the planner for? Just to remember school assignments?

[PARENT_COMMENT_CONTEXT]
I mean, school assignments is my boss’s reason. However, he needs something more robust. Maybe a development journal or a reward journal or …??? Is there an “engagement” journal system that just gets people to pick it up and interact?

[CURRENT_RECORD]
You may want to check out the planner subreddits, they have near encyclopedic knowledge on all the planner systems out there. But honestly, it's a very personal thing. He should pick it out himself. I use my planner diligently, it never leaves my side because it's my ""external brain"" - BUT if someone were to gift me a popular planner like the Plum Planner, Midori, or something with a horizontal weekly layout... I'd hate it and never use it. And it took me a few years to figure out exactly what I want from my planner - which is different than my ADHD mothers favorite planner (she likes blank boxes with no lines or grids, that's my worst nightmare), and those are both different from my ADHD friends' favorite planner (he likes a daily setup instead of weekly, because he does journaling and gratitude stuff in it.). Also, getting exciting tools to use WITH the planner can make it more exciting to use the planner - high quality pens, japanese pencils, colorful gel pens, cool markers or highlighters, washi tape, don't even get me started on planner stickers."
"C:\Projects\Web\planner-tdah\research\reddit_data\reddit-ADHD-adhd_planner_what_works_what_doesnt.json","reddit-ADHD-adhd_planner_what_works_what_doesnt","1h13wls","t3_1h13wls","https://www.reddit.com/r/ADHD/comments/1h13wls/adhd_planner_what_works_what_doesnt/","ADHD","r/ADHD","ADHD planner - what works? what doesn’t?","I have a student w/ADHD who needs a planner. It's my job to get him to actually use it, but all my attempts have been pushed aside and igored. What planners have worked? I am brainstorming, so no information is off the table (well, maybe that side quest about minihorses eating crabapples). What advice, directions, examples, not-to-dos, or other anything-to-considers do you got for me in this process? Thank you :-D Edit: I've read and taken notes on all the feedback. Y'all really love to have strong feelings about planners and I don't suppose you're wrong about any of it. Thank you very much.","Questions/Advice","1732712933.0","2024-11-27T13:08:53+00:00","59","59","0.92","120","224e0411ccc9e1af","","reddit-ADHD-adhd_planner_what_works_what_doesnt:comment:lza07sd","comment","lza07sd","t1_lza07sd","https://www.reddit.com/r/ADHD/comments/1h13wls/adhd_planner_what_works_what_doesnt/lza07sd/","/r/ADHD/comments/1h13wls/adhd_planner_what_works_what_doesnt/lza07sd/","t1_lz9g79x","comment","lz9g79x","lz8m12q","3","false","lz8m12q > lz8p04m > lz9g79x > lza07sd","87ff83f32751360b","","","false","false","","3","3","0","0","0","1732730742.0","2024-11-27T18:05:42+00:00","false","False","","false","false","true","false","It really is a personal thing! I have been using a cheap Amazon one and it helped me figure out what parts of it I liked and didn’t like. After a ton of research, I just ordered (today) a horizontal weekly plum planner for myself and I’m super stoked because it has everything I look for, so I’m the opposite of you lol. And some of the ones I found like a hobonichi would absolutely break my brain and I would fail to use it, but they’re very popular! They just wouldn’t work for me because that’s not the structure my brain likes. There’s no one size fits all adhd planner!","It really is a personal thing! I have been using a cheap Amazon one and it helped me figure out what parts of it I liked and didn’t like. After a ton of research, I just ordered (today) a horizontal weekly plum planner for myself and I’m super stoked because it has everything I…","575","111","You may want to check out the planner subreddits, they have near encyclopedic knowledge on all the planner systems out there. But honestly, it's a very personal thing. He should pick it out himself. I use my planner diligently, it never leaves my side because it's my ""external brain"" - BUT if someone were to gift me a popular planner like the Plum Planner, Midori, or something with a horizontal weekly layout... I'd hate it and never use it. And it took me a few years to figure out exactly what I want from my planner - which is different than my ADHD mothers favorite planner (she likes blank boxes with no lines or grids, that's my worst nightmare), and those are both different from my ADHD f…","What is the planner for? Just to remember school assignments?","","false","true","planner | plan | weekly","adhd","weekly","long_form_comment | mentions_feature_or_solution | mentions_pain_or_friction | mentions_planner_or_system | mentions_working_solution_or_recommendation","49","[THREAD_TITLE]
ADHD planner - what works? what doesn’t?

[THREAD_BODY]
I have a student w/ADHD who needs a planner. It's my job to get him to actually use it, but all my attempts have been pushed aside and igored. What planners have worked? I am brainstorming, so no information is off the table (well, maybe that side quest about minihorses eating crabapples). What advice, directions, examples, not-to-dos, or other anything-to-considers do you got for me in this process? Thank you :-D Edit: I've read and taken notes on all the feedback. Y'all really love to have strong feelings about planners and I don't suppose you're wrong about any of it. Thank you very much.

[ROOT_COMMENT_CONTEXT]
What is the planner for? Just to remember school assignments?

[PARENT_COMMENT_CONTEXT]
You may want to check out the planner subreddits, they have near encyclopedic knowledge on all the planner systems out there. But honestly, it's a very personal thing. He should pick it out himself. I use my planner diligently, it never leaves my side because it's my ""external brain"" - BUT if someone were to gift me a popular planner like the Plum Planner, Midori, or something with a horizontal weekly layout... I'd hate it and never use it. And it took me a few years to figure out exactly what I want from my planner - which is different than my ADHD mothers favorite planner (she likes blank boxes with no lines or grids, that's my worst nightmare), and those are both different from my ADHD f…

[CURRENT_RECORD]
It really is a personal thing! I have been using a cheap Amazon one and it helped me figure out what parts of it I liked and didn’t like. After a ton of research, I just ordered (today) a horizontal weekly plum planner for myself and I’m super stoked because it has everything I look for, so I’m the opposite of you lol. And some of the ones I found like a hobonichi would absolutely break my brain and I would fail to use it, but they’re very popular! They just wouldn’t work for me because that’s not the structure my brain likes. There’s no one size fits all adhd planner!"
"C:\Projects\Web\planner-tdah\research\reddit_data\reddit-ADHD-adhd_planner_what_works_what_doesnt.json","reddit-ADHD-adhd_planner_what_works_what_doesnt","1h13wls","t3_1h13wls","https://www.reddit.com/r/ADHD/comments/1h13wls/adhd_planner_what_works_what_doesnt/","ADHD","r/ADHD","ADHD planner - what works? what doesn’t?","I have a student w/ADHD who needs a planner. It's my job to get him to actually use it, but all my attempts have been pushed aside and igored. What planners have worked? I am brainstorming, so no information is off the table (well, maybe that side quest about minihorses eating crabapples). What advice, directions, examples, not-to-dos, or other anything-to-considers do you got for me in this process? Thank you :-D Edit: I've read and taken notes on all the feedback. Y'all really love to have strong feelings about planners and I don't suppose you're wrong about any of it. Thank you very much.","Questions/Advice","1732712933.0","2024-11-27T13:08:53+00:00","59","59","0.92","120","224e0411ccc9e1af","","reddit-ADHD-adhd_planner_what_works_what_doesnt:comment:lzaf6uh","comment","lzaf6uh","t1_lzaf6uh","https://www.reddit.com/r/ADHD/comments/1h13wls/adhd_planner_what_works_what_doesnt/lzaf6uh/","/r/ADHD/comments/1h13wls/adhd_planner_what_works_what_doesnt/lzaf6uh/","t1_lz8p04m","comment","lz8p04m","lz8m12q","2","false","lz8m12q > lz8p04m > lzaf6uh","c73b32a31c83edfa","","","false","false","","3","3","0","0","0","1732735382.0","2024-11-27T19:23:02+00:00","false","False","","false","false","true","false","If you can sit down with him and help him plan the week - I think that would help. We lack planning and prioritization skills. Help him then break down his tasks into realistic easily doable chunks. Once his brain knows he can get everything done - he will get it done. It's the initial planning and figuring out that is hard for us, and we tend to not start because it feels like a futile endeavor. Also medication. Meds help me tremendously.","If you can sit down with him and help him plan the week - I think that would help. We lack planning and prioritization skills. Help him then break down his tasks into realistic easily doable chunks. Once his brain knows he can get everything done - he will get it done. It's the…","443","83","I mean, school assignments is my boss’s reason. However, he needs something more robust. Maybe a development journal or a reward journal or …??? Is there an “engagement” journal system that just gets people to pick it up and interact?","What is the planner for? Just to remember school assignments?","","false","false","plan | planning","tasks","","mentions_pain_or_friction | mentions_planner_or_system","33","[THREAD_TITLE]
ADHD planner - what works? what doesn’t?

[THREAD_BODY]
I have a student w/ADHD who needs a planner. It's my job to get him to actually use it, but all my attempts have been pushed aside and igored. What planners have worked? I am brainstorming, so no information is off the table (well, maybe that side quest about minihorses eating crabapples). What advice, directions, examples, not-to-dos, or other anything-to-considers do you got for me in this process? Thank you :-D Edit: I've read and taken notes on all the feedback. Y'all really love to have strong feelings about planners and I don't suppose you're wrong about any of it. Thank you very much.

[ROOT_COMMENT_CONTEXT]
What is the planner for? Just to remember school assignments?

[PARENT_COMMENT_CONTEXT]
I mean, school assignments is my boss’s reason. However, he needs something more robust. Maybe a development journal or a reward journal or …??? Is there an “engagement” journal system that just gets people to pick it up and interact?

[CURRENT_RECORD]
If you can sit down with him and help him plan the week - I think that would help. We lack planning and prioritization skills. Help him then break down his tasks into realistic easily doable chunks. Once his brain knows he can get everything done - he will get it done. It's the initial planning and figuring out that is hard for us, and we tend to not start because it feels like a futile endeavor. Also medication. Meds help me tremendously."
"C:\Projects\Web\planner-tdah\research\reddit_data\reddit-ADHD-adhd_planner_what_works_what_doesnt.json","reddit-ADHD-adhd_planner_what_works_what_doesnt","1h13wls","t3_1h13wls","https://www.reddit.com/r/ADHD/comments/1h13wls/adhd_planner_what_works_what_doesnt/","ADHD","r/ADHD","ADHD planner - what works? what doesn’t?","I have a student w/ADHD who needs a planner. It's my job to get him to actually use it, but all my attempts have been pushed aside and igored. What planners have worked? I am brainstorming, so no information is off the table (well, maybe that side quest about minihorses eating crabapples). What advice, directions, examples, not-to-dos, or other anything-to-considers do you got for me in this process? Thank you :-D Edit: I've read and taken notes on all the feedback. Y'all really love to have strong feelings about planners and I don't suppose you're wrong about any of it. Thank you very much.","Questions/Advice","1732712933.0","2024-11-27T13:08:53+00:00","59","59","0.92","120","224e0411ccc9e1af","","reddit-ADHD-adhd_planner_what_works_what_doesnt:comment:lzbj9h2","comment","lzbj9h2","t1_lzbj9h2","https://www.reddit.com/r/ADHD/comments/1h13wls/adhd_planner_what_works_what_doesnt/lzbj9h2/","/r/ADHD/comments/1h13wls/adhd_planner_what_works_what_doesnt/lzbj9h2/","t1_lz8p04m","comment","lz8p04m","lz8m12q","2","false","lz8m12q > lz8p04m > lzbj9h2","ed2ebedaac05f168","","","false","false","","3","3","0","0","0","1732748261.0","2024-11-27T22:57:41+00:00","false","False","","false","false","true","false","Does your boss know anything about ADHD? This sounds like the classic ""just make a list"" solution -- just get a planner and all of his problems will be solved. No. Break down the problem. Is he turning in assignments late? Not at all? Does he forget all about them? Does he have trouble juggling multiple assignments? A calendar app is important. You can add a looseleaf binder and have each assignment in a section. Work with him gently and without judgment to figure out where he's losing track. ADHDers have already dealt with a lot of criticism, so try just asking and see what he says. Make it a game or an experiment: let's try this for a couple days and see how it feels, etc. Try watching some videos with him. How to ADHD is a good one. Giving him a planner will ultimately likely just make him feel worse about himself. He knows he's f'ing up and he doesn't know why he can't do what everyone else seems able to do. And, yes, meds help a lot. As does exercise, sleep, good nutrition.","Does your boss know anything about ADHD? This sounds like the classic ""just make a list"" solution -- just get a planner and all of his problems will be solved. No. Break down the problem. Is he turning in assignments late? Not at all? Does he forget all about them? Does he have…","993","186","I mean, school assignments is my boss’s reason. However, he needs something more robust. Maybe a development journal or a reward journal or …??? Is there an “engagement” journal system that just gets people to pick it up and interact?","What is the planner for? Just to remember school assignments?","","true","false","planner | plan | calendar | binder | app | to do","adhd | forget","binder","contains_question | forgetfulness_or_time_signal | long_form_comment | mentions_feature_or_solution | mentions_pain_or_friction | mentions_planner_or_system | printable_modular_system_signal","78","[THREAD_TITLE]
ADHD planner - what works? what doesn’t?

[THREAD_BODY]
I have a student w/ADHD who needs a planner. It's my job to get him to actually use it, but all my attempts have been pushed aside and igored. What planners have worked? I am brainstorming, so no information is off the table (well, maybe that side quest about minihorses eating crabapples). What advice, directions, examples, not-to-dos, or other anything-to-considers do you got for me in this process? Thank you :-D Edit: I've read and taken notes on all the feedback. Y'all really love to have strong feelings about planners and I don't suppose you're wrong about any of it. Thank you very much.

[ROOT_COMMENT_CONTEXT]
What is the planner for? Just to remember school assignments?

[PARENT_COMMENT_CONTEXT]
I mean, school assignments is my boss’s reason. However, he needs something more robust. Maybe a development journal or a reward journal or …??? Is there an “engagement” journal system that just gets people to pick it up and interact?

[CURRENT_RECORD]
Does your boss know anything about ADHD? This sounds like the classic ""just make a list"" solution -- just get a planner and all of his problems will be solved. No. Break down the problem. Is he turning in assignments late? Not at all? Does he forget all about them? Does he have trouble juggling multiple assignments? A calendar app is important. You can add a looseleaf binder and have each assignment in a section. Work with him gently and without judgment to figure out where he's losing track. ADHDers have already dealt with a lot of criticism, so try just asking and see what he says. Make it a game or an experiment: let's try this for a couple days and see how it feels, etc. Try watching some videos with him. How to ADHD is a good one. Giving him a planner will ultimately likely just make him feel worse about himself. He knows he's f'ing up and he doesn't know why he can't do what everyone else seems able to do. And, yes, meds help a lot. As does exercise, sleep, good nutrition."
"C:\Projects\Web\planner-tdah\research\reddit_data\reddit-ADHD-adhd_planner_what_works_what_doesnt.json","reddit-ADHD-adhd_planner_what_works_what_doesnt","1h13wls","t3_1h13wls","https://www.reddit.com/r/ADHD/comments/1h13wls/adhd_planner_what_works_what_doesnt/","ADHD","r/ADHD","ADHD planner - what works? what doesn’t?","I have a student w/ADHD who needs a planner. It's my job to get him to actually use it, but all my attempts have been pushed aside and igored. What planners have worked? I am brainstorming, so no information is off the table (well, maybe that side quest about minihorses eating crabapples). What advice, directions, examples, not-to-dos, or other anything-to-considers do you got for me in this process? Thank you :-D Edit: I've read and taken notes on all the feedback. Y'all really love to have strong feelings about planners and I don't suppose you're wrong about any of it. Thank you very much.","Questions/Advice","1732712933.0","2024-11-27T13:08:53+00:00","59","59","0.92","120","224e0411ccc9e1af","","reddit-ADHD-adhd_planner_what_works_what_doesnt:comment:lz8qkra","comment","lz8qkra","t1_lz8qkra","https://www.reddit.com/r/ADHD/comments/1h13wls/adhd_planner_what_works_what_doesnt/lz8qkra/","/r/ADHD/comments/1h13wls/adhd_planner_what_works_what_doesnt/lz8qkra/","t3_1h13wls","post","","lz8qkra","0","true","lz8qkra","6e5ec46e77e005b6","","","false","false","","4","4","0","0","0","1732715931.0","2024-11-27T13:58:51+00:00","false","False","","false","false","true","false","A journal has always worked for me. Nothing fancy or too complicated. Just a journal with blank pages, and every night I sit down to think about my schedule for the next day and plan it out. For more long term tasks use google cal and use it as a tool to help inform your student of when to schedule in tasks (for example, if there is an exam the following week, start scheduling in study blocks of 1 hr a week in advance).","A journal has always worked for me. Nothing fancy or too complicated. Just a journal with blank pages, and every night I sit down to think about my schedule for the next day and plan it out. For more long term tasks use google cal and use it as a tool to help inform your student…","423","84","","","","false","true","plan | journal | schedule","complicated | blank pages | tasks","","guilt_or_shame_signal | mentions_pain_or_friction | mentions_planner_or_system | mentions_working_solution_or_recommendation | overwhelm_or_complexity_signal","71","[THREAD_TITLE]
ADHD planner - what works? what doesn’t?

[THREAD_BODY]
I have a student w/ADHD who needs a planner. It's my job to get him to actually use it, but all my attempts have been pushed aside and igored. What planners have worked? I am brainstorming, so no information is off the table (well, maybe that side quest about minihorses eating crabapples). What advice, directions, examples, not-to-dos, or other anything-to-considers do you got for me in this process? Thank you :-D Edit: I've read and taken notes on all the feedback. Y'all really love to have strong feelings about planners and I don't suppose you're wrong about any of it. Thank you very much.

[CURRENT_RECORD]
A journal has always worked for me. Nothing fancy or too complicated. Just a journal with blank pages, and every night I sit down to think about my schedule for the next day and plan it out. For more long term tasks use google cal and use it as a tool to help inform your student of when to schedule in tasks (for example, if there is an exam the following week, start scheduling in study blocks of 1 hr a week in advance)."
"C:\Projects\Web\planner-tdah\research\reddit_data\reddit-ADHD-adhd_planner_what_works_what_doesnt.json","reddit-ADHD-adhd_planner_what_works_what_doesnt","1h13wls","t3_1h13wls","https://www.reddit.com/r/ADHD/comments/1h13wls/adhd_planner_what_works_what_doesnt/","ADHD","r/ADHD","ADHD planner - what works? what doesn’t?","I have a student w/ADHD who needs a planner. It's my job to get him to actually use it, but all my attempts have been pushed aside and igored. What planners have worked? I am brainstorming, so no information is off the table (well, maybe that side quest about minihorses eating crabapples). What advice, directions, examples, not-to-dos, or other anything-to-considers do you got for me in this process? Thank you :-D Edit: I've read and taken notes on all the feedback. Y'all really love to have strong feelings about planners and I don't suppose you're wrong about any of it. Thank you very much.","Questions/Advice","1732712933.0","2024-11-27T13:08:53+00:00","59","59","0.92","120","224e0411ccc9e1af","","reddit-ADHD-adhd_planner_what_works_what_doesnt:comment:lz90ctx","comment","lz90ctx","t1_lz90ctx","https://www.reddit.com/r/ADHD/comments/1h13wls/adhd_planner_what_works_what_doesnt/lz90ctx/","/r/ADHD/comments/1h13wls/adhd_planner_what_works_what_doesnt/lz90ctx/","t3_1h13wls","post","","lz90ctx","0","true","lz90ctx","a902adf94c117726","","","false","false","","5","5","0","0","0","1732719454.0","2024-11-27T14:57:34+00:00","false","False","","false","false","true","false","Physical planners never worked. The google calander on my phone is all I use. Way easier for me, easy to remember because I can set it to give me a notification for events and reminders","Physical planners never worked. The google calander on my phone is all I use. Way easier for me, easy to remember because I can set it to give me a notification for events and reminders","185","35","","","","false","false","planner | planners | plan","","reminder | reminders","mentions_feature_or_solution | mentions_planner_or_system","35","[THREAD_TITLE]
ADHD planner - what works? what doesn’t?

[THREAD_BODY]
I have a student w/ADHD who needs a planner. It's my job to get him to actually use it, but all my attempts have been pushed aside and igored. What planners have worked? I am brainstorming, so no information is off the table (well, maybe that side quest about minihorses eating crabapples). What advice, directions, examples, not-to-dos, or other anything-to-considers do you got for me in this process? Thank you :-D Edit: I've read and taken notes on all the feedback. Y'all really love to have strong feelings about planners and I don't suppose you're wrong about any of it. Thank you very much.

[CURRENT_RECORD]
Physical planners never worked. The google calander on my phone is all I use. Way easier for me, easy to remember because I can set it to give me a notification for events and reminders"
"C:\Projects\Web\planner-tdah\research\reddit_data\reddit-ADHD-adhd_planner_what_works_what_doesnt.json","reddit-ADHD-adhd_planner_what_works_what_doesnt","1h13wls","t3_1h13wls","https://www.reddit.com/r/ADHD/comments/1h13wls/adhd_planner_what_works_what_doesnt/","ADHD","r/ADHD","ADHD planner - what works? what doesn’t?","I have a student w/ADHD who needs a planner. It's my job to get him to actually use it, but all my attempts have been pushed aside and igored. What planners have worked? I am brainstorming, so no information is off the table (well, maybe that side quest about minihorses eating crabapples). What advice, directions, examples, not-to-dos, or other anything-to-considers do you got for me in this process? Thank you :-D Edit: I've read and taken notes on all the feedback. Y'all really love to have strong feelings about planners and I don't suppose you're wrong about any of it. Thank you very much.","Questions/Advice","1732712933.0","2024-11-27T13:08:53+00:00","59","59","0.92","120","224e0411ccc9e1af","","reddit-ADHD-adhd_planner_what_works_what_doesnt:comment:lz9ofiq","comment","lz9ofiq","t1_lz9ofiq","https://www.reddit.com/r/ADHD/comments/1h13wls/adhd_planner_what_works_what_doesnt/lz9ofiq/","/r/ADHD/comments/1h13wls/adhd_planner_what_works_what_doesnt/lz9ofiq/","t3_1h13wls","post","","lz9ofiq","0","true","lz9ofiq","a34158ba2b9098dc","","","false","false","","3","3","0","0","0","1732727112.0","2024-11-27T17:05:12+00:00","false","False","","false","false","true","false","What works well is daily medication.","What works well is daily medication.","36","6","","","","false","false","daily","","daily","mentions_feature_or_solution | mentions_planner_or_system","8","[THREAD_TITLE]
ADHD planner - what works? what doesn’t?

[THREAD_BODY]
I have a student w/ADHD who needs a planner. It's my job to get him to actually use it, but all my attempts have been pushed aside and igored. What planners have worked? I am brainstorming, so no information is off the table (well, maybe that side quest about minihorses eating crabapples). What advice, directions, examples, not-to-dos, or other anything-to-considers do you got for me in this process? Thank you :-D Edit: I've read and taken notes on all the feedback. Y'all really love to have strong feelings about planners and I don't suppose you're wrong about any of it. Thank you very much.

[CURRENT_RECORD]
What works well is daily medication."
"C:\Projects\Web\planner-tdah\research\reddit_data\reddit-ADHD-adhd_planner_what_works_what_doesnt.json","reddit-ADHD-adhd_planner_what_works_what_doesnt","1h13wls","t3_1h13wls","https://www.reddit.com/r/ADHD/comments/1h13wls/adhd_planner_what_works_what_doesnt/","ADHD","r/ADHD","ADHD planner - what works? what doesn’t?","I have a student w/ADHD who needs a planner. It's my job to get him to actually use it, but all my attempts have been pushed aside and igored. What planners have worked? I am brainstorming, so no information is off the table (well, maybe that side quest about minihorses eating crabapples). What advice, directions, examples, not-to-dos, or other anything-to-considers do you got for me in this process? Thank you :-D Edit: I've read and taken notes on all the feedback. Y'all really love to have strong feelings about planners and I don't suppose you're wrong about any of it. Thank you very much.","Questions/Advice","1732712933.0","2024-11-27T13:08:53+00:00","59","59","0.92","120","224e0411ccc9e1af","","reddit-ADHD-adhd_planner_what_works_what_doesnt:comment:lz8uihl","comment","lz8uihl","t1_lz8uihl","https://www.reddit.com/r/ADHD/comments/1h13wls/adhd_planner_what_works_what_doesnt/lz8uihl/","/r/ADHD/comments/1h13wls/adhd_planner_what_works_what_doesnt/lz8uihl/","t3_1h13wls","post","","lz8uihl","0","true","lz8uihl","8d15e7ed4fc4955c","","","false","false","","3","3","0","0","0","1732717391.0","2024-11-27T14:23:11+00:00","false","False","","false","false","true","false","You need a reward system with instant gratification. No ""fill it out the whole week and get bonus free time"" stuff. Put info in the planner, immediately get a piece of candy. Keep it simple. Just one concept at a time to build skill and habit. Start with a calendar and pick one subject where they will add new deadlines as they are assigned. Trying to add all the previously assigned stuff or all their coursework will feel overwhelming. Offer praise for entering information and understanding when it doesn't happen. The planner (for now) needs to be associated with all positives. Think video game tutorial.","You need a reward system with instant gratification. No ""fill it out the whole week and get bonus free time"" stuff. Put info in the planner, immediately get a piece of candy. Keep it simple. Just one concept at a time to build skill and habit. Start with a calendar and pick one…","610","105","","","","false","false","planner | plan | calendar | app","overwhelm | time","simple","forgetfulness_or_time_signal | long_form_comment | mentions_feature_or_solution | mentions_pain_or_friction | mentions_planner_or_system","58","[THREAD_TITLE]
ADHD planner - what works? what doesn’t?

[THREAD_BODY]
I have a student w/ADHD who needs a planner. It's my job to get him to actually use it, but all my attempts have been pushed aside and igored. What planners have worked? I am brainstorming, so no information is off the table (well, maybe that side quest about minihorses eating crabapples). What advice, directions, examples, not-to-dos, or other anything-to-considers do you got for me in this process? Thank you :-D Edit: I've read and taken notes on all the feedback. Y'all really love to have strong feelings about planners and I don't suppose you're wrong about any of it. Thank you very much.

[CURRENT_RECORD]
You need a reward system with instant gratification. No ""fill it out the whole week and get bonus free time"" stuff. Put info in the planner, immediately get a piece of candy. Keep it simple. Just one concept at a time to build skill and habit. Start with a calendar and pick one subject where they will add new deadlines as they are assigned. Trying to add all the previously assigned stuff or all their coursework will feel overwhelming. Offer praise for entering information and understanding when it doesn't happen. The planner (for now) needs to be associated with all positives. Think video game tutorial."
"C:\Projects\Web\planner-tdah\research\reddit_data\reddit-ADHD-adhd_planner_what_works_what_doesnt.json","reddit-ADHD-adhd_planner_what_works_what_doesnt","1h13wls","t3_1h13wls","https://www.reddit.com/r/ADHD/comments/1h13wls/adhd_planner_what_works_what_doesnt/","ADHD","r/ADHD","ADHD planner - what works? what doesn’t?","I have a student w/ADHD who needs a planner. It's my job to get him to actually use it, but all my attempts have been pushed aside and igored. What planners have worked? I am brainstorming, so no information is off the table (well, maybe that side quest about minihorses eating crabapples). What advice, directions, examples, not-to-dos, or other anything-to-considers do you got for me in this process? Thank you :-D Edit: I've read and taken notes on all the feedback. Y'all really love to have strong feelings about planners and I don't suppose you're wrong about any of it. Thank you very much.","Questions/Advice","1732712933.0","2024-11-27T13:08:53+00:00","59","59","0.92","120","224e0411ccc9e1af","","reddit-ADHD-adhd_planner_what_works_what_doesnt:comment:lz955k7","comment","lz955k7","t1_lz955k7","https://www.reddit.com/r/ADHD/comments/1h13wls/adhd_planner_what_works_what_doesnt/lz955k7/","/r/ADHD/comments/1h13wls/adhd_planner_what_works_what_doesnt/lz955k7/","t3_1h13wls","post","","lz955k7","0","true","lz955k7","0a50b92daef67d87","","","false","false","","3","3","0","0","0","1732721065.0","2024-11-27T15:24:25+00:00","false","False","","false","false","true","false","I have so many planners. I’ve probably bought over 50 in my 36 years alive. I used them all maybe a week TOPS. I’ve tried them all. I even bought cute pens and markers. I even had a few on my iPad with the Apple Pencil. So cute. So easy. Nope. Never use them. I know different things work for different people but the only thing that works for me is my phone calendar. Every thing I need to do is on it. I add by hand and by voice and color code them when I can. I have a reminder alarm every day at 8am to check my calendar. It’s also a widget on my home screen. My phone is in my hands all the time. It’s the only thing that’s worked for me.","I have so many planners. I’ve probably bought over 50 in my 36 years alive. I used them all maybe a week TOPS. I’ve tried them all. I even bought cute pens and markers. I even had a few on my iPad with the Apple Pencil. So cute. So easy. Nope. Never use them. I know different th…","643","135","","","","false","true","planner | planners | plan | calendar | app | to do","time","reminder | color | color code","forgetfulness_or_time_signal | long_form_comment | mentions_feature_or_solution | mentions_pain_or_friction | mentions_planner_or_system | mentions_working_solution_or_recommendation","73","[THREAD_TITLE]
ADHD planner - what works? what doesn’t?

[THREAD_BODY]
I have a student w/ADHD who needs a planner. It's my job to get him to actually use it, but all my attempts have been pushed aside and igored. What planners have worked? I am brainstorming, so no information is off the table (well, maybe that side quest about minihorses eating crabapples). What advice, directions, examples, not-to-dos, or other anything-to-considers do you got for me in this process? Thank you :-D Edit: I've read and taken notes on all the feedback. Y'all really love to have strong feelings about planners and I don't suppose you're wrong about any of it. Thank you very much.

[CURRENT_RECORD]
I have so many planners. I’ve probably bought over 50 in my 36 years alive. I used them all maybe a week TOPS. I’ve tried them all. I even bought cute pens and markers. I even had a few on my iPad with the Apple Pencil. So cute. So easy. Nope. Never use them. I know different things work for different people but the only thing that works for me is my phone calendar. Every thing I need to do is on it. I add by hand and by voice and color code them when I can. I have a reminder alarm every day at 8am to check my calendar. It’s also a widget on my home screen. My phone is in my hands all the time. It’s the only thing that’s worked for me."
"C:\Projects\Web\planner-tdah\research\reddit_data\reddit-ADHD-adhd_planner_what_works_what_doesnt.json","reddit-ADHD-adhd_planner_what_works_what_doesnt","1h13wls","t3_1h13wls","https://www.reddit.com/r/ADHD/comments/1h13wls/adhd_planner_what_works_what_doesnt/","ADHD","r/ADHD","ADHD planner - what works? what doesn’t?","I have a student w/ADHD who needs a planner. It's my job to get him to actually use it, but all my attempts have been pushed aside and igored. What planners have worked? I am brainstorming, so no information is off the table (well, maybe that side quest about minihorses eating crabapples). What advice, directions, examples, not-to-dos, or other anything-to-considers do you got for me in this process? Thank you :-D Edit: I've read and taken notes on all the feedback. Y'all really love to have strong feelings about planners and I don't suppose you're wrong about any of it. Thank you very much.","Questions/Advice","1732712933.0","2024-11-27T13:08:53+00:00","59","59","0.92","120","224e0411ccc9e1af","","reddit-ADHD-adhd_planner_what_works_what_doesnt:comment:lz99bhh","comment","lz99bhh","t1_lz99bhh","https://www.reddit.com/r/ADHD/comments/1h13wls/adhd_planner_what_works_what_doesnt/lz99bhh/","/r/ADHD/comments/1h13wls/adhd_planner_what_works_what_doesnt/lz99bhh/","t3_1h13wls","post","","lz99bhh","0","true","lz99bhh","b7d3598accec776d","","","false","false","","3","3","0","0","0","1732722407.0","2024-11-27T15:46:47+00:00","false","False","","false","false","true","false","A Bullet Journal. But I'd also look into Notion. Google Notion + ADHD for a few YouTube channels.","A Bullet Journal. But I'd also look into Notion. Google Notion + ADHD for a few YouTube channels.","97","18","","","","false","false","bullet journal | journal | notion","adhd","","mentions_pain_or_friction | mentions_planner_or_system","17","[THREAD_TITLE]
ADHD planner - what works? what doesn’t?

[THREAD_BODY]
I have a student w/ADHD who needs a planner. It's my job to get him to actually use it, but all my attempts have been pushed aside and igored. What planners have worked? I am brainstorming, so no information is off the table (well, maybe that side quest about minihorses eating crabapples). What advice, directions, examples, not-to-dos, or other anything-to-considers do you got for me in this process? Thank you :-D Edit: I've read and taken notes on all the feedback. Y'all really love to have strong feelings about planners and I don't suppose you're wrong about any of it. Thank you very much.

[CURRENT_RECORD]
A Bullet Journal. But I'd also look into Notion. Google Notion + ADHD for a few YouTube channels."
"C:\Projects\Web\planner-tdah\research\reddit_data\reddit-ADHD-adhd_planner_what_works_what_doesnt.json","reddit-ADHD-adhd_planner_what_works_what_doesnt","1h13wls","t3_1h13wls","https://www.reddit.com/r/ADHD/comments/1h13wls/adhd_planner_what_works_what_doesnt/","ADHD","r/ADHD","ADHD planner - what works? what doesn’t?","I have a student w/ADHD who needs a planner. It's my job to get him to actually use it, but all my attempts have been pushed aside and igored. What planners have worked? I am brainstorming, so no information is off the table (well, maybe that side quest about minihorses eating crabapples). What advice, directions, examples, not-to-dos, or other anything-to-considers do you got for me in this process? Thank you :-D Edit: I've read and taken notes on all the feedback. Y'all really love to have strong feelings about planners and I don't suppose you're wrong about any of it. Thank you very much.","Questions/Advice","1732712933.0","2024-11-27T13:08:53+00:00","59","59","0.92","120","224e0411ccc9e1af","","reddit-ADHD-adhd_planner_what_works_what_doesnt:comment:lz9gagz","comment","lz9gagz","t1_lz9gagz","https://www.reddit.com/r/ADHD/comments/1h13wls/adhd_planner_what_works_what_doesnt/lz9gagz/","/r/ADHD/comments/1h13wls/adhd_planner_what_works_what_doesnt/lz9gagz/","t3_1h13wls","post","","lz9gagz","0","true","lz9gagz","40b8394eee06198d","","","false","false","","3","3","0","0","0","1732724606.0","2024-11-27T16:23:26+00:00","false","False","","false","false","true","false","Bit controversial- but hope they are getting treatment. If indicated meds can make a big difference. Think - lowers difficulty / barriers.","Bit controversial- but hope they are getting treatment. If indicated meds can make a big difference. Think - lowers difficulty / barriers.","138","22","","","","false","false","","","","","10","[THREAD_TITLE]
ADHD planner - what works? what doesn’t?

[THREAD_BODY]
I have a student w/ADHD who needs a planner. It's my job to get him to actually use it, but all my attempts have been pushed aside and igored. What planners have worked? I am brainstorming, so no information is off the table (well, maybe that side quest about minihorses eating crabapples). What advice, directions, examples, not-to-dos, or other anything-to-considers do you got for me in this process? Thank you :-D Edit: I've read and taken notes on all the feedback. Y'all really love to have strong feelings about planners and I don't suppose you're wrong about any of it. Thank you very much.

[CURRENT_RECORD]
Bit controversial- but hope they are getting treatment. If indicated meds can make a big difference. Think - lowers difficulty / barriers."
"C:\Projects\Web\planner-tdah\research\reddit_data\reddit-ADHD-adhd_planner_what_works_what_doesnt.json","reddit-ADHD-adhd_planner_what_works_what_doesnt","1h13wls","t3_1h13wls","https://www.reddit.com/r/ADHD/comments/1h13wls/adhd_planner_what_works_what_doesnt/","ADHD","r/ADHD","ADHD planner - what works? what doesn’t?","I have a student w/ADHD who needs a planner. It's my job to get him to actually use it, but all my attempts have been pushed aside and igored. What planners have worked? I am brainstorming, so no information is off the table (well, maybe that side quest about minihorses eating crabapples). What advice, directions, examples, not-to-dos, or other anything-to-considers do you got for me in this process? Thank you :-D Edit: I've read and taken notes on all the feedback. Y'all really love to have strong feelings about planners and I don't suppose you're wrong about any of it. Thank you very much.","Questions/Advice","1732712933.0","2024-11-27T13:08:53+00:00","59","59","0.92","120","224e0411ccc9e1af","","reddit-ADHD-adhd_planner_what_works_what_doesnt:comment:lz9kwjw","comment","lz9kwjw","t1_lz9kwjw","https://www.reddit.com/r/ADHD/comments/1h13wls/adhd_planner_what_works_what_doesnt/lz9kwjw/","/r/ADHD/comments/1h13wls/adhd_planner_what_works_what_doesnt/lz9kwjw/","t3_1h13wls","post","","lz9kwjw","0","true","lz9kwjw","","","","false","false","","3","3","0","0","0","1732726025.0","2024-11-27T16:47:05+00:00","false","False","","false","false","true","false","Bullet journal but minus all the stuff that I don’t use. Basically, my bullet journal only has daily logs and the whole migration system. And Google calendar. I just put what I need to do on my calendar and shift them to the next day if I don’t finish them. Both works well.","Bullet journal but minus all the stuff that I don’t use. Basically, my bullet journal only has daily logs and the whole migration system. And Google calendar. I just put what I need to do on my calendar and shift them to the next day if I don’t finish them. Both works well.","274","53","","","","false","false","calendar | bullet journal | journal | to do | daily","","daily","mentions_feature_or_solution | mentions_planner_or_system","34","[THREAD_TITLE]
ADHD planner - what works? what doesn’t?

[THREAD_BODY]
I have a student w/ADHD who needs a planner. It's my job to get him to actually use it, but all my attempts have been pushed aside and igored. What planners have worked? I am brainstorming, so no information is off the table (well, maybe that side quest about minihorses eating crabapples). What advice, directions, examples, not-to-dos, or other anything-to-considers do you got for me in this process? Thank you :-D Edit: I've read and taken notes on all the feedback. Y'all really love to have strong feelings about planners and I don't suppose you're wrong about any of it. Thank you very much.

[CURRENT_RECORD]
Bullet journal but minus all the stuff that I don’t use. Basically, my bullet journal only has daily logs and the whole migration system. And Google calendar. I just put what I need to do on my calendar and shift them to the next day if I don’t finish them. Both works well."
"C:\Projects\Web\planner-tdah\research\reddit_data\reddit-ADHD-adhd_planner_what_works_what_doesnt.json","reddit-ADHD-adhd_planner_what_works_what_doesnt","1h13wls","t3_1h13wls","https://www.reddit.com/r/ADHD/comments/1h13wls/adhd_planner_what_works_what_doesnt/","ADHD","r/ADHD","ADHD planner - what works? what doesn’t?","I have a student w/ADHD who needs a planner. It's my job to get him to actually use it, but all my attempts have been pushed aside and igored. What planners have worked? I am brainstorming, so no information is off the table (well, maybe that side quest about minihorses eating crabapples). What advice, directions, examples, not-to-dos, or other anything-to-considers do you got for me in this process? Thank you :-D Edit: I've read and taken notes on all the feedback. Y'all really love to have strong feelings about planners and I don't suppose you're wrong about any of it. Thank you very much.","Questions/Advice","1732712933.0","2024-11-27T13:08:53+00:00","59","59","0.92","120","224e0411ccc9e1af","","reddit-ADHD-adhd_planner_what_works_what_doesnt:comment:lz9noo3","comment","lz9noo3","t1_lz9noo3","https://www.reddit.com/r/ADHD/comments/1h13wls/adhd_planner_what_works_what_doesnt/lz9noo3/","/r/ADHD/comments/1h13wls/adhd_planner_what_works_what_doesnt/lz9noo3/","t3_1h13wls","post","","lz9noo3","0","true","lz9noo3","cd218b81e1897b0c","","","false","false","","3","3","0","0","1","1732726880.0","2024-11-27T17:01:20+00:00","false","False","","false","false","true","false","If I had a dollar for every school planner I was forced to use as a kid and every planner I've attempted to use as an adult, all of which were used for exactly two weeks before never having another plan written in them, I'd have like... $50, and could buy a really nice planner that I'd use for 2 weeks and then never use again.","If I had a dollar for every school planner I was forced to use as a kid and every planner I've attempted to use as an adult, all of which were used for exactly two weeks before never having another plan written in them, I'd have like... $50, and could buy a really nice planner t…","328","66","","","","false","false","planner | plan","","","mentions_planner_or_system","21","[THREAD_TITLE]
ADHD planner - what works? what doesn’t?

[THREAD_BODY]
I have a student w/ADHD who needs a planner. It's my job to get him to actually use it, but all my attempts have been pushed aside and igored. What planners have worked? I am brainstorming, so no information is off the table (well, maybe that side quest about minihorses eating crabapples). What advice, directions, examples, not-to-dos, or other anything-to-considers do you got for me in this process? Thank you :-D Edit: I've read and taken notes on all the feedback. Y'all really love to have strong feelings about planners and I don't suppose you're wrong about any of it. Thank you very much.

[CURRENT_RECORD]
If I had a dollar for every school planner I was forced to use as a kid and every planner I've attempted to use as an adult, all of which were used for exactly two weeks before never having another plan written in them, I'd have like... $50, and could buy a really nice planner that I'd use for 2 weeks and then never use again."
"C:\Projects\Web\planner-tdah\research\reddit_data\reddit-ADHD-adhd_planner_what_works_what_doesnt.json","reddit-ADHD-adhd_planner_what_works_what_doesnt","1h13wls","t3_1h13wls","https://www.reddit.com/r/ADHD/comments/1h13wls/adhd_planner_what_works_what_doesnt/","ADHD","r/ADHD","ADHD planner - what works? what doesn’t?","I have a student w/ADHD who needs a planner. It's my job to get him to actually use it, but all my attempts have been pushed aside and igored. What planners have worked? I am brainstorming, so no information is off the table (well, maybe that side quest about minihorses eating crabapples). What advice, directions, examples, not-to-dos, or other anything-to-considers do you got for me in this process? Thank you :-D Edit: I've read and taken notes on all the feedback. Y'all really love to have strong feelings about planners and I don't suppose you're wrong about any of it. Thank you very much.","Questions/Advice","1732712933.0","2024-11-27T13:08:53+00:00","59","59","0.92","120","224e0411ccc9e1af","","reddit-ADHD-adhd_planner_what_works_what_doesnt:comment:lzfjhdz","comment","lzfjhdz","t1_lzfjhdz","https://www.reddit.com/r/ADHD/comments/1h13wls/adhd_planner_what_works_what_doesnt/lzfjhdz/","/r/ADHD/comments/1h13wls/adhd_planner_what_works_what_doesnt/lzfjhdz/","t1_lz9noo3","comment","lz9noo3","lz9noo3","1","false","lz9noo3 > lzfjhdz","224e0411ccc9e1af","","","true","false","","2","2","0","0","0","1732813612.0","2024-11-28T17:06:52+00:00","false","False","","false","false","true","false","lol. That's this kid, for sure.","lol. That's this kid, for sure.","31","6","If I had a dollar for every school planner I was forced to use as a kid and every planner I've attempted to use as an adult, all of which were used for exactly two weeks before never having another plan written in them, I'd have like... $50, and could buy a really nice planner that I'd use for 2 weeks and then never use again.","If I had a dollar for every school planner I was forced to use as a kid and every planner I've attempted to use as an adult, all of which were used for exactly two weeks before never having another plan written in them, I'd have like... $50, and could buy a really nice planner that I'd use for 2 weeks and then never use again.","","false","false","","","","","0","[THREAD_TITLE]
ADHD planner - what works? what doesn’t?

[THREAD_BODY]
I have a student w/ADHD who needs a planner. It's my job to get him to actually use it, but all my attempts have been pushed aside and igored. What planners have worked? I am brainstorming, so no information is off the table (well, maybe that side quest about minihorses eating crabapples). What advice, directions, examples, not-to-dos, or other anything-to-considers do you got for me in this process? Thank you :-D Edit: I've read and taken notes on all the feedback. Y'all really love to have strong feelings about planners and I don't suppose you're wrong about any of it. Thank you very much.

[PARENT_COMMENT_CONTEXT]
If I had a dollar for every school planner I was forced to use as a kid and every planner I've attempted to use as an adult, all of which were used for exactly two weeks before never having another plan written in them, I'd have like... $50, and could buy a really nice planner that I'd use for 2 weeks and then never use again.

[CURRENT_RECORD]
lol. That's this kid, for sure."
"C:\Projects\Web\planner-tdah\research\reddit_data\reddit-ADHD-adhd_planner_what_works_what_doesnt.json","reddit-ADHD-adhd_planner_what_works_what_doesnt","1h13wls","t3_1h13wls","https://www.reddit.com/r/ADHD/comments/1h13wls/adhd_planner_what_works_what_doesnt/","ADHD","r/ADHD","ADHD planner - what works? what doesn’t?","I have a student w/ADHD who needs a planner. It's my job to get him to actually use it, but all my attempts have been pushed aside and igored. What planners have worked? I am brainstorming, so no information is off the table (well, maybe that side quest about minihorses eating crabapples). What advice, directions, examples, not-to-dos, or other anything-to-considers do you got for me in this process? Thank you :-D Edit: I've read and taken notes on all the feedback. Y'all really love to have strong feelings about planners and I don't suppose you're wrong about any of it. Thank you very much.","Questions/Advice","1732712933.0","2024-11-27T13:08:53+00:00","59","59","0.92","120","224e0411ccc9e1af","","reddit-ADHD-adhd_planner_what_works_what_doesnt:comment:lz97d5l","comment","lz97d5l","t1_lz97d5l","https://www.reddit.com/r/ADHD/comments/1h13wls/adhd_planner_what_works_what_doesnt/lz97d5l/","/r/ADHD/comments/1h13wls/adhd_planner_what_works_what_doesnt/lz97d5l/","t3_1h13wls","post","","lz97d5l","0","true","lz97d5l","d9825e56a632d4bb","","ADHD-PI (Primarily Inattentive)","false","false","","2","2","0","0","0","1732721783.0","2024-11-27T15:36:23+00:00","false","False","","false","false","true","false","What works best for me is anything that has a month overview, and can permanently stay in my line of sight. This is usually a wall calendar that I literally stick where I’ll walk past it every day, and Google Calendar as well. I need every possible reminder to remember to do ANYTHING. Google Calendar “notifications” by email or push are fine in theory. They pop up on my phone to remind me a week before, a day before, and a bunch of times that day. However, I need actual ALARMS to get to where I need to be. I have to have something that is annoying and that I can snooze if absolutely necessary so that it will remind me again in a few minutes. And then I set backup alarms in case I stopped the first alarm(s) instead of snoozing them. My easiest reminders to actually get me to virtual meetings are 30 mins to let me know it’s coming up, 10 minutes to let me know it’s time to wrap up what I’m doing, and a 2-minute timer where I’m not “allowed” to turn it off or snooze it until I’m in my meeting. Time blindness is a real thing and even with tools it takes constant vigilance and is exhausting.","What works best for me is anything that has a month overview, and can permanently stay in my line of sight. This is usually a wall calendar that I literally stick where I’ll walk past it every day, and Google Calendar as well. I need every possible reminder to remember to do ANY…","1103","214","","","","false","false","calendar | to do","time","reminder | reminders | overview","forgetfulness_or_time_signal | long_form_comment | mentions_feature_or_solution | mentions_pain_or_friction | mentions_planner_or_system","63","[THREAD_TITLE]
ADHD planner - what works? what doesn’t?

[THREAD_BODY]
I have a student w/ADHD who needs a planner. It's my job to get him to actually use it, but all my attempts have been pushed aside and igored. What planners have worked? I am brainstorming, so no information is off the table (well, maybe that side quest about minihorses eating crabapples). What advice, directions, examples, not-to-dos, or other anything-to-considers do you got for me in this process? Thank you :-D Edit: I've read and taken notes on all the feedback. Y'all really love to have strong feelings about planners and I don't suppose you're wrong about any of it. Thank you very much.

[CURRENT_RECORD]
What works best for me is anything that has a month overview, and can permanently stay in my line of sight. This is usually a wall calendar that I literally stick where I’ll walk past it every day, and Google Calendar as well. I need every possible reminder to remember to do ANYTHING. Google Calendar “notifications” by email or push are fine in theory. They pop up on my phone to remind me a week before, a day before, and a bunch of times that day. However, I need actual ALARMS to get to where I need to be. I have to have something that is annoying and that I can snooze if absolutely necessary so that it will remind me again in a few minutes. And then I set backup alarms in case I stopped the first alarm(s) instead of snoozing them. My easiest reminders to actually get me to virtual meetings are 30 mins to let me know it’s coming up, 10 minutes to let me know it’s time to wrap up what I’m doing, and a 2-minute timer where I’m not “allowed” to turn it off or snooze it until I’m in my meeting. Time blindness is a real thing and even with tools it takes constant vigilance and is exhausting."
"C:\Projects\Web\planner-tdah\research\reddit_data\reddit-ADHD-adhd_planner_what_works_what_doesnt.json","reddit-ADHD-adhd_planner_what_works_what_doesnt","1h13wls","t3_1h13wls","https://www.reddit.com/r/ADHD/comments/1h13wls/adhd_planner_what_works_what_doesnt/","ADHD","r/ADHD","ADHD planner - what works? what doesn’t?","I have a student w/ADHD who needs a planner. It's my job to get him to actually use it, but all my attempts have been pushed aside and igored. What planners have worked? I am brainstorming, so no information is off the table (well, maybe that side quest about minihorses eating crabapples). What advice, directions, examples, not-to-dos, or other anything-to-considers do you got for me in this process? Thank you :-D Edit: I've read and taken notes on all the feedback. Y'all really love to have strong feelings about planners and I don't suppose you're wrong about any of it. Thank you very much.","Questions/Advice","1732712933.0","2024-11-27T13:08:53+00:00","59","59","0.92","120","224e0411ccc9e1af","","reddit-ADHD-adhd_planner_what_works_what_doesnt:comment:lz97lc1","comment","lz97lc1","t1_lz97lc1","https://www.reddit.com/r/ADHD/comments/1h13wls/adhd_planner_what_works_what_doesnt/lz97lc1/","/r/ADHD/comments/1h13wls/adhd_planner_what_works_what_doesnt/lz97lc1/","t3_1h13wls","post","","lz97lc1","0","true","lz97lc1","","","","false","false","","2","2","0","0","0","1732721857.0","2024-11-27T15:37:37+00:00","false","False","","false","false","true","false","Recently got a GIANT like four foot wide monthly dry erase board and installed it in our kitchen. Looks like we’re holding a board meeting at breakfast but It has changed my life lol Everything goes up there, helps me and my partner wade through schedules, who is cooking dinner, what we’re cooking- the grocery list for the meals are in the margin and I take a picture with my phone before I go to the store. It’s also so fun to get a bunch of different colors going. HIGHLY recommend.","Recently got a GIANT like four foot wide monthly dry erase board and installed it in our kitchen. Looks like we’re holding a board meeting at breakfast but It has changed my life lol Everything goes up there, helps me and my partner wade through schedules, who is cooking dinner,…","486","91","","","","false","true","monthly | schedule","","color | monthly | change","mentions_feature_or_solution | mentions_planner_or_system | mentions_working_solution_or_recommendation","48","[THREAD_TITLE]
ADHD planner - what works? what doesn’t?

[THREAD_BODY]
I have a student w/ADHD who needs a planner. It's my job to get him to actually use it, but all my attempts have been pushed aside and igored. What planners have worked? I am brainstorming, so no information is off the table (well, maybe that side quest about minihorses eating crabapples). What advice, directions, examples, not-to-dos, or other anything-to-considers do you got for me in this process? Thank you :-D Edit: I've read and taken notes on all the feedback. Y'all really love to have strong feelings about planners and I don't suppose you're wrong about any of it. Thank you very much.

[CURRENT_RECORD]
Recently got a GIANT like four foot wide monthly dry erase board and installed it in our kitchen. Looks like we’re holding a board meeting at breakfast but It has changed my life lol Everything goes up there, helps me and my partner wade through schedules, who is cooking dinner, what we’re cooking- the grocery list for the meals are in the margin and I take a picture with my phone before I go to the store. It’s also so fun to get a bunch of different colors going. HIGHLY recommend."
"C:\Projects\Web\planner-tdah\research\reddit_data\reddit-ADHD-adhd_planner_what_works_what_doesnt.json","reddit-ADHD-adhd_planner_what_works_what_doesnt","1h13wls","t3_1h13wls","https://www.reddit.com/r/ADHD/comments/1h13wls/adhd_planner_what_works_what_doesnt/","ADHD","r/ADHD","ADHD planner - what works? what doesn’t?","I have a student w/ADHD who needs a planner. It's my job to get him to actually use it, but all my attempts have been pushed aside and igored. What planners have worked? I am brainstorming, so no information is off the table (well, maybe that side quest about minihorses eating crabapples). What advice, directions, examples, not-to-dos, or other anything-to-considers do you got for me in this process? Thank you :-D Edit: I've read and taken notes on all the feedback. Y'all really love to have strong feelings about planners and I don't suppose you're wrong about any of it. Thank you very much.","Questions/Advice","1732712933.0","2024-11-27T13:08:53+00:00","59","59","0.92","120","224e0411ccc9e1af","","reddit-ADHD-adhd_planner_what_works_what_doesnt:comment:lz9o4ni","comment","lz9o4ni","t1_lz9o4ni","https://www.reddit.com/r/ADHD/comments/1h13wls/adhd_planner_what_works_what_doesnt/lz9o4ni/","/r/ADHD/comments/1h13wls/adhd_planner_what_works_what_doesnt/lz9o4ni/","t3_1h13wls","post","","lz9o4ni","0","true","lz9o4ni","e3978243ab4c1022","","ADHD-C (Combined type)","false","false","","2","2","0","0","0","1732727018.0","2024-11-27T17:03:38+00:00","false","False","","false","false","true","false","Bullet Journal. But do he want use it? If not it isn’t going to work. Another one I've never tried is: Anti-planner (https://youtu.be/uzdENUNDjU?si=J81aDp4Y1pbbojt) or Heroes Journal (https://youtu.be/DHM488CpT7Y?si=Ys-IWG-rRNT0R9j6)","Bullet Journal. But do he want use it? If not it isn’t going to work. Another one I've never tried is: Anti-planner (https://youtu.be/uzdENUNDjU?si=J81aDp4Y1pbbojt) or Heroes Journal (https://youtu.be/DHM488CpT7Y?si=Ys-IWG-rRNT0R9j6)","233","27","","","https://youtu.be/uzdENUNDjU?si=J81aDp4Y1pbbojt | https://youtu.be/DHM488CpT7Y?si=Ys-IWG-rRNT0R9j6","true","false","planner | plan | bullet journal | journal","","","contains_question | mentions_planner_or_system","26","[THREAD_TITLE]
ADHD planner - what works? what doesn’t?

[THREAD_BODY]
I have a student w/ADHD who needs a planner. It's my job to get him to actually use it, but all my attempts have been pushed aside and igored. What planners have worked? I am brainstorming, so no information is off the table (well, maybe that side quest about minihorses eating crabapples). What advice, directions, examples, not-to-dos, or other anything-to-considers do you got for me in this process? Thank you :-D Edit: I've read and taken notes on all the feedback. Y'all really love to have strong feelings about planners and I don't suppose you're wrong about any of it. Thank you very much.

[CURRENT_RECORD]
Bullet Journal. But do he want use it? If not it isn’t going to work. Another one I've never tried is: Anti-planner (https://youtu.be/uzdENUNDjU?si=J81aDp4Y1pbbojt) or Heroes Journal (https://youtu.be/DHM488CpT7Y?si=Ys-IWG-rRNT0R9j6)"
"C:\Projects\Web\planner-tdah\research\reddit_data\reddit-ADHD-adhd_planner_what_works_what_doesnt.json","reddit-ADHD-adhd_planner_what_works_what_doesnt","1h13wls","t3_1h13wls","https://www.reddit.com/r/ADHD/comments/1h13wls/adhd_planner_what_works_what_doesnt/","ADHD","r/ADHD","ADHD planner - what works? what doesn’t?","I have a student w/ADHD who needs a planner. It's my job to get him to actually use it, but all my attempts have been pushed aside and igored. What planners have worked? I am brainstorming, so no information is off the table (well, maybe that side quest about minihorses eating crabapples). What advice, directions, examples, not-to-dos, or other anything-to-considers do you got for me in this process? Thank you :-D Edit: I've read and taken notes on all the feedback. Y'all really love to have strong feelings about planners and I don't suppose you're wrong about any of it. Thank you very much.","Questions/Advice","1732712933.0","2024-11-27T13:08:53+00:00","59","59","0.92","120","224e0411ccc9e1af","","reddit-ADHD-adhd_planner_what_works_what_doesnt:comment:lz9oq2o","comment","lz9oq2o","t1_lz9oq2o","https://www.reddit.com/r/ADHD/comments/1h13wls/adhd_planner_what_works_what_doesnt/lz9oq2o/","/r/ADHD/comments/1h13wls/adhd_planner_what_works_what_doesnt/lz9oq2o/","t3_1h13wls","post","","lz9oq2o","0","true","lz9oq2o","33344675c5801041","","","false","false","","2","2","0","0","0","1732727204.0","2024-11-27T17:06:44+00:00","false","False","","false","false","true","false","You can lead a horse to water, but you can’t make him drink.","You can lead a horse to water, but you can’t make him drink.","60","13","","","","false","false","","","","","0","[THREAD_TITLE]
ADHD planner - what works? what doesn’t?

[THREAD_BODY]
I have a student w/ADHD who needs a planner. It's my job to get him to actually use it, but all my attempts have been pushed aside and igored. What planners have worked? I am brainstorming, so no information is off the table (well, maybe that side quest about minihorses eating crabapples). What advice, directions, examples, not-to-dos, or other anything-to-considers do you got for me in this process? Thank you :-D Edit: I've read and taken notes on all the feedback. Y'all really love to have strong feelings about planners and I don't suppose you're wrong about any of it. Thank you very much.

[CURRENT_RECORD]
You can lead a horse to water, but you can’t make him drink."
"C:\Projects\Web\planner-tdah\research\reddit_data\reddit-ADHD-adhd_planner_what_works_what_doesnt.json","reddit-ADHD-adhd_planner_what_works_what_doesnt","1h13wls","t3_1h13wls","https://www.reddit.com/r/ADHD/comments/1h13wls/adhd_planner_what_works_what_doesnt/","ADHD","r/ADHD","ADHD planner - what works? what doesn’t?","I have a student w/ADHD who needs a planner. It's my job to get him to actually use it, but all my attempts have been pushed aside and igored. What planners have worked? I am brainstorming, so no information is off the table (well, maybe that side quest about minihorses eating crabapples). What advice, directions, examples, not-to-dos, or other anything-to-considers do you got for me in this process? Thank you :-D Edit: I've read and taken notes on all the feedback. Y'all really love to have strong feelings about planners and I don't suppose you're wrong about any of it. Thank you very much.","Questions/Advice","1732712933.0","2024-11-27T13:08:53+00:00","59","59","0.92","120","224e0411ccc9e1af","","reddit-ADHD-adhd_planner_what_works_what_doesnt:comment:lz9y2cw","comment","lz9y2cw","t1_lz9y2cw","https://www.reddit.com/r/ADHD/comments/1h13wls/adhd_planner_what_works_what_doesnt/lz9y2cw/","/r/ADHD/comments/1h13wls/adhd_planner_what_works_what_doesnt/lz9y2cw/","t3_1h13wls","post","","lz9y2cw","0","true","lz9y2cw","43cbceb22441e10c","","","false","false","","2","2","0","0","0","1732730085.0","2024-11-27T17:54:45+00:00","false","False","","false","false","true","false","Those planners were the actual bane of my existence. They never clicked for me and I hated that I was always getting in trouble for not using it properly.","Those planners were the actual bane of my existence. They never clicked for me and I hated that I was always getting in trouble for not using it properly.","154","29","","","","false","false","planner | planners | plan","","","mentions_planner_or_system","22","[THREAD_TITLE]
ADHD planner - what works? what doesn’t?

[THREAD_BODY]
I have a student w/ADHD who needs a planner. It's my job to get him to actually use it, but all my attempts have been pushed aside and igored. What planners have worked? I am brainstorming, so no information is off the table (well, maybe that side quest about minihorses eating crabapples). What advice, directions, examples, not-to-dos, or other anything-to-considers do you got for me in this process? Thank you :-D Edit: I've read and taken notes on all the feedback. Y'all really love to have strong feelings about planners and I don't suppose you're wrong about any of it. Thank you very much.

[CURRENT_RECORD]
Those planners were the actual bane of my existence. They never clicked for me and I hated that I was always getting in trouble for not using it properly."
"C:\Projects\Web\planner-tdah\research\reddit_data\reddit-ADHD-adhd_planner_what_works_what_doesnt.json","reddit-ADHD-adhd_planner_what_works_what_doesnt","1h13wls","t3_1h13wls","https://www.reddit.com/r/ADHD/comments/1h13wls/adhd_planner_what_works_what_doesnt/","ADHD","r/ADHD","ADHD planner - what works? what doesn’t?","I have a student w/ADHD who needs a planner. It's my job to get him to actually use it, but all my attempts have been pushed aside and igored. What planners have worked? I am brainstorming, so no information is off the table (well, maybe that side quest about minihorses eating crabapples). What advice, directions, examples, not-to-dos, or other anything-to-considers do you got for me in this process? Thank you :-D Edit: I've read and taken notes on all the feedback. Y'all really love to have strong feelings about planners and I don't suppose you're wrong about any of it. Thank you very much.","Questions/Advice","1732712933.0","2024-11-27T13:08:53+00:00","59","59","0.92","120","224e0411ccc9e1af","","reddit-ADHD-adhd_planner_what_works_what_doesnt:comment:lzanbjk","comment","lzanbjk","t1_lzanbjk","https://www.reddit.com/r/ADHD/comments/1h13wls/adhd_planner_what_works_what_doesnt/lzanbjk/","/r/ADHD/comments/1h13wls/adhd_planner_what_works_what_doesnt/lzanbjk/","t3_1h13wls","post","","lzanbjk","0","true","lzanbjk","dff1c08d39b6dac5","","ADHD with non-ADHD partner","false","false","","2","2","0","0","0","1732737935.0","2024-11-27T20:05:35+00:00","false","False","","false","false","true","false","I cannot recommend highly enough you check out this site for ADHD planners (https://imperfectinspiration.com). I’m not affiliated with them, but I have used their products. Imperfect Inspiration planners are created for ADHD folks BY ADHD folks, so they actually get it. They have free downloads as well that you can trial with your student. I have inattentive ADHD and was late diagnosis, so I found these planners midlife and I was gobsmacked at how well they were geared for ADHD folks. I think the main thing is understanding that traditional planners are simply not made for ADHD people.","I cannot recommend highly enough you check out this site for ADHD planners (https://imperfectinspiration.com). I’m not affiliated with them, but I have used their products. Imperfect Inspiration planners are created for ADHD folks BY ADHD folks, so they actually get it. They hav…","592","98","","","https://imperfectinspiration.com","false","true","planner | planners | plan","adhd","","long_form_comment | mentions_pain_or_friction | mentions_planner_or_system | mentions_working_solution_or_recommendation","45","[THREAD_TITLE]
ADHD planner - what works? what doesn’t?

[THREAD_BODY]
I have a student w/ADHD who needs a planner. It's my job to get him to actually use it, but all my attempts have been pushed aside and igored. What planners have worked? I am brainstorming, so no information is off the table (well, maybe that side quest about minihorses eating crabapples). What advice, directions, examples, not-to-dos, or other anything-to-considers do you got for me in this process? Thank you :-D Edit: I've read and taken notes on all the feedback. Y'all really love to have strong feelings about planners and I don't suppose you're wrong about any of it. Thank you very much.

[CURRENT_RECORD]
I cannot recommend highly enough you check out this site for ADHD planners (https://imperfectinspiration.com). I’m not affiliated with them, but I have used their products. Imperfect Inspiration planners are created for ADHD folks BY ADHD folks, so they actually get it. They have free downloads as well that you can trial with your student. I have inattentive ADHD and was late diagnosis, so I found these planners midlife and I was gobsmacked at how well they were geared for ADHD folks. I think the main thing is understanding that traditional planners are simply not made for ADHD people."
"C:\Projects\Web\planner-tdah\research\reddit_data\reddit-ADHD-adhd_planner_what_works_what_doesnt.json","reddit-ADHD-adhd_planner_what_works_what_doesnt","1h13wls","t3_1h13wls","https://www.reddit.com/r/ADHD/comments/1h13wls/adhd_planner_what_works_what_doesnt/","ADHD","r/ADHD","ADHD planner - what works? what doesn’t?","I have a student w/ADHD who needs a planner. It's my job to get him to actually use it, but all my attempts have been pushed aside and igored. What planners have worked? I am brainstorming, so no information is off the table (well, maybe that side quest about minihorses eating crabapples). What advice, directions, examples, not-to-dos, or other anything-to-considers do you got for me in this process? Thank you :-D Edit: I've read and taken notes on all the feedback. Y'all really love to have strong feelings about planners and I don't suppose you're wrong about any of it. Thank you very much.","Questions/Advice","1732712933.0","2024-11-27T13:08:53+00:00","59","59","0.92","120","224e0411ccc9e1af","","reddit-ADHD-adhd_planner_what_works_what_doesnt:comment:lzaycfl","comment","lzaycfl","t1_lzaycfl","https://www.reddit.com/r/ADHD/comments/1h13wls/adhd_planner_what_works_what_doesnt/lzaycfl/","/r/ADHD/comments/1h13wls/adhd_planner_what_works_what_doesnt/lzaycfl/","t3_1h13wls","post","","lzaycfl","0","true","lzaycfl","330b5961e071a9a5","","","false","false","","2","2","0","0","0","1732741425.0","2024-11-27T21:03:45+00:00","false","False","","false","false","true","false","I didn't start doing this until grad school and I wish I thought of it sooner. On the first day of class when you get your syllabuses, make a master weekly spreadsheet with everything due including each response to a discussion post, and then print it out. I also add in a 1 week reminder prior to a big project due date. Like ""paper due next week."" I keep mine on a designated clipboard. When you do the assignment, cross it out. Every class and every assignment is organized right there and it's easy to look ahead without flipping a bunch of pages.","I didn't start doing this until grad school and I wish I thought of it sooner. On the first day of class when you get your syllabuses, make a master weekly spreadsheet with everything due including each response to a discussion post, and then print it out. I also add in a 1 week…","551","103","","","","false","false","weekly | organize","","reminder | print | weekly","long_form_comment | mentions_feature_or_solution | mentions_planner_or_system","40","[THREAD_TITLE]
ADHD planner - what works? what doesn’t?

[THREAD_BODY]
I have a student w/ADHD who needs a planner. It's my job to get him to actually use it, but all my attempts have been pushed aside and igored. What planners have worked? I am brainstorming, so no information is off the table (well, maybe that side quest about minihorses eating crabapples). What advice, directions, examples, not-to-dos, or other anything-to-considers do you got for me in this process? Thank you :-D Edit: I've read and taken notes on all the feedback. Y'all really love to have strong feelings about planners and I don't suppose you're wrong about any of it. Thank you very much.

[CURRENT_RECORD]
I didn't start doing this until grad school and I wish I thought of it sooner. On the first day of class when you get your syllabuses, make a master weekly spreadsheet with everything due including each response to a discussion post, and then print it out. I also add in a 1 week reminder prior to a big project due date. Like ""paper due next week."" I keep mine on a designated clipboard. When you do the assignment, cross it out. Every class and every assignment is organized right there and it's easy to look ahead without flipping a bunch of pages."
"C:\Projects\Web\planner-tdah\research\reddit_data\reddit-ADHD-adhd_planner_what_works_what_doesnt.json","reddit-ADHD-adhd_planner_what_works_what_doesnt","1h13wls","t3_1h13wls","https://www.reddit.com/r/ADHD/comments/1h13wls/adhd_planner_what_works_what_doesnt/","ADHD","r/ADHD","ADHD planner - what works? what doesn’t?","I have a student w/ADHD who needs a planner. It's my job to get him to actually use it, but all my attempts have been pushed aside and igored. What planners have worked? I am brainstorming, so no information is off the table (well, maybe that side quest about minihorses eating crabapples). What advice, directions, examples, not-to-dos, or other anything-to-considers do you got for me in this process? Thank you :-D Edit: I've read and taken notes on all the feedback. Y'all really love to have strong feelings about planners and I don't suppose you're wrong about any of it. Thank you very much.","Questions/Advice","1732712933.0","2024-11-27T13:08:53+00:00","59","59","0.92","120","224e0411ccc9e1af","","reddit-ADHD-adhd_planner_what_works_what_doesnt:comment:lzb0phb","comment","lzb0phb","t1_lzb0phb","https://www.reddit.com/r/ADHD/comments/1h13wls/adhd_planner_what_works_what_doesnt/lzb0phb/","/r/ADHD/comments/1h13wls/adhd_planner_what_works_what_doesnt/lzb0phb/","t3_1h13wls","post","","lzb0phb","0","true","lzb0phb","14d2bc3fac52b8f0","","","false","false","","2","2","0","0","0","1732742171.0","2024-11-27T21:16:11+00:00","false","False","","false","false","true","false","Don’t. Not your job. You can encourage the student to be responsible, but can’t make them. If you insist on helping, then try to steer them toward a bullet journal organization method. It’s an organized chaos they may adapt best to because it can quite literally be running streams of thought with an index depending on the person. For background, I tried various organization methods for the past 20+ years and this year finally found a system I could stick to. I use a modified BUJO with daily, weekly spreads, and two separate journals for all my notes. By all… I mean ALL my notes with an index at the front. Those journals serve very specific purposes and I always have them with me.","Don’t. Not your job. You can encourage the student to be responsible, but can’t make them. If you insist on helping, then try to steer them toward a bullet journal organization method. It’s an organized chaos they may adapt best to because it can quite literally be running strea…","688","124","","","","false","false","bullet journal | bujo | journal | weekly | daily | organize | organization","","notes | weekly | daily","long_form_comment | mentions_feature_or_solution | mentions_planner_or_system","52","[THREAD_TITLE]
ADHD planner - what works? what doesn’t?

[THREAD_BODY]
I have a student w/ADHD who needs a planner. It's my job to get him to actually use it, but all my attempts have been pushed aside and igored. What planners have worked? I am brainstorming, so no information is off the table (well, maybe that side quest about minihorses eating crabapples). What advice, directions, examples, not-to-dos, or other anything-to-considers do you got for me in this process? Thank you :-D Edit: I've read and taken notes on all the feedback. Y'all really love to have strong feelings about planners and I don't suppose you're wrong about any of it. Thank you very much.

[CURRENT_RECORD]
Don’t. Not your job. You can encourage the student to be responsible, but can’t make them. If you insist on helping, then try to steer them toward a bullet journal organization method. It’s an organized chaos they may adapt best to because it can quite literally be running streams of thought with an index depending on the person. For background, I tried various organization methods for the past 20+ years and this year finally found a system I could stick to. I use a modified BUJO with daily, weekly spreads, and two separate journals for all my notes. By all… I mean ALL my notes with an index at the front. Those journals serve very specific purposes and I always have them with me."
"C:\Projects\Web\planner-tdah\research\reddit_data\reddit-ADHD-adhd_planner_what_works_what_doesnt.json","reddit-ADHD-adhd_planner_what_works_what_doesnt","1h13wls","t3_1h13wls","https://www.reddit.com/r/ADHD/comments/1h13wls/adhd_planner_what_works_what_doesnt/","ADHD","r/ADHD","ADHD planner - what works? what doesn’t?","I have a student w/ADHD who needs a planner. It's my job to get him to actually use it, but all my attempts have been pushed aside and igored. What planners have worked? I am brainstorming, so no information is off the table (well, maybe that side quest about minihorses eating crabapples). What advice, directions, examples, not-to-dos, or other anything-to-considers do you got for me in this process? Thank you :-D Edit: I've read and taken notes on all the feedback. Y'all really love to have strong feelings about planners and I don't suppose you're wrong about any of it. Thank you very much.","Questions/Advice","1732712933.0","2024-11-27T13:08:53+00:00","59","59","0.92","120","224e0411ccc9e1af","","reddit-ADHD-adhd_planner_what_works_what_doesnt:comment:lzcdb2j","comment","lzcdb2j","t1_lzcdb2j","https://www.reddit.com/r/ADHD/comments/1h13wls/adhd_planner_what_works_what_doesnt/lzcdb2j/","/r/ADHD/comments/1h13wls/adhd_planner_what_works_what_doesnt/lzcdb2j/","t3_1h13wls","post","","lzcdb2j","0","true","lzcdb2j","8fe305279566790d","","","false","false","","2","2","0","0","1","1732759697.0","2024-11-28T02:08:17+00:00","false","False","","false","false","true","false","Forcing a planner on him won't work. Not saying you are doing this, but most ADHD persons I know react even worse under pressure from the outside to do stuff they know they should be doing (like using a planner to stop forgetting things). There are several smartphone apps that add a playful or a social aspect to task management, maybe something like that. In what context would he have to use that planner ? What age are we talking about ?","Forcing a planner on him won't work. Not saying you are doing this, but most ADHD persons I know react even worse under pressure from the outside to do stuff they know they should be doing (like using a planner to stop forgetting things). There are several smartphone apps that a…","441","82","","","","true","false","planner | plan | app | to do","adhd | forget","","contains_question | mentions_pain_or_friction | mentions_planner_or_system","49","[THREAD_TITLE]
ADHD planner - what works? what doesn’t?

[THREAD_BODY]
I have a student w/ADHD who needs a planner. It's my job to get him to actually use it, but all my attempts have been pushed aside and igored. What planners have worked? I am brainstorming, so no information is off the table (well, maybe that side quest about minihorses eating crabapples). What advice, directions, examples, not-to-dos, or other anything-to-considers do you got for me in this process? Thank you :-D Edit: I've read and taken notes on all the feedback. Y'all really love to have strong feelings about planners and I don't suppose you're wrong about any of it. Thank you very much.

[CURRENT_RECORD]
Forcing a planner on him won't work. Not saying you are doing this, but most ADHD persons I know react even worse under pressure from the outside to do stuff they know they should be doing (like using a planner to stop forgetting things). There are several smartphone apps that add a playful or a social aspect to task management, maybe something like that. In what context would he have to use that planner ? What age are we talking about ?"
"C:\Projects\Web\planner-tdah\research\reddit_data\reddit-ADHD-adhd_planner_what_works_what_doesnt.json","reddit-ADHD-adhd_planner_what_works_what_doesnt","1h13wls","t3_1h13wls","https://www.reddit.com/r/ADHD/comments/1h13wls/adhd_planner_what_works_what_doesnt/","ADHD","r/ADHD","ADHD planner - what works? what doesn’t?","I have a student w/ADHD who needs a planner. It's my job to get him to actually use it, but all my attempts have been pushed aside and igored. What planners have worked? I am brainstorming, so no information is off the table (well, maybe that side quest about minihorses eating crabapples). What advice, directions, examples, not-to-dos, or other anything-to-considers do you got for me in this process? Thank you :-D Edit: I've read and taken notes on all the feedback. Y'all really love to have strong feelings about planners and I don't suppose you're wrong about any of it. Thank you very much.","Questions/Advice","1732712933.0","2024-11-27T13:08:53+00:00","59","59","0.92","120","224e0411ccc9e1af","","reddit-ADHD-adhd_planner_what_works_what_doesnt:comment:lzftpbd","comment","lzftpbd","t1_lzftpbd","https://www.reddit.com/r/ADHD/comments/1h13wls/adhd_planner_what_works_what_doesnt/lzftpbd/","/r/ADHD/comments/1h13wls/adhd_planner_what_works_what_doesnt/lzftpbd/","t1_lzcdb2j","comment","lzcdb2j","lzcdb2j","1","false","lzcdb2j > lzftpbd","224e0411ccc9e1af","","","true","false","","1","1","0","0","1","1732816954.0","2024-11-28T18:02:34+00:00","false","False","","false","false","true","false","High school. The student is on the cusp of being college bound. Having an ""external brain"" so that he doesn't stress about keeping all the balls juggling at once would go a long way toward him being able to see himself handling the load of college. Based on his personality, I personally and professionally believe that he would be much happier in the sort of work that a degree (even a two year degree) can help someone find. He also has limited mobility, which limits his ability to do trade-type work. I'm getting a lot of good information about what sort of planners ADHD folks accept and hate (and hate!). I think it's funny that nobody seems to have made the types of planners that would help - unless I've missed something. I wonder if it's because the blind are leading the blind or what. Or maybe I completely misunderstand the issues being presented. It's probably more that there just is no universal solution to such an individual thing.","High school. The student is on the cusp of being college bound. Having an ""external brain"" so that he doesn't stress about keeping all the balls juggling at once would go a long way toward him being able to see himself handling the load of college. Based on his personality, I pe…","949","169","Forcing a planner on him won't work. Not saying you are doing this, but most ADHD persons I know react even worse under pressure from the outside to do stuff they know they should be doing (like using a planner to stop forgetting things). There are several smartphone apps that add a playful or a social aspect to task management, maybe something like that. In what context would he have to use that planner ? What age are we talking about ?","Forcing a planner on him won't work. Not saying you are doing this, but most ADHD persons I know react even worse under pressure from the outside to do stuff they know they should be doing (like using a planner to stop forgetting things). There are several smartphone apps that add a playful or a social aspect to task management, maybe something like that. In what context would he have to use that planner ? What age are we talking about ?","","false","false","planner | planners | plan | app | to do","adhd","","long_form_comment | mentions_pain_or_friction | mentions_planner_or_system","48","[THREAD_TITLE]
ADHD planner - what works? what doesn’t?

[THREAD_BODY]
I have a student w/ADHD who needs a planner. It's my job to get him to actually use it, but all my attempts have been pushed aside and igored. What planners have worked? I am brainstorming, so no information is off the table (well, maybe that side quest about minihorses eating crabapples). What advice, directions, examples, not-to-dos, or other anything-to-considers do you got for me in this process? Thank you :-D Edit: I've read and taken notes on all the feedback. Y'all really love to have strong feelings about planners and I don't suppose you're wrong about any of it. Thank you very much.

[PARENT_COMMENT_CONTEXT]
Forcing a planner on him won't work. Not saying you are doing this, but most ADHD persons I know react even worse under pressure from the outside to do stuff they know they should be doing (like using a planner to stop forgetting things). There are several smartphone apps that add a playful or a social aspect to task management, maybe something like that. In what context would he have to use that planner ? What age are we talking about ?

[CURRENT_RECORD]
High school. The student is on the cusp of being college bound. Having an ""external brain"" so that he doesn't stress about keeping all the balls juggling at once would go a long way toward him being able to see himself handling the load of college. Based on his personality, I personally and professionally believe that he would be much happier in the sort of work that a degree (even a two year degree) can help someone find. He also has limited mobility, which limits his ability to do trade-type work. I'm getting a lot of good information about what sort of planners ADHD folks accept and hate (and hate!). I think it's funny that nobody seems to have made the types of planners that would help - unless I've missed something. I wonder if it's because the blind are leading the blind or what. Or maybe I completely misunderstand the issues being presented. It's probably more that there just is no universal solution to such an individual thing."
"C:\Projects\Web\planner-tdah\research\reddit_data\reddit-ADHD-adhd_planner_what_works_what_doesnt.json","reddit-ADHD-adhd_planner_what_works_what_doesnt","1h13wls","t3_1h13wls","https://www.reddit.com/r/ADHD/comments/1h13wls/adhd_planner_what_works_what_doesnt/","ADHD","r/ADHD","ADHD planner - what works? what doesn’t?","I have a student w/ADHD who needs a planner. It's my job to get him to actually use it, but all my attempts have been pushed aside and igored. What planners have worked? I am brainstorming, so no information is off the table (well, maybe that side quest about minihorses eating crabapples). What advice, directions, examples, not-to-dos, or other anything-to-considers do you got for me in this process? Thank you :-D Edit: I've read and taken notes on all the feedback. Y'all really love to have strong feelings about planners and I don't suppose you're wrong about any of it. Thank you very much.","Questions/Advice","1732712933.0","2024-11-27T13:08:53+00:00","59","59","0.92","120","224e0411ccc9e1af","","reddit-ADHD-adhd_planner_what_works_what_doesnt:comment:lzh6ckb","comment","lzh6ckb","t1_lzh6ckb","https://www.reddit.com/r/ADHD/comments/1h13wls/adhd_planner_what_works_what_doesnt/lzh6ckb/","/r/ADHD/comments/1h13wls/adhd_planner_what_works_what_doesnt/lzh6ckb/","t1_lzftpbd","comment","lzftpbd","lzcdb2j","2","false","lzcdb2j > lzftpbd > lzh6ckb","8fe305279566790d","","","false","false","","1","1","0","0","0","1732833775.0","2024-11-28T22:42:55+00:00","false","False","","false","false","true","false","> It's probably more that there just is no universal solution to such an individual thing. Yeah, that is the most likely reason. While you see the common symptoms all across everyone diagnosed, the severity of every single one usually varies quite a bit and needs different strategies to overcome. In general, I'd say the less actual work he has to do to keep the planer up to date and the more interesting it is to him, the more likely he will use it successfully. I only have experience in German academia, but finishing a degree in the ""normal"" time will most likely be an incredible struggle. School is very limited and structured, so many ADHD patients do quite well there, but the more open the system is and the more self reliance and personal responsibility is needed, the harder the struggle to keep on top of things will be. He would greatly benefit from more oversight and more ""pushing"" than the usual college student. The more other people are involved, the more likely it will be that he feels immediate consequences of procastrination and that might enable him to finish tasks on time more easily. You probably already know that, but it bears repeating that this is not a sign of laziness, but a result of altered brain chemistry, much like depression this is not something that can be overcome by putting more effort into it. Medication and Therapy to learn more/better coping strategies are the only things that really help in my experience.","> It's probably more that there just is no universal solution to such an individual thing. Yeah, that is the most likely reason. While you see the common symptoms all across everyone diagnosed, the severity of every single one usually varies quite a bit and needs different strat…","1458","255","High school. The student is on the cusp of being college bound. Having an ""external brain"" so that he doesn't stress about keeping all the balls juggling at once would go a long way toward him being able to see himself handling the load of college. Based on his personality, I personally and professionally believe that he would be much happier in the sort of work that a degree (even a two year degree) can help someone find. He also has limited mobility, which limits his ability to do trade-type work. I'm getting a lot of good information about what sort of planners ADHD folks accept and hate (and hate!). I think it's funny that nobody seems to have made the types of planners that would help…","Forcing a planner on him won't work. Not saying you are doing this, but most ADHD persons I know react even worse under pressure from the outside to do stuff they know they should be doing (like using a planner to stop forgetting things). There are several smartphone apps that add a playful or a social aspect to task management, maybe something like that. In what context would he have to use that planner ? What age are we talking about ?","","false","true","plan | to do","adhd | time | tasks","","forgetfulness_or_time_signal | long_form_comment | mentions_pain_or_friction | mentions_planner_or_system | mentions_working_solution_or_recommendation","69","[THREAD_TITLE]
ADHD planner - what works? what doesn’t?

[THREAD_BODY]
I have a student w/ADHD who needs a planner. It's my job to get him to actually use it, but all my attempts have been pushed aside and igored. What planners have worked? I am brainstorming, so no information is off the table (well, maybe that side quest about minihorses eating crabapples). What advice, directions, examples, not-to-dos, or other anything-to-considers do you got for me in this process? Thank you :-D Edit: I've read and taken notes on all the feedback. Y'all really love to have strong feelings about planners and I don't suppose you're wrong about any of it. Thank you very much.

[ROOT_COMMENT_CONTEXT]
Forcing a planner on him won't work. Not saying you are doing this, but most ADHD persons I know react even worse under pressure from the outside to do stuff they know they should be doing (like using a planner to stop forgetting things). There are several smartphone apps that add a playful or a social aspect to task management, maybe something like that. In what context would he have to use that planner ? What age are we talking about ?

[PARENT_COMMENT_CONTEXT]
High school. The student is on the cusp of being college bound. Having an ""external brain"" so that he doesn't stress about keeping all the balls juggling at once would go a long way toward him being able to see himself handling the load of college. Based on his personality, I personally and professionally believe that he would be much happier in the sort of work that a degree (even a two year degree) can help someone find. He also has limited mobility, which limits his ability to do trade-type work. I'm getting a lot of good information about what sort of planners ADHD folks accept and hate (and hate!). I think it's funny that nobody seems to have made the types of planners that would help…

[CURRENT_RECORD]
> It's probably more that there just is no universal solution to such an individual thing. Yeah, that is the most likely reason. While you see the common symptoms all across everyone diagnosed, the severity of every single one usually varies quite a bit and needs different strategies to overcome. In general, I'd say the less actual work he has to do to keep the planer up to date and the more interesting it is to him, the more likely he will use it successfully. I only have experience in German academia, but finishing a degree in the ""normal"" time will most likely be an incredible struggle. School is very limited and structured, so many ADHD patients do quite well there, but the more open the system is and the more self reliance and personal responsibility is needed, the harder the struggle to keep on top of things will be. He would greatly benefit from more oversight and more ""pushing"" than the usual college student. The more other people are involved, the more likely it will be that he feels immediate consequences of procastrination and that might enable him to finish tasks on time more easily. You probably already know that, but it bears repeating that this is not a sign of laziness, but a result of altered brain chemistry, much like depression this is not something that can be overcome by putting more effort into it. Medication and Therapy to learn more/better coping strategies are the only things that really help in my experience."
"C:\Projects\Web\planner-tdah\research\reddit_data\reddit-ADHD-adhd_planner_what_works_what_doesnt.json","reddit-ADHD-adhd_planner_what_works_what_doesnt","1h13wls","t3_1h13wls","https://www.reddit.com/r/ADHD/comments/1h13wls/adhd_planner_what_works_what_doesnt/","ADHD","r/ADHD","ADHD planner - what works? what doesn’t?","I have a student w/ADHD who needs a planner. It's my job to get him to actually use it, but all my attempts have been pushed aside and igored. What planners have worked? I am brainstorming, so no information is off the table (well, maybe that side quest about minihorses eating crabapples). What advice, directions, examples, not-to-dos, or other anything-to-considers do you got for me in this process? Thank you :-D Edit: I've read and taken notes on all the feedback. Y'all really love to have strong feelings about planners and I don't suppose you're wrong about any of it. Thank you very much.","Questions/Advice","1732712933.0","2024-11-27T13:08:53+00:00","59","59","0.92","120","224e0411ccc9e1af","","reddit-ADHD-adhd_planner_what_works_what_doesnt:comment:lzde2lu","comment","lzde2lu","t1_lzde2lu","https://www.reddit.com/r/ADHD/comments/1h13wls/adhd_planner_what_works_what_doesnt/lzde2lu/","/r/ADHD/comments/1h13wls/adhd_planner_what_works_what_doesnt/lzde2lu/","t3_1h13wls","post","","lzde2lu","0","true","lzde2lu","f410fc04c8a30898","","","false","false","","2","2","0","0","1","1732776373.0","2024-11-28T06:46:13+00:00","false","False","","false","false","true","false","I have about 130 planners in my home. From cheap $2 ones to really fancy ones. None of them worked. I have tried about 20 different planning apps. None of them worked. I tried to set me reminders on my phone. If i don't do the task immediatly after the reminder popped up, it won't get done. And it will be forgotten if i don't do it immediatly or set up another reminder. So, you can try, but none of the stuff will work for more than a few month at most. There is no such thing as ""habit forming"" with ADHD either. Every task has to be initiated manually. There are no automatics. From big ones at work to small insignificant ones like brushing your teeth. Everything has to be done consciously. You need to be able to form habits to use planners to their full potential. As there are no habits in ADHD, we're shit out of luck. So don't force planners on him. They won't work and just create more frustrations.","I have about 130 planners in my home. From cheap $2 ones to really fancy ones. None of them worked. I have tried about 20 different planning apps. None of them worked. I tried to set me reminders on my phone. If i don't do the task immediatly after the reminder popped up, it won…","912","174","","","","false","false","planner | planners | plan | planning | app","adhd | forgot | forgotten","reminder | reminders","long_form_comment | mentions_feature_or_solution | mentions_pain_or_friction | mentions_planner_or_system","66","[THREAD_TITLE]
ADHD planner - what works? what doesn’t?

[THREAD_BODY]
I have a student w/ADHD who needs a planner. It's my job to get him to actually use it, but all my attempts have been pushed aside and igored. What planners have worked? I am brainstorming, so no information is off the table (well, maybe that side quest about minihorses eating crabapples). What advice, directions, examples, not-to-dos, or other anything-to-considers do you got for me in this process? Thank you :-D Edit: I've read and taken notes on all the feedback. Y'all really love to have strong feelings about planners and I don't suppose you're wrong about any of it. Thank you very much.

[CURRENT_RECORD]
I have about 130 planners in my home. From cheap $2 ones to really fancy ones. None of them worked. I have tried about 20 different planning apps. None of them worked. I tried to set me reminders on my phone. If i don't do the task immediatly after the reminder popped up, it won't get done. And it will be forgotten if i don't do it immediatly or set up another reminder. So, you can try, but none of the stuff will work for more than a few month at most. There is no such thing as ""habit forming"" with ADHD either. Every task has to be initiated manually. There are no automatics. From big ones at work to small insignificant ones like brushing your teeth. Everything has to be done consciously. You need to be able to form habits to use planners to their full potential. As there are no habits in ADHD, we're shit out of luck. So don't force planners on him. They won't work and just create more frustrations."
"C:\Projects\Web\planner-tdah\research\reddit_data\reddit-ADHD-adhd_planner_what_works_what_doesnt.json","reddit-ADHD-adhd_planner_what_works_what_doesnt","1h13wls","t3_1h13wls","https://www.reddit.com/r/ADHD/comments/1h13wls/adhd_planner_what_works_what_doesnt/","ADHD","r/ADHD","ADHD planner - what works? what doesn’t?","I have a student w/ADHD who needs a planner. It's my job to get him to actually use it, but all my attempts have been pushed aside and igored. What planners have worked? I am brainstorming, so no information is off the table (well, maybe that side quest about minihorses eating crabapples). What advice, directions, examples, not-to-dos, or other anything-to-considers do you got for me in this process? Thank you :-D Edit: I've read and taken notes on all the feedback. Y'all really love to have strong feelings about planners and I don't suppose you're wrong about any of it. Thank you very much.","Questions/Advice","1732712933.0","2024-11-27T13:08:53+00:00","59","59","0.92","120","224e0411ccc9e1af","","reddit-ADHD-adhd_planner_what_works_what_doesnt:comment:lzfumj9","comment","lzfumj9","t1_lzfumj9","https://www.reddit.com/r/ADHD/comments/1h13wls/adhd_planner_what_works_what_doesnt/lzfumj9/","/r/ADHD/comments/1h13wls/adhd_planner_what_works_what_doesnt/lzfumj9/","t1_lzde2lu","comment","lzde2lu","lzde2lu","1","false","lzde2lu > lzfumj9","224e0411ccc9e1af","","","true","false","","1","1","0","0","0","1732817261.0","2024-11-28T18:07:41+00:00","false","False","","false","false","true","false","\> There are no habits in ADHD Can you elaborate? You don't have to talk slow, but ... that's not how I think about it so maybe add detail or an example? How I think about it is that ADHD is a problem with limit setting. It's like y'all can never reply with ""no"" to a request for attention. The ""yes"" builds and builds until the ""pay attention"" signal has the volume turned up to 11 - preventing the handoff to ""focus.""","\> There are no habits in ADHD Can you elaborate? You don't have to talk slow, but ... that's not how I think about it so maybe add detail or an example? How I think about it is that ADHD is a problem with limit setting. It's like y'all can never reply with ""no"" to a request for…","419","82","I have about 130 planners in my home. From cheap $2 ones to really fancy ones. None of them worked. I have tried about 20 different planning apps. None of them worked. I tried to set me reminders on my phone. If i don't do the task immediatly after the reminder popped up, it won't get done. And it will be forgotten if i don't do it immediatly or set up another reminder. So, you can try, but none of the stuff will work for more than a few month at most. There is no such thing as ""habit forming"" with ADHD either. Every task has to be initiated manually. There are no automatics. From big ones at work to small insignificant ones like brushing your teeth. Everything has to be done consciously. Y…","I have about 130 planners in my home. From cheap $2 ones to really fancy ones. None of them worked. I have tried about 20 different planning apps. None of them worked. I tried to set me reminders on my phone. If i don't do the task immediatly after the reminder popped up, it won't get done. And it will be forgotten if i don't do it immediatly or set up another reminder. So, you can try, but none of the stuff will work for more than a few month at most. There is no such thing as ""habit forming"" with ADHD either. Every task has to be initiated manually. There are no automatics. From big ones at work to small insignificant ones like brushing your teeth. Everything has to be done consciously. Y…","","true","false","","adhd","","contains_question | mentions_pain_or_friction","25","[THREAD_TITLE]
ADHD planner - what works? what doesn’t?

[THREAD_BODY]
I have a student w/ADHD who needs a planner. It's my job to get him to actually use it, but all my attempts have been pushed aside and igored. What planners have worked? I am brainstorming, so no information is off the table (well, maybe that side quest about minihorses eating crabapples). What advice, directions, examples, not-to-dos, or other anything-to-considers do you got for me in this process? Thank you :-D Edit: I've read and taken notes on all the feedback. Y'all really love to have strong feelings about planners and I don't suppose you're wrong about any of it. Thank you very much.

[PARENT_COMMENT_CONTEXT]
I have about 130 planners in my home. From cheap $2 ones to really fancy ones. None of them worked. I have tried about 20 different planning apps. None of them worked. I tried to set me reminders on my phone. If i don't do the task immediatly after the reminder popped up, it won't get done. And it will be forgotten if i don't do it immediatly or set up another reminder. So, you can try, but none of the stuff will work for more than a few month at most. There is no such thing as ""habit forming"" with ADHD either. Every task has to be initiated manually. There are no automatics. From big ones at work to small insignificant ones like brushing your teeth. Everything has to be done consciously. Y…

[CURRENT_RECORD]
\> There are no habits in ADHD Can you elaborate? You don't have to talk slow, but ... that's not how I think about it so maybe add detail or an example? How I think about it is that ADHD is a problem with limit setting. It's like y'all can never reply with ""no"" to a request for attention. The ""yes"" builds and builds until the ""pay attention"" signal has the volume turned up to 11 - preventing the handoff to ""focus."""
"C:\Projects\Web\planner-tdah\research\reddit_data\reddit-ADHD-adhd_planner_what_works_what_doesnt.json","reddit-ADHD-adhd_planner_what_works_what_doesnt","1h13wls","t3_1h13wls","https://www.reddit.com/r/ADHD/comments/1h13wls/adhd_planner_what_works_what_doesnt/","ADHD","r/ADHD","ADHD planner - what works? what doesn’t?","I have a student w/ADHD who needs a planner. It's my job to get him to actually use it, but all my attempts have been pushed aside and igored. What planners have worked? I am brainstorming, so no information is off the table (well, maybe that side quest about minihorses eating crabapples). What advice, directions, examples, not-to-dos, or other anything-to-considers do you got for me in this process? Thank you :-D Edit: I've read and taken notes on all the feedback. Y'all really love to have strong feelings about planners and I don't suppose you're wrong about any of it. Thank you very much.","Questions/Advice","1732712933.0","2024-11-27T13:08:53+00:00","59","59","0.92","120","224e0411ccc9e1af","","reddit-ADHD-adhd_planner_what_works_what_doesnt:comment:lz8ug2f","comment","lz8ug2f","t1_lz8ug2f","https://www.reddit.com/r/ADHD/comments/1h13wls/adhd_planner_what_works_what_doesnt/lz8ug2f/","/r/ADHD/comments/1h13wls/adhd_planner_what_works_what_doesnt/lz8ug2f/","t3_1h13wls","post","","lz8ug2f","0","true","lz8ug2f","5371d58528c95941","","","false","false","","1","1","0","0","0","1732717366.0","2024-11-27T14:22:46+00:00","false","False","","false","false","true","false","Do NOT over-manage your task list! It was an easy trap I fell into.","Do NOT over-manage your task list! It was an easy trap I fell into.","67","14","","","","false","false","","","","","0","[THREAD_TITLE]
ADHD planner - what works? what doesn’t?

[THREAD_BODY]
I have a student w/ADHD who needs a planner. It's my job to get him to actually use it, but all my attempts have been pushed aside and igored. What planners have worked? I am brainstorming, so no information is off the table (well, maybe that side quest about minihorses eating crabapples). What advice, directions, examples, not-to-dos, or other anything-to-considers do you got for me in this process? Thank you :-D Edit: I've read and taken notes on all the feedback. Y'all really love to have strong feelings about planners and I don't suppose you're wrong about any of it. Thank you very much.

[CURRENT_RECORD]
Do NOT over-manage your task list! It was an easy trap I fell into."
"C:\Projects\Web\planner-tdah\research\reddit_data\reddit-ADHD-adhd_planner_what_works_what_doesnt.json","reddit-ADHD-adhd_planner_what_works_what_doesnt","1h13wls","t3_1h13wls","https://www.reddit.com/r/ADHD/comments/1h13wls/adhd_planner_what_works_what_doesnt/","ADHD","r/ADHD","ADHD planner - what works? what doesn’t?","I have a student w/ADHD who needs a planner. It's my job to get him to actually use it, but all my attempts have been pushed aside and igored. What planners have worked? I am brainstorming, so no information is off the table (well, maybe that side quest about minihorses eating crabapples). What advice, directions, examples, not-to-dos, or other anything-to-considers do you got for me in this process? Thank you :-D Edit: I've read and taken notes on all the feedback. Y'all really love to have strong feelings about planners and I don't suppose you're wrong about any of it. Thank you very much.","Questions/Advice","1732712933.0","2024-11-27T13:08:53+00:00","59","59","0.92","120","224e0411ccc9e1af","","reddit-ADHD-adhd_planner_what_works_what_doesnt:comment:lz986ma","comment","lz986ma","t1_lz986ma","https://www.reddit.com/r/ADHD/comments/1h13wls/adhd_planner_what_works_what_doesnt/lz986ma/","/r/ADHD/comments/1h13wls/adhd_planner_what_works_what_doesnt/lz986ma/","t3_1h13wls","post","","lz986ma","0","true","lz986ma","d2795c050b1d9833","","","false","false","","1","1","0","0","0","1732722047.0","2024-11-27T15:40:47+00:00","false","False","","false","false","true","false","Spiral bound so it can be left open on the current page! Seriously, just opening a planner and finding the page can be a hurdle toward using it","Spiral bound so it can be left open on the current page! Seriously, just opening a planner and finding the page can be a hurdle toward using it","143","28","","","","false","false","planner | plan","","","mentions_planner_or_system","18","[THREAD_TITLE]
ADHD planner - what works? what doesn’t?

[THREAD_BODY]
I have a student w/ADHD who needs a planner. It's my job to get him to actually use it, but all my attempts have been pushed aside and igored. What planners have worked? I am brainstorming, so no information is off the table (well, maybe that side quest about minihorses eating crabapples). What advice, directions, examples, not-to-dos, or other anything-to-considers do you got for me in this process? Thank you :-D Edit: I've read and taken notes on all the feedback. Y'all really love to have strong feelings about planners and I don't suppose you're wrong about any of it. Thank you very much.

[CURRENT_RECORD]
Spiral bound so it can be left open on the current page! Seriously, just opening a planner and finding the page can be a hurdle toward using it"
"C:\Projects\Web\planner-tdah\research\reddit_data\reddit-ADHD-adhd_planner_what_works_what_doesnt.json","reddit-ADHD-adhd_planner_what_works_what_doesnt","1h13wls","t3_1h13wls","https://www.reddit.com/r/ADHD/comments/1h13wls/adhd_planner_what_works_what_doesnt/","ADHD","r/ADHD","ADHD planner - what works? what doesn’t?","I have a student w/ADHD who needs a planner. It's my job to get him to actually use it, but all my attempts have been pushed aside and igored. What planners have worked? I am brainstorming, so no information is off the table (well, maybe that side quest about minihorses eating crabapples). What advice, directions, examples, not-to-dos, or other anything-to-considers do you got for me in this process? Thank you :-D Edit: I've read and taken notes on all the feedback. Y'all really love to have strong feelings about planners and I don't suppose you're wrong about any of it. Thank you very much.","Questions/Advice","1732712933.0","2024-11-27T13:08:53+00:00","59","59","0.92","120","224e0411ccc9e1af","","reddit-ADHD-adhd_planner_what_works_what_doesnt:comment:lz98tmv","comment","lz98tmv","t1_lz98tmv","https://www.reddit.com/r/ADHD/comments/1h13wls/adhd_planner_what_works_what_doesnt/lz98tmv/","/r/ADHD/comments/1h13wls/adhd_planner_what_works_what_doesnt/lz98tmv/","t3_1h13wls","post","","lz98tmv","0","true","lz98tmv","28da1bf1f55c3c68","","","false","false","","1","1","0","0","1","1732722251.0","2024-11-27T15:44:11+00:00","false","False","","false","false","true","false","The only way that gets me close to using anything like a planner is if it’s electronic so available on my phone because it’s like the one thing that I’m pretty much have on me all the time and then gamify me interacting with it","The only way that gets me close to using anything like a planner is if it’s electronic so available on my phone because it’s like the one thing that I’m pretty much have on me all the time and then gamify me interacting with it","227","45","","","","false","false","planner | plan","time","","forgetfulness_or_time_signal | mentions_pain_or_friction | mentions_planner_or_system","34","[THREAD_TITLE]
ADHD planner - what works? what doesn’t?

[THREAD_BODY]
I have a student w/ADHD who needs a planner. It's my job to get him to actually use it, but all my attempts have been pushed aside and igored. What planners have worked? I am brainstorming, so no information is off the table (well, maybe that side quest about minihorses eating crabapples). What advice, directions, examples, not-to-dos, or other anything-to-considers do you got for me in this process? Thank you :-D Edit: I've read and taken notes on all the feedback. Y'all really love to have strong feelings about planners and I don't suppose you're wrong about any of it. Thank you very much.

[CURRENT_RECORD]
The only way that gets me close to using anything like a planner is if it’s electronic so available on my phone because it’s like the one thing that I’m pretty much have on me all the time and then gamify me interacting with it"
"C:\Projects\Web\planner-tdah\research\reddit_data\reddit-ADHD-adhd_planner_what_works_what_doesnt.json","reddit-ADHD-adhd_planner_what_works_what_doesnt","1h13wls","t3_1h13wls","https://www.reddit.com/r/ADHD/comments/1h13wls/adhd_planner_what_works_what_doesnt/","ADHD","r/ADHD","ADHD planner - what works? what doesn’t?","I have a student w/ADHD who needs a planner. It's my job to get him to actually use it, but all my attempts have been pushed aside and igored. What planners have worked? I am brainstorming, so no information is off the table (well, maybe that side quest about minihorses eating crabapples). What advice, directions, examples, not-to-dos, or other anything-to-considers do you got for me in this process? Thank you :-D Edit: I've read and taken notes on all the feedback. Y'all really love to have strong feelings about planners and I don't suppose you're wrong about any of it. Thank you very much.","Questions/Advice","1732712933.0","2024-11-27T13:08:53+00:00","59","59","0.92","120","224e0411ccc9e1af","","reddit-ADHD-adhd_planner_what_works_what_doesnt:comment:lzfv2e7","comment","lzfv2e7","t1_lzfv2e7","https://www.reddit.com/r/ADHD/comments/1h13wls/adhd_planner_what_works_what_doesnt/lzfv2e7/","/r/ADHD/comments/1h13wls/adhd_planner_what_works_what_doesnt/lzfv2e7/","t1_lz98tmv","comment","lz98tmv","lz98tmv","1","false","lz98tmv > lzfv2e7","224e0411ccc9e1af","","","true","false","","1","1","0","0","1","1732817404.0","2024-11-28T18:10:04+00:00","false","False","","false","false","true","false","What is a good example of a gamified electronic planner?","What is a good example of a gamified electronic planner?","56","10","The only way that gets me close to using anything like a planner is if it’s electronic so available on my phone because it’s like the one thing that I’m pretty much have on me all the time and then gamify me interacting with it","The only way that gets me close to using anything like a planner is if it’s electronic so available on my phone because it’s like the one thing that I’m pretty much have on me all the time and then gamify me interacting with it","","true","false","planner | plan","","","contains_question | mentions_planner_or_system","11","[THREAD_TITLE]
ADHD planner - what works? what doesn’t?

[THREAD_BODY]
I have a student w/ADHD who needs a planner. It's my job to get him to actually use it, but all my attempts have been pushed aside and igored. What planners have worked? I am brainstorming, so no information is off the table (well, maybe that side quest about minihorses eating crabapples). What advice, directions, examples, not-to-dos, or other anything-to-considers do you got for me in this process? Thank you :-D Edit: I've read and taken notes on all the feedback. Y'all really love to have strong feelings about planners and I don't suppose you're wrong about any of it. Thank you very much.

[PARENT_COMMENT_CONTEXT]
The only way that gets me close to using anything like a planner is if it’s electronic so available on my phone because it’s like the one thing that I’m pretty much have on me all the time and then gamify me interacting with it

[CURRENT_RECORD]
What is a good example of a gamified electronic planner?"
"C:\Projects\Web\planner-tdah\research\reddit_data\reddit-ADHD-adhd_planner_what_works_what_doesnt.json","reddit-ADHD-adhd_planner_what_works_what_doesnt","1h13wls","t3_1h13wls","https://www.reddit.com/r/ADHD/comments/1h13wls/adhd_planner_what_works_what_doesnt/","ADHD","r/ADHD","ADHD planner - what works? what doesn’t?","I have a student w/ADHD who needs a planner. It's my job to get him to actually use it, but all my attempts have been pushed aside and igored. What planners have worked? I am brainstorming, so no information is off the table (well, maybe that side quest about minihorses eating crabapples). What advice, directions, examples, not-to-dos, or other anything-to-considers do you got for me in this process? Thank you :-D Edit: I've read and taken notes on all the feedback. Y'all really love to have strong feelings about planners and I don't suppose you're wrong about any of it. Thank you very much.","Questions/Advice","1732712933.0","2024-11-27T13:08:53+00:00","59","59","0.92","120","224e0411ccc9e1af","","reddit-ADHD-adhd_planner_what_works_what_doesnt:comment:lzgn41s","comment","lzgn41s","t1_lzgn41s","https://www.reddit.com/r/ADHD/comments/1h13wls/adhd_planner_what_works_what_doesnt/lzgn41s/","/r/ADHD/comments/1h13wls/adhd_planner_what_works_what_doesnt/lzgn41s/","t1_lzfv2e7","comment","lzfv2e7","lz98tmv","2","false","lz98tmv > lzfv2e7 > lzgn41s","28da1bf1f55c3c68","","","false","false","","1","1","0","0","0","1732826854.0","2024-11-28T20:47:34+00:00","false","False","","false","false","true","false","I haven’t found one yet, but for ADHD peeps, million dollar idea","I haven’t found one yet, but for ADHD peeps, million dollar idea","64","12","What is a good example of a gamified electronic planner?","The only way that gets me close to using anything like a planner is if it’s electronic so available on my phone because it’s like the one thing that I’m pretty much have on me all the time and then gamify me interacting with it","","false","false","","adhd","","mentions_pain_or_friction","5","[THREAD_TITLE]
ADHD planner - what works? what doesn’t?

[THREAD_BODY]
I have a student w/ADHD who needs a planner. It's my job to get him to actually use it, but all my attempts have been pushed aside and igored. What planners have worked? I am brainstorming, so no information is off the table (well, maybe that side quest about minihorses eating crabapples). What advice, directions, examples, not-to-dos, or other anything-to-considers do you got for me in this process? Thank you :-D Edit: I've read and taken notes on all the feedback. Y'all really love to have strong feelings about planners and I don't suppose you're wrong about any of it. Thank you very much.

[ROOT_COMMENT_CONTEXT]
The only way that gets me close to using anything like a planner is if it’s electronic so available on my phone because it’s like the one thing that I’m pretty much have on me all the time and then gamify me interacting with it

[PARENT_COMMENT_CONTEXT]
What is a good example of a gamified electronic planner?

[CURRENT_RECORD]
I haven’t found one yet, but for ADHD peeps, million dollar idea"
"C:\Projects\Web\planner-tdah\research\reddit_data\reddit-ADHD-adhd_planner_what_works_what_doesnt.json","reddit-ADHD-adhd_planner_what_works_what_doesnt","1h13wls","t3_1h13wls","https://www.reddit.com/r/ADHD/comments/1h13wls/adhd_planner_what_works_what_doesnt/","ADHD","r/ADHD","ADHD planner - what works? what doesn’t?","I have a student w/ADHD who needs a planner. It's my job to get him to actually use it, but all my attempts have been pushed aside and igored. What planners have worked? I am brainstorming, so no information is off the table (well, maybe that side quest about minihorses eating crabapples). What advice, directions, examples, not-to-dos, or other anything-to-considers do you got for me in this process? Thank you :-D Edit: I've read and taken notes on all the feedback. Y'all really love to have strong feelings about planners and I don't suppose you're wrong about any of it. Thank you very much.","Questions/Advice","1732712933.0","2024-11-27T13:08:53+00:00","59","59","0.92","120","224e0411ccc9e1af","","reddit-ADHD-adhd_planner_what_works_what_doesnt:comment:lz9gi0z","comment","lz9gi0z","t1_lz9gi0z","https://www.reddit.com/r/ADHD/comments/1h13wls/adhd_planner_what_works_what_doesnt/lz9gi0z/","/r/ADHD/comments/1h13wls/adhd_planner_what_works_what_doesnt/lz9gi0z/","t3_1h13wls","post","","lz9gi0z","0","true","lz9gi0z","40b8394eee06198d","","","false","false","","1","1","0","0","0","1732724669.0","2024-11-27T16:24:29+00:00","false","False","","false","false","true","false","I lose my planners/ calendars.","I lose my planners/ calendars.","30","5","","","","false","false","planner | planners | plan | calendar | calendars","","","mentions_planner_or_system","20","[THREAD_TITLE]
ADHD planner - what works? what doesn’t?

[THREAD_BODY]
I have a student w/ADHD who needs a planner. It's my job to get him to actually use it, but all my attempts have been pushed aside and igored. What planners have worked? I am brainstorming, so no information is off the table (well, maybe that side quest about minihorses eating crabapples). What advice, directions, examples, not-to-dos, or other anything-to-considers do you got for me in this process? Thank you :-D Edit: I've read and taken notes on all the feedback. Y'all really love to have strong feelings about planners and I don't suppose you're wrong about any of it. Thank you very much.

[CURRENT_RECORD]
I lose my planners/ calendars."
"C:\Projects\Web\planner-tdah\research\reddit_data\reddit-ADHD-adhd_planner_what_works_what_doesnt.json","reddit-ADHD-adhd_planner_what_works_what_doesnt","1h13wls","t3_1h13wls","https://www.reddit.com/r/ADHD/comments/1h13wls/adhd_planner_what_works_what_doesnt/","ADHD","r/ADHD","ADHD planner - what works? what doesn’t?","I have a student w/ADHD who needs a planner. It's my job to get him to actually use it, but all my attempts have been pushed aside and igored. What planners have worked? I am brainstorming, so no information is off the table (well, maybe that side quest about minihorses eating crabapples). What advice, directions, examples, not-to-dos, or other anything-to-considers do you got for me in this process? Thank you :-D Edit: I've read and taken notes on all the feedback. Y'all really love to have strong feelings about planners and I don't suppose you're wrong about any of it. Thank you very much.","Questions/Advice","1732712933.0","2024-11-27T13:08:53+00:00","59","59","0.92","120","224e0411ccc9e1af","","reddit-ADHD-adhd_planner_what_works_what_doesnt:comment:lz9i37s","comment","lz9i37s","t1_lz9i37s","https://www.reddit.com/r/ADHD/comments/1h13wls/adhd_planner_what_works_what_doesnt/lz9i37s/","/r/ADHD/comments/1h13wls/adhd_planner_what_works_what_doesnt/lz9i37s/","t3_1h13wls","post","","lz9i37s","0","true","lz9i37s","","","","false","false","","1","1","0","0","1","1732725159.0","2024-11-27T16:32:39+00:00","false","False","","true","false","true","false","[excluído]","[excluído]","10","1","","","","false","false","","","","","3","[THREAD_TITLE]
ADHD planner - what works? what doesn’t?

[THREAD_BODY]
I have a student w/ADHD who needs a planner. It's my job to get him to actually use it, but all my attempts have been pushed aside and igored. What planners have worked? I am brainstorming, so no information is off the table (well, maybe that side quest about minihorses eating crabapples). What advice, directions, examples, not-to-dos, or other anything-to-considers do you got for me in this process? Thank you :-D Edit: I've read and taken notes on all the feedback. Y'all really love to have strong feelings about planners and I don't suppose you're wrong about any of it. Thank you very much.

[CURRENT_RECORD]
[excluído]"
"C:\Projects\Web\planner-tdah\research\reddit_data\reddit-ADHD-adhd_planner_what_works_what_doesnt.json","reddit-ADHD-adhd_planner_what_works_what_doesnt","1h13wls","t3_1h13wls","https://www.reddit.com/r/ADHD/comments/1h13wls/adhd_planner_what_works_what_doesnt/","ADHD","r/ADHD","ADHD planner - what works? what doesn’t?","I have a student w/ADHD who needs a planner. It's my job to get him to actually use it, but all my attempts have been pushed aside and igored. What planners have worked? I am brainstorming, so no information is off the table (well, maybe that side quest about minihorses eating crabapples). What advice, directions, examples, not-to-dos, or other anything-to-considers do you got for me in this process? Thank you :-D Edit: I've read and taken notes on all the feedback. Y'all really love to have strong feelings about planners and I don't suppose you're wrong about any of it. Thank you very much.","Questions/Advice","1732712933.0","2024-11-27T13:08:53+00:00","59","59","0.92","120","224e0411ccc9e1af","","reddit-ADHD-adhd_planner_what_works_what_doesnt:comment:lzfvazk","comment","lzfvazk","t1_lzfvazk","https://www.reddit.com/r/ADHD/comments/1h13wls/adhd_planner_what_works_what_doesnt/lzfvazk/","/r/ADHD/comments/1h13wls/adhd_planner_what_works_what_doesnt/lzfvazk/","t1_lz9i37s","comment","lz9i37s","lz9i37s","1","false","lz9i37s > lzfvazk","224e0411ccc9e1af","","","true","false","","1","1","0","0","0","1732817482.0","2024-11-28T18:11:22+00:00","false","False","","false","false","true","false","remindme!3days","remindme!3days","14","1","[excluído]","[excluído]","","false","false","","","","","0","[THREAD_TITLE]
ADHD planner - what works? what doesn’t?

[THREAD_BODY]
I have a student w/ADHD who needs a planner. It's my job to get him to actually use it, but all my attempts have been pushed aside and igored. What planners have worked? I am brainstorming, so no information is off the table (well, maybe that side quest about minihorses eating crabapples). What advice, directions, examples, not-to-dos, or other anything-to-considers do you got for me in this process? Thank you :-D Edit: I've read and taken notes on all the feedback. Y'all really love to have strong feelings about planners and I don't suppose you're wrong about any of it. Thank you very much.

[PARENT_COMMENT_CONTEXT]
[excluído]

[CURRENT_RECORD]
remindme!3days"
"C:\Projects\Web\planner-tdah\research\reddit_data\reddit-ADHD-adhd_planner_what_works_what_doesnt.json","reddit-ADHD-adhd_planner_what_works_what_doesnt","1h13wls","t3_1h13wls","https://www.reddit.com/r/ADHD/comments/1h13wls/adhd_planner_what_works_what_doesnt/","ADHD","r/ADHD","ADHD planner - what works? what doesn’t?","I have a student w/ADHD who needs a planner. It's my job to get him to actually use it, but all my attempts have been pushed aside and igored. What planners have worked? I am brainstorming, so no information is off the table (well, maybe that side quest about minihorses eating crabapples). What advice, directions, examples, not-to-dos, or other anything-to-considers do you got for me in this process? Thank you :-D Edit: I've read and taken notes on all the feedback. Y'all really love to have strong feelings about planners and I don't suppose you're wrong about any of it. Thank you very much.","Questions/Advice","1732712933.0","2024-11-27T13:08:53+00:00","59","59","0.92","120","224e0411ccc9e1af","","reddit-ADHD-adhd_planner_what_works_what_doesnt:comment:lz9leau","comment","lz9leau","t1_lz9leau","https://www.reddit.com/r/ADHD/comments/1h13wls/adhd_planner_what_works_what_doesnt/lz9leau/","/r/ADHD/comments/1h13wls/adhd_planner_what_works_what_doesnt/lz9leau/","t3_1h13wls","post","","lz9leau","0","true","lz9leau","620043a1341885a7","","","false","false","","1","1","0","0","0","1732726174.0","2024-11-27T16:49:34+00:00","false","False","","false","false","true","false","Traditional planner is no good. But I had some success for a while with a slim, palm sized notebook I could fit in my pocket with a small pen. Planners usually are too big and having everything split by day feels restrictive when my brain doesn’t really work like that. It’s sometimes hard to know WHERE to write my thought down in a planner. Soooo I’ll write whatever in the little notebook when it comes up and if it’s a date or deadline I’ll transfer it to a calendar app later (which even still I never always do)","Traditional planner is no good. But I had some success for a while with a slim, palm sized notebook I could fit in my pocket with a small pen. Planners usually are too big and having everything split by day feels restrictive when my brain doesn’t really work like that. It’s some…","517","98","","","","false","false","planner | planners | plan | calendar | app","time","","long_form_comment | mentions_pain_or_friction | mentions_planner_or_system","45","[THREAD_TITLE]
ADHD planner - what works? what doesn’t?

[THREAD_BODY]
I have a student w/ADHD who needs a planner. It's my job to get him to actually use it, but all my attempts have been pushed aside and igored. What planners have worked? I am brainstorming, so no information is off the table (well, maybe that side quest about minihorses eating crabapples). What advice, directions, examples, not-to-dos, or other anything-to-considers do you got for me in this process? Thank you :-D Edit: I've read and taken notes on all the feedback. Y'all really love to have strong feelings about planners and I don't suppose you're wrong about any of it. Thank you very much.

[CURRENT_RECORD]
Traditional planner is no good. But I had some success for a while with a slim, palm sized notebook I could fit in my pocket with a small pen. Planners usually are too big and having everything split by day feels restrictive when my brain doesn’t really work like that. It’s sometimes hard to know WHERE to write my thought down in a planner. Soooo I’ll write whatever in the little notebook when it comes up and if it’s a date or deadline I’ll transfer it to a calendar app later (which even still I never always do)"
"C:\Projects\Web\planner-tdah\research\reddit_data\reddit-ADHD-adhd_planner_what_works_what_doesnt.json","reddit-ADHD-adhd_planner_what_works_what_doesnt","1h13wls","t3_1h13wls","https://www.reddit.com/r/ADHD/comments/1h13wls/adhd_planner_what_works_what_doesnt/","ADHD","r/ADHD","ADHD planner - what works? what doesn’t?","I have a student w/ADHD who needs a planner. It's my job to get him to actually use it, but all my attempts have been pushed aside and igored. What planners have worked? I am brainstorming, so no information is off the table (well, maybe that side quest about minihorses eating crabapples). What advice, directions, examples, not-to-dos, or other anything-to-considers do you got for me in this process? Thank you :-D Edit: I've read and taken notes on all the feedback. Y'all really love to have strong feelings about planners and I don't suppose you're wrong about any of it. Thank you very much.","Questions/Advice","1732712933.0","2024-11-27T13:08:53+00:00","59","59","0.92","120","224e0411ccc9e1af","","reddit-ADHD-adhd_planner_what_works_what_doesnt:comment:lz9p71n","comment","lz9p71n","t1_lz9p71n","https://www.reddit.com/r/ADHD/comments/1h13wls/adhd_planner_what_works_what_doesnt/lz9p71n/","/r/ADHD/comments/1h13wls/adhd_planner_what_works_what_doesnt/lz9p71n/","t3_1h13wls","post","","lz9p71n","0","true","lz9p71n","3a392669fc581b0d","","","false","false","","1","1","0","0","0","1732727349.0","2024-11-27T17:09:09+00:00","false","False","","true","false","true","false","The only thing that works is a big fat wall calender with all the months and days of the year on it where you can note important dates and deadlines into, so i don‘t forget them. This is what I call my strategic calender. It‘s simple, reliable and can be used without computer. And it‘s in my face and can’t be put away. For small weekly planning I use a digital calendar that can be more detailed. That’s what I call my tactical calendar","The only thing that works is a big fat wall calender with all the months and days of the year on it where you can note important dates and deadlines into, so i don‘t forget them. This is what I call my strategic calender. It‘s simple, reliable and can be used without computer. A…","438","84","","","","false","false","plan | planning | calendar | weekly","forget","simple | weekly","forgetfulness_or_time_signal | mentions_feature_or_solution | mentions_pain_or_friction | mentions_planner_or_system","57","[THREAD_TITLE]
ADHD planner - what works? what doesn’t?

[THREAD_BODY]
I have a student w/ADHD who needs a planner. It's my job to get him to actually use it, but all my attempts have been pushed aside and igored. What planners have worked? I am brainstorming, so no information is off the table (well, maybe that side quest about minihorses eating crabapples). What advice, directions, examples, not-to-dos, or other anything-to-considers do you got for me in this process? Thank you :-D Edit: I've read and taken notes on all the feedback. Y'all really love to have strong feelings about planners and I don't suppose you're wrong about any of it. Thank you very much.

[CURRENT_RECORD]
The only thing that works is a big fat wall calender with all the months and days of the year on it where you can note important dates and deadlines into, so i don‘t forget them. This is what I call my strategic calender. It‘s simple, reliable and can be used without computer. And it‘s in my face and can’t be put away. For small weekly planning I use a digital calendar that can be more detailed. That’s what I call my tactical calendar"
"C:\Projects\Web\planner-tdah\research\reddit_data\reddit-ADHD-adhd_planner_what_works_what_doesnt.json","reddit-ADHD-adhd_planner_what_works_what_doesnt","1h13wls","t3_1h13wls","https://www.reddit.com/r/ADHD/comments/1h13wls/adhd_planner_what_works_what_doesnt/","ADHD","r/ADHD","ADHD planner - what works? what doesn’t?","I have a student w/ADHD who needs a planner. It's my job to get him to actually use it, but all my attempts have been pushed aside and igored. What planners have worked? I am brainstorming, so no information is off the table (well, maybe that side quest about minihorses eating crabapples). What advice, directions, examples, not-to-dos, or other anything-to-considers do you got for me in this process? Thank you :-D Edit: I've read and taken notes on all the feedback. Y'all really love to have strong feelings about planners and I don't suppose you're wrong about any of it. Thank you very much.","Questions/Advice","1732712933.0","2024-11-27T13:08:53+00:00","59","59","0.92","120","224e0411ccc9e1af","","reddit-ADHD-adhd_planner_what_works_what_doesnt:comment:lz9y67b","comment","lz9y67b","t1_lz9y67b","https://www.reddit.com/r/ADHD/comments/1h13wls/adhd_planner_what_works_what_doesnt/lz9y67b/","/r/ADHD/comments/1h13wls/adhd_planner_what_works_what_doesnt/lz9y67b/","t3_1h13wls","post","","lz9y67b","0","true","lz9y67b","cb4ef0e9a18314e2","","","false","false","","1","1","0","0","0","1732730118.0","2024-11-27T17:55:18+00:00","false","False","","false","false","true","false","The onlky planner ive ever used is the one im using now. :) I got it from our health care services, after diagnosis. Its a big touch screen, like 36 x 59 cm/14 x 23 inches (or well, not ""like"". I went and measured :D) and its on the wall, close to the doorway from my livingroom to the rest of the apartment. Its on 24/7 and impossible to forget, as I pass it every time i go to the bathroom, kitchen or out. I can now say that Im brushing my teeth every morning and every evening, something I have never done before Place is still a mess since I havent figured out how to break the cleaning up into smaller bits. Only thing i have cleaning related is every wednesday I change the towels in the bathroom and kitchen and also changing sheets when I do laundy. Doesnt sound like a lot, but the teeth brushing is an embarassing big deal for me. :)","The onlky planner ive ever used is the one im using now. :) I got it from our health care services, after diagnosis. Its a big touch screen, like 36 x 59 cm/14 x 23 inches (or well, not ""like"". I went and measured :D) and its on the wall, close to the doorway from my livingroom…","844","166","","","","false","false","planner | plan","forget | time","change","forgetfulness_or_time_signal | long_form_comment | mentions_feature_or_solution | mentions_pain_or_friction | mentions_planner_or_system | novelty_or_format_change_signal","50","[THREAD_TITLE]
ADHD planner - what works? what doesn’t?

[THREAD_BODY]
I have a student w/ADHD who needs a planner. It's my job to get him to actually use it, but all my attempts have been pushed aside and igored. What planners have worked? I am brainstorming, so no information is off the table (well, maybe that side quest about minihorses eating crabapples). What advice, directions, examples, not-to-dos, or other anything-to-considers do you got for me in this process? Thank you :-D Edit: I've read and taken notes on all the feedback. Y'all really love to have strong feelings about planners and I don't suppose you're wrong about any of it. Thank you very much.

[CURRENT_RECORD]
The onlky planner ive ever used is the one im using now. :) I got it from our health care services, after diagnosis. Its a big touch screen, like 36 x 59 cm/14 x 23 inches (or well, not ""like"". I went and measured :D) and its on the wall, close to the doorway from my livingroom to the rest of the apartment. Its on 24/7 and impossible to forget, as I pass it every time i go to the bathroom, kitchen or out. I can now say that Im brushing my teeth every morning and every evening, something I have never done before Place is still a mess since I havent figured out how to break the cleaning up into smaller bits. Only thing i have cleaning related is every wednesday I change the towels in the bathroom and kitchen and also changing sheets when I do laundy. Doesnt sound like a lot, but the teeth brushing is an embarassing big deal for me. :)"
"C:\Projects\Web\planner-tdah\research\reddit_data\reddit-ADHD-adhd_planner_what_works_what_doesnt.json","reddit-ADHD-adhd_planner_what_works_what_doesnt","1h13wls","t3_1h13wls","https://www.reddit.com/r/ADHD/comments/1h13wls/adhd_planner_what_works_what_doesnt/","ADHD","r/ADHD","ADHD planner - what works? what doesn’t?","I have a student w/ADHD who needs a planner. It's my job to get him to actually use it, but all my attempts have been pushed aside and igored. What planners have worked? I am brainstorming, so no information is off the table (well, maybe that side quest about minihorses eating crabapples). What advice, directions, examples, not-to-dos, or other anything-to-considers do you got for me in this process? Thank you :-D Edit: I've read and taken notes on all the feedback. Y'all really love to have strong feelings about planners and I don't suppose you're wrong about any of it. Thank you very much.","Questions/Advice","1732712933.0","2024-11-27T13:08:53+00:00","59","59","0.92","120","224e0411ccc9e1af","","reddit-ADHD-adhd_planner_what_works_what_doesnt:comment:lz9yid0","comment","lz9yid0","t1_lz9yid0","https://www.reddit.com/r/ADHD/comments/1h13wls/adhd_planner_what_works_what_doesnt/lz9yid0/","/r/ADHD/comments/1h13wls/adhd_planner_what_works_what_doesnt/lz9yid0/","t3_1h13wls","post","","lz9yid0","0","true","lz9yid0","755cb8928268235a","","","false","false","","1","1","0","0","0","1732730221.0","2024-11-27T17:57:01+00:00","false","False","","false","false","true","false","When I was in school I used At-A-Glance teachers’ planner. Basically it had M-F and a bunch of blanks where I could fill out the work I needed for each class. I found that a planner with times in it didn’t really help me remember my homework. It does not come with dates, but I would go through and fill it in for chunks at a time. But it got me through high school and college","When I was in school I used At-A-Glance teachers’ planner. Basically it had M-F and a bunch of blanks where I could fill out the work I needed for each class. I found that a planner with times in it didn’t really help me remember my homework. It does not come with dates, but I w…","377","76","","","","false","false","planner | plan","time","","forgetfulness_or_time_signal | mentions_pain_or_friction | mentions_planner_or_system","31","[THREAD_TITLE]
ADHD planner - what works? what doesn’t?

[THREAD_BODY]
I have a student w/ADHD who needs a planner. It's my job to get him to actually use it, but all my attempts have been pushed aside and igored. What planners have worked? I am brainstorming, so no information is off the table (well, maybe that side quest about minihorses eating crabapples). What advice, directions, examples, not-to-dos, or other anything-to-considers do you got for me in this process? Thank you :-D Edit: I've read and taken notes on all the feedback. Y'all really love to have strong feelings about planners and I don't suppose you're wrong about any of it. Thank you very much.

[CURRENT_RECORD]
When I was in school I used At-A-Glance teachers’ planner. Basically it had M-F and a bunch of blanks where I could fill out the work I needed for each class. I found that a planner with times in it didn’t really help me remember my homework. It does not come with dates, but I would go through and fill it in for chunks at a time. But it got me through high school and college"
"C:\Projects\Web\planner-tdah\research\reddit_data\reddit-ADHD-adhd_planner_what_works_what_doesnt.json","reddit-ADHD-adhd_planner_what_works_what_doesnt","1h13wls","t3_1h13wls","https://www.reddit.com/r/ADHD/comments/1h13wls/adhd_planner_what_works_what_doesnt/","ADHD","r/ADHD","ADHD planner - what works? what doesn’t?","I have a student w/ADHD who needs a planner. It's my job to get him to actually use it, but all my attempts have been pushed aside and igored. What planners have worked? I am brainstorming, so no information is off the table (well, maybe that side quest about minihorses eating crabapples). What advice, directions, examples, not-to-dos, or other anything-to-considers do you got for me in this process? Thank you :-D Edit: I've read and taken notes on all the feedback. Y'all really love to have strong feelings about planners and I don't suppose you're wrong about any of it. Thank you very much.","Questions/Advice","1732712933.0","2024-11-27T13:08:53+00:00","59","59","0.92","120","224e0411ccc9e1af","","reddit-ADHD-adhd_planner_what_works_what_doesnt:comment:lza1ulw","comment","lza1ulw","t1_lza1ulw","https://www.reddit.com/r/ADHD/comments/1h13wls/adhd_planner_what_works_what_doesnt/lza1ulw/","/r/ADHD/comments/1h13wls/adhd_planner_what_works_what_doesnt/lza1ulw/","t3_1h13wls","post","","lza1ulw","0","true","lza1ulw","","","","false","false","","1","1","0","0","0","1732731244.0","2024-11-27T18:14:04+00:00","false","False","","false","false","true","false","The only thing that works for me are notifications. I use the outlook app to send me reminders. For example I have a class that always has homework on the same day. So I create reminders to notify me the day before and the day of. It’s actually really helpful because it’s hard to avoid. I have a really bad problem with avoidance and it helps.","The only thing that works for me are notifications. I use the outlook app to send me reminders. For example I have a class that always has homework on the same day. So I create reminders to notify me the day before and the day of. It’s actually really helpful because it’s hard t…","344","66","","","","false","true","app","","reminder | reminders","mentions_feature_or_solution | mentions_planner_or_system | mentions_working_solution_or_recommendation","30","[THREAD_TITLE]
ADHD planner - what works? what doesn’t?

[THREAD_BODY]
I have a student w/ADHD who needs a planner. It's my job to get him to actually use it, but all my attempts have been pushed aside and igored. What planners have worked? I am brainstorming, so no information is off the table (well, maybe that side quest about minihorses eating crabapples). What advice, directions, examples, not-to-dos, or other anything-to-considers do you got for me in this process? Thank you :-D Edit: I've read and taken notes on all the feedback. Y'all really love to have strong feelings about planners and I don't suppose you're wrong about any of it. Thank you very much.

[CURRENT_RECORD]
The only thing that works for me are notifications. I use the outlook app to send me reminders. For example I have a class that always has homework on the same day. So I create reminders to notify me the day before and the day of. It’s actually really helpful because it’s hard to avoid. I have a really bad problem with avoidance and it helps."
"C:\Projects\Web\planner-tdah\research\reddit_data\reddit-ADHD-adhd_planner_what_works_what_doesnt.json","reddit-ADHD-adhd_planner_what_works_what_doesnt","1h13wls","t3_1h13wls","https://www.reddit.com/r/ADHD/comments/1h13wls/adhd_planner_what_works_what_doesnt/","ADHD","r/ADHD","ADHD planner - what works? what doesn’t?","I have a student w/ADHD who needs a planner. It's my job to get him to actually use it, but all my attempts have been pushed aside and igored. What planners have worked? I am brainstorming, so no information is off the table (well, maybe that side quest about minihorses eating crabapples). What advice, directions, examples, not-to-dos, or other anything-to-considers do you got for me in this process? Thank you :-D Edit: I've read and taken notes on all the feedback. Y'all really love to have strong feelings about planners and I don't suppose you're wrong about any of it. Thank you very much.","Questions/Advice","1732712933.0","2024-11-27T13:08:53+00:00","59","59","0.92","120","224e0411ccc9e1af","","reddit-ADHD-adhd_planner_what_works_what_doesnt:comment:lza1xrg","comment","lza1xrg","t1_lza1xrg","https://www.reddit.com/r/ADHD/comments/1h13wls/adhd_planner_what_works_what_doesnt/lza1xrg/","/r/ADHD/comments/1h13wls/adhd_planner_what_works_what_doesnt/lza1xrg/","t3_1h13wls","post","","lza1xrg","0","true","lza1xrg","6a65d7507c4ed31b","","","false","false","","1","1","0","0","0","1732731271.0","2024-11-27T18:14:31+00:00","false","False","","false","false","true","false","The closest thing to a planner that has worked for me is the calendar and alarm apps on my phone. My phone is in my pocket and I can put in appointments and such the moment plans are made/changed, but if the planner isn't on my person, neither it or the appointment will exist in my mind by the time I can get to it. Even if I did write it down, it doesn't matter if I never remember to check it.","The closest thing to a planner that has worked for me is the calendar and alarm apps on my phone. My phone is in my pocket and I can put in appointments and such the moment plans are made/changed, but if the planner isn't on my person, neither it or the appointment will exist in…","396","82","","","","false","true","planner | plan | calendar | app","time","appointments | change","forgetfulness_or_time_signal | mentions_feature_or_solution | mentions_pain_or_friction | mentions_planner_or_system | mentions_working_solution_or_recommendation","65","[THREAD_TITLE]
ADHD planner - what works? what doesn’t?

[THREAD_BODY]
I have a student w/ADHD who needs a planner. It's my job to get him to actually use it, but all my attempts have been pushed aside and igored. What planners have worked? I am brainstorming, so no information is off the table (well, maybe that side quest about minihorses eating crabapples). What advice, directions, examples, not-to-dos, or other anything-to-considers do you got for me in this process? Thank you :-D Edit: I've read and taken notes on all the feedback. Y'all really love to have strong feelings about planners and I don't suppose you're wrong about any of it. Thank you very much.

[CURRENT_RECORD]
The closest thing to a planner that has worked for me is the calendar and alarm apps on my phone. My phone is in my pocket and I can put in appointments and such the moment plans are made/changed, but if the planner isn't on my person, neither it or the appointment will exist in my mind by the time I can get to it. Even if I did write it down, it doesn't matter if I never remember to check it."
"C:\Projects\Web\planner-tdah\research\reddit_data\reddit-ADHD-adhd_planner_what_works_what_doesnt.json","reddit-ADHD-adhd_planner_what_works_what_doesnt","1h13wls","t3_1h13wls","https://www.reddit.com/r/ADHD/comments/1h13wls/adhd_planner_what_works_what_doesnt/","ADHD","r/ADHD","ADHD planner - what works? what doesn’t?","I have a student w/ADHD who needs a planner. It's my job to get him to actually use it, but all my attempts have been pushed aside and igored. What planners have worked? I am brainstorming, so no information is off the table (well, maybe that side quest about minihorses eating crabapples). What advice, directions, examples, not-to-dos, or other anything-to-considers do you got for me in this process? Thank you :-D Edit: I've read and taken notes on all the feedback. Y'all really love to have strong feelings about planners and I don't suppose you're wrong about any of it. Thank you very much.","Questions/Advice","1732712933.0","2024-11-27T13:08:53+00:00","59","59","0.92","120","224e0411ccc9e1af","","reddit-ADHD-adhd_planner_what_works_what_doesnt:comment:lza3p9r","comment","lza3p9r","t1_lza3p9r","https://www.reddit.com/r/ADHD/comments/1h13wls/adhd_planner_what_works_what_doesnt/lza3p9r/","/r/ADHD/comments/1h13wls/adhd_planner_what_works_what_doesnt/lza3p9r/","t3_1h13wls","post","","lza3p9r","0","true","lza3p9r","606d351787c21431","","","false","false","","1","1","0","0","0","1732731816.0","2024-11-27T18:23:36+00:00","false","False","","false","false","true","false","Focus To Do App that shows and sync to all my apple devices","Focus To Do App that shows and sync to all my apple devices","59","13","","","","false","false","app | to do","","","mentions_planner_or_system","8","[THREAD_TITLE]
ADHD planner - what works? what doesn’t?

[THREAD_BODY]
I have a student w/ADHD who needs a planner. It's my job to get him to actually use it, but all my attempts have been pushed aside and igored. What planners have worked? I am brainstorming, so no information is off the table (well, maybe that side quest about minihorses eating crabapples). What advice, directions, examples, not-to-dos, or other anything-to-considers do you got for me in this process? Thank you :-D Edit: I've read and taken notes on all the feedback. Y'all really love to have strong feelings about planners and I don't suppose you're wrong about any of it. Thank you very much.

[CURRENT_RECORD]
Focus To Do App that shows and sync to all my apple devices"
"C:\Projects\Web\planner-tdah\research\reddit_data\reddit-ADHD-adhd_planner_what_works_what_doesnt.json","reddit-ADHD-adhd_planner_what_works_what_doesnt","1h13wls","t3_1h13wls","https://www.reddit.com/r/ADHD/comments/1h13wls/adhd_planner_what_works_what_doesnt/","ADHD","r/ADHD","ADHD planner - what works? what doesn’t?","I have a student w/ADHD who needs a planner. It's my job to get him to actually use it, but all my attempts have been pushed aside and igored. What planners have worked? I am brainstorming, so no information is off the table (well, maybe that side quest about minihorses eating crabapples). What advice, directions, examples, not-to-dos, or other anything-to-considers do you got for me in this process? Thank you :-D Edit: I've read and taken notes on all the feedback. Y'all really love to have strong feelings about planners and I don't suppose you're wrong about any of it. Thank you very much.","Questions/Advice","1732712933.0","2024-11-27T13:08:53+00:00","59","59","0.92","120","224e0411ccc9e1af","","reddit-ADHD-adhd_planner_what_works_what_doesnt:comment:lzaec7r","comment","lzaec7r","t1_lzaec7r","https://www.reddit.com/r/ADHD/comments/1h13wls/adhd_planner_what_works_what_doesnt/lzaec7r/","/r/ADHD/comments/1h13wls/adhd_planner_what_works_what_doesnt/lzaec7r/","t3_1h13wls","post","","lzaec7r","0","true","lzaec7r","c73b32a31c83edfa","","","false","false","","1","1","0","0","0","1732735116.0","2024-11-27T19:18:36+00:00","false","False","","false","false","true","false","Todoist - on the phone and computer. Easily enter everything with a date and a time. That's what has worked for me. And it has reminders, you can also set more customized reminders for each thing.","Todoist - on the phone and computer. Easily enter everything with a date and a time. That's what has worked for me. And it has reminders, you can also set more customized reminders for each thing.","196","36","","","","false","true","todo","time","reminder | reminders | custom | customize","forgetfulness_or_time_signal | mentions_feature_or_solution | mentions_pain_or_friction | mentions_planner_or_system | mentions_working_solution_or_recommendation","51","[THREAD_TITLE]
ADHD planner - what works? what doesn’t?

[THREAD_BODY]
I have a student w/ADHD who needs a planner. It's my job to get him to actually use it, but all my attempts have been pushed aside and igored. What planners have worked? I am brainstorming, so no information is off the table (well, maybe that side quest about minihorses eating crabapples). What advice, directions, examples, not-to-dos, or other anything-to-considers do you got for me in this process? Thank you :-D Edit: I've read and taken notes on all the feedback. Y'all really love to have strong feelings about planners and I don't suppose you're wrong about any of it. Thank you very much.

[CURRENT_RECORD]
Todoist - on the phone and computer. Easily enter everything with a date and a time. That's what has worked for me. And it has reminders, you can also set more customized reminders for each thing."
"C:\Projects\Web\planner-tdah\research\reddit_data\reddit-ADHD-adhd_planner_what_works_what_doesnt.json","reddit-ADHD-adhd_planner_what_works_what_doesnt","1h13wls","t3_1h13wls","https://www.reddit.com/r/ADHD/comments/1h13wls/adhd_planner_what_works_what_doesnt/","ADHD","r/ADHD","ADHD planner - what works? what doesn’t?","I have a student w/ADHD who needs a planner. It's my job to get him to actually use it, but all my attempts have been pushed aside and igored. What planners have worked? I am brainstorming, so no information is off the table (well, maybe that side quest about minihorses eating crabapples). What advice, directions, examples, not-to-dos, or other anything-to-considers do you got for me in this process? Thank you :-D Edit: I've read and taken notes on all the feedback. Y'all really love to have strong feelings about planners and I don't suppose you're wrong about any of it. Thank you very much.","Questions/Advice","1732712933.0","2024-11-27T13:08:53+00:00","59","59","0.92","120","224e0411ccc9e1af","","reddit-ADHD-adhd_planner_what_works_what_doesnt:comment:lzaecxx","comment","lzaecxx","t1_lzaecxx","https://www.reddit.com/r/ADHD/comments/1h13wls/adhd_planner_what_works_what_doesnt/lzaecxx/","/r/ADHD/comments/1h13wls/adhd_planner_what_works_what_doesnt/lzaecxx/","t3_1h13wls","post","","lzaecxx","0","true","lzaecxx","6f21bc35e02a403b","","","false","false","","1","1","0","0","0","1732735123.0","2024-11-27T19:18:43+00:00","false","False","","false","false","true","false","Seconding others' comments that this task may be doomed to fail, BUT... as others have said, it might be worth it to give the student a gian blank notebook that they have to take everywhere. A planner with spaces for specific things might be too hard because the student has to then put the information in the designated place and might feel like a failure and rage quit if they don't do it ""right"" or all the way, but a notebook with blank paper that the student writes everything in might be basic enough that they do it. And the visual cue of the notebook that they take EVERYWHERE (like, in the hallway, to every class, etc.) might be enough to jog their memory of tasks even if they don't write them down. I actually do use a planner now, but it's because I worked up to the habit over several years of carrying around a notepad with a bunch of to-do lists and notes. My school notes, grocery lists, gift ideas, literally everything was in that notepad. Now, my planner lets me organize stuff a bit more, but I dump everything in it too. IDK, I feel like ADHD makes a lot of us dump stuff in places (doom closets and suchlike), so maybe you can draw on that natural dumping instinct and just tell the kid to put everything they want to remember in their dump notebook and worry about doing it/ accomplishing the tasks they write down at a later time!","Seconding others' comments that this task may be doomed to fail, BUT... as others have said, it might be worth it to give the student a gian blank notebook that they have to take everywhere. A planner with spaces for specific things might be too hard because the student has to t…","1355","254","","","","false","false","planner | plan | to-do | organize","adhd | time | tasks","visual | notes","forgetfulness_or_time_signal | long_form_comment | mentions_feature_or_solution | mentions_pain_or_friction | mentions_planner_or_system","77","[THREAD_TITLE]
ADHD planner - what works? what doesn’t?

[THREAD_BODY]
I have a student w/ADHD who needs a planner. It's my job to get him to actually use it, but all my attempts have been pushed aside and igored. What planners have worked? I am brainstorming, so no information is off the table (well, maybe that side quest about minihorses eating crabapples). What advice, directions, examples, not-to-dos, or other anything-to-considers do you got for me in this process? Thank you :-D Edit: I've read and taken notes on all the feedback. Y'all really love to have strong feelings about planners and I don't suppose you're wrong about any of it. Thank you very much.

[CURRENT_RECORD]
Seconding others' comments that this task may be doomed to fail, BUT... as others have said, it might be worth it to give the student a gian blank notebook that they have to take everywhere. A planner with spaces for specific things might be too hard because the student has to then put the information in the designated place and might feel like a failure and rage quit if they don't do it ""right"" or all the way, but a notebook with blank paper that the student writes everything in might be basic enough that they do it. And the visual cue of the notebook that they take EVERYWHERE (like, in the hallway, to every class, etc.) might be enough to jog their memory of tasks even if they don't write them down. I actually do use a planner now, but it's because I worked up to the habit over several years of carrying around a notepad with a bunch of to-do lists and notes. My school notes, grocery lists, gift ideas, literally everything was in that notepad. Now, my planner lets me organize stuff a bit more, but I dump everything in it too. IDK, I feel like ADHD makes a lot of us dump stuff in places (doom closets and suchlike), so maybe you can draw on that natural dumping instinct and just tell the kid to put everything they want to remember in their dump notebook and worry about doing it/ accomplishing the tasks they write down at a later time!"
"C:\Projects\Web\planner-tdah\research\reddit_data\reddit-ADHD-adhd_planner_what_works_what_doesnt.json","reddit-ADHD-adhd_planner_what_works_what_doesnt","1h13wls","t3_1h13wls","https://www.reddit.com/r/ADHD/comments/1h13wls/adhd_planner_what_works_what_doesnt/","ADHD","r/ADHD","ADHD planner - what works? what doesn’t?","I have a student w/ADHD who needs a planner. It's my job to get him to actually use it, but all my attempts have been pushed aside and igored. What planners have worked? I am brainstorming, so no information is off the table (well, maybe that side quest about minihorses eating crabapples). What advice, directions, examples, not-to-dos, or other anything-to-considers do you got for me in this process? Thank you :-D Edit: I've read and taken notes on all the feedback. Y'all really love to have strong feelings about planners and I don't suppose you're wrong about any of it. Thank you very much.","Questions/Advice","1732712933.0","2024-11-27T13:08:53+00:00","59","59","0.92","120","224e0411ccc9e1af","","reddit-ADHD-adhd_planner_what_works_what_doesnt:comment:lzajd9b","comment","lzajd9b","t1_lzajd9b","https://www.reddit.com/r/ADHD/comments/1h13wls/adhd_planner_what_works_what_doesnt/lzajd9b/","/r/ADHD/comments/1h13wls/adhd_planner_what_works_what_doesnt/lzajd9b/","t3_1h13wls","post","","lzajd9b","0","true","lzajd9b","","","","false","false","","1","1","0","0","0","1732736687.0","2024-11-27T19:44:47+00:00","false","False","","false","false","true","false","The only thing that has ever worked for me is my phone’s calendar. Paper planners get put somewhere and ignored.","The only thing that has ever worked for me is my phone’s calendar. Paper planners get put somewhere and ignored.","112","20","","","","false","true","planner | planners | plan | calendar","","","mentions_planner_or_system | mentions_working_solution_or_recommendation","34","[THREAD_TITLE]
ADHD planner - what works? what doesn’t?

[THREAD_BODY]
I have a student w/ADHD who needs a planner. It's my job to get him to actually use it, but all my attempts have been pushed aside and igored. What planners have worked? I am brainstorming, so no information is off the table (well, maybe that side quest about minihorses eating crabapples). What advice, directions, examples, not-to-dos, or other anything-to-considers do you got for me in this process? Thank you :-D Edit: I've read and taken notes on all the feedback. Y'all really love to have strong feelings about planners and I don't suppose you're wrong about any of it. Thank you very much.

[CURRENT_RECORD]
The only thing that has ever worked for me is my phone’s calendar. Paper planners get put somewhere and ignored."
"C:\Projects\Web\planner-tdah\research\reddit_data\reddit-ADHD-adhd_planner_what_works_what_doesnt.json","reddit-ADHD-adhd_planner_what_works_what_doesnt","1h13wls","t3_1h13wls","https://www.reddit.com/r/ADHD/comments/1h13wls/adhd_planner_what_works_what_doesnt/","ADHD","r/ADHD","ADHD planner - what works? what doesn’t?","I have a student w/ADHD who needs a planner. It's my job to get him to actually use it, but all my attempts have been pushed aside and igored. What planners have worked? I am brainstorming, so no information is off the table (well, maybe that side quest about minihorses eating crabapples). What advice, directions, examples, not-to-dos, or other anything-to-considers do you got for me in this process? Thank you :-D Edit: I've read and taken notes on all the feedback. Y'all really love to have strong feelings about planners and I don't suppose you're wrong about any of it. Thank you very much.","Questions/Advice","1732712933.0","2024-11-27T13:08:53+00:00","59","59","0.92","120","224e0411ccc9e1af","","reddit-ADHD-adhd_planner_what_works_what_doesnt:comment:lzajg3s","comment","lzajg3s","t1_lzajg3s","https://www.reddit.com/r/ADHD/comments/1h13wls/adhd_planner_what_works_what_doesnt/lzajg3s/","/r/ADHD/comments/1h13wls/adhd_planner_what_works_what_doesnt/lzajg3s/","t3_1h13wls","post","","lzajg3s","0","true","lzajg3s","2711bd50eed02ed5","","","false","false","","1","1","0","0","0","1732736712.0","2024-11-27T19:45:12+00:00","false","False","","false","false","true","false","I’ve tried pretty much every task/todo app out there, literally, I always keep coming back to Things 3. Obsidian for notes & Apple reminders for location based reminders","I’ve tried pretty much every task/todo app out there, literally, I always keep coming back to Things 3. Obsidian for notes & Apple reminders for location based reminders","169","28","","","","false","false","app | todo","","reminder | reminders | notes","mentions_feature_or_solution | mentions_planner_or_system","30","[THREAD_TITLE]
ADHD planner - what works? what doesn’t?

[THREAD_BODY]
I have a student w/ADHD who needs a planner. It's my job to get him to actually use it, but all my attempts have been pushed aside and igored. What planners have worked? I am brainstorming, so no information is off the table (well, maybe that side quest about minihorses eating crabapples). What advice, directions, examples, not-to-dos, or other anything-to-considers do you got for me in this process? Thank you :-D Edit: I've read and taken notes on all the feedback. Y'all really love to have strong feelings about planners and I don't suppose you're wrong about any of it. Thank you very much.

[CURRENT_RECORD]
I’ve tried pretty much every task/todo app out there, literally, I always keep coming back to Things 3. Obsidian for notes & Apple reminders for location based reminders"
"C:\Projects\Web\planner-tdah\research\reddit_data\reddit-ADHD-adhd_planner_what_works_what_doesnt.json","reddit-ADHD-adhd_planner_what_works_what_doesnt","1h13wls","t3_1h13wls","https://www.reddit.com/r/ADHD/comments/1h13wls/adhd_planner_what_works_what_doesnt/","ADHD","r/ADHD","ADHD planner - what works? what doesn’t?","I have a student w/ADHD who needs a planner. It's my job to get him to actually use it, but all my attempts have been pushed aside and igored. What planners have worked? I am brainstorming, so no information is off the table (well, maybe that side quest about minihorses eating crabapples). What advice, directions, examples, not-to-dos, or other anything-to-considers do you got for me in this process? Thank you :-D Edit: I've read and taken notes on all the feedback. Y'all really love to have strong feelings about planners and I don't suppose you're wrong about any of it. Thank you very much.","Questions/Advice","1732712933.0","2024-11-27T13:08:53+00:00","59","59","0.92","120","224e0411ccc9e1af","","reddit-ADHD-adhd_planner_what_works_what_doesnt:comment:lzakgsz","comment","lzakgsz","t1_lzakgsz","https://www.reddit.com/r/ADHD/comments/1h13wls/adhd_planner_what_works_what_doesnt/lzakgsz/","/r/ADHD/comments/1h13wls/adhd_planner_what_works_what_doesnt/lzakgsz/","t3_1h13wls","post","","lzakgsz","0","true","lzakgsz","4cc21706ffa0e41f","","","false","false","","1","1","0","0","0","1732737032.0","2024-11-27T19:50:32+00:00","false","False","","false","false","true","false","For me, my phone calendar. It makes noise in advance so I can do stuff if needed before the meeting. I plan the trip in as well. I plan personal actions in as well. I plan re-ordering meds. I plan birthcontrol. I plan meetings. I plan everything. I don't lose it or am able to find it (calling it) I can add other agenda's like my partners', daughters' and the people I have meetings with. I love it. First thing ever that worked after struggling for forty years...","For me, my phone calendar. It makes noise in advance so I can do stuff if needed before the meeting. I plan the trip in as well. I plan personal actions in as well. I plan re-ordering meds. I plan birthcontrol. I plan meetings. I plan everything. I don't lose it or am able to fi…","465","88","","","","false","true","plan | calendar | agenda","","","mentions_planner_or_system | mentions_working_solution_or_recommendation","40","[THREAD_TITLE]
ADHD planner - what works? what doesn’t?

[THREAD_BODY]
I have a student w/ADHD who needs a planner. It's my job to get him to actually use it, but all my attempts have been pushed aside and igored. What planners have worked? I am brainstorming, so no information is off the table (well, maybe that side quest about minihorses eating crabapples). What advice, directions, examples, not-to-dos, or other anything-to-considers do you got for me in this process? Thank you :-D Edit: I've read and taken notes on all the feedback. Y'all really love to have strong feelings about planners and I don't suppose you're wrong about any of it. Thank you very much.

[CURRENT_RECORD]
For me, my phone calendar. It makes noise in advance so I can do stuff if needed before the meeting. I plan the trip in as well. I plan personal actions in as well. I plan re-ordering meds. I plan birthcontrol. I plan meetings. I plan everything. I don't lose it or am able to find it (calling it) I can add other agenda's like my partners', daughters' and the people I have meetings with. I love it. First thing ever that worked after struggling for forty years..."
"C:\Projects\Web\planner-tdah\research\reddit_data\reddit-ADHD-adhd_planner_what_works_what_doesnt.json","reddit-ADHD-adhd_planner_what_works_what_doesnt","1h13wls","t3_1h13wls","https://www.reddit.com/r/ADHD/comments/1h13wls/adhd_planner_what_works_what_doesnt/","ADHD","r/ADHD","ADHD planner - what works? what doesn’t?","I have a student w/ADHD who needs a planner. It's my job to get him to actually use it, but all my attempts have been pushed aside and igored. What planners have worked? I am brainstorming, so no information is off the table (well, maybe that side quest about minihorses eating crabapples). What advice, directions, examples, not-to-dos, or other anything-to-considers do you got for me in this process? Thank you :-D Edit: I've read and taken notes on all the feedback. Y'all really love to have strong feelings about planners and I don't suppose you're wrong about any of it. Thank you very much.","Questions/Advice","1732712933.0","2024-11-27T13:08:53+00:00","59","59","0.92","120","224e0411ccc9e1af","","reddit-ADHD-adhd_planner_what_works_what_doesnt:comment:lzaldr7","comment","lzaldr7","t1_lzaldr7","https://www.reddit.com/r/ADHD/comments/1h13wls/adhd_planner_what_works_what_doesnt/lzaldr7/","/r/ADHD/comments/1h13wls/adhd_planner_what_works_what_doesnt/lzaldr7/","t3_1h13wls","post","","lzaldr7","0","true","lzaldr7","28e0a721136be703","","","false","false","","1","1","0","0","0","1732737318.0","2024-11-27T19:55:18+00:00","false","False","","false","false","true","false","Bullet journaling with just a dot notebook. I set up to what i need out of the planner. I have my yearly, monthly, and daily. And then misc. it’s a life saver and surprisingly have been able to stay really consistent with it. It’s a day to day task tracker, monthly scheduler, art outlet, and personal journal","Bullet journaling with just a dot notebook. I set up to what i need out of the planner. I have my yearly, monthly, and daily. And then misc. it’s a life saver and surprisingly have been able to stay really consistent with it. It’s a day to day task tracker, monthly scheduler, ar…","309","57","","","","false","false","planner | plan | bullet journal | journal | tracker | monthly | daily | schedule","","monthly | daily","mentions_feature_or_solution | mentions_planner_or_system","38","[THREAD_TITLE]
ADHD planner - what works? what doesn’t?

[THREAD_BODY]
I have a student w/ADHD who needs a planner. It's my job to get him to actually use it, but all my attempts have been pushed aside and igored. What planners have worked? I am brainstorming, so no information is off the table (well, maybe that side quest about minihorses eating crabapples). What advice, directions, examples, not-to-dos, or other anything-to-considers do you got for me in this process? Thank you :-D Edit: I've read and taken notes on all the feedback. Y'all really love to have strong feelings about planners and I don't suppose you're wrong about any of it. Thank you very much.

[CURRENT_RECORD]
Bullet journaling with just a dot notebook. I set up to what i need out of the planner. I have my yearly, monthly, and daily. And then misc. it’s a life saver and surprisingly have been able to stay really consistent with it. It’s a day to day task tracker, monthly scheduler, art outlet, and personal journal"
"C:\Projects\Web\planner-tdah\research\reddit_data\reddit-ADHD-adhd_planner_what_works_what_doesnt.json","reddit-ADHD-adhd_planner_what_works_what_doesnt","1h13wls","t3_1h13wls","https://www.reddit.com/r/ADHD/comments/1h13wls/adhd_planner_what_works_what_doesnt/","ADHD","r/ADHD","ADHD planner - what works? what doesn’t?","I have a student w/ADHD who needs a planner. It's my job to get him to actually use it, but all my attempts have been pushed aside and igored. What planners have worked? I am brainstorming, so no information is off the table (well, maybe that side quest about minihorses eating crabapples). What advice, directions, examples, not-to-dos, or other anything-to-considers do you got for me in this process? Thank you :-D Edit: I've read and taken notes on all the feedback. Y'all really love to have strong feelings about planners and I don't suppose you're wrong about any of it. Thank you very much.","Questions/Advice","1732712933.0","2024-11-27T13:08:53+00:00","59","59","0.92","120","224e0411ccc9e1af","","reddit-ADHD-adhd_planner_what_works_what_doesnt:comment:lzax0at","comment","lzax0at","t1_lzax0at","https://www.reddit.com/r/ADHD/comments/1h13wls/adhd_planner_what_works_what_doesnt/lzax0at/","/r/ADHD/comments/1h13wls/adhd_planner_what_works_what_doesnt/lzax0at/","t3_1h13wls","post","","lzax0at","0","true","lzax0at","01896f7dd636a082","","","false","false","","1","1","0","0","0","1732741002.0","2024-11-27T20:56:42+00:00","false","False","","false","false","true","false","Having something setup for you works, for a time. But if you have to draw and set it up yourself, like the bullet journal, does not, bc it becomes a chore and a pain in the butt. I tried to get into bullet journaling for 2 years. This year I made it as far as March. The only thing that works is using the calendar on my phone bc it's always with me and you don't have to set anything up. You just have to input and set an alert reminder you can hear.","Having something setup for you works, for a time. But if you have to draw and set it up yourself, like the bullet journal, does not, bc it becomes a chore and a pain in the butt. I tried to get into bullet journaling for 2 years. This year I made it as far as March. The only thi…","451","94","","","","false","false","calendar | bullet journal | journal","time","reminder","forgetfulness_or_time_signal | mentions_feature_or_solution | mentions_pain_or_friction | mentions_planner_or_system","49","[THREAD_TITLE]
ADHD planner - what works? what doesn’t?

[THREAD_BODY]
I have a student w/ADHD who needs a planner. It's my job to get him to actually use it, but all my attempts have been pushed aside and igored. What planners have worked? I am brainstorming, so no information is off the table (well, maybe that side quest about minihorses eating crabapples). What advice, directions, examples, not-to-dos, or other anything-to-considers do you got for me in this process? Thank you :-D Edit: I've read and taken notes on all the feedback. Y'all really love to have strong feelings about planners and I don't suppose you're wrong about any of it. Thank you very much.

[CURRENT_RECORD]
Having something setup for you works, for a time. But if you have to draw and set it up yourself, like the bullet journal, does not, bc it becomes a chore and a pain in the butt. I tried to get into bullet journaling for 2 years. This year I made it as far as March. The only thing that works is using the calendar on my phone bc it's always with me and you don't have to set anything up. You just have to input and set an alert reminder you can hear."
"C:\Projects\Web\planner-tdah\research\reddit_data\reddit-ADHD-adhd_planner_what_works_what_doesnt.json","reddit-ADHD-adhd_planner_what_works_what_doesnt","1h13wls","t3_1h13wls","https://www.reddit.com/r/ADHD/comments/1h13wls/adhd_planner_what_works_what_doesnt/","ADHD","r/ADHD","ADHD planner - what works? what doesn’t?","I have a student w/ADHD who needs a planner. It's my job to get him to actually use it, but all my attempts have been pushed aside and igored. What planners have worked? I am brainstorming, so no information is off the table (well, maybe that side quest about minihorses eating crabapples). What advice, directions, examples, not-to-dos, or other anything-to-considers do you got for me in this process? Thank you :-D Edit: I've read and taken notes on all the feedback. Y'all really love to have strong feelings about planners and I don't suppose you're wrong about any of it. Thank you very much.","Questions/Advice","1732712933.0","2024-11-27T13:08:53+00:00","59","59","0.92","120","224e0411ccc9e1af","","reddit-ADHD-adhd_planner_what_works_what_doesnt:comment:lzayism","comment","lzayism","t1_lzayism","https://www.reddit.com/r/ADHD/comments/1h13wls/adhd_planner_what_works_what_doesnt/lzayism/","/r/ADHD/comments/1h13wls/adhd_planner_what_works_what_doesnt/lzayism/","t3_1h13wls","post","","lzayism","0","true","lzayism","98459253bd8ac287","","","false","false","","1","1","0","0","0","1732741480.0","2024-11-27T21:04:40+00:00","false","False","","false","false","true","false","The adhd planner by Dani Donovan. Make sure you get the clean version. It’s not about day to day, it’s about when executive function strikes, how to deal with it. I have adhd and the unclean version. I love it and use it when life sucks.","The adhd planner by Dani Donovan. Make sure you get the clean version. It’s not about day to day, it’s about when executive function strikes, how to deal with it. I have adhd and the unclean version. I love it and use it when life sucks.","237","46","","","","false","true","planner | plan","adhd | executive function","","mentions_pain_or_friction | mentions_planner_or_system | mentions_working_solution_or_recommendation","36","[THREAD_TITLE]
ADHD planner - what works? what doesn’t?

[THREAD_BODY]
I have a student w/ADHD who needs a planner. It's my job to get him to actually use it, but all my attempts have been pushed aside and igored. What planners have worked? I am brainstorming, so no information is off the table (well, maybe that side quest about minihorses eating crabapples). What advice, directions, examples, not-to-dos, or other anything-to-considers do you got for me in this process? Thank you :-D Edit: I've read and taken notes on all the feedback. Y'all really love to have strong feelings about planners and I don't suppose you're wrong about any of it. Thank you very much.

[CURRENT_RECORD]
The adhd planner by Dani Donovan. Make sure you get the clean version. It’s not about day to day, it’s about when executive function strikes, how to deal with it. I have adhd and the unclean version. I love it and use it when life sucks."
"C:\Projects\Web\planner-tdah\research\reddit_data\reddit-ADHD-adhd_planner_what_works_what_doesnt.json","reddit-ADHD-adhd_planner_what_works_what_doesnt","1h13wls","t3_1h13wls","https://www.reddit.com/r/ADHD/comments/1h13wls/adhd_planner_what_works_what_doesnt/","ADHD","r/ADHD","ADHD planner - what works? what doesn’t?","I have a student w/ADHD who needs a planner. It's my job to get him to actually use it, but all my attempts have been pushed aside and igored. What planners have worked? I am brainstorming, so no information is off the table (well, maybe that side quest about minihorses eating crabapples). What advice, directions, examples, not-to-dos, or other anything-to-considers do you got for me in this process? Thank you :-D Edit: I've read and taken notes on all the feedback. Y'all really love to have strong feelings about planners and I don't suppose you're wrong about any of it. Thank you very much.","Questions/Advice","1732712933.0","2024-11-27T13:08:53+00:00","59","59","0.92","120","224e0411ccc9e1af","","reddit-ADHD-adhd_planner_what_works_what_doesnt:comment:lzb0bwv","comment","lzb0bwv","t1_lzb0bwv","https://www.reddit.com/r/ADHD/comments/1h13wls/adhd_planner_what_works_what_doesnt/lzb0bwv/","/r/ADHD/comments/1h13wls/adhd_planner_what_works_what_doesnt/lzb0bwv/","t3_1h13wls","post","","lzb0bwv","0","true","lzb0bwv","0eaa6a023ff4ffa5","","","false","false","","1","1","0","0","0","1732742053.0","2024-11-27T21:14:13+00:00","false","False","","false","false","true","false","Not a specific planner but one feature I've found helpful is daily planners that have an hour-by-hour section. That helps me with time management because it forces me to break down exactly what I'm going to do at what time and I usually realize there isn't realistically enough time for the entire to-do list. Here's a free printable version for reference. (I wouldn't use this specific one personally because the times on the schedule don't match my night owl hours lol.) https://daydesigner.com/products/free-daily-planning-page (https://daydesigner.com/products/free-daily-planning-page)","Not a specific planner but one feature I've found helpful is daily planners that have an hour-by-hour section. That helps me with time management because it forces me to break down exactly what I'm going to do at what time and I usually realize there isn't realistically enough t…","590","83","","","https://daydesigner.com/products/free-daily-planning-page","false","true","planner | planners | plan | planning | printable | to do | to-do | daily | schedule","time","print | printable | daily","forgetfulness_or_time_signal | long_form_comment | mentions_feature_or_solution | mentions_pain_or_friction | mentions_planner_or_system | mentions_working_solution_or_recommendation | printable_modular_system_signal","79","[THREAD_TITLE]
ADHD planner - what works? what doesn’t?

[THREAD_BODY]
I have a student w/ADHD who needs a planner. It's my job to get him to actually use it, but all my attempts have been pushed aside and igored. What planners have worked? I am brainstorming, so no information is off the table (well, maybe that side quest about minihorses eating crabapples). What advice, directions, examples, not-to-dos, or other anything-to-considers do you got for me in this process? Thank you :-D Edit: I've read and taken notes on all the feedback. Y'all really love to have strong feelings about planners and I don't suppose you're wrong about any of it. Thank you very much.

[CURRENT_RECORD]
Not a specific planner but one feature I've found helpful is daily planners that have an hour-by-hour section. That helps me with time management because it forces me to break down exactly what I'm going to do at what time and I usually realize there isn't realistically enough time for the entire to-do list. Here's a free printable version for reference. (I wouldn't use this specific one personally because the times on the schedule don't match my night owl hours lol.) https://daydesigner.com/products/free-daily-planning-page (https://daydesigner.com/products/free-daily-planning-page)"
"C:\Projects\Web\planner-tdah\research\reddit_data\reddit-ADHD-adhd_planner_what_works_what_doesnt.json","reddit-ADHD-adhd_planner_what_works_what_doesnt","1h13wls","t3_1h13wls","https://www.reddit.com/r/ADHD/comments/1h13wls/adhd_planner_what_works_what_doesnt/","ADHD","r/ADHD","ADHD planner - what works? what doesn’t?","I have a student w/ADHD who needs a planner. It's my job to get him to actually use it, but all my attempts have been pushed aside and igored. What planners have worked? I am brainstorming, so no information is off the table (well, maybe that side quest about minihorses eating crabapples). What advice, directions, examples, not-to-dos, or other anything-to-considers do you got for me in this process? Thank you :-D Edit: I've read and taken notes on all the feedback. Y'all really love to have strong feelings about planners and I don't suppose you're wrong about any of it. Thank you very much.","Questions/Advice","1732712933.0","2024-11-27T13:08:53+00:00","59","59","0.92","120","224e0411ccc9e1af","","reddit-ADHD-adhd_planner_what_works_what_doesnt:comment:lzb176i","comment","lzb176i","t1_lzb176i","https://www.reddit.com/r/ADHD/comments/1h13wls/adhd_planner_what_works_what_doesnt/lzb176i/","/r/ADHD/comments/1h13wls/adhd_planner_what_works_what_doesnt/lzb176i/","t3_1h13wls","post","","lzb176i","0","true","lzb176i","4cc9ddc36bc400dc","","","false","false","","1","1","0","0","0","1732742325.0","2024-11-27T21:18:45+00:00","false","False","","false","false","true","false","The only thing I've been able to consistently use is OneNote and Todoist. As for a physical planner, one with each day of the week spread out over two pages that you can see when it is open flat is the only thing i've been able to use for any length of time.","The only thing I've been able to consistently use is OneNote and Todoist. As for a physical planner, one with each day of the week spread out over two pages that you can see when it is open flat is the only thing i've been able to use for any length of time.","258","53","","","","false","false","planner | plan | todo","time","","forgetfulness_or_time_signal | mentions_pain_or_friction | mentions_planner_or_system","35","[THREAD_TITLE]
ADHD planner - what works? what doesn’t?

[THREAD_BODY]
I have a student w/ADHD who needs a planner. It's my job to get him to actually use it, but all my attempts have been pushed aside and igored. What planners have worked? I am brainstorming, so no information is off the table (well, maybe that side quest about minihorses eating crabapples). What advice, directions, examples, not-to-dos, or other anything-to-considers do you got for me in this process? Thank you :-D Edit: I've read and taken notes on all the feedback. Y'all really love to have strong feelings about planners and I don't suppose you're wrong about any of it. Thank you very much.

[CURRENT_RECORD]
The only thing I've been able to consistently use is OneNote and Todoist. As for a physical planner, one with each day of the week spread out over two pages that you can see when it is open flat is the only thing i've been able to use for any length of time."
"C:\Projects\Web\planner-tdah\research\reddit_data\reddit-ADHD-adhd_planner_what_works_what_doesnt.json","reddit-ADHD-adhd_planner_what_works_what_doesnt","1h13wls","t3_1h13wls","https://www.reddit.com/r/ADHD/comments/1h13wls/adhd_planner_what_works_what_doesnt/","ADHD","r/ADHD","ADHD planner - what works? what doesn’t?","I have a student w/ADHD who needs a planner. It's my job to get him to actually use it, but all my attempts have been pushed aside and igored. What planners have worked? I am brainstorming, so no information is off the table (well, maybe that side quest about minihorses eating crabapples). What advice, directions, examples, not-to-dos, or other anything-to-considers do you got for me in this process? Thank you :-D Edit: I've read and taken notes on all the feedback. Y'all really love to have strong feelings about planners and I don't suppose you're wrong about any of it. Thank you very much.","Questions/Advice","1732712933.0","2024-11-27T13:08:53+00:00","59","59","0.92","120","224e0411ccc9e1af","","reddit-ADHD-adhd_planner_what_works_what_doesnt:comment:lzbcy68","comment","lzbcy68","t1_lzbcy68","https://www.reddit.com/r/ADHD/comments/1h13wls/adhd_planner_what_works_what_doesnt/lzbcy68/","/r/ADHD/comments/1h13wls/adhd_planner_what_works_what_doesnt/lzbcy68/","t3_1h13wls","post","","lzbcy68","0","true","lzbcy68","14d1d85d1d055ca5","","","false","false","","1","1","0","0","0","1732746072.0","2024-11-27T22:21:12+00:00","false","False","","false","false","true","false","Google calendar! The only thing that has ever worked for me.","Google calendar! The only thing that has ever worked for me.","60","11","","","","false","true","calendar","","","mentions_planner_or_system | mentions_working_solution_or_recommendation","12","[THREAD_TITLE]
ADHD planner - what works? what doesn’t?

[THREAD_BODY]
I have a student w/ADHD who needs a planner. It's my job to get him to actually use it, but all my attempts have been pushed aside and igored. What planners have worked? I am brainstorming, so no information is off the table (well, maybe that side quest about minihorses eating crabapples). What advice, directions, examples, not-to-dos, or other anything-to-considers do you got for me in this process? Thank you :-D Edit: I've read and taken notes on all the feedback. Y'all really love to have strong feelings about planners and I don't suppose you're wrong about any of it. Thank you very much.

[CURRENT_RECORD]
Google calendar! The only thing that has ever worked for me."
"C:\Projects\Web\planner-tdah\research\reddit_data\reddit-ADHD-adhd_planner_what_works_what_doesnt.json","reddit-ADHD-adhd_planner_what_works_what_doesnt","1h13wls","t3_1h13wls","https://www.reddit.com/r/ADHD/comments/1h13wls/adhd_planner_what_works_what_doesnt/","ADHD","r/ADHD","ADHD planner - what works? what doesn’t?","I have a student w/ADHD who needs a planner. It's my job to get him to actually use it, but all my attempts have been pushed aside and igored. What planners have worked? I am brainstorming, so no information is off the table (well, maybe that side quest about minihorses eating crabapples). What advice, directions, examples, not-to-dos, or other anything-to-considers do you got for me in this process? Thank you :-D Edit: I've read and taken notes on all the feedback. Y'all really love to have strong feelings about planners and I don't suppose you're wrong about any of it. Thank you very much.","Questions/Advice","1732712933.0","2024-11-27T13:08:53+00:00","59","59","0.92","120","224e0411ccc9e1af","","reddit-ADHD-adhd_planner_what_works_what_doesnt:comment:lzbewxd","comment","lzbewxd","t1_lzbewxd","https://www.reddit.com/r/ADHD/comments/1h13wls/adhd_planner_what_works_what_doesnt/lzbewxd/","/r/ADHD/comments/1h13wls/adhd_planner_what_works_what_doesnt/lzbewxd/","t3_1h13wls","post","","lzbewxd","0","true","lzbewxd","cc18d7e5a64345a3","","","false","false","","1","1","0","0","0","1732746738.0","2024-11-27T22:32:18+00:00","false","False","","true","false","true","false","Try Motion, pretty expensive but been very very useful for me. AI prioritizes tasks/plans for you. The best thing is if you don’t do something it reschedules when you should do it. Also integrates Outlook/Google/iOS calendars. I also use Timely, calls me so I don’t forget important events.","Try Motion, pretty expensive but been very very useful for me. AI prioritizes tasks/plans for you. The best thing is if you don’t do something it reschedules when you should do it. Also integrates Outlook/Google/iOS calendars. I also use Timely, calls me so I don’t forget import…","290","48","","","","false","true","plan | calendar | calendars | schedule","forget | time | tasks","","forgetfulness_or_time_signal | mentions_pain_or_friction | mentions_planner_or_system | mentions_working_solution_or_recommendation","57","[THREAD_TITLE]
ADHD planner - what works? what doesn’t?

[THREAD_BODY]
I have a student w/ADHD who needs a planner. It's my job to get him to actually use it, but all my attempts have been pushed aside and igored. What planners have worked? I am brainstorming, so no information is off the table (well, maybe that side quest about minihorses eating crabapples). What advice, directions, examples, not-to-dos, or other anything-to-considers do you got for me in this process? Thank you :-D Edit: I've read and taken notes on all the feedback. Y'all really love to have strong feelings about planners and I don't suppose you're wrong about any of it. Thank you very much.

[CURRENT_RECORD]
Try Motion, pretty expensive but been very very useful for me. AI prioritizes tasks/plans for you. The best thing is if you don’t do something it reschedules when you should do it. Also integrates Outlook/Google/iOS calendars. I also use Timely, calls me so I don’t forget important events."
"C:\Projects\Web\planner-tdah\research\reddit_data\reddit-ADHD-adhd_planner_what_works_what_doesnt.json","reddit-ADHD-adhd_planner_what_works_what_doesnt","1h13wls","t3_1h13wls","https://www.reddit.com/r/ADHD/comments/1h13wls/adhd_planner_what_works_what_doesnt/","ADHD","r/ADHD","ADHD planner - what works? what doesn’t?","I have a student w/ADHD who needs a planner. It's my job to get him to actually use it, but all my attempts have been pushed aside and igored. What planners have worked? I am brainstorming, so no information is off the table (well, maybe that side quest about minihorses eating crabapples). What advice, directions, examples, not-to-dos, or other anything-to-considers do you got for me in this process? Thank you :-D Edit: I've read and taken notes on all the feedback. Y'all really love to have strong feelings about planners and I don't suppose you're wrong about any of it. Thank you very much.","Questions/Advice","1732712933.0","2024-11-27T13:08:53+00:00","59","59","0.92","120","224e0411ccc9e1af","","reddit-ADHD-adhd_planner_what_works_what_doesnt:comment:lzbkqey","comment","lzbkqey","t1_lzbkqey","https://www.reddit.com/r/ADHD/comments/1h13wls/adhd_planner_what_works_what_doesnt/lzbkqey/","/r/ADHD/comments/1h13wls/adhd_planner_what_works_what_doesnt/lzbkqey/","t3_1h13wls","post","","lzbkqey","0","true","lzbkqey","cf305336a10a20b6","","","false","false","","1","1","0","0","0","1732748795.0","2024-11-27T23:06:35+00:00","false","False","","false","false","true","false","ONE app or ONE method is what you need. Simple, easy entry, large net, etc. I have been a calendar-crutch for 10+ years, even before knowing I was ADD. It felt good and reassuring that any important information would pop up and remind me (or I review in bed in the morning). Literally sometimes the calendar would have things like ""pay hydro 69$"" or ""buy lunch groceries, snacks, dinner for two nights"" or ""work earlier for meeting."" Since iOS updated and I can add tasks right on the calendar, AND repeating tasks appear on the calendar too, at those times. Now I have things like ""do kitty litter"" or ""remember to call mom"" or whatever showing up. I get to check them off. Of course, not everything is checked, and the unchecked move to the next day with big red ""overdue"" wording. With siri, you can tell her to add stuff to it quickly. The location services (and saving key locations in your contact info for stuff like the regular grocery store or common gas station) helps cause some reminders will chime via location. ""hey Siri, remind me when arriving at Food Place to buy lunch stuff and dinner for two nights"" and then ""hey Siri, remind me when leaving Food Place to stop and pick up parcel"" Edit to add - if you're a pencil and paper person, consider designing a SIMPLE template and sending it to a print shop. Around a hundred pages, b/w, 2-sided, coil bound is roughly 40CAD depending on place or complexity.","ONE app or ONE method is what you need. Simple, easy entry, large net, etc. I have been a calendar-crutch for 10+ years, even before knowing I was ADD. It felt good and reassuring that any important information would pop up and remind me (or I review in bed in the morning). Lite…","1421","257","","","","false","true","calendar | template | app","time | complex | tasks","simple | reminder | reminders | print | review","long_form_comment | mentions_feature_or_solution | mentions_pain_or_friction | mentions_planner_or_system | mentions_working_solution_or_recommendation | printable_modular_system_signal","91","[THREAD_TITLE]
ADHD planner - what works? what doesn’t?

[THREAD_BODY]
I have a student w/ADHD who needs a planner. It's my job to get him to actually use it, but all my attempts have been pushed aside and igored. What planners have worked? I am brainstorming, so no information is off the table (well, maybe that side quest about minihorses eating crabapples). What advice, directions, examples, not-to-dos, or other anything-to-considers do you got for me in this process? Thank you :-D Edit: I've read and taken notes on all the feedback. Y'all really love to have strong feelings about planners and I don't suppose you're wrong about any of it. Thank you very much.

[CURRENT_RECORD]
ONE app or ONE method is what you need. Simple, easy entry, large net, etc. I have been a calendar-crutch for 10+ years, even before knowing I was ADD. It felt good and reassuring that any important information would pop up and remind me (or I review in bed in the morning). Literally sometimes the calendar would have things like ""pay hydro 69$"" or ""buy lunch groceries, snacks, dinner for two nights"" or ""work earlier for meeting."" Since iOS updated and I can add tasks right on the calendar, AND repeating tasks appear on the calendar too, at those times. Now I have things like ""do kitty litter"" or ""remember to call mom"" or whatever showing up. I get to check them off. Of course, not everything is checked, and the unchecked move to the next day with big red ""overdue"" wording. With siri, you can tell her to add stuff to it quickly. The location services (and saving key locations in your contact info for stuff like the regular grocery store or common gas station) helps cause some reminders will chime via location. ""hey Siri, remind me when arriving at Food Place to buy lunch stuff and dinner for two nights"" and then ""hey Siri, remind me when leaving Food Place to stop and pick up parcel"" Edit to add - if you're a pencil and paper person, consider designing a SIMPLE template and sending it to a print shop. Around a hundred pages, b/w, 2-sided, coil bound is roughly 40CAD depending on place or complexity."
"C:\Projects\Web\planner-tdah\research\reddit_data\reddit-ADHD-adhd_planner_what_works_what_doesnt.json","reddit-ADHD-adhd_planner_what_works_what_doesnt","1h13wls","t3_1h13wls","https://www.reddit.com/r/ADHD/comments/1h13wls/adhd_planner_what_works_what_doesnt/","ADHD","r/ADHD","ADHD planner - what works? what doesn’t?","I have a student w/ADHD who needs a planner. It's my job to get him to actually use it, but all my attempts have been pushed aside and igored. What planners have worked? I am brainstorming, so no information is off the table (well, maybe that side quest about minihorses eating crabapples). What advice, directions, examples, not-to-dos, or other anything-to-considers do you got for me in this process? Thank you :-D Edit: I've read and taken notes on all the feedback. Y'all really love to have strong feelings about planners and I don't suppose you're wrong about any of it. Thank you very much.","Questions/Advice","1732712933.0","2024-11-27T13:08:53+00:00","59","59","0.92","120","224e0411ccc9e1af","","reddit-ADHD-adhd_planner_what_works_what_doesnt:comment:lzbznvg","comment","lzbznvg","t1_lzbznvg","https://www.reddit.com/r/ADHD/comments/1h13wls/adhd_planner_what_works_what_doesnt/lzbznvg/","/r/ADHD/comments/1h13wls/adhd_planner_what_works_what_doesnt/lzbznvg/","t3_1h13wls","post","","lzbznvg","0","true","lzbznvg","4fcbce8744277e0e","","","false","false","","1","1","0","0","0","1732754438.0","2024-11-28T00:40:38+00:00","false","False","","false","false","true","false","Calendar on phone with audible reminders works for me.","Calendar on phone with audible reminders works for me.","54","9","","","","false","true","calendar","","reminder | reminders","mentions_feature_or_solution | mentions_planner_or_system | mentions_working_solution_or_recommendation","20","[THREAD_TITLE]
ADHD planner - what works? what doesn’t?

[THREAD_BODY]
I have a student w/ADHD who needs a planner. It's my job to get him to actually use it, but all my attempts have been pushed aside and igored. What planners have worked? I am brainstorming, so no information is off the table (well, maybe that side quest about minihorses eating crabapples). What advice, directions, examples, not-to-dos, or other anything-to-considers do you got for me in this process? Thank you :-D Edit: I've read and taken notes on all the feedback. Y'all really love to have strong feelings about planners and I don't suppose you're wrong about any of it. Thank you very much.

[CURRENT_RECORD]
Calendar on phone with audible reminders works for me."
"C:\Projects\Web\planner-tdah\research\reddit_data\reddit-ADHD-adhd_planner_what_works_what_doesnt.json","reddit-ADHD-adhd_planner_what_works_what_doesnt","1h13wls","t3_1h13wls","https://www.reddit.com/r/ADHD/comments/1h13wls/adhd_planner_what_works_what_doesnt/","ADHD","r/ADHD","ADHD planner - what works? what doesn’t?","I have a student w/ADHD who needs a planner. It's my job to get him to actually use it, but all my attempts have been pushed aside and igored. What planners have worked? I am brainstorming, so no information is off the table (well, maybe that side quest about minihorses eating crabapples). What advice, directions, examples, not-to-dos, or other anything-to-considers do you got for me in this process? Thank you :-D Edit: I've read and taken notes on all the feedback. Y'all really love to have strong feelings about planners and I don't suppose you're wrong about any of it. Thank you very much.","Questions/Advice","1732712933.0","2024-11-27T13:08:53+00:00","59","59","0.92","120","224e0411ccc9e1af","","reddit-ADHD-adhd_planner_what_works_what_doesnt:comment:lzc0gmz","comment","lzc0gmz","t1_lzc0gmz","https://www.reddit.com/r/ADHD/comments/1h13wls/adhd_planner_what_works_what_doesnt/lzc0gmz/","/r/ADHD/comments/1h13wls/adhd_planner_what_works_what_doesnt/lzc0gmz/","t3_1h13wls","post","","lzc0gmz","0","true","lzc0gmz","9f65c72ea8a55fe8","","ADHD-C (Combined type)","false","false","","1","1","0","0","0","1732754742.0","2024-11-28T00:45:42+00:00","false","False","","false","false","true","false","I could never get a planner to work— the few times I remembered its existence for more than a week, I’d end up losing it (only to find it two years later in a box somewhere). What worked for me was having a to do list on google docs. Having it on google meant I could never physically lose it, and having the app meant the list was always in my pocket. Plus, if I ever was itching to use my phone, it gave me something productive to scroll through and mess with. In this list, I wrote every task I needed to complete, including ones that were small and very far out. The document itself had two task lists— with the same items in a different order. The first list was the “do date,” the day that I planned to do the task. The second was the “due date,” when I actually had to have it done by. I always ended up doing the tasks out of order, so the “do date” was never accurate, but messing with the list, changing the color coding, and constantly reordering things was a good source of productive procrastination. When I couldn’t force myself to start on any of the tasks, I could procrastinate on them by messing with the list instead of going down a rabbit hole on YouTube or Reddit that would lead to me doing none of the tasks. Using the list to procrastinate meant I couldn’t actually forget a task. Plus, deleting items from the list when completed was very motivating. Now that I’m not a student, I can’t do this as well. I can’t log in with google on my work computer, and even if I could, I wouldn’t be able to put work tasks on there, so I can’t have a big list all in one place. Having said that, as a student, this method absolutely carried me through college. Highly recommend!","I could never get a planner to work— the few times I remembered its existence for more than a week, I’d end up losing it (only to find it two years later in a box somewhere). What worked for me was having a to do list on google docs. Having it on google meant I could never physi…","1690","325","","","","false","true","planner | plan | app | to do","forget | time | tasks | procrastination | procrastinate","color | all in one","forgetfulness_or_time_signal | long_form_comment | mentions_feature_or_solution | mentions_pain_or_friction | mentions_planner_or_system | mentions_working_solution_or_recommendation","95","[THREAD_TITLE]
ADHD planner - what works? what doesn’t?

[THREAD_BODY]
I have a student w/ADHD who needs a planner. It's my job to get him to actually use it, but all my attempts have been pushed aside and igored. What planners have worked? I am brainstorming, so no information is off the table (well, maybe that side quest about minihorses eating crabapples). What advice, directions, examples, not-to-dos, or other anything-to-considers do you got for me in this process? Thank you :-D Edit: I've read and taken notes on all the feedback. Y'all really love to have strong feelings about planners and I don't suppose you're wrong about any of it. Thank you very much.

[CURRENT_RECORD]
I could never get a planner to work— the few times I remembered its existence for more than a week, I’d end up losing it (only to find it two years later in a box somewhere). What worked for me was having a to do list on google docs. Having it on google meant I could never physically lose it, and having the app meant the list was always in my pocket. Plus, if I ever was itching to use my phone, it gave me something productive to scroll through and mess with. In this list, I wrote every task I needed to complete, including ones that were small and very far out. The document itself had two task lists— with the same items in a different order. The first list was the “do date,” the day that I planned to do the task. The second was the “due date,” when I actually had to have it done by. I always ended up doing the tasks out of order, so the “do date” was never accurate, but messing with the list, changing the color coding, and constantly reordering things was a good source of productive procrastination. When I couldn’t force myself to start on any of the tasks, I could procrastinate on them by messing with the list instead of going down a rabbit hole on YouTube or Reddit that would lead to me doing none of the tasks. Using the list to procrastinate meant I couldn’t actually forget a task. Plus, deleting items from the list when completed was very motivating. Now that I’m not a student, I can’t do this as well. I can’t log in with google on my work computer, and even if I could, I wouldn’t be able to put work tasks on there, so I can’t have a big list all in one place. Having said that, as a student, this method absolutely carried me through college. Highly recommend!"
"C:\Projects\Web\planner-tdah\research\reddit_data\reddit-ADHD-adhd_planner_what_works_what_doesnt.json","reddit-ADHD-adhd_planner_what_works_what_doesnt","1h13wls","t3_1h13wls","https://www.reddit.com/r/ADHD/comments/1h13wls/adhd_planner_what_works_what_doesnt/","ADHD","r/ADHD","ADHD planner - what works? what doesn’t?","I have a student w/ADHD who needs a planner. It's my job to get him to actually use it, but all my attempts have been pushed aside and igored. What planners have worked? I am brainstorming, so no information is off the table (well, maybe that side quest about minihorses eating crabapples). What advice, directions, examples, not-to-dos, or other anything-to-considers do you got for me in this process? Thank you :-D Edit: I've read and taken notes on all the feedback. Y'all really love to have strong feelings about planners and I don't suppose you're wrong about any of it. Thank you very much.","Questions/Advice","1732712933.0","2024-11-27T13:08:53+00:00","59","59","0.92","120","224e0411ccc9e1af","","reddit-ADHD-adhd_planner_what_works_what_doesnt:comment:lzc5uhe","comment","lzc5uhe","t1_lzc5uhe","https://www.reddit.com/r/ADHD/comments/1h13wls/adhd_planner_what_works_what_doesnt/lzc5uhe/","/r/ADHD/comments/1h13wls/adhd_planner_what_works_what_doesnt/lzc5uhe/","t3_1h13wls","post","","lzc5uhe","0","true","lzc5uhe","fcf13ddad9213ca5","","","false","false","","1","1","0","0","0","1732756822.0","2024-11-28T01:20:22+00:00","false","False","","false","false","true","false","I just got sacked, basically because I couldn't agree using a planner or a calendar, though my work was fine. Todo lists seem to work a bit better, but I cant do them in order or finish them and I have to keep them short. Hope that helps.","I just got sacked, basically because I couldn't agree using a planner or a calendar, though my work was fine. Todo lists seem to work a bit better, but I cant do them in order or finish them and I have to keep them short. Hope that helps.","238","48","","","","false","true","planner | plan | calendar | todo","","","mentions_planner_or_system | mentions_working_solution_or_recommendation","34","[THREAD_TITLE]
ADHD planner - what works? what doesn’t?

[THREAD_BODY]
I have a student w/ADHD who needs a planner. It's my job to get him to actually use it, but all my attempts have been pushed aside and igored. What planners have worked? I am brainstorming, so no information is off the table (well, maybe that side quest about minihorses eating crabapples). What advice, directions, examples, not-to-dos, or other anything-to-considers do you got for me in this process? Thank you :-D Edit: I've read and taken notes on all the feedback. Y'all really love to have strong feelings about planners and I don't suppose you're wrong about any of it. Thank you very much.

[CURRENT_RECORD]
I just got sacked, basically because I couldn't agree using a planner or a calendar, though my work was fine. Todo lists seem to work a bit better, but I cant do them in order or finish them and I have to keep them short. Hope that helps."
"C:\Projects\Web\planner-tdah\research\reddit_data\reddit-ADHD-adhd_planner_what_works_what_doesnt.json","reddit-ADHD-adhd_planner_what_works_what_doesnt","1h13wls","t3_1h13wls","https://www.reddit.com/r/ADHD/comments/1h13wls/adhd_planner_what_works_what_doesnt/","ADHD","r/ADHD","ADHD planner - what works? what doesn’t?","I have a student w/ADHD who needs a planner. It's my job to get him to actually use it, but all my attempts have been pushed aside and igored. What planners have worked? I am brainstorming, so no information is off the table (well, maybe that side quest about minihorses eating crabapples). What advice, directions, examples, not-to-dos, or other anything-to-considers do you got for me in this process? Thank you :-D Edit: I've read and taken notes on all the feedback. Y'all really love to have strong feelings about planners and I don't suppose you're wrong about any of it. Thank you very much.","Questions/Advice","1732712933.0","2024-11-27T13:08:53+00:00","59","59","0.92","120","224e0411ccc9e1af","","reddit-ADHD-adhd_planner_what_works_what_doesnt:comment:lzc6q3q","comment","lzc6q3q","t1_lzc6q3q","https://www.reddit.com/r/ADHD/comments/1h13wls/adhd_planner_what_works_what_doesnt/lzc6q3q/","/r/ADHD/comments/1h13wls/adhd_planner_what_works_what_doesnt/lzc6q3q/","t3_1h13wls","post","","lzc6q3q","0","true","lzc6q3q","ede3787b6bcfa9de","","","false","false","","1","1","0","0","0","1732757158.0","2024-11-28T01:25:58+00:00","false","False","","false","false","true","false","Passion planner + FINCH app Using both first thing in morning with my adderol, morning walk, positive podcast and breakfast heating in air fryer has been soooo helpful. My first task on finch app is to check and write in passion planner Lots of space Time blocks so i can see the whole day minute to minute Feee space for ideas Multiple to do lists in one space Quotes Passion plan / law of attraction Prompts to reflect monthly on goals For your student: maybe google calendar + passion planner. that way you can add things to his calendar and send reminders, emails and texts!","Passion planner + FINCH app Using both first thing in morning with my adderol, morning walk, positive podcast and breakfast heating in air fryer has been soooo helpful. My first task on finch app is to check and write in passion planner Lots of space Time blocks so i can see the…","578","105","","","","false","false","planner | plan | calendar | app | to do | monthly","time","reminder | reminders | monthly","forgetfulness_or_time_signal | long_form_comment | mentions_feature_or_solution | mentions_pain_or_friction | mentions_planner_or_system","65","[THREAD_TITLE]
ADHD planner - what works? what doesn’t?

[THREAD_BODY]
I have a student w/ADHD who needs a planner. It's my job to get him to actually use it, but all my attempts have been pushed aside and igored. What planners have worked? I am brainstorming, so no information is off the table (well, maybe that side quest about minihorses eating crabapples). What advice, directions, examples, not-to-dos, or other anything-to-considers do you got for me in this process? Thank you :-D Edit: I've read and taken notes on all the feedback. Y'all really love to have strong feelings about planners and I don't suppose you're wrong about any of it. Thank you very much.

[CURRENT_RECORD]
Passion planner + FINCH app Using both first thing in morning with my adderol, morning walk, positive podcast and breakfast heating in air fryer has been soooo helpful. My first task on finch app is to check and write in passion planner Lots of space Time blocks so i can see the whole day minute to minute Feee space for ideas Multiple to do lists in one space Quotes Passion plan / law of attraction Prompts to reflect monthly on goals For your student: maybe google calendar + passion planner. that way you can add things to his calendar and send reminders, emails and texts!"
"C:\Projects\Web\planner-tdah\research\reddit_data\reddit-ADHD-adhd_planner_what_works_what_doesnt.json","reddit-ADHD-adhd_planner_what_works_what_doesnt","1h13wls","t3_1h13wls","https://www.reddit.com/r/ADHD/comments/1h13wls/adhd_planner_what_works_what_doesnt/","ADHD","r/ADHD","ADHD planner - what works? what doesn’t?","I have a student w/ADHD who needs a planner. It's my job to get him to actually use it, but all my attempts have been pushed aside and igored. What planners have worked? I am brainstorming, so no information is off the table (well, maybe that side quest about minihorses eating crabapples). What advice, directions, examples, not-to-dos, or other anything-to-considers do you got for me in this process? Thank you :-D Edit: I've read and taken notes on all the feedback. Y'all really love to have strong feelings about planners and I don't suppose you're wrong about any of it. Thank you very much.","Questions/Advice","1732712933.0","2024-11-27T13:08:53+00:00","59","59","0.92","120","224e0411ccc9e1af","","reddit-ADHD-adhd_planner_what_works_what_doesnt:comment:lzcigzh","comment","lzcigzh","t1_lzcigzh","https://www.reddit.com/r/ADHD/comments/1h13wls/adhd_planner_what_works_what_doesnt/lzcigzh/","/r/ADHD/comments/1h13wls/adhd_planner_what_works_what_doesnt/lzcigzh/","t3_1h13wls","post","","lzcigzh","0","true","lzcigzh","be5560acfbd8b5d5","","","false","false","","1","1","0","0","0","1732761730.0","2024-11-28T02:42:10+00:00","false","False","","false","false","true","false","Pad of post-it notes and a folder. Write on note then put in the folder. Use the folder like a mini wall.","Pad of post-it notes and a folder. Write on note then put in the folder. Use the folder like a mini wall.","105","22","","","","false","false","","","notes | folder","mentions_feature_or_solution | printable_modular_system_signal","24","[THREAD_TITLE]
ADHD planner - what works? what doesn’t?

[THREAD_BODY]
I have a student w/ADHD who needs a planner. It's my job to get him to actually use it, but all my attempts have been pushed aside and igored. What planners have worked? I am brainstorming, so no information is off the table (well, maybe that side quest about minihorses eating crabapples). What advice, directions, examples, not-to-dos, or other anything-to-considers do you got for me in this process? Thank you :-D Edit: I've read and taken notes on all the feedback. Y'all really love to have strong feelings about planners and I don't suppose you're wrong about any of it. Thank you very much.

[CURRENT_RECORD]
Pad of post-it notes and a folder. Write on note then put in the folder. Use the folder like a mini wall."
"C:\Projects\Web\planner-tdah\research\reddit_data\reddit-ADHD-adhd_planner_what_works_what_doesnt.json","reddit-ADHD-adhd_planner_what_works_what_doesnt","1h13wls","t3_1h13wls","https://www.reddit.com/r/ADHD/comments/1h13wls/adhd_planner_what_works_what_doesnt/","ADHD","r/ADHD","ADHD planner - what works? what doesn’t?","I have a student w/ADHD who needs a planner. It's my job to get him to actually use it, but all my attempts have been pushed aside and igored. What planners have worked? I am brainstorming, so no information is off the table (well, maybe that side quest about minihorses eating crabapples). What advice, directions, examples, not-to-dos, or other anything-to-considers do you got for me in this process? Thank you :-D Edit: I've read and taken notes on all the feedback. Y'all really love to have strong feelings about planners and I don't suppose you're wrong about any of it. Thank you very much.","Questions/Advice","1732712933.0","2024-11-27T13:08:53+00:00","59","59","0.92","120","224e0411ccc9e1af","","reddit-ADHD-adhd_planner_what_works_what_doesnt:comment:lzcto08","comment","lzcto08","t1_lzcto08","https://www.reddit.com/r/ADHD/comments/1h13wls/adhd_planner_what_works_what_doesnt/lzcto08/","/r/ADHD/comments/1h13wls/adhd_planner_what_works_what_doesnt/lzcto08/","t3_1h13wls","post","","lzcto08","0","true","lzcto08","1a2f209cb67429f6","","","false","false","","1","1","0","0","0","1732766344.0","2024-11-28T03:59:04+00:00","false","False","","false","false","true","false","According to Dr Barkley (the OG ADHD guru), the most effective tool was a plain lined notebook the kid carries in their hands everywhere. With a pen in the spiral binding of the notebook. They can doodle, list, bujo, time block, planner, draw whatever, and they can switch systems whenever one gets boring. That's the hard part is keeping it novel. The longest I've stuck with a planner is 2 years. And I was an adult. I spent 2 days filling it out with stickers and all that jazz for the whole year and just checklist everything else. But my kids have some great accommodations to be able to take a picture of the assignments on the board at the start of class. Also, they are handed a list on paper their outstanding assignments from when they're absent. This helps us.","According to Dr Barkley (the OG ADHD guru), the most effective tool was a plain lined notebook the kid carries in their hands everywhere. With a pen in the spiral binding of the notebook. They can doodle, list, bujo, time block, planner, draw whatever, and they can switch system…","771","141","","","","false","true","planner | plan | bujo | checklist","adhd | time","checklist","forgetfulness_or_time_signal | long_form_comment | mentions_feature_or_solution | mentions_pain_or_friction | mentions_planner_or_system | mentions_working_solution_or_recommendation","66","[THREAD_TITLE]
ADHD planner - what works? what doesn’t?

[THREAD_BODY]
I have a student w/ADHD who needs a planner. It's my job to get him to actually use it, but all my attempts have been pushed aside and igored. What planners have worked? I am brainstorming, so no information is off the table (well, maybe that side quest about minihorses eating crabapples). What advice, directions, examples, not-to-dos, or other anything-to-considers do you got for me in this process? Thank you :-D Edit: I've read and taken notes on all the feedback. Y'all really love to have strong feelings about planners and I don't suppose you're wrong about any of it. Thank you very much.

[CURRENT_RECORD]
According to Dr Barkley (the OG ADHD guru), the most effective tool was a plain lined notebook the kid carries in their hands everywhere. With a pen in the spiral binding of the notebook. They can doodle, list, bujo, time block, planner, draw whatever, and they can switch systems whenever one gets boring. That's the hard part is keeping it novel. The longest I've stuck with a planner is 2 years. And I was an adult. I spent 2 days filling it out with stickers and all that jazz for the whole year and just checklist everything else. But my kids have some great accommodations to be able to take a picture of the assignments on the board at the start of class. Also, they are handed a list on paper their outstanding assignments from when they're absent. This helps us."
"C:\Projects\Web\planner-tdah\research\reddit_data\reddit-ADHD-adhd_planner_what_works_what_doesnt.json","reddit-ADHD-adhd_planner_what_works_what_doesnt","1h13wls","t3_1h13wls","https://www.reddit.com/r/ADHD/comments/1h13wls/adhd_planner_what_works_what_doesnt/","ADHD","r/ADHD","ADHD planner - what works? what doesn’t?","I have a student w/ADHD who needs a planner. It's my job to get him to actually use it, but all my attempts have been pushed aside and igored. What planners have worked? I am brainstorming, so no information is off the table (well, maybe that side quest about minihorses eating crabapples). What advice, directions, examples, not-to-dos, or other anything-to-considers do you got for me in this process? Thank you :-D Edit: I've read and taken notes on all the feedback. Y'all really love to have strong feelings about planners and I don't suppose you're wrong about any of it. Thank you very much.","Questions/Advice","1732712933.0","2024-11-27T13:08:53+00:00","59","59","0.92","120","224e0411ccc9e1af","","reddit-ADHD-adhd_planner_what_works_what_doesnt:comment:lzd35ka","comment","lzd35ka","t1_lzd35ka","https://www.reddit.com/r/ADHD/comments/1h13wls/adhd_planner_what_works_what_doesnt/lzd35ka/","/r/ADHD/comments/1h13wls/adhd_planner_what_works_what_doesnt/lzd35ka/","t3_1h13wls","post","","lzd35ka","0","true","lzd35ka","36f247aa91883768","","","false","false","","1","1","0","0","0","1732770700.0","2024-11-28T05:11:40+00:00","false","False","","false","false","true","false","The only planner that ever worked for me for any length of time is the web app I wrote for myself. Customised by me, for me, and if it didn’t have a feature I need I can add it.","The only planner that ever worked for me for any length of time is the web app I wrote for myself. Customised by me, for me, and if it didn’t have a feature I need I can add it.","177","39","","","","false","true","planner | plan | app","time","custom","forgetfulness_or_time_signal | mentions_feature_or_solution | mentions_pain_or_friction | mentions_planner_or_system | mentions_working_solution_or_recommendation","47","[THREAD_TITLE]
ADHD planner - what works? what doesn’t?

[THREAD_BODY]
I have a student w/ADHD who needs a planner. It's my job to get him to actually use it, but all my attempts have been pushed aside and igored. What planners have worked? I am brainstorming, so no information is off the table (well, maybe that side quest about minihorses eating crabapples). What advice, directions, examples, not-to-dos, or other anything-to-considers do you got for me in this process? Thank you :-D Edit: I've read and taken notes on all the feedback. Y'all really love to have strong feelings about planners and I don't suppose you're wrong about any of it. Thank you very much.

[CURRENT_RECORD]
The only planner that ever worked for me for any length of time is the web app I wrote for myself. Customised by me, for me, and if it didn’t have a feature I need I can add it."
"C:\Projects\Web\planner-tdah\research\reddit_data\reddit-ADHD-adhd_planner_what_works_what_doesnt.json","reddit-ADHD-adhd_planner_what_works_what_doesnt","1h13wls","t3_1h13wls","https://www.reddit.com/r/ADHD/comments/1h13wls/adhd_planner_what_works_what_doesnt/","ADHD","r/ADHD","ADHD planner - what works? what doesn’t?","I have a student w/ADHD who needs a planner. It's my job to get him to actually use it, but all my attempts have been pushed aside and igored. What planners have worked? I am brainstorming, so no information is off the table (well, maybe that side quest about minihorses eating crabapples). What advice, directions, examples, not-to-dos, or other anything-to-considers do you got for me in this process? Thank you :-D Edit: I've read and taken notes on all the feedback. Y'all really love to have strong feelings about planners and I don't suppose you're wrong about any of it. Thank you very much.","Questions/Advice","1732712933.0","2024-11-27T13:08:53+00:00","59","59","0.92","120","224e0411ccc9e1af","","reddit-ADHD-adhd_planner_what_works_what_doesnt:comment:lzdpkcl","comment","lzdpkcl","t1_lzdpkcl","https://www.reddit.com/r/ADHD/comments/1h13wls/adhd_planner_what_works_what_doesnt/lzdpkcl/","/r/ADHD/comments/1h13wls/adhd_planner_what_works_what_doesnt/lzdpkcl/","t3_1h13wls","post","","lzdpkcl","0","true","lzdpkcl","4c3fbed464582a78","","ADHD-C (Combined type)","false","false","","1","1","0","0","0","1732783347.0","2024-11-28T08:42:27+00:00","false","False","","false","false","true","false","Choosing a planner FOR your student won't work - no matter how good your intentions are behind it and how much research you put into it. You may also need to rethink what a ""planner"" is - limiting it to a small book to be carried around and holding organized notes might not work. And forget Apps right away - using their phone (where instagram, youtube, tik tok etc. is installed) to use a planner is a great way to sabotage them. Instead of a planner, think about a planning system. The most important step is to talk with your student: try to understand how they organize stuff they are excited about. Understand with what exactly they are struggling (is it punctuality? keeping track of stuff?) Some core principles to keep in mind when choosing a planning system: - The goal is harm reduction (e.g., reduce the negative impact of their ADHD symptoms) bnot to erradicate their ADHD symptoms) - TKeep it simple - sophisticated rules (use a red pen to write the important things on pages 10-55, and use a bright yellow marker to mark tasks that you intend to do tomorrow) look cool on instagram. However, your student just lost its red pen - game over - If there is no reward system, it won't be used - Lower the expectations - you know your student will not use the planner all the time, your student knows it, their parents know it, your cat also knows it. So if you intend to check if they are using the planning system, and you see that they don't (or don't do it as you intended), don't be upset. FInd out why it's not used and change the circumstance (read: outside factors). - ""Task"" has a different meaning for you, compared to your ADHD student. ""Washing clothes"" may be one task for you, for your ADHD student it's most likely more than one task (1: collect dirty clothes, 2: sort dirty and dirty but still wearable, 3: drag clothes to washing machine, 4: sort clothes by colour, 5: google if you can wash blue and white, 6: get confused by the conflicting answers, 7: find yourself on reddit in a heated debate, 8: just wash all colours together, 9: forget to take out the clothes, 10: finally take them out and hang them to dry, 11: frantically google ""How to make shirts white again"", etc.) Now, what works for me: - I use sticky notes: One sticky note = one to do. The sticky note then put where they are most visible for me (monitor). Once I completed a task, i stick them on my sticky note pile of success (they pile up), that I often see. Feels great to rip them off the monitor and stick them there (remember: Reward system). Very important and urgent things are put on red sticky notes, everything else is on any other color - My goal is to complete three stickies per day. If i can do more: Great! If it is less? no biggie, try again tomorrow. - Important: I write the sticky notes - sticky notes written by other people will be completely ignored, because I can't be bothered trying to understand what they ment. - Additionally i carry around a small paper notebook (nothing fancy) that also holds a pen. This is my brain dump - e.g., everything that comes to my mind and that I think ""hey, i should remember this later"" gets on there. No rules - will be very confusing for archeologists to understand what the fuck was going when they find this. This helps to exernalize my thoughts and to clear my mind. Key points: - I have a huge stockpile of sticky notes. the moment i run out of stickies, the system will probably collapse. - I did come up with this system - other people trying to fiddle or ""improve"" it make it worse. It works for me - it doesn't have to make sense to anybody else - nor does it have to look good or fancy.","Choosing a planner FOR your student won't work - no matter how good your intentions are behind it and how much research you put into it. You may also need to rethink what a ""planner"" is - limiting it to a small book to be carried around and holding organized notes might not work…","3654","683","","","","true","true","planner | plan | planning | app | to do | organize","adhd | forget | lost | time | tasks","simple | visible | color | colour | notes | change","contains_question | forgetfulness_or_time_signal | long_form_comment | mentions_feature_or_solution | mentions_pain_or_friction | mentions_planner_or_system | mentions_working_solution_or_recommendation | novelty_or_format_change_signal","100","[THREAD_TITLE]
ADHD planner - what works? what doesn’t?

[THREAD_BODY]
I have a student w/ADHD who needs a planner. It's my job to get him to actually use it, but all my attempts have been pushed aside and igored. What planners have worked? I am brainstorming, so no information is off the table (well, maybe that side quest about minihorses eating crabapples). What advice, directions, examples, not-to-dos, or other anything-to-considers do you got for me in this process? Thank you :-D Edit: I've read and taken notes on all the feedback. Y'all really love to have strong feelings about planners and I don't suppose you're wrong about any of it. Thank you very much.

[CURRENT_RECORD]
Choosing a planner FOR your student won't work - no matter how good your intentions are behind it and how much research you put into it. You may also need to rethink what a ""planner"" is - limiting it to a small book to be carried around and holding organized notes might not work. And forget Apps right away - using their phone (where instagram, youtube, tik tok etc. is installed) to use a planner is a great way to sabotage them. Instead of a planner, think about a planning system. The most important step is to talk with your student: try to understand how they organize stuff they are excited about. Understand with what exactly they are struggling (is it punctuality? keeping track of stuff?) Some core principles to keep in mind when choosing a planning system: - The goal is harm reduction (e.g., reduce the negative impact of their ADHD symptoms) bnot to erradicate their ADHD symptoms) - TKeep it simple - sophisticated rules (use a red pen to write the important things on pages 10-55, and use a bright yellow marker to mark tasks that you intend to do tomorrow) look cool on instagram. However, your student just lost its red pen - game over - If there is no reward system, it won't be used - Lower the expectations - you know your student will not use the planner all the time, your student knows it, their parents know it, your cat also knows it. So if you intend to check if they are using the planning system, and you see that they don't (or don't do it as you intended), don't be upset. FInd out why it's not used and change the circumstance (read: outside factors). - ""Task"" has a different meaning for you, compared to your ADHD student. ""Washing clothes"" may be one task for you, for your ADHD student it's most likely more than one task (1: collect dirty clothes, 2: sort dirty and dirty but still wearable, 3: drag clothes to washing machine, 4: sort clothes by colour, 5: google if you can wash blue and white, 6: get confused by the conflicting answers, 7: find yourself on reddit in a heated debate, 8: just wash all colours together, 9: forget to take out the clothes, 10: finally take them out and hang them to dry, 11: frantically google ""How to make shirts white again"", etc.) Now, what works for me: - I use sticky notes: One sticky note = one to do. The sticky note then put where they are most visible for me (monitor). Once I completed a task, i stick them on my sticky note pile of success (they pile up), that I often see. Feels great to rip them off the monitor and stick them there (remember: Reward system). Very important and urgent things are put on red sticky notes, everything else is on any other color - My goal is to complete three stickies per day. If i can do more: Great! If it is less? no biggie, try again tomorrow. - Important: I write the sticky notes - sticky notes written by other people will be completely ignored, because I can't be bothered trying to understand what they ment. - Additionally i carry around a small paper notebook (nothing fancy) that also holds a pen. This is my brain dump - e.g., everything that comes to my mind and that I think ""hey, i should remember this later"" gets on there. No rules - will be very confusing for archeologists to understand what the fuck was going when they find this. This helps to exernalize my thoughts and to clear my mind. Key points: - I have a huge stockpile of sticky notes. the moment i run out of stickies, the system will probably collapse. - I did come up with this system - other people trying to fiddle or ""improve"" it make it worse. It works for me - it doesn't have to make sense to anybody else - nor does it have to look good or fancy."
"C:\Projects\Web\planner-tdah\research\reddit_data\reddit-ADHD-adhd_planner_what_works_what_doesnt.json","reddit-ADHD-adhd_planner_what_works_what_doesnt","1h13wls","t3_1h13wls","https://www.reddit.com/r/ADHD/comments/1h13wls/adhd_planner_what_works_what_doesnt/","ADHD","r/ADHD","ADHD planner - what works? what doesn’t?","I have a student w/ADHD who needs a planner. It's my job to get him to actually use it, but all my attempts have been pushed aside and igored. What planners have worked? I am brainstorming, so no information is off the table (well, maybe that side quest about minihorses eating crabapples). What advice, directions, examples, not-to-dos, or other anything-to-considers do you got for me in this process? Thank you :-D Edit: I've read and taken notes on all the feedback. Y'all really love to have strong feelings about planners and I don't suppose you're wrong about any of it. Thank you very much.","Questions/Advice","1732712933.0","2024-11-27T13:08:53+00:00","59","59","0.92","120","224e0411ccc9e1af","","reddit-ADHD-adhd_planner_what_works_what_doesnt:comment:lze9pdd","comment","lze9pdd","t1_lze9pdd","https://www.reddit.com/r/ADHD/comments/1h13wls/adhd_planner_what_works_what_doesnt/lze9pdd/","/r/ADHD/comments/1h13wls/adhd_planner_what_works_what_doesnt/lze9pdd/","t3_1h13wls","post","","lze9pdd","0","true","lze9pdd","732f381bf86d37fa","","ADHD with ADHD partner","false","false","","1","1","0","0","0","1732796095.0","2024-11-28T12:14:55+00:00","false","False","","false","false","true","false","If it doesn't ding at me with some obnoxious ringtone, it does not exist. Also, most tasks must ding at me 3-5 times starting about an hour before I must do the Thing and ending like 5 minutes till the Thing must be done. Goblin tools is great for us gremlins. Recommend showing your student that too.","If it doesn't ding at me with some obnoxious ringtone, it does not exist. Also, most tasks must ding at me 3-5 times starting about an hour before I must do the Thing and ending like 5 minutes till the Thing must be done. Goblin tools is great for us gremlins. Recommend showing…","301","57","","","","false","true","","time | tasks","","mentions_pain_or_friction | mentions_working_solution_or_recommendation","28","[THREAD_TITLE]
ADHD planner - what works? what doesn’t?

[THREAD_BODY]
I have a student w/ADHD who needs a planner. It's my job to get him to actually use it, but all my attempts have been pushed aside and igored. What planners have worked? I am brainstorming, so no information is off the table (well, maybe that side quest about minihorses eating crabapples). What advice, directions, examples, not-to-dos, or other anything-to-considers do you got for me in this process? Thank you :-D Edit: I've read and taken notes on all the feedback. Y'all really love to have strong feelings about planners and I don't suppose you're wrong about any of it. Thank you very much.

[CURRENT_RECORD]
If it doesn't ding at me with some obnoxious ringtone, it does not exist. Also, most tasks must ding at me 3-5 times starting about an hour before I must do the Thing and ending like 5 minutes till the Thing must be done. Goblin tools is great for us gremlins. Recommend showing your student that too."
"C:\Projects\Web\planner-tdah\research\reddit_data\reddit-ADHD-adhd_planner_what_works_what_doesnt.json","reddit-ADHD-adhd_planner_what_works_what_doesnt","1h13wls","t3_1h13wls","https://www.reddit.com/r/ADHD/comments/1h13wls/adhd_planner_what_works_what_doesnt/","ADHD","r/ADHD","ADHD planner - what works? what doesn’t?","I have a student w/ADHD who needs a planner. It's my job to get him to actually use it, but all my attempts have been pushed aside and igored. What planners have worked? I am brainstorming, so no information is off the table (well, maybe that side quest about minihorses eating crabapples). What advice, directions, examples, not-to-dos, or other anything-to-considers do you got for me in this process? Thank you :-D Edit: I've read and taken notes on all the feedback. Y'all really love to have strong feelings about planners and I don't suppose you're wrong about any of it. Thank you very much.","Questions/Advice","1732712933.0","2024-11-27T13:08:53+00:00","59","59","0.92","120","224e0411ccc9e1af","","reddit-ADHD-adhd_planner_what_works_what_doesnt:comment:lzeg80g","comment","lzeg80g","t1_lzeg80g","https://www.reddit.com/r/ADHD/comments/1h13wls/adhd_planner_what_works_what_doesnt/lzeg80g/","/r/ADHD/comments/1h13wls/adhd_planner_what_works_what_doesnt/lzeg80g/","t3_1h13wls","post","","lzeg80g","0","true","lzeg80g","c2facb35d6d028c1","","","false","false","","1","1","0","0","0","1732799304.0","2024-11-28T13:08:24+00:00","false","False","","false","false","true","false","The only thing that works for me is to have a tablet with a pen. I just use whatever note taking app it comes with. I could easily lose a planner.","The only thing that works for me is to have a tablet with a pen. I just use whatever note taking app it comes with. I could easily lose a planner.","146","31","","","","false","true","planner | plan | app","","","mentions_planner_or_system | mentions_working_solution_or_recommendation","30","[THREAD_TITLE]
ADHD planner - what works? what doesn’t?

[THREAD_BODY]
I have a student w/ADHD who needs a planner. It's my job to get him to actually use it, but all my attempts have been pushed aside and igored. What planners have worked? I am brainstorming, so no information is off the table (well, maybe that side quest about minihorses eating crabapples). What advice, directions, examples, not-to-dos, or other anything-to-considers do you got for me in this process? Thank you :-D Edit: I've read and taken notes on all the feedback. Y'all really love to have strong feelings about planners and I don't suppose you're wrong about any of it. Thank you very much.

[CURRENT_RECORD]
The only thing that works for me is to have a tablet with a pen. I just use whatever note taking app it comes with. I could easily lose a planner."
"C:\Projects\Web\planner-tdah\research\reddit_data\reddit-ADHD-adhd_planner_what_works_what_doesnt.json","reddit-ADHD-adhd_planner_what_works_what_doesnt","1h13wls","t3_1h13wls","https://www.reddit.com/r/ADHD/comments/1h13wls/adhd_planner_what_works_what_doesnt/","ADHD","r/ADHD","ADHD planner - what works? what doesn’t?","I have a student w/ADHD who needs a planner. It's my job to get him to actually use it, but all my attempts have been pushed aside and igored. What planners have worked? I am brainstorming, so no information is off the table (well, maybe that side quest about minihorses eating crabapples). What advice, directions, examples, not-to-dos, or other anything-to-considers do you got for me in this process? Thank you :-D Edit: I've read and taken notes on all the feedback. Y'all really love to have strong feelings about planners and I don't suppose you're wrong about any of it. Thank you very much.","Questions/Advice","1732712933.0","2024-11-27T13:08:53+00:00","59","59","0.92","120","224e0411ccc9e1af","","reddit-ADHD-adhd_planner_what_works_what_doesnt:comment:lz9j8wy","comment","lz9j8wy","t1_lz9j8wy","https://www.reddit.com/r/ADHD/comments/1h13wls/adhd_planner_what_works_what_doesnt/lz9j8wy/","/r/ADHD/comments/1h13wls/adhd_planner_what_works_what_doesnt/lz9j8wy/","t3_1h13wls","post","","lz9j8wy","0","true","lz9j8wy","","","","false","false","","0","0","0","0","0","1732725516.0","2024-11-27T16:38:36+00:00","false","False","","false","false","true","false","If he is a visual learner maybe add some kind of symbols for day planning. that helped me","If he is a visual learner maybe add some kind of symbols for day planning. that helped me","89","18","","","","false","true","plan | planning","","visual","mentions_feature_or_solution | mentions_planner_or_system | mentions_working_solution_or_recommendation","20","[THREAD_TITLE]
ADHD planner - what works? what doesn’t?

[THREAD_BODY]
I have a student w/ADHD who needs a planner. It's my job to get him to actually use it, but all my attempts have been pushed aside and igored. What planners have worked? I am brainstorming, so no information is off the table (well, maybe that side quest about minihorses eating crabapples). What advice, directions, examples, not-to-dos, or other anything-to-considers do you got for me in this process? Thank you :-D Edit: I've read and taken notes on all the feedback. Y'all really love to have strong feelings about planners and I don't suppose you're wrong about any of it. Thank you very much.

[CURRENT_RECORD]
If he is a visual learner maybe add some kind of symbols for day planning. that helped me"
"C:\Projects\Web\planner-tdah\research\reddit_data\reddit-ADHD-adhd_planner_what_works_what_doesnt.json","reddit-ADHD-adhd_planner_what_works_what_doesnt","1h13wls","t3_1h13wls","https://www.reddit.com/r/ADHD/comments/1h13wls/adhd_planner_what_works_what_doesnt/","ADHD","r/ADHD","ADHD planner - what works? what doesn’t?","I have a student w/ADHD who needs a planner. It's my job to get him to actually use it, but all my attempts have been pushed aside and igored. What planners have worked? I am brainstorming, so no information is off the table (well, maybe that side quest about minihorses eating crabapples). What advice, directions, examples, not-to-dos, or other anything-to-considers do you got for me in this process? Thank you :-D Edit: I've read and taken notes on all the feedback. Y'all really love to have strong feelings about planners and I don't suppose you're wrong about any of it. Thank you very much.","Questions/Advice","1732712933.0","2024-11-27T13:08:53+00:00","59","59","0.92","120","224e0411ccc9e1af","","reddit-ADHD-adhd_planner_what_works_what_doesnt:comment:lz9xcl6","comment","lz9xcl6","t1_lz9xcl6","https://www.reddit.com/r/ADHD/comments/1h13wls/adhd_planner_what_works_what_doesnt/lz9xcl6/","/r/ADHD/comments/1h13wls/adhd_planner_what_works_what_doesnt/lz9xcl6/","t3_1h13wls","post","","lz9xcl6","0","true","lz9xcl6","87ff83f32751360b","","","false","false","","0","0","0","0","0","1732729864.0","2024-11-27T17:51:04+00:00","false","False","","false","false","true","false","I use a planner with adhd but only after 30 years of trial and error have I been able to do so consistently for an entire year. My top tip is to make it fun in someway. I decorate each week with stickers and washi tape and use nice highlighter and pens in it. That way it’s not boring to use or look at. But even then, I can’t do a bullet journal type deal, I need the structure of a prebuilt planner. Additionally I don’t rely on my planner alone for reminders. Instead, I use it like a tool to plan out my day, rather than a source of truth of everything I need to do. I write what I have in my other tools (my project planning app at work, and my outlook calendar for example) for that day and then I use the planner to keep me on schedule / task. I need multiple ways to track things, otherwise they will slip through the cracks. Realistically, the planner will fail at some point and that’s ok. Building other systems with the planner will help make it less catastrophic when it does happen. But yeah, imo a planner can be helpful for adhd if its used as a tool in the tool box, rather than viewed as the fix to all your planning and organizational issues. It won’t work for everyone and everyone who it does work for probably won’t use it the same way.","I use a planner with adhd but only after 30 years of trial and error have I been able to do so consistently for an entire year. My top tip is to make it fun in someway. I decorate each week with stickers and washi tape and use nice highlighter and pens in it. That way it’s not b…","1258","247","","","","false","false","planner | plan | planning | calendar | bullet journal | journal | app | to do | schedule | organization","adhd","reminder | reminders","long_form_comment | mentions_feature_or_solution | mentions_pain_or_friction | mentions_planner_or_system","63","[THREAD_TITLE]
ADHD planner - what works? what doesn’t?

[THREAD_BODY]
I have a student w/ADHD who needs a planner. It's my job to get him to actually use it, but all my attempts have been pushed aside and igored. What planners have worked? I am brainstorming, so no information is off the table (well, maybe that side quest about minihorses eating crabapples). What advice, directions, examples, not-to-dos, or other anything-to-considers do you got for me in this process? Thank you :-D Edit: I've read and taken notes on all the feedback. Y'all really love to have strong feelings about planners and I don't suppose you're wrong about any of it. Thank you very much.

[CURRENT_RECORD]
I use a planner with adhd but only after 30 years of trial and error have I been able to do so consistently for an entire year. My top tip is to make it fun in someway. I decorate each week with stickers and washi tape and use nice highlighter and pens in it. That way it’s not boring to use or look at. But even then, I can’t do a bullet journal type deal, I need the structure of a prebuilt planner. Additionally I don’t rely on my planner alone for reminders. Instead, I use it like a tool to plan out my day, rather than a source of truth of everything I need to do. I write what I have in my other tools (my project planning app at work, and my outlook calendar for example) for that day and then I use the planner to keep me on schedule / task. I need multiple ways to track things, otherwise they will slip through the cracks. Realistically, the planner will fail at some point and that’s ok. Building other systems with the planner will help make it less catastrophic when it does happen. But yeah, imo a planner can be helpful for adhd if its used as a tool in the tool box, rather than viewed as the fix to all your planning and organizational issues. It won’t work for everyone and everyone who it does work for probably won’t use it the same way."
"C:\Projects\Web\planner-tdah\research\reddit_data\reddit-ADHD-adhd_planner_what_works_what_doesnt.json","reddit-ADHD-adhd_planner_what_works_what_doesnt","1h13wls","t3_1h13wls","https://www.reddit.com/r/ADHD/comments/1h13wls/adhd_planner_what_works_what_doesnt/","ADHD","r/ADHD","ADHD planner - what works? what doesn’t?","I have a student w/ADHD who needs a planner. It's my job to get him to actually use it, but all my attempts have been pushed aside and igored. What planners have worked? I am brainstorming, so no information is off the table (well, maybe that side quest about minihorses eating crabapples). What advice, directions, examples, not-to-dos, or other anything-to-considers do you got for me in this process? Thank you :-D Edit: I've read and taken notes on all the feedback. Y'all really love to have strong feelings about planners and I don't suppose you're wrong about any of it. Thank you very much.","Questions/Advice","1732712933.0","2024-11-27T13:08:53+00:00","59","59","0.92","120","224e0411ccc9e1af","","reddit-ADHD-adhd_planner_what_works_what_doesnt:comment:lz9lfsh","comment","lz9lfsh","t1_lz9lfsh","https://www.reddit.com/r/ADHD/comments/1h13wls/adhd_planner_what_works_what_doesnt/lz9lfsh/","/r/ADHD/comments/1h13wls/adhd_planner_what_works_what_doesnt/lz9lfsh/","t3_1h13wls","post","","lz9lfsh","0","true","lz9lfsh","1e51cb01881e693f","","","false","false","","-2","-2","0","0","1","1732726187.0","2024-11-27T16:49:47+00:00","false","False","","false","false","true","false","This is not the way. Planners do not work with ADHD at all","This is not the way. Planners do not work with ADHD at all","58","13","","","","false","false","planner | planners | plan","adhd","","mentions_pain_or_friction | mentions_planner_or_system","20","[THREAD_TITLE]
ADHD planner - what works? what doesn’t?

[THREAD_BODY]
I have a student w/ADHD who needs a planner. It's my job to get him to actually use it, but all my attempts have been pushed aside and igored. What planners have worked? I am brainstorming, so no information is off the table (well, maybe that side quest about minihorses eating crabapples). What advice, directions, examples, not-to-dos, or other anything-to-considers do you got for me in this process? Thank you :-D Edit: I've read and taken notes on all the feedback. Y'all really love to have strong feelings about planners and I don't suppose you're wrong about any of it. Thank you very much.

[CURRENT_RECORD]
This is not the way. Planners do not work with ADHD at all"
"C:\Projects\Web\planner-tdah\research\reddit_data\reddit-ADHD-adhd_planner_what_works_what_doesnt.json","reddit-ADHD-adhd_planner_what_works_what_doesnt","1h13wls","t3_1h13wls","https://www.reddit.com/r/ADHD/comments/1h13wls/adhd_planner_what_works_what_doesnt/","ADHD","r/ADHD","ADHD planner - what works? what doesn’t?","I have a student w/ADHD who needs a planner. It's my job to get him to actually use it, but all my attempts have been pushed aside and igored. What planners have worked? I am brainstorming, so no information is off the table (well, maybe that side quest about minihorses eating crabapples). What advice, directions, examples, not-to-dos, or other anything-to-considers do you got for me in this process? Thank you :-D Edit: I've read and taken notes on all the feedback. Y'all really love to have strong feelings about planners and I don't suppose you're wrong about any of it. Thank you very much.","Questions/Advice","1732712933.0","2024-11-27T13:08:53+00:00","59","59","0.92","120","224e0411ccc9e1af","","reddit-ADHD-adhd_planner_what_works_what_doesnt:comment:lz9rhj6","comment","lz9rhj6","t1_lz9rhj6","https://www.reddit.com/r/ADHD/comments/1h13wls/adhd_planner_what_works_what_doesnt/lz9rhj6/","/r/ADHD/comments/1h13wls/adhd_planner_what_works_what_doesnt/lz9rhj6/","t1_lz9lfsh","comment","lz9lfsh","lz9lfsh","1","false","lz9lfsh > lz9rhj6","5071ee6e9b549724","","","false","false","","2","2","0","0","1","1732728062.0","2024-11-27T17:21:02+00:00","false","False","","false","false","true","false","Planners work fine for some people with ADHD when they choose and set them up themselves. With medication.","Planners work fine for some people with ADHD when they choose and set them up themselves. With medication.","106","18","This is not the way. Planners do not work with ADHD at all","This is not the way. Planners do not work with ADHD at all","","false","false","planner | planners | plan","adhd","","mentions_pain_or_friction | mentions_planner_or_system","20","[THREAD_TITLE]
ADHD planner - what works? what doesn’t?

[THREAD_BODY]
I have a student w/ADHD who needs a planner. It's my job to get him to actually use it, but all my attempts have been pushed aside and igored. What planners have worked? I am brainstorming, so no information is off the table (well, maybe that side quest about minihorses eating crabapples). What advice, directions, examples, not-to-dos, or other anything-to-considers do you got for me in this process? Thank you :-D Edit: I've read and taken notes on all the feedback. Y'all really love to have strong feelings about planners and I don't suppose you're wrong about any of it. Thank you very much.

[PARENT_COMMENT_CONTEXT]
This is not the way. Planners do not work with ADHD at all

[CURRENT_RECORD]
Planners work fine for some people with ADHD when they choose and set them up themselves. With medication."
"C:\Projects\Web\planner-tdah\research\reddit_data\reddit-ADHD-adhd_planner_what_works_what_doesnt.json","reddit-ADHD-adhd_planner_what_works_what_doesnt","1h13wls","t3_1h13wls","https://www.reddit.com/r/ADHD/comments/1h13wls/adhd_planner_what_works_what_doesnt/","ADHD","r/ADHD","ADHD planner - what works? what doesn’t?","I have a student w/ADHD who needs a planner. It's my job to get him to actually use it, but all my attempts have been pushed aside and igored. What planners have worked? I am brainstorming, so no information is off the table (well, maybe that side quest about minihorses eating crabapples). What advice, directions, examples, not-to-dos, or other anything-to-considers do you got for me in this process? Thank you :-D Edit: I've read and taken notes on all the feedback. Y'all really love to have strong feelings about planners and I don't suppose you're wrong about any of it. Thank you very much.","Questions/Advice","1732712933.0","2024-11-27T13:08:53+00:00","59","59","0.92","120","224e0411ccc9e1af","","reddit-ADHD-adhd_planner_what_works_what_doesnt:comment:lz9zb5n","comment","lz9zb5n","t1_lz9zb5n","https://www.reddit.com/r/ADHD/comments/1h13wls/adhd_planner_what_works_what_doesnt/lz9zb5n/","/r/ADHD/comments/1h13wls/adhd_planner_what_works_what_doesnt/lz9zb5n/","t1_lz9rhj6","comment","lz9rhj6","lz9lfsh","2","false","lz9lfsh > lz9rhj6 > lz9zb5n","1e51cb01881e693f","","","false","false","","-1","-1","0","0","1","1732730464.0","2024-11-27T18:01:04+00:00","false","False","","false","false","true","false","They don't, but please tell me how my adhd works","They don't, but please tell me how my adhd works","48","10","Planners work fine for some people with ADHD when they choose and set them up themselves. With medication.","This is not the way. Planners do not work with ADHD at all","","false","false","","adhd","","mentions_pain_or_friction","8","[THREAD_TITLE]
ADHD planner - what works? what doesn’t?

[THREAD_BODY]
I have a student w/ADHD who needs a planner. It's my job to get him to actually use it, but all my attempts have been pushed aside and igored. What planners have worked? I am brainstorming, so no information is off the table (well, maybe that side quest about minihorses eating crabapples). What advice, directions, examples, not-to-dos, or other anything-to-considers do you got for me in this process? Thank you :-D Edit: I've read and taken notes on all the feedback. Y'all really love to have strong feelings about planners and I don't suppose you're wrong about any of it. Thank you very much.

[ROOT_COMMENT_CONTEXT]
This is not the way. Planners do not work with ADHD at all

[PARENT_COMMENT_CONTEXT]
Planners work fine for some people with ADHD when they choose and set them up themselves. With medication.

[CURRENT_RECORD]
They don't, but please tell me how my adhd works"
"C:\Projects\Web\planner-tdah\research\reddit_data\reddit-ADHD-adhd_planner_what_works_what_doesnt.json","reddit-ADHD-adhd_planner_what_works_what_doesnt","1h13wls","t3_1h13wls","https://www.reddit.com/r/ADHD/comments/1h13wls/adhd_planner_what_works_what_doesnt/","ADHD","r/ADHD","ADHD planner - what works? what doesn’t?","I have a student w/ADHD who needs a planner. It's my job to get him to actually use it, but all my attempts have been pushed aside and igored. What planners have worked? I am brainstorming, so no information is off the table (well, maybe that side quest about minihorses eating crabapples). What advice, directions, examples, not-to-dos, or other anything-to-considers do you got for me in this process? Thank you :-D Edit: I've read and taken notes on all the feedback. Y'all really love to have strong feelings about planners and I don't suppose you're wrong about any of it. Thank you very much.","Questions/Advice","1732712933.0","2024-11-27T13:08:53+00:00","59","59","0.92","120","224e0411ccc9e1af","","reddit-ADHD-adhd_planner_what_works_what_doesnt:comment:lza1gvi","comment","lza1gvi","t1_lza1gvi","https://www.reddit.com/r/ADHD/comments/1h13wls/adhd_planner_what_works_what_doesnt/lza1gvi/","/r/ADHD/comments/1h13wls/adhd_planner_what_works_what_doesnt/lza1gvi/","t1_lz9zb5n","comment","lz9zb5n","lz9lfsh","3","false","lz9lfsh > lz9rhj6 > lz9zb5n > lza1gvi","5071ee6e9b549724","","","false","false","","2","2","0","0","1","1732731125.0","2024-11-27T18:12:05+00:00","false","False","","false","false","true","false","They do. You know how I know? Because I have ADHD and mine works for me. Or is yours the only ADHD that counts?","They do. You know how I know? Because I have ADHD and mine works for me. Or is yours the only ADHD that counts?","111","24","They don't, but please tell me how my adhd works","This is not the way. Planners do not work with ADHD at all","","true","true","","adhd","","contains_question | mentions_pain_or_friction | mentions_working_solution_or_recommendation","26","[THREAD_TITLE]
ADHD planner - what works? what doesn’t?

[THREAD_BODY]
I have a student w/ADHD who needs a planner. It's my job to get him to actually use it, but all my attempts have been pushed aside and igored. What planners have worked? I am brainstorming, so no information is off the table (well, maybe that side quest about minihorses eating crabapples). What advice, directions, examples, not-to-dos, or other anything-to-considers do you got for me in this process? Thank you :-D Edit: I've read and taken notes on all the feedback. Y'all really love to have strong feelings about planners and I don't suppose you're wrong about any of it. Thank you very much.

[ROOT_COMMENT_CONTEXT]
This is not the way. Planners do not work with ADHD at all

[PARENT_COMMENT_CONTEXT]
They don't, but please tell me how my adhd works

[CURRENT_RECORD]
They do. You know how I know? Because I have ADHD and mine works for me. Or is yours the only ADHD that counts?"
"C:\Projects\Web\planner-tdah\research\reddit_data\reddit-ADHD-adhd_planner_what_works_what_doesnt.json","reddit-ADHD-adhd_planner_what_works_what_doesnt","1h13wls","t3_1h13wls","https://www.reddit.com/r/ADHD/comments/1h13wls/adhd_planner_what_works_what_doesnt/","ADHD","r/ADHD","ADHD planner - what works? what doesn’t?","I have a student w/ADHD who needs a planner. It's my job to get him to actually use it, but all my attempts have been pushed aside and igored. What planners have worked? I am brainstorming, so no information is off the table (well, maybe that side quest about minihorses eating crabapples). What advice, directions, examples, not-to-dos, or other anything-to-considers do you got for me in this process? Thank you :-D Edit: I've read and taken notes on all the feedback. Y'all really love to have strong feelings about planners and I don't suppose you're wrong about any of it. Thank you very much.","Questions/Advice","1732712933.0","2024-11-27T13:08:53+00:00","59","59","0.92","120","224e0411ccc9e1af","","reddit-ADHD-adhd_planner_what_works_what_doesnt:comment:lza1qf3","comment","lza1qf3","t1_lza1qf3","https://www.reddit.com/r/ADHD/comments/1h13wls/adhd_planner_what_works_what_doesnt/lza1qf3/","/r/ADHD/comments/1h13wls/adhd_planner_what_works_what_doesnt/lza1qf3/","t1_lza1gvi","comment","lza1gvi","lz9lfsh","4","false","lz9lfsh > lz9rhj6 > lz9zb5n > lza1gvi > lza1qf3","1e51cb01881e693f","","","false","false","","-1","-1","0","0","1","1732731208.0","2024-11-27T18:13:28+00:00","false","False","","false","false","true","false","How do you say fuck off you your language?","How do you say fuck off you your language?","42","9","They do. You know how I know? Because I have ADHD and mine works for me. Or is yours the only ADHD that counts?","This is not the way. Planners do not work with ADHD at all","","true","false","","","","contains_question","3","[THREAD_TITLE]
ADHD planner - what works? what doesn’t?

[THREAD_BODY]
I have a student w/ADHD who needs a planner. It's my job to get him to actually use it, but all my attempts have been pushed aside and igored. What planners have worked? I am brainstorming, so no information is off the table (well, maybe that side quest about minihorses eating crabapples). What advice, directions, examples, not-to-dos, or other anything-to-considers do you got for me in this process? Thank you :-D Edit: I've read and taken notes on all the feedback. Y'all really love to have strong feelings about planners and I don't suppose you're wrong about any of it. Thank you very much.

[ROOT_COMMENT_CONTEXT]
This is not the way. Planners do not work with ADHD at all

[PARENT_COMMENT_CONTEXT]
They do. You know how I know? Because I have ADHD and mine works for me. Or is yours the only ADHD that counts?

[CURRENT_RECORD]
How do you say fuck off you your language?"
"C:\Projects\Web\planner-tdah\research\reddit_data\reddit-ADHD-adhd_planner_what_works_what_doesnt.json","reddit-ADHD-adhd_planner_what_works_what_doesnt","1h13wls","t3_1h13wls","https://www.reddit.com/r/ADHD/comments/1h13wls/adhd_planner_what_works_what_doesnt/","ADHD","r/ADHD","ADHD planner - what works? what doesn’t?","I have a student w/ADHD who needs a planner. It's my job to get him to actually use it, but all my attempts have been pushed aside and igored. What planners have worked? I am brainstorming, so no information is off the table (well, maybe that side quest about minihorses eating crabapples). What advice, directions, examples, not-to-dos, or other anything-to-considers do you got for me in this process? Thank you :-D Edit: I've read and taken notes on all the feedback. Y'all really love to have strong feelings about planners and I don't suppose you're wrong about any of it. Thank you very much.","Questions/Advice","1732712933.0","2024-11-27T13:08:53+00:00","59","59","0.92","120","224e0411ccc9e1af","","reddit-ADHD-adhd_planner_what_works_what_doesnt:comment:lzfuvaa","comment","lzfuvaa","t1_lzfuvaa","https://www.reddit.com/r/ADHD/comments/1h13wls/adhd_planner_what_works_what_doesnt/lzfuvaa/","/r/ADHD/comments/1h13wls/adhd_planner_what_works_what_doesnt/lzfuvaa/","t1_lza1qf3","comment","lza1qf3","lz9lfsh","5","false","lz9lfsh > lz9rhj6 > lz9zb5n > lza1gvi > lza1qf3 > lzfuvaa","224e0411ccc9e1af","","","true","false","","0","0","0","0","0","1732817339.0","2024-11-28T18:08:59+00:00","false","False","","false","false","true","false","Pho ::cough::","Pho ::cough::","13","2","How do you say fuck off you your language?","This is not the way. Planners do not work with ADHD at all","","false","false","","","","","0","[THREAD_TITLE]
ADHD planner - what works? what doesn’t?

[THREAD_BODY]
I have a student w/ADHD who needs a planner. It's my job to get him to actually use it, but all my attempts have been pushed aside and igored. What planners have worked? I am brainstorming, so no information is off the table (well, maybe that side quest about minihorses eating crabapples). What advice, directions, examples, not-to-dos, or other anything-to-considers do you got for me in this process? Thank you :-D Edit: I've read and taken notes on all the feedback. Y'all really love to have strong feelings about planners and I don't suppose you're wrong about any of it. Thank you very much.

[ROOT_COMMENT_CONTEXT]
This is not the way. Planners do not work with ADHD at all

[PARENT_COMMENT_CONTEXT]
How do you say fuck off you your language?

[CURRENT_RECORD]
Pho ::cough::"
