"source_file","source_file_stem","thread_id","thread_fullname","thread_url","subreddit","subreddit_prefixed","thread_title","thread_selftext_clean","thread_flair","thread_created_utc","thread_created_iso","thread_score","thread_ups","thread_upvote_ratio","thread_num_comments","thread_author_hash","thread_author_public","record_id","record_type","comment_id","comment_fullname","comment_url","comment_permalink","parent_id_raw","parent_type","parent_comment_id","root_comment_id","depth","is_top_level","path_ids","author_hash","author_public","author_flair_text","is_submitter","stickied","distinguished","score","ups","downs","controversiality","reply_count_direct","created_utc","created_iso","edited","edited_utc","edited_iso","collapsed","locked","archived","score_hidden","body_clean","body_excerpt_280","body_length_chars","body_word_count","parent_body_excerpt","root_body_excerpt","text_urls","contains_question","contains_recommendation_language","planner_terms_found","pain_terms_found","feature_terms_found","signal_tags","relevance_score_0_100","text_for_ai"
"C:\Projects\Web\planner-tdah\research\reddit_data\reddit-Notion-adhd_use_of_notion_on_a_tablet.json","reddit-Notion-adhd_use_of_notion_on_a_tablet","1e4wqs2","t3_1e4wqs2","https://www.reddit.com/r/Notion/comments/1e4wqs2/adhd_use_of_notion_on_a_tablet/","Notion","r/Notion","ADHD use of Notion on a tablet","Hi, I have ADHD (genuine, mid 40s), and have various hacks to make life work. Organisation of ""boring things"" (finance, to do lists, planning) is my Achilles heel (like many of us) I use Notion in a haphazard way, that works extremely well for me due to the speed of entering data. I've been reading a lot about ADHD people who've dramatically improved their lives through use of eInk tablets (primarily as there is less ability to be distracted). I was wondering if anyone (ideally with ADHD or similar) has found a system/device for organising their life (eg an eInk tablet that loads Notion well, or an alternative way they've integrated to Notion for one) Or a completely different/non Notion way they've managed to organise themselves. Thanks for your time.","Question","1721156275","2024-07-16T18:57:55+00:00","7","7","0.82","22","","","reddit-Notion-adhd_use_of_notion_on_a_tablet:post:1e4wqs2","thread_post","","","https://www.reddit.com/r/Notion/comments/1e4wqs2/adhd_use_of_notion_on_a_tablet/","/r/Notion/comments/1e4wqs2/adhd_use_of_notion_on_a_tablet/","","","","","","","","","","","true","false","","7","7","0","","","1721156275","2024-07-16T18:57:55+00:00","false","False","","","false","false","false","ADHD use of Notion on a tablet Hi, I have ADHD (genuine, mid 40s), and have various hacks to make life work. Organisation of ""boring things"" (finance, to do lists, planning) is my Achilles heel (like many of us) I use Notion in a haphazard way, that works extremely well for me due to the speed of entering data. I've been reading a lot about ADHD people who've dramatically improved their lives through use of eInk tablets (primarily as there is less ability to be distracted). I was wondering if anyone (ideally with ADHD or similar) has found a system/device for organising their life (eg an eInk tablet that loads Notion well, or an alternative way they've integrated to Notion for one) Or a completely different/non Notion way they've managed to organise themselves. Thanks for your time.","ADHD use of Notion on a tablet Hi, I have ADHD (genuine, mid 40s), and have various hacks to make life work. Organisation of ""boring things"" (finance, to do lists, planning) is my Achilles heel (like many of us) I use Notion in a haphazard way, that works extremely well for me d…","793","137","","","","false","false","plan | planning | notion | to do","adhd | time","","forgetfulness_or_time_signal | long_form_comment | mentions_pain_or_friction | mentions_planner_or_system","59","[THREAD_TITLE]
ADHD use of Notion on a tablet

[THREAD_BODY]
Hi, I have ADHD (genuine, mid 40s), and have various hacks to make life work. Organisation of ""boring things"" (finance, to do lists, planning) is my Achilles heel (like many of us) I use Notion in a haphazard way, that works extremely well for me due to the speed of entering data. I've been reading a lot about ADHD people who've dramatically improved their lives through use of eInk tablets (primarily as there is less ability to be distracted). I was wondering if anyone (ideally with ADHD or similar) has found a system/device for organising their life (eg an eInk tablet that loads Notion well, or an alternative way they've integrated to Notion for one) Or a completely different/non Notion way they've managed to organise themselves. Thanks for your time."
"C:\Projects\Web\planner-tdah\research\reddit_data\reddit-Notion-adhd_use_of_notion_on_a_tablet.json","reddit-Notion-adhd_use_of_notion_on_a_tablet","1e4wqs2","t3_1e4wqs2","https://www.reddit.com/r/Notion/comments/1e4wqs2/adhd_use_of_notion_on_a_tablet/","Notion","r/Notion","ADHD use of Notion on a tablet","Hi, I have ADHD (genuine, mid 40s), and have various hacks to make life work. Organisation of ""boring things"" (finance, to do lists, planning) is my Achilles heel (like many of us) I use Notion in a haphazard way, that works extremely well for me due to the speed of entering data. I've been reading a lot about ADHD people who've dramatically improved their lives through use of eInk tablets (primarily as there is less ability to be distracted). I was wondering if anyone (ideally with ADHD or similar) has found a system/device for organising their life (eg an eInk tablet that loads Notion well, or an alternative way they've integrated to Notion for one) Or a completely different/non Notion way they've managed to organise themselves. Thanks for your time.","Question","1721156275","2024-07-16T18:57:55+00:00","7","7","0.82","22","","","reddit-Notion-adhd_use_of_notion_on_a_tablet:comment:ldhtjbh","comment","ldhtjbh","t1_ldhtjbh","https://www.reddit.com/r/Notion/comments/1e4wqs2/adhd_use_of_notion_on_a_tablet/ldhtjbh/","/r/Notion/comments/1e4wqs2/adhd_use_of_notion_on_a_tablet/ldhtjbh/","t3_1e4wqs2","post","","ldhtjbh","0","true","ldhtjbh","1184773d7e94146d","","","false","false","","8","8","0","0","1","1721157107","2024-07-16T19:11:47+00:00","false","False","","false","false","false","false","Past my Notion-phase I went back to using Apple notes (sometimes lists in Google Keep) and Calendar, reminders for some things like ‘Friday is for timesheets at work’ etc. I found Notion too unproductive where trying to optimise it I would just be procrastinating optimising my Notion. Not ADHD (at least not diagnosed, but I suspect I am) but severe procrastination Edit: recently got an iPad and I love viewing calendar on it and also I make some hand notes in Noteful app","Past my Notion-phase I went back to using Apple notes (sometimes lists in Google Keep) and Calendar, reminders for some things like ‘Friday is for timesheets at work’ etc. I found Notion too unproductive where trying to optimise it I would just be procrastinating optimising my N…","474","83","","","","false","true","calendar | notion | app","adhd | time | procrastination","reminder | reminders | notes","mentions_feature_or_solution | mentions_pain_or_friction | mentions_planner_or_system | mentions_working_solution_or_recommendation","75","[THREAD_TITLE]
ADHD use of Notion on a tablet

[THREAD_BODY]
Hi, I have ADHD (genuine, mid 40s), and have various hacks to make life work. Organisation of ""boring things"" (finance, to do lists, planning) is my Achilles heel (like many of us) I use Notion in a haphazard way, that works extremely well for me due to the speed of entering data. I've been reading a lot about ADHD people who've dramatically improved their lives through use of eInk tablets (primarily as there is less ability to be distracted). I was wondering if anyone (ideally with ADHD or similar) has found a system/device for organising their life (eg an eInk tablet that loads Notion well, or an alternative way they've integrated to Notion for one) Or a completely different/non Notion way they've managed to organise themselves. Thanks for your time.

[CURRENT_RECORD]
Past my Notion-phase I went back to using Apple notes (sometimes lists in Google Keep) and Calendar, reminders for some things like ‘Friday is for timesheets at work’ etc. I found Notion too unproductive where trying to optimise it I would just be procrastinating optimising my Notion. Not ADHD (at least not diagnosed, but I suspect I am) but severe procrastination Edit: recently got an iPad and I love viewing calendar on it and also I make some hand notes in Noteful app"
"C:\Projects\Web\planner-tdah\research\reddit_data\reddit-Notion-adhd_use_of_notion_on_a_tablet.json","reddit-Notion-adhd_use_of_notion_on_a_tablet","1e4wqs2","t3_1e4wqs2","https://www.reddit.com/r/Notion/comments/1e4wqs2/adhd_use_of_notion_on_a_tablet/","Notion","r/Notion","ADHD use of Notion on a tablet","Hi, I have ADHD (genuine, mid 40s), and have various hacks to make life work. Organisation of ""boring things"" (finance, to do lists, planning) is my Achilles heel (like many of us) I use Notion in a haphazard way, that works extremely well for me due to the speed of entering data. I've been reading a lot about ADHD people who've dramatically improved their lives through use of eInk tablets (primarily as there is less ability to be distracted). I was wondering if anyone (ideally with ADHD or similar) has found a system/device for organising their life (eg an eInk tablet that loads Notion well, or an alternative way they've integrated to Notion for one) Or a completely different/non Notion way they've managed to organise themselves. Thanks for your time.","Question","1721156275","2024-07-16T18:57:55+00:00","7","7","0.82","22","","","reddit-Notion-adhd_use_of_notion_on_a_tablet:comment:ldhw3gv","comment","ldhw3gv","t1_ldhw3gv","https://www.reddit.com/r/Notion/comments/1e4wqs2/adhd_use_of_notion_on_a_tablet/ldhw3gv/","/r/Notion/comments/1e4wqs2/adhd_use_of_notion_on_a_tablet/ldhw3gv/","t1_ldhtjbh","comment","ldhtjbh","ldhtjbh","1","false","ldhtjbh > ldhw3gv","","","","false","false","","7","7","0","0","2","1721157935","2024-07-16T19:25:35+00:00","false","False","","false","false","false","false","Thankyou for your reply. I have wondered about this… ADHD is such a sneaky bard and often what you think is “progress” is actually the dopamine reward from repeatedly moving from one “final organisation system that will solve everything” to the next one, and never actually solving your primary organisation issue. I would 100% go down the Apple ecosystem, but my work is stoically a windows world that blocks the online version of iCloud, so I’d have to switch devices mid work which isn’t ideal. I will ponder this though as quite a few successful ADHD organisers advocate simply maintaining a massive “Notes” document on their iOS devices","Thankyou for your reply. I have wondered about this… ADHD is such a sneaky bard and often what you think is “progress” is actually the dopamine reward from repeatedly moving from one “final organisation system that will solve everything” to the next one, and never actually solvi…","641","108","Past my Notion-phase I went back to using Apple notes (sometimes lists in Google Keep) and Calendar, reminders for some things like ‘Friday is for timesheets at work’ etc. I found Notion too unproductive where trying to optimise it I would just be procrastinating optimising my Notion. Not ADHD (at least not diagnosed, but I suspect I am) but severe procrastination Edit: recently got an iPad and I love viewing calendar on it and also I make some hand notes in Noteful app","Past my Notion-phase I went back to using Apple notes (sometimes lists in Google Keep) and Calendar, reminders for some things like ‘Friday is for timesheets at work’ etc. I found Notion too unproductive where trying to optimise it I would just be procrastinating optimising my Notion. Not ADHD (at least not diagnosed, but I suspect I am) but severe procrastination Edit: recently got an iPad and I love viewing calendar on it and also I make some hand notes in Noteful app","","false","false","app","adhd","notes","long_form_comment | mentions_feature_or_solution | mentions_pain_or_friction | mentions_planner_or_system","41","[THREAD_TITLE]
ADHD use of Notion on a tablet

[THREAD_BODY]
Hi, I have ADHD (genuine, mid 40s), and have various hacks to make life work. Organisation of ""boring things"" (finance, to do lists, planning) is my Achilles heel (like many of us) I use Notion in a haphazard way, that works extremely well for me due to the speed of entering data. I've been reading a lot about ADHD people who've dramatically improved their lives through use of eInk tablets (primarily as there is less ability to be distracted). I was wondering if anyone (ideally with ADHD or similar) has found a system/device for organising their life (eg an eInk tablet that loads Notion well, or an alternative way they've integrated to Notion for one) Or a completely different/non Notion way they've managed to organise themselves. Thanks for your time.

[PARENT_COMMENT_CONTEXT]
Past my Notion-phase I went back to using Apple notes (sometimes lists in Google Keep) and Calendar, reminders for some things like ‘Friday is for timesheets at work’ etc. I found Notion too unproductive where trying to optimise it I would just be procrastinating optimising my Notion. Not ADHD (at least not diagnosed, but I suspect I am) but severe procrastination Edit: recently got an iPad and I love viewing calendar on it and also I make some hand notes in Noteful app

[CURRENT_RECORD]
Thankyou for your reply. I have wondered about this… ADHD is such a sneaky bard and often what you think is “progress” is actually the dopamine reward from repeatedly moving from one “final organisation system that will solve everything” to the next one, and never actually solving your primary organisation issue. I would 100% go down the Apple ecosystem, but my work is stoically a windows world that blocks the online version of iCloud, so I’d have to switch devices mid work which isn’t ideal. I will ponder this though as quite a few successful ADHD organisers advocate simply maintaining a massive “Notes” document on their iOS devices"
"C:\Projects\Web\planner-tdah\research\reddit_data\reddit-Notion-adhd_use_of_notion_on_a_tablet.json","reddit-Notion-adhd_use_of_notion_on_a_tablet","1e4wqs2","t3_1e4wqs2","https://www.reddit.com/r/Notion/comments/1e4wqs2/adhd_use_of_notion_on_a_tablet/","Notion","r/Notion","ADHD use of Notion on a tablet","Hi, I have ADHD (genuine, mid 40s), and have various hacks to make life work. Organisation of ""boring things"" (finance, to do lists, planning) is my Achilles heel (like many of us) I use Notion in a haphazard way, that works extremely well for me due to the speed of entering data. I've been reading a lot about ADHD people who've dramatically improved their lives through use of eInk tablets (primarily as there is less ability to be distracted). I was wondering if anyone (ideally with ADHD or similar) has found a system/device for organising their life (eg an eInk tablet that loads Notion well, or an alternative way they've integrated to Notion for one) Or a completely different/non Notion way they've managed to organise themselves. Thanks for your time.","Question","1721156275","2024-07-16T18:57:55+00:00","7","7","0.82","22","","","reddit-Notion-adhd_use_of_notion_on_a_tablet:comment:ldhy5n5","comment","ldhy5n5","t1_ldhy5n5","https://www.reddit.com/r/Notion/comments/1e4wqs2/adhd_use_of_notion_on_a_tablet/ldhy5n5/","/r/Notion/comments/1e4wqs2/adhd_use_of_notion_on_a_tablet/ldhy5n5/","t1_ldhw3gv","comment","ldhw3gv","ldhtjbh","2","false","ldhtjbh > ldhw3gv > ldhy5n5","1184773d7e94146d","","","false","false","","3","3","0","0","0","1721158609","2024-07-16T19:36:49+00:00","false","False","","false","false","false","false","Ah, well, I am using a Windows company machine and on that I access Google Keep in the browser and google calendar if I absolutely need to","Ah, well, I am using a Windows company machine and on that I access Google Keep in the browser and google calendar if I absolutely need to","138","27","Thankyou for your reply. I have wondered about this… ADHD is such a sneaky bard and often what you think is “progress” is actually the dopamine reward from repeatedly moving from one “final organisation system that will solve everything” to the next one, and never actually solving your primary organisation issue. I would 100% go down the Apple ecosystem, but my work is stoically a windows world that blocks the online version of iCloud, so I’d have to switch devices mid work which isn’t ideal. I will ponder this though as quite a few successful ADHD organisers advocate simply maintaining a massive “Notes” document on their iOS devices","Past my Notion-phase I went back to using Apple notes (sometimes lists in Google Keep) and Calendar, reminders for some things like ‘Friday is for timesheets at work’ etc. I found Notion too unproductive where trying to optimise it I would just be procrastinating optimising my Notion. Not ADHD (at least not diagnosed, but I suspect I am) but severe procrastination Edit: recently got an iPad and I love viewing calendar on it and also I make some hand notes in Noteful app","","false","false","calendar","","","mentions_planner_or_system","14","[THREAD_TITLE]
ADHD use of Notion on a tablet

[THREAD_BODY]
Hi, I have ADHD (genuine, mid 40s), and have various hacks to make life work. Organisation of ""boring things"" (finance, to do lists, planning) is my Achilles heel (like many of us) I use Notion in a haphazard way, that works extremely well for me due to the speed of entering data. I've been reading a lot about ADHD people who've dramatically improved their lives through use of eInk tablets (primarily as there is less ability to be distracted). I was wondering if anyone (ideally with ADHD or similar) has found a system/device for organising their life (eg an eInk tablet that loads Notion well, or an alternative way they've integrated to Notion for one) Or a completely different/non Notion way they've managed to organise themselves. Thanks for your time.

[ROOT_COMMENT_CONTEXT]
Past my Notion-phase I went back to using Apple notes (sometimes lists in Google Keep) and Calendar, reminders for some things like ‘Friday is for timesheets at work’ etc. I found Notion too unproductive where trying to optimise it I would just be procrastinating optimising my Notion. Not ADHD (at least not diagnosed, but I suspect I am) but severe procrastination Edit: recently got an iPad and I love viewing calendar on it and also I make some hand notes in Noteful app

[PARENT_COMMENT_CONTEXT]
Thankyou for your reply. I have wondered about this… ADHD is such a sneaky bard and often what you think is “progress” is actually the dopamine reward from repeatedly moving from one “final organisation system that will solve everything” to the next one, and never actually solving your primary organisation issue. I would 100% go down the Apple ecosystem, but my work is stoically a windows world that blocks the online version of iCloud, so I’d have to switch devices mid work which isn’t ideal. I will ponder this though as quite a few successful ADHD organisers advocate simply maintaining a massive “Notes” document on their iOS devices

[CURRENT_RECORD]
Ah, well, I am using a Windows company machine and on that I access Google Keep in the browser and google calendar if I absolutely need to"
"C:\Projects\Web\planner-tdah\research\reddit_data\reddit-Notion-adhd_use_of_notion_on_a_tablet.json","reddit-Notion-adhd_use_of_notion_on_a_tablet","1e4wqs2","t3_1e4wqs2","https://www.reddit.com/r/Notion/comments/1e4wqs2/adhd_use_of_notion_on_a_tablet/","Notion","r/Notion","ADHD use of Notion on a tablet","Hi, I have ADHD (genuine, mid 40s), and have various hacks to make life work. Organisation of ""boring things"" (finance, to do lists, planning) is my Achilles heel (like many of us) I use Notion in a haphazard way, that works extremely well for me due to the speed of entering data. I've been reading a lot about ADHD people who've dramatically improved their lives through use of eInk tablets (primarily as there is less ability to be distracted). I was wondering if anyone (ideally with ADHD or similar) has found a system/device for organising their life (eg an eInk tablet that loads Notion well, or an alternative way they've integrated to Notion for one) Or a completely different/non Notion way they've managed to organise themselves. Thanks for your time.","Question","1721156275","2024-07-16T18:57:55+00:00","7","7","0.82","22","","","reddit-Notion-adhd_use_of_notion_on_a_tablet:comment:ldjxuo5","comment","ldjxuo5","t1_ldjxuo5","https://www.reddit.com/r/Notion/comments/1e4wqs2/adhd_use_of_notion_on_a_tablet/ldjxuo5/","/r/Notion/comments/1e4wqs2/adhd_use_of_notion_on_a_tablet/ldjxuo5/","t1_ldhw3gv","comment","ldhw3gv","ldhtjbh","2","false","ldhtjbh > ldhw3gv > ldjxuo5","44bedeaf322e8f98","","","false","false","","2","2","0","0","1","1721184862","2024-07-17T02:54:22+00:00","false","False","","false","false","false","false","if your worksite uses windows, you can use the built in Outlook, and use Microsoft Todo. You're able to schedule reminders if need to, set priority of tasks. It can do a lot, yet is very minimal, which would serve you well giving far less distractions. I hope this helped? :)","if your worksite uses windows, you can use the built in Outlook, and use Microsoft Todo. You're able to schedule reminders if need to, set priority of tasks. It can do a lot, yet is very minimal, which would serve you well giving far less distractions. I hope this helped? :)","275","51","Thankyou for your reply. I have wondered about this… ADHD is such a sneaky bard and often what you think is “progress” is actually the dopamine reward from repeatedly moving from one “final organisation system that will solve everything” to the next one, and never actually solving your primary organisation issue. I would 100% go down the Apple ecosystem, but my work is stoically a windows world that blocks the online version of iCloud, so I’d have to switch devices mid work which isn’t ideal. I will ponder this though as quite a few successful ADHD organisers advocate simply maintaining a massive “Notes” document on their iOS devices","Past my Notion-phase I went back to using Apple notes (sometimes lists in Google Keep) and Calendar, reminders for some things like ‘Friday is for timesheets at work’ etc. I found Notion too unproductive where trying to optimise it I would just be procrastinating optimising my Notion. Not ADHD (at least not diagnosed, but I suspect I am) but severe procrastination Edit: recently got an iPad and I love viewing calendar on it and also I make some hand notes in Noteful app","","true","true","todo | schedule","tasks","minimal | reminder | reminders","contains_question | mentions_feature_or_solution | mentions_pain_or_friction | mentions_planner_or_system | mentions_working_solution_or_recommendation","46","[THREAD_TITLE]
ADHD use of Notion on a tablet

[THREAD_BODY]
Hi, I have ADHD (genuine, mid 40s), and have various hacks to make life work. Organisation of ""boring things"" (finance, to do lists, planning) is my Achilles heel (like many of us) I use Notion in a haphazard way, that works extremely well for me due to the speed of entering data. I've been reading a lot about ADHD people who've dramatically improved their lives through use of eInk tablets (primarily as there is less ability to be distracted). I was wondering if anyone (ideally with ADHD or similar) has found a system/device for organising their life (eg an eInk tablet that loads Notion well, or an alternative way they've integrated to Notion for one) Or a completely different/non Notion way they've managed to organise themselves. Thanks for your time.

[ROOT_COMMENT_CONTEXT]
Past my Notion-phase I went back to using Apple notes (sometimes lists in Google Keep) and Calendar, reminders for some things like ‘Friday is for timesheets at work’ etc. I found Notion too unproductive where trying to optimise it I would just be procrastinating optimising my Notion. Not ADHD (at least not diagnosed, but I suspect I am) but severe procrastination Edit: recently got an iPad and I love viewing calendar on it and also I make some hand notes in Noteful app

[PARENT_COMMENT_CONTEXT]
Thankyou for your reply. I have wondered about this… ADHD is such a sneaky bard and often what you think is “progress” is actually the dopamine reward from repeatedly moving from one “final organisation system that will solve everything” to the next one, and never actually solving your primary organisation issue. I would 100% go down the Apple ecosystem, but my work is stoically a windows world that blocks the online version of iCloud, so I’d have to switch devices mid work which isn’t ideal. I will ponder this though as quite a few successful ADHD organisers advocate simply maintaining a massive “Notes” document on their iOS devices

[CURRENT_RECORD]
if your worksite uses windows, you can use the built in Outlook, and use Microsoft Todo. You're able to schedule reminders if need to, set priority of tasks. It can do a lot, yet is very minimal, which would serve you well giving far less distractions. I hope this helped? :)"
"C:\Projects\Web\planner-tdah\research\reddit_data\reddit-Notion-adhd_use_of_notion_on_a_tablet.json","reddit-Notion-adhd_use_of_notion_on_a_tablet","1e4wqs2","t3_1e4wqs2","https://www.reddit.com/r/Notion/comments/1e4wqs2/adhd_use_of_notion_on_a_tablet/","Notion","r/Notion","ADHD use of Notion on a tablet","Hi, I have ADHD (genuine, mid 40s), and have various hacks to make life work. Organisation of ""boring things"" (finance, to do lists, planning) is my Achilles heel (like many of us) I use Notion in a haphazard way, that works extremely well for me due to the speed of entering data. I've been reading a lot about ADHD people who've dramatically improved their lives through use of eInk tablets (primarily as there is less ability to be distracted). I was wondering if anyone (ideally with ADHD or similar) has found a system/device for organising their life (eg an eInk tablet that loads Notion well, or an alternative way they've integrated to Notion for one) Or a completely different/non Notion way they've managed to organise themselves. Thanks for your time.","Question","1721156275","2024-07-16T18:57:55+00:00","7","7","0.82","22","","","reddit-Notion-adhd_use_of_notion_on_a_tablet:comment:ldl3xhq","comment","ldl3xhq","t1_ldl3xhq","https://www.reddit.com/r/Notion/comments/1e4wqs2/adhd_use_of_notion_on_a_tablet/ldl3xhq/","/r/Notion/comments/1e4wqs2/adhd_use_of_notion_on_a_tablet/ldl3xhq/","t1_ldjxuo5","comment","ldjxuo5","ldhtjbh","3","false","ldhtjbh > ldhw3gv > ldjxuo5 > ldl3xhq","","","","false","false","","2","2","0","0","1","1721209432","2024-07-17T09:43:52+00:00","false","False","","false","false","false","false","Thankyou that is helpful :-)","Thankyou that is helpful :-)","28","5","if your worksite uses windows, you can use the built in Outlook, and use Microsoft Todo. You're able to schedule reminders if need to, set priority of tasks. It can do a lot, yet is very minimal, which would serve you well giving far less distractions. I hope this helped? :)","Past my Notion-phase I went back to using Apple notes (sometimes lists in Google Keep) and Calendar, reminders for some things like ‘Friday is for timesheets at work’ etc. I found Notion too unproductive where trying to optimise it I would just be procrastinating optimising my Notion. Not ADHD (at least not diagnosed, but I suspect I am) but severe procrastination Edit: recently got an iPad and I love viewing calendar on it and also I make some hand notes in Noteful app","","false","false","","","","","3","[THREAD_TITLE]
ADHD use of Notion on a tablet

[THREAD_BODY]
Hi, I have ADHD (genuine, mid 40s), and have various hacks to make life work. Organisation of ""boring things"" (finance, to do lists, planning) is my Achilles heel (like many of us) I use Notion in a haphazard way, that works extremely well for me due to the speed of entering data. I've been reading a lot about ADHD people who've dramatically improved their lives through use of eInk tablets (primarily as there is less ability to be distracted). I was wondering if anyone (ideally with ADHD or similar) has found a system/device for organising their life (eg an eInk tablet that loads Notion well, or an alternative way they've integrated to Notion for one) Or a completely different/non Notion way they've managed to organise themselves. Thanks for your time.

[ROOT_COMMENT_CONTEXT]
Past my Notion-phase I went back to using Apple notes (sometimes lists in Google Keep) and Calendar, reminders for some things like ‘Friday is for timesheets at work’ etc. I found Notion too unproductive where trying to optimise it I would just be procrastinating optimising my Notion. Not ADHD (at least not diagnosed, but I suspect I am) but severe procrastination Edit: recently got an iPad and I love viewing calendar on it and also I make some hand notes in Noteful app

[PARENT_COMMENT_CONTEXT]
if your worksite uses windows, you can use the built in Outlook, and use Microsoft Todo. You're able to schedule reminders if need to, set priority of tasks. It can do a lot, yet is very minimal, which would serve you well giving far less distractions. I hope this helped? :)

[CURRENT_RECORD]
Thankyou that is helpful :-)"
"C:\Projects\Web\planner-tdah\research\reddit_data\reddit-Notion-adhd_use_of_notion_on_a_tablet.json","reddit-Notion-adhd_use_of_notion_on_a_tablet","1e4wqs2","t3_1e4wqs2","https://www.reddit.com/r/Notion/comments/1e4wqs2/adhd_use_of_notion_on_a_tablet/","Notion","r/Notion","ADHD use of Notion on a tablet","Hi, I have ADHD (genuine, mid 40s), and have various hacks to make life work. Organisation of ""boring things"" (finance, to do lists, planning) is my Achilles heel (like many of us) I use Notion in a haphazard way, that works extremely well for me due to the speed of entering data. I've been reading a lot about ADHD people who've dramatically improved their lives through use of eInk tablets (primarily as there is less ability to be distracted). I was wondering if anyone (ideally with ADHD or similar) has found a system/device for organising their life (eg an eInk tablet that loads Notion well, or an alternative way they've integrated to Notion for one) Or a completely different/non Notion way they've managed to organise themselves. Thanks for your time.","Question","1721156275","2024-07-16T18:57:55+00:00","7","7","0.82","22","","","reddit-Notion-adhd_use_of_notion_on_a_tablet:comment:ldl58u5","comment","ldl58u5","t1_ldl58u5","https://www.reddit.com/r/Notion/comments/1e4wqs2/adhd_use_of_notion_on_a_tablet/ldl58u5/","/r/Notion/comments/1e4wqs2/adhd_use_of_notion_on_a_tablet/ldl58u5/","t1_ldl3xhq","comment","ldl3xhq","ldhtjbh","4","false","ldhtjbh > ldhw3gv > ldjxuo5 > ldl3xhq > ldl58u5","44bedeaf322e8f98","","","false","false","","2","2","0","0","0","1721210296","2024-07-17T09:58:16+00:00","false","False","","false","false","false","false",":)",":)","2","1","Thankyou that is helpful :-)","Past my Notion-phase I went back to using Apple notes (sometimes lists in Google Keep) and Calendar, reminders for some things like ‘Friday is for timesheets at work’ etc. I found Notion too unproductive where trying to optimise it I would just be procrastinating optimising my Notion. Not ADHD (at least not diagnosed, but I suspect I am) but severe procrastination Edit: recently got an iPad and I love viewing calendar on it and also I make some hand notes in Noteful app","","false","false","","","","","0","[THREAD_TITLE]
ADHD use of Notion on a tablet

[THREAD_BODY]
Hi, I have ADHD (genuine, mid 40s), and have various hacks to make life work. Organisation of ""boring things"" (finance, to do lists, planning) is my Achilles heel (like many of us) I use Notion in a haphazard way, that works extremely well for me due to the speed of entering data. I've been reading a lot about ADHD people who've dramatically improved their lives through use of eInk tablets (primarily as there is less ability to be distracted). I was wondering if anyone (ideally with ADHD or similar) has found a system/device for organising their life (eg an eInk tablet that loads Notion well, or an alternative way they've integrated to Notion for one) Or a completely different/non Notion way they've managed to organise themselves. Thanks for your time.

[ROOT_COMMENT_CONTEXT]
Past my Notion-phase I went back to using Apple notes (sometimes lists in Google Keep) and Calendar, reminders for some things like ‘Friday is for timesheets at work’ etc. I found Notion too unproductive where trying to optimise it I would just be procrastinating optimising my Notion. Not ADHD (at least not diagnosed, but I suspect I am) but severe procrastination Edit: recently got an iPad and I love viewing calendar on it and also I make some hand notes in Noteful app

[PARENT_COMMENT_CONTEXT]
Thankyou that is helpful :-)

[CURRENT_RECORD]
:)"
"C:\Projects\Web\planner-tdah\research\reddit_data\reddit-Notion-adhd_use_of_notion_on_a_tablet.json","reddit-Notion-adhd_use_of_notion_on_a_tablet","1e4wqs2","t3_1e4wqs2","https://www.reddit.com/r/Notion/comments/1e4wqs2/adhd_use_of_notion_on_a_tablet/","Notion","r/Notion","ADHD use of Notion on a tablet","Hi, I have ADHD (genuine, mid 40s), and have various hacks to make life work. Organisation of ""boring things"" (finance, to do lists, planning) is my Achilles heel (like many of us) I use Notion in a haphazard way, that works extremely well for me due to the speed of entering data. I've been reading a lot about ADHD people who've dramatically improved their lives through use of eInk tablets (primarily as there is less ability to be distracted). I was wondering if anyone (ideally with ADHD or similar) has found a system/device for organising their life (eg an eInk tablet that loads Notion well, or an alternative way they've integrated to Notion for one) Or a completely different/non Notion way they've managed to organise themselves. Thanks for your time.","Question","1721156275","2024-07-16T18:57:55+00:00","7","7","0.82","22","","","reddit-Notion-adhd_use_of_notion_on_a_tablet:comment:ldjjd2j","comment","ldjjd2j","t1_ldjjd2j","https://www.reddit.com/r/Notion/comments/1e4wqs2/adhd_use_of_notion_on_a_tablet/ldjjd2j/","/r/Notion/comments/1e4wqs2/adhd_use_of_notion_on_a_tablet/ldjjd2j/","t3_1e4wqs2","post","","ldjjd2j","0","true","ldjjd2j","cbadaa8c9ef73fa6","","","false","false","","4","4","0","0","2","1721178985","2024-07-17T01:16:25+00:00","false","False","","false","false","false","false","Do you use the basic Task/Projects database combo? That seems to be the way for me. Everything is a Project... housework, client work, personal projects, friends are a project, personal organization, meal planning, money management etc... and then inside each project I assign tasks. I can either set a date to be reminded about it (which I do end up rescheduling repeatedly but I like to keep it coming back up in my inbox) or just set it without a date and when i feel like working on that project I'll see what tasks are ready for me to do. I also have a little dashboard set up with some filters to view the tasks in different ways (based on date, project, status etc) but I find I don't use that. I usually go to the projects page and work from there. Anything that needs to get done gets a date with a reminder. anything else... I get to it when I get to it. if it's super important I'll change the priority to Urgent. I also added a checkbox property in my tasks database called ""Deadline"" so I know if the end date I assigned is actually a hard deadline or just when I decided to do it. I actually have a similar ""Begins on"" checkbox if something can't be done before a certain date, or if it's an event. You can get more fancy than that but as someone who also has ADHD, the important thing getting it out of your head and into your system. Don't worry about making a perfect system. Also keep in mind that inside of any page you can type ""@remind"" and it will remind you about that specific thing you wrote, wherever it happens to be inside Notion. Best of luck!","Do you use the basic Task/Projects database combo? That seems to be the way for me. Everything is a Project... housework, client work, personal projects, friends are a project, personal organization, meal planning, money management etc... and then inside each project I assign ta…","1572","299","","","","true","false","plan | planning | notion | app | to do | organization","adhd | tasks","reminder | change","contains_question | long_form_comment | mentions_feature_or_solution | mentions_pain_or_friction | mentions_planner_or_system | novelty_or_format_change_signal","71","[THREAD_TITLE]
ADHD use of Notion on a tablet

[THREAD_BODY]
Hi, I have ADHD (genuine, mid 40s), and have various hacks to make life work. Organisation of ""boring things"" (finance, to do lists, planning) is my Achilles heel (like many of us) I use Notion in a haphazard way, that works extremely well for me due to the speed of entering data. I've been reading a lot about ADHD people who've dramatically improved their lives through use of eInk tablets (primarily as there is less ability to be distracted). I was wondering if anyone (ideally with ADHD or similar) has found a system/device for organising their life (eg an eInk tablet that loads Notion well, or an alternative way they've integrated to Notion for one) Or a completely different/non Notion way they've managed to organise themselves. Thanks for your time.

[CURRENT_RECORD]
Do you use the basic Task/Projects database combo? That seems to be the way for me. Everything is a Project... housework, client work, personal projects, friends are a project, personal organization, meal planning, money management etc... and then inside each project I assign tasks. I can either set a date to be reminded about it (which I do end up rescheduling repeatedly but I like to keep it coming back up in my inbox) or just set it without a date and when i feel like working on that project I'll see what tasks are ready for me to do. I also have a little dashboard set up with some filters to view the tasks in different ways (based on date, project, status etc) but I find I don't use that. I usually go to the projects page and work from there. Anything that needs to get done gets a date with a reminder. anything else... I get to it when I get to it. if it's super important I'll change the priority to Urgent. I also added a checkbox property in my tasks database called ""Deadline"" so I know if the end date I assigned is actually a hard deadline or just when I decided to do it. I actually have a similar ""Begins on"" checkbox if something can't be done before a certain date, or if it's an event. You can get more fancy than that but as someone who also has ADHD, the important thing getting it out of your head and into your system. Don't worry about making a perfect system. Also keep in mind that inside of any page you can type ""@remind"" and it will remind you about that specific thing you wrote, wherever it happens to be inside Notion. Best of luck!"
"C:\Projects\Web\planner-tdah\research\reddit_data\reddit-Notion-adhd_use_of_notion_on_a_tablet.json","reddit-Notion-adhd_use_of_notion_on_a_tablet","1e4wqs2","t3_1e4wqs2","https://www.reddit.com/r/Notion/comments/1e4wqs2/adhd_use_of_notion_on_a_tablet/","Notion","r/Notion","ADHD use of Notion on a tablet","Hi, I have ADHD (genuine, mid 40s), and have various hacks to make life work. Organisation of ""boring things"" (finance, to do lists, planning) is my Achilles heel (like many of us) I use Notion in a haphazard way, that works extremely well for me due to the speed of entering data. I've been reading a lot about ADHD people who've dramatically improved their lives through use of eInk tablets (primarily as there is less ability to be distracted). I was wondering if anyone (ideally with ADHD or similar) has found a system/device for organising their life (eg an eInk tablet that loads Notion well, or an alternative way they've integrated to Notion for one) Or a completely different/non Notion way they've managed to organise themselves. Thanks for your time.","Question","1721156275","2024-07-16T18:57:55+00:00","7","7","0.82","22","","","reddit-Notion-adhd_use_of_notion_on_a_tablet:comment:ldjnd10","comment","ldjnd10","t1_ldjnd10","https://www.reddit.com/r/Notion/comments/1e4wqs2/adhd_use_of_notion_on_a_tablet/ldjnd10/","/r/Notion/comments/1e4wqs2/adhd_use_of_notion_on_a_tablet/ldjnd10/","t1_ldjjd2j","comment","ldjjd2j","ldjjd2j","1","false","ldjjd2j > ldjnd10","77e51375bfc9e65e","","","false","false","","2","2","0","0","1","1721180582","2024-07-17T01:43:02+00:00","false","False","","false","false","false","false","Thank you for writing this. Two questions for you… 1. What values do you have for your priority and status properties? 2. Do you use Notion for notes/reference storage or something else?","Thank you for writing this. Two questions for you… 1. What values do you have for your priority and status properties? 2. Do you use Notion for notes/reference storage or something else?","186","32","Do you use the basic Task/Projects database combo? That seems to be the way for me. Everything is a Project... housework, client work, personal projects, friends are a project, personal organization, meal planning, money management etc... and then inside each project I assign tasks. I can either set a date to be reminded about it (which I do end up rescheduling repeatedly but I like to keep it coming back up in my inbox) or just set it without a date and when i feel like working on that project I'll see what tasks are ready for me to do. I also have a little dashboard set up with some filters to view the tasks in different ways (based on date, project, status etc) but I find I don't use tha…","Do you use the basic Task/Projects database combo? That seems to be the way for me. Everything is a Project... housework, client work, personal projects, friends are a project, personal organization, meal planning, money management etc... and then inside each project I assign tasks. I can either set a date to be reminded about it (which I do end up rescheduling repeatedly but I like to keep it coming back up in my inbox) or just set it without a date and when i feel like working on that project I'll see what tasks are ready for me to do. I also have a little dashboard set up with some filters to view the tasks in different ways (based on date, project, status etc) but I find I don't use tha…","","true","false","notion","","notes","contains_question | mentions_feature_or_solution | mentions_planner_or_system","21","[THREAD_TITLE]
ADHD use of Notion on a tablet

[THREAD_BODY]
Hi, I have ADHD (genuine, mid 40s), and have various hacks to make life work. Organisation of ""boring things"" (finance, to do lists, planning) is my Achilles heel (like many of us) I use Notion in a haphazard way, that works extremely well for me due to the speed of entering data. I've been reading a lot about ADHD people who've dramatically improved their lives through use of eInk tablets (primarily as there is less ability to be distracted). I was wondering if anyone (ideally with ADHD or similar) has found a system/device for organising their life (eg an eInk tablet that loads Notion well, or an alternative way they've integrated to Notion for one) Or a completely different/non Notion way they've managed to organise themselves. Thanks for your time.

[PARENT_COMMENT_CONTEXT]
Do you use the basic Task/Projects database combo? That seems to be the way for me. Everything is a Project... housework, client work, personal projects, friends are a project, personal organization, meal planning, money management etc... and then inside each project I assign tasks. I can either set a date to be reminded about it (which I do end up rescheduling repeatedly but I like to keep it coming back up in my inbox) or just set it without a date and when i feel like working on that project I'll see what tasks are ready for me to do. I also have a little dashboard set up with some filters to view the tasks in different ways (based on date, project, status etc) but I find I don't use tha…

[CURRENT_RECORD]
Thank you for writing this. Two questions for you… 1. What values do you have for your priority and status properties? 2. Do you use Notion for notes/reference storage or something else?"
"C:\Projects\Web\planner-tdah\research\reddit_data\reddit-Notion-adhd_use_of_notion_on_a_tablet.json","reddit-Notion-adhd_use_of_notion_on_a_tablet","1e4wqs2","t3_1e4wqs2","https://www.reddit.com/r/Notion/comments/1e4wqs2/adhd_use_of_notion_on_a_tablet/","Notion","r/Notion","ADHD use of Notion on a tablet","Hi, I have ADHD (genuine, mid 40s), and have various hacks to make life work. Organisation of ""boring things"" (finance, to do lists, planning) is my Achilles heel (like many of us) I use Notion in a haphazard way, that works extremely well for me due to the speed of entering data. I've been reading a lot about ADHD people who've dramatically improved their lives through use of eInk tablets (primarily as there is less ability to be distracted). I was wondering if anyone (ideally with ADHD or similar) has found a system/device for organising their life (eg an eInk tablet that loads Notion well, or an alternative way they've integrated to Notion for one) Or a completely different/non Notion way they've managed to organise themselves. Thanks for your time.","Question","1721156275","2024-07-16T18:57:55+00:00","7","7","0.82","22","","","reddit-Notion-adhd_use_of_notion_on_a_tablet:comment:ldsxeic","comment","ldsxeic","t1_ldsxeic","https://www.reddit.com/r/Notion/comments/1e4wqs2/adhd_use_of_notion_on_a_tablet/ldsxeic/","/r/Notion/comments/1e4wqs2/adhd_use_of_notion_on_a_tablet/ldsxeic/","t1_ldjnd10","comment","ldjnd10","ldjjd2j","2","false","ldjjd2j > ldjnd10 > ldsxeic","cbadaa8c9ef73fa6","","","false","false","","1","1","0","0","0","1721324410","2024-07-18T17:40:10+00:00","false","False","","false","false","false","false","Sorry for the slow reply. You might not need as many different options as I have, but basically: 1. For Projects --> Status - Initialized, Placeholder, Perpetual, Scheduled, Planning, In Progress, Waiting On, On Hold, Past Due, Complete, Cancelled, Archived Priority - Backburner, Optional, Defautl, Mandatory, Top Priority For Tasks --> Type (multiselect so I can choose more than one type. Work Meeting, Personal Research, etc) - Personal, Work, Event, Meeting, Perpetual, Research, Routine, Reminder, Goal Status - Not Scheduled, Scheduled, Not Started, On Hold, Started, In Progress, Waiting, Paused, Done, Archived, Void Priority - Trivial, Low, Medium, High, Urgent Begins (checkbox if it doesn't start until date listed) Deadline (checkbox if it has a hard deadline) Review (checkbox if requires review from client) Done (checkbox that I use to quickly check off a task, rather than changing the status. It's just faster) Some of those are probably redundant and I might rework it. For example if it's a work project, the task is going to be a work task. Sometimes I don't bother to update a task status, which is why I made the Done checkbox. I have filters set up so whether the checkbox is checked, or the status is updated to complete, it's removes it from my to-do list. I also have a complex formula set up in my task properties which generates a detailed status report combining several things together and outputting emojis to tell me status, priority, and how many days until it's due, or ends, etc. That way in my overview I don't have to show all the properties, just that formula output. Keeps things tidy. 2. I use it for everything. personal planning, work organization and sharing with clients (I'm a freelancer), journal for daily stuff, dreams, jokes, therapy, song lyrics, inspiration I come across, meal planning, money tracking, workout planning (not doing too great with this one haha!), stock and crypto trade tracking, business admin (timesheet, client list, contact information, invoice tracking, work showcases, archive hard drive content, accounting,), software licenses and API keys, Bookmarks for interesting web stuff, reading list, watching list, listening list, photo archive (just a few important ones, not all of them), mindmapping and general note taking, and keeping track of personal project ideas. If I want to remember it, I dump it in Notion. But..... work projects is probably what I use it for the most on a daily basis. Hope that helps ya!","Sorry for the slow reply. You might not need as many different options as I have, but basically: 1. For Projects --> Status - Initialized, Placeholder, Perpetual, Scheduled, Planning, In Progress, Waiting On, On Hold, Past Due, Complete, Cancelled, Archived Priority - Backburner…","2488","407","Thank you for writing this. Two questions for you… 1. What values do you have for your priority and status properties? 2. Do you use Notion for notes/reference storage or something else?","Do you use the basic Task/Projects database combo? That seems to be the way for me. Everything is a Project... housework, client work, personal projects, friends are a project, personal organization, meal planning, money management etc... and then inside each project I assign tasks. I can either set a date to be reminded about it (which I do end up rescheduling repeatedly but I like to keep it coming back up in my inbox) or just set it without a date and when i feel like working on that project I'll see what tasks are ready for me to do. I also have a little dashboard set up with some filters to view the tasks in different ways (based on date, project, status etc) but I find I don't use tha…","","false","true","plan | planning | journal | notion | app | to-do | daily | schedule | routine | organization","time | complex | tasks","reminder | daily | review | overview","long_form_comment | mentions_feature_or_solution | mentions_pain_or_friction | mentions_planner_or_system | mentions_working_solution_or_recommendation | overwhelm_or_complexity_signal","97","[THREAD_TITLE]
ADHD use of Notion on a tablet

[THREAD_BODY]
Hi, I have ADHD (genuine, mid 40s), and have various hacks to make life work. Organisation of ""boring things"" (finance, to do lists, planning) is my Achilles heel (like many of us) I use Notion in a haphazard way, that works extremely well for me due to the speed of entering data. I've been reading a lot about ADHD people who've dramatically improved their lives through use of eInk tablets (primarily as there is less ability to be distracted). I was wondering if anyone (ideally with ADHD or similar) has found a system/device for organising their life (eg an eInk tablet that loads Notion well, or an alternative way they've integrated to Notion for one) Or a completely different/non Notion way they've managed to organise themselves. Thanks for your time.

[ROOT_COMMENT_CONTEXT]
Do you use the basic Task/Projects database combo? That seems to be the way for me. Everything is a Project... housework, client work, personal projects, friends are a project, personal organization, meal planning, money management etc... and then inside each project I assign tasks. I can either set a date to be reminded about it (which I do end up rescheduling repeatedly but I like to keep it coming back up in my inbox) or just set it without a date and when i feel like working on that project I'll see what tasks are ready for me to do. I also have a little dashboard set up with some filters to view the tasks in different ways (based on date, project, status etc) but I find I don't use tha…

[PARENT_COMMENT_CONTEXT]
Thank you for writing this. Two questions for you… 1. What values do you have for your priority and status properties? 2. Do you use Notion for notes/reference storage or something else?

[CURRENT_RECORD]
Sorry for the slow reply. You might not need as many different options as I have, but basically: 1. For Projects --> Status - Initialized, Placeholder, Perpetual, Scheduled, Planning, In Progress, Waiting On, On Hold, Past Due, Complete, Cancelled, Archived Priority - Backburner, Optional, Defautl, Mandatory, Top Priority For Tasks --> Type (multiselect so I can choose more than one type. Work Meeting, Personal Research, etc) - Personal, Work, Event, Meeting, Perpetual, Research, Routine, Reminder, Goal Status - Not Scheduled, Scheduled, Not Started, On Hold, Started, In Progress, Waiting, Paused, Done, Archived, Void Priority - Trivial, Low, Medium, High, Urgent Begins (checkbox if it doesn't start until date listed) Deadline (checkbox if it has a hard deadline) Review (checkbox if requires review from client) Done (checkbox that I use to quickly check off a task, rather than changing the status. It's just faster) Some of those are probably redundant and I might rework it. For example if it's a work project, the task is going to be a work task. Sometimes I don't bother to update a task status, which is why I made the Done checkbox. I have filters set up so whether the checkbox is checked, or the status is updated to complete, it's removes it from my to-do list. I also have a complex formula set up in my task properties which generates a detailed status report combining several things together and outputting emojis to tell me status, priority, and how many days until it's due, or ends, etc. That way in my overview I don't have to show all the properties, just that formula output. Keeps things tidy. 2. I use it for everything. personal planning, work organization and sharing with clients (I'm a freelancer), journal for daily stuff, dreams, jokes, therapy, song lyrics, inspiration I come across, meal planning, money tracking, workout planning (not doing too great with this one haha!), stock and crypto trade tracking, business admin (timesheet, client list, contact information, invoice tracking, work showcases, archive hard drive content, accounting,), software licenses and API keys, Bookmarks for interesting web stuff, reading list, watching list, listening list, photo archive (just a few important ones, not all of them), mindmapping and general note taking, and keeping track of personal project ideas. If I want to remember it, I dump it in Notion. But..... work projects is probably what I use it for the most on a daily basis. Hope that helps ya!"
"C:\Projects\Web\planner-tdah\research\reddit_data\reddit-Notion-adhd_use_of_notion_on_a_tablet.json","reddit-Notion-adhd_use_of_notion_on_a_tablet","1e4wqs2","t3_1e4wqs2","https://www.reddit.com/r/Notion/comments/1e4wqs2/adhd_use_of_notion_on_a_tablet/","Notion","r/Notion","ADHD use of Notion on a tablet","Hi, I have ADHD (genuine, mid 40s), and have various hacks to make life work. Organisation of ""boring things"" (finance, to do lists, planning) is my Achilles heel (like many of us) I use Notion in a haphazard way, that works extremely well for me due to the speed of entering data. I've been reading a lot about ADHD people who've dramatically improved their lives through use of eInk tablets (primarily as there is less ability to be distracted). I was wondering if anyone (ideally with ADHD or similar) has found a system/device for organising their life (eg an eInk tablet that loads Notion well, or an alternative way they've integrated to Notion for one) Or a completely different/non Notion way they've managed to organise themselves. Thanks for your time.","Question","1721156275","2024-07-16T18:57:55+00:00","7","7","0.82","22","","","reddit-Notion-adhd_use_of_notion_on_a_tablet:comment:ldl4h9c","comment","ldl4h9c","t1_ldl4h9c","https://www.reddit.com/r/Notion/comments/1e4wqs2/adhd_use_of_notion_on_a_tablet/ldl4h9c/","/r/Notion/comments/1e4wqs2/adhd_use_of_notion_on_a_tablet/ldl4h9c/","t1_ldjjd2j","comment","ldjjd2j","ldjjd2j","1","false","ldjjd2j > ldl4h9c","","","","false","false","","1","1","0","0","0","1721209797","2024-07-17T09:49:57+00:00","false","False","","false","false","false","false","This is really interesting, thankyou I’ll explore","This is really interesting, thankyou I’ll explore","49","7","Do you use the basic Task/Projects database combo? That seems to be the way for me. Everything is a Project... housework, client work, personal projects, friends are a project, personal organization, meal planning, money management etc... and then inside each project I assign tasks. I can either set a date to be reminded about it (which I do end up rescheduling repeatedly but I like to keep it coming back up in my inbox) or just set it without a date and when i feel like working on that project I'll see what tasks are ready for me to do. I also have a little dashboard set up with some filters to view the tasks in different ways (based on date, project, status etc) but I find I don't use tha…","Do you use the basic Task/Projects database combo? That seems to be the way for me. Everything is a Project... housework, client work, personal projects, friends are a project, personal organization, meal planning, money management etc... and then inside each project I assign tasks. I can either set a date to be reminded about it (which I do end up rescheduling repeatedly but I like to keep it coming back up in my inbox) or just set it without a date and when i feel like working on that project I'll see what tasks are ready for me to do. I also have a little dashboard set up with some filters to view the tasks in different ways (based on date, project, status etc) but I find I don't use tha…","","false","false","","","","","0","[THREAD_TITLE]
ADHD use of Notion on a tablet

[THREAD_BODY]
Hi, I have ADHD (genuine, mid 40s), and have various hacks to make life work. Organisation of ""boring things"" (finance, to do lists, planning) is my Achilles heel (like many of us) I use Notion in a haphazard way, that works extremely well for me due to the speed of entering data. I've been reading a lot about ADHD people who've dramatically improved their lives through use of eInk tablets (primarily as there is less ability to be distracted). I was wondering if anyone (ideally with ADHD or similar) has found a system/device for organising their life (eg an eInk tablet that loads Notion well, or an alternative way they've integrated to Notion for one) Or a completely different/non Notion way they've managed to organise themselves. Thanks for your time.

[PARENT_COMMENT_CONTEXT]
Do you use the basic Task/Projects database combo? That seems to be the way for me. Everything is a Project... housework, client work, personal projects, friends are a project, personal organization, meal planning, money management etc... and then inside each project I assign tasks. I can either set a date to be reminded about it (which I do end up rescheduling repeatedly but I like to keep it coming back up in my inbox) or just set it without a date and when i feel like working on that project I'll see what tasks are ready for me to do. I also have a little dashboard set up with some filters to view the tasks in different ways (based on date, project, status etc) but I find I don't use tha…

[CURRENT_RECORD]
This is really interesting, thankyou I’ll explore"
"C:\Projects\Web\planner-tdah\research\reddit_data\reddit-Notion-adhd_use_of_notion_on_a_tablet.json","reddit-Notion-adhd_use_of_notion_on_a_tablet","1e4wqs2","t3_1e4wqs2","https://www.reddit.com/r/Notion/comments/1e4wqs2/adhd_use_of_notion_on_a_tablet/","Notion","r/Notion","ADHD use of Notion on a tablet","Hi, I have ADHD (genuine, mid 40s), and have various hacks to make life work. Organisation of ""boring things"" (finance, to do lists, planning) is my Achilles heel (like many of us) I use Notion in a haphazard way, that works extremely well for me due to the speed of entering data. I've been reading a lot about ADHD people who've dramatically improved their lives through use of eInk tablets (primarily as there is less ability to be distracted). I was wondering if anyone (ideally with ADHD or similar) has found a system/device for organising their life (eg an eInk tablet that loads Notion well, or an alternative way they've integrated to Notion for one) Or a completely different/non Notion way they've managed to organise themselves. Thanks for your time.","Question","1721156275","2024-07-16T18:57:55+00:00","7","7","0.82","22","","","reddit-Notion-adhd_use_of_notion_on_a_tablet:comment:ldish72","comment","ldish72","t1_ldish72","https://www.reddit.com/r/Notion/comments/1e4wqs2/adhd_use_of_notion_on_a_tablet/ldish72/","/r/Notion/comments/1e4wqs2/adhd_use_of_notion_on_a_tablet/ldish72/","t3_1e4wqs2","post","","ldish72","0","true","ldish72","a9643599ec4d1c4e","","","false","false","","3","3","0","0","1","1721168746","2024-07-16T22:25:46+00:00","false","False","","false","false","false","false","Well you basically describe me with the ADHD organization, I'm also mid 40s and recently diagnosed. I have the remarkable2 tablet, but I don't have Notion linked to it yet. I'm really just learning Notion, but will be exploring automations that link Notion with my notebooks on reMarkable2. I like the reMarkable but it isn't great for automations and connectivity, and I can't speak for the other kinds, though someone on the reMarkable reddit said that it is about 10% better at being a paper replacement than Amazon Scribe, while Scribe is about 30% better at being an ebook reader. Keep me updated, would love to hear what kind of setup you end up with for organization.","Well you basically describe me with the ADHD organization, I'm also mid 40s and recently diagnosed. I have the remarkable2 tablet, but I don't have Notion linked to it yet. I'm really just learning Notion, but will be exploring automations that link Notion with my notebooks on r…","674","117","","","","false","true","notion | organization","adhd","","long_form_comment | mentions_pain_or_friction | mentions_planner_or_system | mentions_working_solution_or_recommendation","44","[THREAD_TITLE]
ADHD use of Notion on a tablet

[THREAD_BODY]
Hi, I have ADHD (genuine, mid 40s), and have various hacks to make life work. Organisation of ""boring things"" (finance, to do lists, planning) is my Achilles heel (like many of us) I use Notion in a haphazard way, that works extremely well for me due to the speed of entering data. I've been reading a lot about ADHD people who've dramatically improved their lives through use of eInk tablets (primarily as there is less ability to be distracted). I was wondering if anyone (ideally with ADHD or similar) has found a system/device for organising their life (eg an eInk tablet that loads Notion well, or an alternative way they've integrated to Notion for one) Or a completely different/non Notion way they've managed to organise themselves. Thanks for your time.

[CURRENT_RECORD]
Well you basically describe me with the ADHD organization, I'm also mid 40s and recently diagnosed. I have the remarkable2 tablet, but I don't have Notion linked to it yet. I'm really just learning Notion, but will be exploring automations that link Notion with my notebooks on reMarkable2. I like the reMarkable but it isn't great for automations and connectivity, and I can't speak for the other kinds, though someone on the reMarkable reddit said that it is about 10% better at being a paper replacement than Amazon Scribe, while Scribe is about 30% better at being an ebook reader. Keep me updated, would love to hear what kind of setup you end up with for organization."
"C:\Projects\Web\planner-tdah\research\reddit_data\reddit-Notion-adhd_use_of_notion_on_a_tablet.json","reddit-Notion-adhd_use_of_notion_on_a_tablet","1e4wqs2","t3_1e4wqs2","https://www.reddit.com/r/Notion/comments/1e4wqs2/adhd_use_of_notion_on_a_tablet/","Notion","r/Notion","ADHD use of Notion on a tablet","Hi, I have ADHD (genuine, mid 40s), and have various hacks to make life work. Organisation of ""boring things"" (finance, to do lists, planning) is my Achilles heel (like many of us) I use Notion in a haphazard way, that works extremely well for me due to the speed of entering data. I've been reading a lot about ADHD people who've dramatically improved their lives through use of eInk tablets (primarily as there is less ability to be distracted). I was wondering if anyone (ideally with ADHD or similar) has found a system/device for organising their life (eg an eInk tablet that loads Notion well, or an alternative way they've integrated to Notion for one) Or a completely different/non Notion way they've managed to organise themselves. Thanks for your time.","Question","1721156275","2024-07-16T18:57:55+00:00","7","7","0.82","22","","","reddit-Notion-adhd_use_of_notion_on_a_tablet:comment:ldl4ijb","comment","ldl4ijb","t1_ldl4ijb","https://www.reddit.com/r/Notion/comments/1e4wqs2/adhd_use_of_notion_on_a_tablet/ldl4ijb/","/r/Notion/comments/1e4wqs2/adhd_use_of_notion_on_a_tablet/ldl4ijb/","t1_ldish72","comment","ldish72","ldish72","1","false","ldish72 > ldl4ijb","","","","false","false","","1","1","0","0","0","1721209820","2024-07-17T09:50:20+00:00","false","False","","false","false","false","false","Thankyou for sharing this.","Thankyou for sharing this.","26","4","Well you basically describe me with the ADHD organization, I'm also mid 40s and recently diagnosed. I have the remarkable2 tablet, but I don't have Notion linked to it yet. I'm really just learning Notion, but will be exploring automations that link Notion with my notebooks on reMarkable2. I like the reMarkable but it isn't great for automations and connectivity, and I can't speak for the other kinds, though someone on the reMarkable reddit said that it is about 10% better at being a paper replacement than Amazon Scribe, while Scribe is about 30% better at being an ebook reader. Keep me updated, would love to hear what kind of setup you end up with for organization.","Well you basically describe me with the ADHD organization, I'm also mid 40s and recently diagnosed. I have the remarkable2 tablet, but I don't have Notion linked to it yet. I'm really just learning Notion, but will be exploring automations that link Notion with my notebooks on reMarkable2. I like the reMarkable but it isn't great for automations and connectivity, and I can't speak for the other kinds, though someone on the reMarkable reddit said that it is about 10% better at being a paper replacement than Amazon Scribe, while Scribe is about 30% better at being an ebook reader. Keep me updated, would love to hear what kind of setup you end up with for organization.","","false","false","","","","","0","[THREAD_TITLE]
ADHD use of Notion on a tablet

[THREAD_BODY]
Hi, I have ADHD (genuine, mid 40s), and have various hacks to make life work. Organisation of ""boring things"" (finance, to do lists, planning) is my Achilles heel (like many of us) I use Notion in a haphazard way, that works extremely well for me due to the speed of entering data. I've been reading a lot about ADHD people who've dramatically improved their lives through use of eInk tablets (primarily as there is less ability to be distracted). I was wondering if anyone (ideally with ADHD or similar) has found a system/device for organising their life (eg an eInk tablet that loads Notion well, or an alternative way they've integrated to Notion for one) Or a completely different/non Notion way they've managed to organise themselves. Thanks for your time.

[PARENT_COMMENT_CONTEXT]
Well you basically describe me with the ADHD organization, I'm also mid 40s and recently diagnosed. I have the remarkable2 tablet, but I don't have Notion linked to it yet. I'm really just learning Notion, but will be exploring automations that link Notion with my notebooks on reMarkable2. I like the reMarkable but it isn't great for automations and connectivity, and I can't speak for the other kinds, though someone on the reMarkable reddit said that it is about 10% better at being a paper replacement than Amazon Scribe, while Scribe is about 30% better at being an ebook reader. Keep me updated, would love to hear what kind of setup you end up with for organization.

[CURRENT_RECORD]
Thankyou for sharing this."
"C:\Projects\Web\planner-tdah\research\reddit_data\reddit-Notion-adhd_use_of_notion_on_a_tablet.json","reddit-Notion-adhd_use_of_notion_on_a_tablet","1e4wqs2","t3_1e4wqs2","https://www.reddit.com/r/Notion/comments/1e4wqs2/adhd_use_of_notion_on_a_tablet/","Notion","r/Notion","ADHD use of Notion on a tablet","Hi, I have ADHD (genuine, mid 40s), and have various hacks to make life work. Organisation of ""boring things"" (finance, to do lists, planning) is my Achilles heel (like many of us) I use Notion in a haphazard way, that works extremely well for me due to the speed of entering data. I've been reading a lot about ADHD people who've dramatically improved their lives through use of eInk tablets (primarily as there is less ability to be distracted). I was wondering if anyone (ideally with ADHD or similar) has found a system/device for organising their life (eg an eInk tablet that loads Notion well, or an alternative way they've integrated to Notion for one) Or a completely different/non Notion way they've managed to organise themselves. Thanks for your time.","Question","1721156275","2024-07-16T18:57:55+00:00","7","7","0.82","22","","","reddit-Notion-adhd_use_of_notion_on_a_tablet:comment:ldjbagc","comment","ldjbagc","t1_ldjbagc","https://www.reddit.com/r/Notion/comments/1e4wqs2/adhd_use_of_notion_on_a_tablet/ldjbagc/","/r/Notion/comments/1e4wqs2/adhd_use_of_notion_on_a_tablet/ldjbagc/","t3_1e4wqs2","post","","ldjbagc","0","true","ldjbagc","f8af5096df9f8504","","","false","false","","2","2","0","0","0","1721175828","2024-07-17T00:23:48+00:00","false","False","","false","false","false","false","I can't speak for eInk tablets really, but my Mobile experience with Notion has been generally atrocious in terms of gesturing. Thing like zoom, resizing, drag and drop, etc. All of it is a nightmare. Kind of disappointing really because I was just starting to get into transitioning Notion into replacing my physical notetaking..","I can't speak for eInk tablets really, but my Mobile experience with Notion has been generally atrocious in terms of gesturing. Thing like zoom, resizing, drag and drop, etc. All of it is a nightmare. Kind of disappointing really because I was just starting to get into transitio…","330","54","","","","false","false","notion | app","","","mentions_planner_or_system","18","[THREAD_TITLE]
ADHD use of Notion on a tablet

[THREAD_BODY]
Hi, I have ADHD (genuine, mid 40s), and have various hacks to make life work. Organisation of ""boring things"" (finance, to do lists, planning) is my Achilles heel (like many of us) I use Notion in a haphazard way, that works extremely well for me due to the speed of entering data. I've been reading a lot about ADHD people who've dramatically improved their lives through use of eInk tablets (primarily as there is less ability to be distracted). I was wondering if anyone (ideally with ADHD or similar) has found a system/device for organising their life (eg an eInk tablet that loads Notion well, or an alternative way they've integrated to Notion for one) Or a completely different/non Notion way they've managed to organise themselves. Thanks for your time.

[CURRENT_RECORD]
I can't speak for eInk tablets really, but my Mobile experience with Notion has been generally atrocious in terms of gesturing. Thing like zoom, resizing, drag and drop, etc. All of it is a nightmare. Kind of disappointing really because I was just starting to get into transitioning Notion into replacing my physical notetaking.."
"C:\Projects\Web\planner-tdah\research\reddit_data\reddit-Notion-adhd_use_of_notion_on_a_tablet.json","reddit-Notion-adhd_use_of_notion_on_a_tablet","1e4wqs2","t3_1e4wqs2","https://www.reddit.com/r/Notion/comments/1e4wqs2/adhd_use_of_notion_on_a_tablet/","Notion","r/Notion","ADHD use of Notion on a tablet","Hi, I have ADHD (genuine, mid 40s), and have various hacks to make life work. Organisation of ""boring things"" (finance, to do lists, planning) is my Achilles heel (like many of us) I use Notion in a haphazard way, that works extremely well for me due to the speed of entering data. I've been reading a lot about ADHD people who've dramatically improved their lives through use of eInk tablets (primarily as there is less ability to be distracted). I was wondering if anyone (ideally with ADHD or similar) has found a system/device for organising their life (eg an eInk tablet that loads Notion well, or an alternative way they've integrated to Notion for one) Or a completely different/non Notion way they've managed to organise themselves. Thanks for your time.","Question","1721156275","2024-07-16T18:57:55+00:00","7","7","0.82","22","","","reddit-Notion-adhd_use_of_notion_on_a_tablet:comment:ldkv1ml","comment","ldkv1ml","t1_ldkv1ml","https://www.reddit.com/r/Notion/comments/1e4wqs2/adhd_use_of_notion_on_a_tablet/ldkv1ml/","/r/Notion/comments/1e4wqs2/adhd_use_of_notion_on_a_tablet/ldkv1ml/","t3_1e4wqs2","post","","ldkv1ml","0","true","ldkv1ml","e13fcf5776572e86","","","false","false","","2","2","0","0","1","1721203308","2024-07-17T08:01:48+00:00","false","False","","false","false","false","false","Fellow ADHDer here. I use Notion for everything -- creative projects, second brain where I store miscellaneous knowledge that I learn and what want to keep around, notes from courses, world-building for stories. I built an API that feeds all of the data that I create in a game project into the Notion API and populates a wiki as we add data into the game. Don't really know what the benefit of an eInk pad is for in terms of ADHD. I just use Notion between phone, laptop, and work PC so I have Notion on me pretty much whenever I need it. What problem is an eInk tablet supposed to solve? Genuinely curious. I have found that having it on phone and laptop have been sufficient for my needs.","Fellow ADHDer here. I use Notion for everything -- creative projects, second brain where I store miscellaneous knowledge that I learn and what want to keep around, notes from courses, world-building for stories. I built an API that feeds all of the data that I create in a game p…","691","130","","","","true","false","notion","adhd","notes","contains_question | long_form_comment | mentions_feature_or_solution | mentions_pain_or_friction | mentions_planner_or_system","36","[THREAD_TITLE]
ADHD use of Notion on a tablet

[THREAD_BODY]
Hi, I have ADHD (genuine, mid 40s), and have various hacks to make life work. Organisation of ""boring things"" (finance, to do lists, planning) is my Achilles heel (like many of us) I use Notion in a haphazard way, that works extremely well for me due to the speed of entering data. I've been reading a lot about ADHD people who've dramatically improved their lives through use of eInk tablets (primarily as there is less ability to be distracted). I was wondering if anyone (ideally with ADHD or similar) has found a system/device for organising their life (eg an eInk tablet that loads Notion well, or an alternative way they've integrated to Notion for one) Or a completely different/non Notion way they've managed to organise themselves. Thanks for your time.

[CURRENT_RECORD]
Fellow ADHDer here. I use Notion for everything -- creative projects, second brain where I store miscellaneous knowledge that I learn and what want to keep around, notes from courses, world-building for stories. I built an API that feeds all of the data that I create in a game project into the Notion API and populates a wiki as we add data into the game. Don't really know what the benefit of an eInk pad is for in terms of ADHD. I just use Notion between phone, laptop, and work PC so I have Notion on me pretty much whenever I need it. What problem is an eInk tablet supposed to solve? Genuinely curious. I have found that having it on phone and laptop have been sufficient for my needs."
"C:\Projects\Web\planner-tdah\research\reddit_data\reddit-Notion-adhd_use_of_notion_on_a_tablet.json","reddit-Notion-adhd_use_of_notion_on_a_tablet","1e4wqs2","t3_1e4wqs2","https://www.reddit.com/r/Notion/comments/1e4wqs2/adhd_use_of_notion_on_a_tablet/","Notion","r/Notion","ADHD use of Notion on a tablet","Hi, I have ADHD (genuine, mid 40s), and have various hacks to make life work. Organisation of ""boring things"" (finance, to do lists, planning) is my Achilles heel (like many of us) I use Notion in a haphazard way, that works extremely well for me due to the speed of entering data. I've been reading a lot about ADHD people who've dramatically improved their lives through use of eInk tablets (primarily as there is less ability to be distracted). I was wondering if anyone (ideally with ADHD or similar) has found a system/device for organising their life (eg an eInk tablet that loads Notion well, or an alternative way they've integrated to Notion for one) Or a completely different/non Notion way they've managed to organise themselves. Thanks for your time.","Question","1721156275","2024-07-16T18:57:55+00:00","7","7","0.82","22","","","reddit-Notion-adhd_use_of_notion_on_a_tablet:comment:ldl4foz","comment","ldl4foz","t1_ldl4foz","https://www.reddit.com/r/Notion/comments/1e4wqs2/adhd_use_of_notion_on_a_tablet/ldl4foz/","/r/Notion/comments/1e4wqs2/adhd_use_of_notion_on_a_tablet/ldl4foz/","t1_ldkv1ml","comment","ldkv1ml","ldkv1ml","1","false","ldkv1ml > ldl4foz","","","","false","false","","1","1","0","0","0","1721209769","2024-07-17T09:49:29+00:00","false","False","","false","false","false","false","Hi, I don’t have one yet, but it’s supposed to be: 1). The physical act of using a pen/pleasure associated with writing, makes it more engaging for ADHDers than a typical mouse/finger device (or supposedly stylus on glass. It’s supposed to elicit the same ASMR type stimulus dragging a pencil across paper does (lookup the “supernote nomad” surface for an example). This is supposed to be particular help for those who keep gravitating towards making notes on paper. 2). Because the tablets can’t generally load browsers, apps, communication things etc, there’s far less ability to be distracted. I don’t have one though.","Hi, I don’t have one yet, but it’s supposed to be: 1). The physical act of using a pen/pleasure associated with writing, makes it more engaging for ADHDers than a typical mouse/finger device (or supposedly stylus on glass. It’s supposed to elicit the same ASMR type stimulus drag…","621","102","Fellow ADHDer here. I use Notion for everything -- creative projects, second brain where I store miscellaneous knowledge that I learn and what want to keep around, notes from courses, world-building for stories. I built an API that feeds all of the data that I create in a game project into the Notion API and populates a wiki as we add data into the game. Don't really know what the benefit of an eInk pad is for in terms of ADHD. I just use Notion between phone, laptop, and work PC so I have Notion on me pretty much whenever I need it. What problem is an eInk tablet supposed to solve? Genuinely curious. I have found that having it on phone and laptop have been sufficient for my needs.","Fellow ADHDer here. I use Notion for everything -- creative projects, second brain where I store miscellaneous knowledge that I learn and what want to keep around, notes from courses, world-building for stories. I built an API that feeds all of the data that I create in a game project into the Notion API and populates a wiki as we add data into the game. Don't really know what the benefit of an eInk pad is for in terms of ADHD. I just use Notion between phone, laptop, and work PC so I have Notion on me pretty much whenever I need it. What problem is an eInk tablet supposed to solve? Genuinely curious. I have found that having it on phone and laptop have been sufficient for my needs.","","false","false","app","adhd","notes","long_form_comment | mentions_feature_or_solution | mentions_pain_or_friction | mentions_planner_or_system","33","[THREAD_TITLE]
ADHD use of Notion on a tablet

[THREAD_BODY]
Hi, I have ADHD (genuine, mid 40s), and have various hacks to make life work. Organisation of ""boring things"" (finance, to do lists, planning) is my Achilles heel (like many of us) I use Notion in a haphazard way, that works extremely well for me due to the speed of entering data. I've been reading a lot about ADHD people who've dramatically improved their lives through use of eInk tablets (primarily as there is less ability to be distracted). I was wondering if anyone (ideally with ADHD or similar) has found a system/device for organising their life (eg an eInk tablet that loads Notion well, or an alternative way they've integrated to Notion for one) Or a completely different/non Notion way they've managed to organise themselves. Thanks for your time.

[PARENT_COMMENT_CONTEXT]
Fellow ADHDer here. I use Notion for everything -- creative projects, second brain where I store miscellaneous knowledge that I learn and what want to keep around, notes from courses, world-building for stories. I built an API that feeds all of the data that I create in a game project into the Notion API and populates a wiki as we add data into the game. Don't really know what the benefit of an eInk pad is for in terms of ADHD. I just use Notion between phone, laptop, and work PC so I have Notion on me pretty much whenever I need it. What problem is an eInk tablet supposed to solve? Genuinely curious. I have found that having it on phone and laptop have been sufficient for my needs.

[CURRENT_RECORD]
Hi, I don’t have one yet, but it’s supposed to be: 1). The physical act of using a pen/pleasure associated with writing, makes it more engaging for ADHDers than a typical mouse/finger device (or supposedly stylus on glass. It’s supposed to elicit the same ASMR type stimulus dragging a pencil across paper does (lookup the “supernote nomad” surface for an example). This is supposed to be particular help for those who keep gravitating towards making notes on paper. 2). Because the tablets can’t generally load browsers, apps, communication things etc, there’s far less ability to be distracted. I don’t have one though."
"C:\Projects\Web\planner-tdah\research\reddit_data\reddit-Notion-adhd_use_of_notion_on_a_tablet.json","reddit-Notion-adhd_use_of_notion_on_a_tablet","1e4wqs2","t3_1e4wqs2","https://www.reddit.com/r/Notion/comments/1e4wqs2/adhd_use_of_notion_on_a_tablet/","Notion","r/Notion","ADHD use of Notion on a tablet","Hi, I have ADHD (genuine, mid 40s), and have various hacks to make life work. Organisation of ""boring things"" (finance, to do lists, planning) is my Achilles heel (like many of us) I use Notion in a haphazard way, that works extremely well for me due to the speed of entering data. I've been reading a lot about ADHD people who've dramatically improved their lives through use of eInk tablets (primarily as there is less ability to be distracted). I was wondering if anyone (ideally with ADHD or similar) has found a system/device for organising their life (eg an eInk tablet that loads Notion well, or an alternative way they've integrated to Notion for one) Or a completely different/non Notion way they've managed to organise themselves. Thanks for your time.","Question","1721156275","2024-07-16T18:57:55+00:00","7","7","0.82","22","","","reddit-Notion-adhd_use_of_notion_on_a_tablet:comment:ldlt6r2","comment","ldlt6r2","t1_ldlt6r2","https://www.reddit.com/r/Notion/comments/1e4wqs2/adhd_use_of_notion_on_a_tablet/ldlt6r2/","/r/Notion/comments/1e4wqs2/adhd_use_of_notion_on_a_tablet/ldlt6r2/","t3_1e4wqs2","post","","ldlt6r2","0","true","ldlt6r2","6028f53e0c6f9f7c","","","false","false","","2","2","0","0","1","1721222050","2024-07-17T13:14:10+00:00","false","False","","false","false","false","false","I'm not aware of handwriting being beneficial to ADHD'ers, but handwriting (either with a tablet or pen & paper) has been shown to help with memory encoding (ref (https://www.ncbi.nlm.nih.gov/pmc/articles/PMC8222525/)) so this may be where the benefit is coming from. Given that Notion is online-only, the offline support is horrible, and the mobile experience is terrible, you will need a beefy tablet to run it effectively. So I'm not sure an eink tablet is going to help. The benefit you get from writing will be lost by the friction of getting your eink notes into Notion (you may have to built this workflow/integration yourself). If your goal is more centered around handwriting and organisation, then consider a Samsung tablet. The Samsung Notes app has very good handwriting capabilities and recognition, and now supports AI as well. It will natively sync with OneNote and OneDrive and this may work well with your Windows-based workflow. For my experience, Notion had too much friction to be useful as a task/project management or PKM tool so I moved to using Obsidian as a bullet-journal.","I'm not aware of handwriting being beneficial to ADHD'ers, but handwriting (either with a tablet or pen & paper) has been shown to help with memory encoding (ref (https://www.ncbi.nlm.nih.gov/pmc/articles/PMC8222525/)) so this may be where the benefit is coming from. Given that…","1098","179","","","https://www.ncbi.nlm.nih.gov/pmc/articles/PMC8222525/","false","true","journal | notion | app","adhd | lost | too much","notes","forgetfulness_or_time_signal | long_form_comment | mentions_feature_or_solution | mentions_pain_or_friction | mentions_planner_or_system | mentions_working_solution_or_recommendation | overwhelm_or_complexity_signal","78","[THREAD_TITLE]
ADHD use of Notion on a tablet

[THREAD_BODY]
Hi, I have ADHD (genuine, mid 40s), and have various hacks to make life work. Organisation of ""boring things"" (finance, to do lists, planning) is my Achilles heel (like many of us) I use Notion in a haphazard way, that works extremely well for me due to the speed of entering data. I've been reading a lot about ADHD people who've dramatically improved their lives through use of eInk tablets (primarily as there is less ability to be distracted). I was wondering if anyone (ideally with ADHD or similar) has found a system/device for organising their life (eg an eInk tablet that loads Notion well, or an alternative way they've integrated to Notion for one) Or a completely different/non Notion way they've managed to organise themselves. Thanks for your time.

[CURRENT_RECORD]
I'm not aware of handwriting being beneficial to ADHD'ers, but handwriting (either with a tablet or pen & paper) has been shown to help with memory encoding (ref (https://www.ncbi.nlm.nih.gov/pmc/articles/PMC8222525/)) so this may be where the benefit is coming from. Given that Notion is online-only, the offline support is horrible, and the mobile experience is terrible, you will need a beefy tablet to run it effectively. So I'm not sure an eink tablet is going to help. The benefit you get from writing will be lost by the friction of getting your eink notes into Notion (you may have to built this workflow/integration yourself). If your goal is more centered around handwriting and organisation, then consider a Samsung tablet. The Samsung Notes app has very good handwriting capabilities and recognition, and now supports AI as well. It will natively sync with OneNote and OneDrive and this may work well with your Windows-based workflow. For my experience, Notion had too much friction to be useful as a task/project management or PKM tool so I moved to using Obsidian as a bullet-journal."
"C:\Projects\Web\planner-tdah\research\reddit_data\reddit-Notion-adhd_use_of_notion_on_a_tablet.json","reddit-Notion-adhd_use_of_notion_on_a_tablet","1e4wqs2","t3_1e4wqs2","https://www.reddit.com/r/Notion/comments/1e4wqs2/adhd_use_of_notion_on_a_tablet/","Notion","r/Notion","ADHD use of Notion on a tablet","Hi, I have ADHD (genuine, mid 40s), and have various hacks to make life work. Organisation of ""boring things"" (finance, to do lists, planning) is my Achilles heel (like many of us) I use Notion in a haphazard way, that works extremely well for me due to the speed of entering data. I've been reading a lot about ADHD people who've dramatically improved their lives through use of eInk tablets (primarily as there is less ability to be distracted). I was wondering if anyone (ideally with ADHD or similar) has found a system/device for organising their life (eg an eInk tablet that loads Notion well, or an alternative way they've integrated to Notion for one) Or a completely different/non Notion way they've managed to organise themselves. Thanks for your time.","Question","1721156275","2024-07-16T18:57:55+00:00","7","7","0.82","22","","","reddit-Notion-adhd_use_of_notion_on_a_tablet:comment:ldlvo5l","comment","ldlvo5l","t1_ldlvo5l","https://www.reddit.com/r/Notion/comments/1e4wqs2/adhd_use_of_notion_on_a_tablet/ldlvo5l/","/r/Notion/comments/1e4wqs2/adhd_use_of_notion_on_a_tablet/ldlvo5l/","t1_ldlt6r2","comment","ldlt6r2","ldlt6r2","1","false","ldlt6r2 > ldlvo5l","","","","false","false","","1","1","0","0","0","1721223005","2024-07-17T13:30:05+00:00","false","False","","false","false","false","false","Thankyou","Thankyou","8","1","I'm not aware of handwriting being beneficial to ADHD'ers, but handwriting (either with a tablet or pen & paper) has been shown to help with memory encoding (ref (https://www.ncbi.nlm.nih.gov/pmc/articles/PMC8222525/)) so this may be where the benefit is coming from. Given that Notion is online-only, the offline support is horrible, and the mobile experience is terrible, you will need a beefy tablet to run it effectively. So I'm not sure an eink tablet is going to help. The benefit you get from writing will be lost by the friction of getting your eink notes into Notion (you may have to built this workflow/integration yourself). If your goal is more centered around handwriting and organisati…","I'm not aware of handwriting being beneficial to ADHD'ers, but handwriting (either with a tablet or pen & paper) has been shown to help with memory encoding (ref (https://www.ncbi.nlm.nih.gov/pmc/articles/PMC8222525/)) so this may be where the benefit is coming from. Given that Notion is online-only, the offline support is horrible, and the mobile experience is terrible, you will need a beefy tablet to run it effectively. So I'm not sure an eink tablet is going to help. The benefit you get from writing will be lost by the friction of getting your eink notes into Notion (you may have to built this workflow/integration yourself). If your goal is more centered around handwriting and organisati…","","false","false","","","","","0","[THREAD_TITLE]
ADHD use of Notion on a tablet

[THREAD_BODY]
Hi, I have ADHD (genuine, mid 40s), and have various hacks to make life work. Organisation of ""boring things"" (finance, to do lists, planning) is my Achilles heel (like many of us) I use Notion in a haphazard way, that works extremely well for me due to the speed of entering data. I've been reading a lot about ADHD people who've dramatically improved their lives through use of eInk tablets (primarily as there is less ability to be distracted). I was wondering if anyone (ideally with ADHD or similar) has found a system/device for organising their life (eg an eInk tablet that loads Notion well, or an alternative way they've integrated to Notion for one) Or a completely different/non Notion way they've managed to organise themselves. Thanks for your time.

[PARENT_COMMENT_CONTEXT]
I'm not aware of handwriting being beneficial to ADHD'ers, but handwriting (either with a tablet or pen & paper) has been shown to help with memory encoding (ref (https://www.ncbi.nlm.nih.gov/pmc/articles/PMC8222525/)) so this may be where the benefit is coming from. Given that Notion is online-only, the offline support is horrible, and the mobile experience is terrible, you will need a beefy tablet to run it effectively. So I'm not sure an eink tablet is going to help. The benefit you get from writing will be lost by the friction of getting your eink notes into Notion (you may have to built this workflow/integration yourself). If your goal is more centered around handwriting and organisati…

[CURRENT_RECORD]
Thankyou"
"C:\Projects\Web\planner-tdah\research\reddit_data\reddit-Notion-adhd_use_of_notion_on_a_tablet.json","reddit-Notion-adhd_use_of_notion_on_a_tablet","1e4wqs2","t3_1e4wqs2","https://www.reddit.com/r/Notion/comments/1e4wqs2/adhd_use_of_notion_on_a_tablet/","Notion","r/Notion","ADHD use of Notion on a tablet","Hi, I have ADHD (genuine, mid 40s), and have various hacks to make life work. Organisation of ""boring things"" (finance, to do lists, planning) is my Achilles heel (like many of us) I use Notion in a haphazard way, that works extremely well for me due to the speed of entering data. I've been reading a lot about ADHD people who've dramatically improved their lives through use of eInk tablets (primarily as there is less ability to be distracted). I was wondering if anyone (ideally with ADHD or similar) has found a system/device for organising their life (eg an eInk tablet that loads Notion well, or an alternative way they've integrated to Notion for one) Or a completely different/non Notion way they've managed to organise themselves. Thanks for your time.","Question","1721156275","2024-07-16T18:57:55+00:00","7","7","0.82","22","","","reddit-Notion-adhd_use_of_notion_on_a_tablet:comment:ldnixs0","comment","ldnixs0","t1_ldnixs0","https://www.reddit.com/r/Notion/comments/1e4wqs2/adhd_use_of_notion_on_a_tablet/ldnixs0/","/r/Notion/comments/1e4wqs2/adhd_use_of_notion_on_a_tablet/ldnixs0/","t3_1e4wqs2","post","","ldnixs0","0","true","ldnixs0","2712e46cf3ba2f66","","","false","false","","4","4","0","0","1","1721242389","2024-07-17T18:53:09+00:00","false","False","","false","false","false","false","Hey! Fellow ADHDer here 👋🏻 I use Apple Shortcuts to quickly add information to Notion! It helps me log insights from books, add items to shopping lists, track things like my medication using NFC tags, and much more! Someone suggested viewing Notion as a database. Combined with the speed of Apple Shortcuts (which Notion usually lacks), I’ve become much more efficient without wasting time manually entering information. My most-used shortcut is the “ADHD bucket” where I jot down any idea or sudden realization, so I can move on with my day 😎 https://preview.redd.it/w8n2wh0cl4dd1.jpeg?width=1284&format=pjpg&auto=webp&s=5e6d9f0edf9c3ad136fad1ebf7ff29abdbaaac26","Hey! Fellow ADHDer here 👋🏻 I use Apple Shortcuts to quickly add information to Notion! It helps me log insights from books, add items to shopping lists, track things like my medication using NFC tags, and much more! Someone suggested viewing Notion as a database. Combined with t…","662","93","","","https://preview.redd.it/w8n2wh0cl4dd1.jpeg?width=1284&format=pjpg&auto=webp&s=5e6d9f0edf9c3ad136fad1ebf7ff29abdbaaac26","true","true","notion | app","adhd | time","review","contains_question | forgetfulness_or_time_signal | long_form_comment | mentions_feature_or_solution | mentions_pain_or_friction | mentions_planner_or_system | mentions_working_solution_or_recommendation","61","[THREAD_TITLE]
ADHD use of Notion on a tablet

[THREAD_BODY]
Hi, I have ADHD (genuine, mid 40s), and have various hacks to make life work. Organisation of ""boring things"" (finance, to do lists, planning) is my Achilles heel (like many of us) I use Notion in a haphazard way, that works extremely well for me due to the speed of entering data. I've been reading a lot about ADHD people who've dramatically improved their lives through use of eInk tablets (primarily as there is less ability to be distracted). I was wondering if anyone (ideally with ADHD or similar) has found a system/device for organising their life (eg an eInk tablet that loads Notion well, or an alternative way they've integrated to Notion for one) Or a completely different/non Notion way they've managed to organise themselves. Thanks for your time.

[CURRENT_RECORD]
Hey! Fellow ADHDer here 👋🏻 I use Apple Shortcuts to quickly add information to Notion! It helps me log insights from books, add items to shopping lists, track things like my medication using NFC tags, and much more! Someone suggested viewing Notion as a database. Combined with the speed of Apple Shortcuts (which Notion usually lacks), I’ve become much more efficient without wasting time manually entering information. My most-used shortcut is the “ADHD bucket” where I jot down any idea or sudden realization, so I can move on with my day 😎 https://preview.redd.it/w8n2wh0cl4dd1.jpeg?width=1284&format=pjpg&auto=webp&s=5e6d9f0edf9c3ad136fad1ebf7ff29abdbaaac26"
"C:\Projects\Web\planner-tdah\research\reddit_data\reddit-Notion-adhd_use_of_notion_on_a_tablet.json","reddit-Notion-adhd_use_of_notion_on_a_tablet","1e4wqs2","t3_1e4wqs2","https://www.reddit.com/r/Notion/comments/1e4wqs2/adhd_use_of_notion_on_a_tablet/","Notion","r/Notion","ADHD use of Notion on a tablet","Hi, I have ADHD (genuine, mid 40s), and have various hacks to make life work. Organisation of ""boring things"" (finance, to do lists, planning) is my Achilles heel (like many of us) I use Notion in a haphazard way, that works extremely well for me due to the speed of entering data. I've been reading a lot about ADHD people who've dramatically improved their lives through use of eInk tablets (primarily as there is less ability to be distracted). I was wondering if anyone (ideally with ADHD or similar) has found a system/device for organising their life (eg an eInk tablet that loads Notion well, or an alternative way they've integrated to Notion for one) Or a completely different/non Notion way they've managed to organise themselves. Thanks for your time.","Question","1721156275","2024-07-16T18:57:55+00:00","7","7","0.82","22","","","reddit-Notion-adhd_use_of_notion_on_a_tablet:comment:ldnnxiq","comment","ldnnxiq","t1_ldnnxiq","https://www.reddit.com/r/Notion/comments/1e4wqs2/adhd_use_of_notion_on_a_tablet/ldnnxiq/","/r/Notion/comments/1e4wqs2/adhd_use_of_notion_on_a_tablet/ldnnxiq/","t1_ldnixs0","comment","ldnixs0","ldnixs0","1","false","ldnixs0 > ldnnxiq","","","","false","false","","2","2","0","0","1","1721243997","2024-07-17T19:19:57+00:00","false","False","","false","false","false","false","That’s extremely cool! Thankyou for sharing!","That’s extremely cool! Thankyou for sharing!","44","6","Hey! Fellow ADHDer here 👋🏻 I use Apple Shortcuts to quickly add information to Notion! It helps me log insights from books, add items to shopping lists, track things like my medication using NFC tags, and much more! Someone suggested viewing Notion as a database. Combined with the speed of Apple Shortcuts (which Notion usually lacks), I’ve become much more efficient without wasting time manually entering information. My most-used shortcut is the “ADHD bucket” where I jot down any idea or sudden realization, so I can move on with my day 😎 https://preview.redd.it/w8n2wh0cl4dd1.jpeg?width=1284&format=pjpg&auto=webp&s=5e6d9f0edf9c3ad136fad1ebf7ff29abdbaaac26","Hey! Fellow ADHDer here 👋🏻 I use Apple Shortcuts to quickly add information to Notion! It helps me log insights from books, add items to shopping lists, track things like my medication using NFC tags, and much more! Someone suggested viewing Notion as a database. Combined with the speed of Apple Shortcuts (which Notion usually lacks), I’ve become much more efficient without wasting time manually entering information. My most-used shortcut is the “ADHD bucket” where I jot down any idea or sudden realization, so I can move on with my day 😎 https://preview.redd.it/w8n2wh0cl4dd1.jpeg?width=1284&format=pjpg&auto=webp&s=5e6d9f0edf9c3ad136fad1ebf7ff29abdbaaac26","","false","false","","","","","3","[THREAD_TITLE]
ADHD use of Notion on a tablet

[THREAD_BODY]
Hi, I have ADHD (genuine, mid 40s), and have various hacks to make life work. Organisation of ""boring things"" (finance, to do lists, planning) is my Achilles heel (like many of us) I use Notion in a haphazard way, that works extremely well for me due to the speed of entering data. I've been reading a lot about ADHD people who've dramatically improved their lives through use of eInk tablets (primarily as there is less ability to be distracted). I was wondering if anyone (ideally with ADHD or similar) has found a system/device for organising their life (eg an eInk tablet that loads Notion well, or an alternative way they've integrated to Notion for one) Or a completely different/non Notion way they've managed to organise themselves. Thanks for your time.

[PARENT_COMMENT_CONTEXT]
Hey! Fellow ADHDer here 👋🏻 I use Apple Shortcuts to quickly add information to Notion! It helps me log insights from books, add items to shopping lists, track things like my medication using NFC tags, and much more! Someone suggested viewing Notion as a database. Combined with the speed of Apple Shortcuts (which Notion usually lacks), I’ve become much more efficient without wasting time manually entering information. My most-used shortcut is the “ADHD bucket” where I jot down any idea or sudden realization, so I can move on with my day 😎 https://preview.redd.it/w8n2wh0cl4dd1.jpeg?width=1284&format=pjpg&auto=webp&s=5e6d9f0edf9c3ad136fad1ebf7ff29abdbaaac26

[CURRENT_RECORD]
That’s extremely cool! Thankyou for sharing!"
"C:\Projects\Web\planner-tdah\research\reddit_data\reddit-Notion-adhd_use_of_notion_on_a_tablet.json","reddit-Notion-adhd_use_of_notion_on_a_tablet","1e4wqs2","t3_1e4wqs2","https://www.reddit.com/r/Notion/comments/1e4wqs2/adhd_use_of_notion_on_a_tablet/","Notion","r/Notion","ADHD use of Notion on a tablet","Hi, I have ADHD (genuine, mid 40s), and have various hacks to make life work. Organisation of ""boring things"" (finance, to do lists, planning) is my Achilles heel (like many of us) I use Notion in a haphazard way, that works extremely well for me due to the speed of entering data. I've been reading a lot about ADHD people who've dramatically improved their lives through use of eInk tablets (primarily as there is less ability to be distracted). I was wondering if anyone (ideally with ADHD or similar) has found a system/device for organising their life (eg an eInk tablet that loads Notion well, or an alternative way they've integrated to Notion for one) Or a completely different/non Notion way they've managed to organise themselves. Thanks for your time.","Question","1721156275","2024-07-16T18:57:55+00:00","7","7","0.82","22","","","reddit-Notion-adhd_use_of_notion_on_a_tablet:comment:ldnoeg5","comment","ldnoeg5","t1_ldnoeg5","https://www.reddit.com/r/Notion/comments/1e4wqs2/adhd_use_of_notion_on_a_tablet/ldnoeg5/","/r/Notion/comments/1e4wqs2/adhd_use_of_notion_on_a_tablet/ldnoeg5/","t1_ldnnxiq","comment","ldnnxiq","ldnixs0","2","false","ldnixs0 > ldnnxiq > ldnoeg5","2712e46cf3ba2f66","","","false","false","","3","3","0","0","0","1721244148","2024-07-17T19:22:28+00:00","false","False","","false","false","false","false","No worries mate! 😁 A tip that helped me getting started is to use the Nautomate app. It made it stupid easy to set up 👏🏻","No worries mate! 😁 A tip that helped me getting started is to use the Nautomate app. It made it stupid easy to set up 👏🏻","120","26","That’s extremely cool! Thankyou for sharing!","Hey! Fellow ADHDer here 👋🏻 I use Apple Shortcuts to quickly add information to Notion! It helps me log insights from books, add items to shopping lists, track things like my medication using NFC tags, and much more! Someone suggested viewing Notion as a database. Combined with the speed of Apple Shortcuts (which Notion usually lacks), I’ve become much more efficient without wasting time manually entering information. My most-used shortcut is the “ADHD bucket” where I jot down any idea or sudden realization, so I can move on with my day 😎 https://preview.redd.it/w8n2wh0cl4dd1.jpeg?width=1284&format=pjpg&auto=webp&s=5e6d9f0edf9c3ad136fad1ebf7ff29abdbaaac26","","false","true","app","","","mentions_planner_or_system | mentions_working_solution_or_recommendation","22","[THREAD_TITLE]
ADHD use of Notion on a tablet

[THREAD_BODY]
Hi, I have ADHD (genuine, mid 40s), and have various hacks to make life work. Organisation of ""boring things"" (finance, to do lists, planning) is my Achilles heel (like many of us) I use Notion in a haphazard way, that works extremely well for me due to the speed of entering data. I've been reading a lot about ADHD people who've dramatically improved their lives through use of eInk tablets (primarily as there is less ability to be distracted). I was wondering if anyone (ideally with ADHD or similar) has found a system/device for organising their life (eg an eInk tablet that loads Notion well, or an alternative way they've integrated to Notion for one) Or a completely different/non Notion way they've managed to organise themselves. Thanks for your time.

[ROOT_COMMENT_CONTEXT]
Hey! Fellow ADHDer here 👋🏻 I use Apple Shortcuts to quickly add information to Notion! It helps me log insights from books, add items to shopping lists, track things like my medication using NFC tags, and much more! Someone suggested viewing Notion as a database. Combined with the speed of Apple Shortcuts (which Notion usually lacks), I’ve become much more efficient without wasting time manually entering information. My most-used shortcut is the “ADHD bucket” where I jot down any idea or sudden realization, so I can move on with my day 😎 https://preview.redd.it/w8n2wh0cl4dd1.jpeg?width=1284&format=pjpg&auto=webp&s=5e6d9f0edf9c3ad136fad1ebf7ff29abdbaaac26

[PARENT_COMMENT_CONTEXT]
That’s extremely cool! Thankyou for sharing!

[CURRENT_RECORD]
No worries mate! 😁 A tip that helped me getting started is to use the Nautomate app. It made it stupid easy to set up 👏🏻"
"C:\Projects\Web\planner-tdah\research\reddit_data\reddit-Notion-adhd_use_of_notion_on_a_tablet.json","reddit-Notion-adhd_use_of_notion_on_a_tablet","1e4wqs2","t3_1e4wqs2","https://www.reddit.com/r/Notion/comments/1e4wqs2/adhd_use_of_notion_on_a_tablet/","Notion","r/Notion","ADHD use of Notion on a tablet","Hi, I have ADHD (genuine, mid 40s), and have various hacks to make life work. Organisation of ""boring things"" (finance, to do lists, planning) is my Achilles heel (like many of us) I use Notion in a haphazard way, that works extremely well for me due to the speed of entering data. I've been reading a lot about ADHD people who've dramatically improved their lives through use of eInk tablets (primarily as there is less ability to be distracted). I was wondering if anyone (ideally with ADHD or similar) has found a system/device for organising their life (eg an eInk tablet that loads Notion well, or an alternative way they've integrated to Notion for one) Or a completely different/non Notion way they've managed to organise themselves. Thanks for your time.","Question","1721156275","2024-07-16T18:57:55+00:00","7","7","0.82","22","","","reddit-Notion-adhd_use_of_notion_on_a_tablet:comment:ldnkg2y","comment","ldnkg2y","t1_ldnkg2y","https://www.reddit.com/r/Notion/comments/1e4wqs2/adhd_use_of_notion_on_a_tablet/ldnkg2y/","/r/Notion/comments/1e4wqs2/adhd_use_of_notion_on_a_tablet/ldnkg2y/","t3_1e4wqs2","post","","ldnkg2y","0","true","ldnkg2y","9b2a63c83bab3ed1","","","false","false","","2","2","0","0","1","1721242869","2024-07-17T19:01:09+00:00","false","False","","false","false","false","false","This won't be a super great suggestion for now but the Daylight computerDaylight Computer (https://daylightcomputer.com/product) is an e-ink display tablet with response time rivaling traditional tablet screens. If it stands up to scrutiny, it may be exactly what you are looking for. Still in development.","This won't be a super great suggestion for now but the Daylight computerDaylight Computer (https://daylightcomputer.com/product) is an e-ink display tablet with response time rivaling traditional tablet screens. If it stands up to scrutiny, it may be exactly what you are looking…","306","45","","","https://daylightcomputer.com/product","false","true","","time","","forgetfulness_or_time_signal | mentions_pain_or_friction | mentions_working_solution_or_recommendation","34","[THREAD_TITLE]
ADHD use of Notion on a tablet

[THREAD_BODY]
Hi, I have ADHD (genuine, mid 40s), and have various hacks to make life work. Organisation of ""boring things"" (finance, to do lists, planning) is my Achilles heel (like many of us) I use Notion in a haphazard way, that works extremely well for me due to the speed of entering data. I've been reading a lot about ADHD people who've dramatically improved their lives through use of eInk tablets (primarily as there is less ability to be distracted). I was wondering if anyone (ideally with ADHD or similar) has found a system/device for organising their life (eg an eInk tablet that loads Notion well, or an alternative way they've integrated to Notion for one) Or a completely different/non Notion way they've managed to organise themselves. Thanks for your time.

[CURRENT_RECORD]
This won't be a super great suggestion for now but the Daylight computerDaylight Computer (https://daylightcomputer.com/product) is an e-ink display tablet with response time rivaling traditional tablet screens. If it stands up to scrutiny, it may be exactly what you are looking for. Still in development."
"C:\Projects\Web\planner-tdah\research\reddit_data\reddit-Notion-adhd_use_of_notion_on_a_tablet.json","reddit-Notion-adhd_use_of_notion_on_a_tablet","1e4wqs2","t3_1e4wqs2","https://www.reddit.com/r/Notion/comments/1e4wqs2/adhd_use_of_notion_on_a_tablet/","Notion","r/Notion","ADHD use of Notion on a tablet","Hi, I have ADHD (genuine, mid 40s), and have various hacks to make life work. Organisation of ""boring things"" (finance, to do lists, planning) is my Achilles heel (like many of us) I use Notion in a haphazard way, that works extremely well for me due to the speed of entering data. I've been reading a lot about ADHD people who've dramatically improved their lives through use of eInk tablets (primarily as there is less ability to be distracted). I was wondering if anyone (ideally with ADHD or similar) has found a system/device for organising their life (eg an eInk tablet that loads Notion well, or an alternative way they've integrated to Notion for one) Or a completely different/non Notion way they've managed to organise themselves. Thanks for your time.","Question","1721156275","2024-07-16T18:57:55+00:00","7","7","0.82","22","","","reddit-Notion-adhd_use_of_notion_on_a_tablet:comment:ldnnzsk","comment","ldnnzsk","t1_ldnnzsk","https://www.reddit.com/r/Notion/comments/1e4wqs2/adhd_use_of_notion_on_a_tablet/ldnnzsk/","/r/Notion/comments/1e4wqs2/adhd_use_of_notion_on_a_tablet/ldnnzsk/","t1_ldnkg2y","comment","ldnkg2y","ldnkg2y","1","false","ldnkg2y > ldnnzsk","","","","false","false","","1","1","0","0","0","1721244017","2024-07-17T19:20:17+00:00","false","False","","false","false","false","false","Thankyou","Thankyou","8","1","This won't be a super great suggestion for now but the Daylight computerDaylight Computer (https://daylightcomputer.com/product) is an e-ink display tablet with response time rivaling traditional tablet screens. If it stands up to scrutiny, it may be exactly what you are looking for. Still in development.","This won't be a super great suggestion for now but the Daylight computerDaylight Computer (https://daylightcomputer.com/product) is an e-ink display tablet with response time rivaling traditional tablet screens. If it stands up to scrutiny, it may be exactly what you are looking for. Still in development.","","false","false","","","","","0","[THREAD_TITLE]
ADHD use of Notion on a tablet

[THREAD_BODY]
Hi, I have ADHD (genuine, mid 40s), and have various hacks to make life work. Organisation of ""boring things"" (finance, to do lists, planning) is my Achilles heel (like many of us) I use Notion in a haphazard way, that works extremely well for me due to the speed of entering data. I've been reading a lot about ADHD people who've dramatically improved their lives through use of eInk tablets (primarily as there is less ability to be distracted). I was wondering if anyone (ideally with ADHD or similar) has found a system/device for organising their life (eg an eInk tablet that loads Notion well, or an alternative way they've integrated to Notion for one) Or a completely different/non Notion way they've managed to organise themselves. Thanks for your time.

[PARENT_COMMENT_CONTEXT]
This won't be a super great suggestion for now but the Daylight computerDaylight Computer (https://daylightcomputer.com/product) is an e-ink display tablet with response time rivaling traditional tablet screens. If it stands up to scrutiny, it may be exactly what you are looking for. Still in development.

[CURRENT_RECORD]
Thankyou"
