"source_file","source_file_stem","thread_id","thread_fullname","thread_url","subreddit","subreddit_prefixed","thread_title","thread_selftext_clean","thread_flair","thread_created_utc","thread_created_iso","thread_score","thread_ups","thread_upvote_ratio","thread_num_comments","thread_author_hash","thread_author_public","record_id","record_type","comment_id","comment_fullname","comment_url","comment_permalink","parent_id_raw","parent_type","parent_comment_id","root_comment_id","depth","is_top_level","path_ids","author_hash","author_public","author_flair_text","is_submitter","stickied","distinguished","score","ups","downs","controversiality","reply_count_direct","created_utc","created_iso","edited","edited_utc","edited_iso","collapsed","locked","archived","score_hidden","body_clean","body_excerpt_280","body_length_chars","body_word_count","parent_body_excerpt","root_body_excerpt","text_urls","contains_question","contains_recommendation_language","planner_terms_found","pain_terms_found","feature_terms_found","signal_tags","relevance_score_0_100","text_for_ai"
"C:\Projects\Web\planner-tdah\research\reddit_data\reddit-adhdwomen-a_new_planner_will_not_change_your_life.json","reddit-adhdwomen-a_new_planner_will_not_change_your_life","1hpa0sk","t3_1hpa0sk","https://www.reddit.com/r/adhdwomen/comments/1hpa0sk/a_new_planner_will_not_change_your_life/","adhdwomen","r/adhdwomen","A NEW PLANNER WILL NOT CHANGE YOUR LIFE!","It's that time of the year...your tiktok fyp is full of people setting up their bullet journals for the new year, your Instagram is full of ads to buy a hobonichi...but wait! It's a trap!!! Take the $50 Moleskine leather bound weekly 2025 planner out of your cart. Do NOT, under any circumstances, go into any bookstores, office supply stores, or stationary stores for the next 3-5 days. Ignore any and all links you see for the ADHD life-changing organizer, designed for people with ADHD by people with ADHD. Remember that you can try a new system whenever you want, reinvention doesn't have to start on January 1st. They are preying on our lust for new notebooks and the dopamine we get from setting up new systems!!! Don't let them win! Edit: Y'all some of these comments are killing me😂 love you guys. Also! I'm not saying planners = bad!! pls it's just a joke!!! it's more a commentary on how we're suckers for the push for productivity that comes from stores and influencers to get us to buy stuff we might not need. also sometimes u just need a blank notebook/planner to keep you company 😌 (I am guilty of this)","General Question/Discussion","1735517699","2024-12-30T00:14:59+00:00","5568","5568","1","818","3e76da9377002588","","reddit-adhdwomen-a_new_planner_will_not_change_your_life:post:1hpa0sk","thread_post","","","https://www.reddit.com/r/adhdwomen/comments/1hpa0sk/a_new_planner_will_not_change_your_life/","/r/adhdwomen/comments/1hpa0sk/a_new_planner_will_not_change_your_life/","","","","","","","","3e76da9377002588","","ADHD-HI","true","false","","5568","5568","0","","","1735517699","2024-12-30T00:14:59+00:00","1735566425","1735566425","2024-12-30T13:47:05+00:00","","false","true","false","A NEW PLANNER WILL NOT CHANGE YOUR LIFE! It's that time of the year...your tiktok fyp is full of people setting up their bullet journals for the new year, your Instagram is full of ads to buy a hobonichi...but wait! It's a trap!!! Take the $50 Moleskine leather bound weekly 2025 planner out of your cart. Do NOT, under any circumstances, go into any bookstores, office supply stores, or stationary stores for the next 3-5 days. Ignore any and all links you see for the ADHD life-changing organizer, designed for people with ADHD by people with ADHD. Remember that you can try a new system whenever you want, reinvention doesn't have to start on January 1st. They are preying on our lust for new notebooks and the dopamine we get from setting up new systems!!! Don't let them win! Edit: Y'all some of these comments are killing me😂 love you guys. Also! I'm not saying planners = bad!! pls it's just a joke!!! it's more a commentary on how we're suckers for the push for productivity that comes from stores and influencers to get us to buy stuff we might not need. also sometimes u just need a blank notebook/planner to keep you company 😌 (I am guilty of this)","A NEW PLANNER WILL NOT CHANGE YOUR LIFE! It's that time of the year...your tiktok fyp is full of people setting up their bullet journals for the new year, your Instagram is full of ads to buy a hobonichi...but wait! It's a trap!!! Take the $50 Moleskine leather bound weekly 2025…","1159","210","","","","false","true","planner | planners | plan | bullet journal | journal | weekly | organize","adhd | guilt | guilty | time","weekly | change","forgetfulness_or_time_signal | guilt_or_shame_signal | long_form_comment | mentions_feature_or_solution | mentions_pain_or_friction | mentions_planner_or_system | mentions_working_solution_or_recommendation | novelty_or_format_change_signal","100","[THREAD_TITLE]
A NEW PLANNER WILL NOT CHANGE YOUR LIFE!

[THREAD_BODY]
It's that time of the year...your tiktok fyp is full of people setting up their bullet journals for the new year, your Instagram is full of ads to buy a hobonichi...but wait! It's a trap!!! Take the $50 Moleskine leather bound weekly 2025 planner out of your cart. Do NOT, under any circumstances, go into any bookstores, office supply stores, or stationary stores for the next 3-5 days. Ignore any and all links you see for the ADHD life-changing organizer, designed for people with ADHD by people with ADHD. Remember that you can try a new system whenever you want, reinvention doesn't have to start on January 1st. They are preying on our lust for new notebooks and the dopamine we get from setting up new systems!!! Don't let them win! Edit: Y'all some of these comments are killing me😂 love you guys. Also! I'm not saying planners = bad!! pls it's just a joke!!! it's more a commentary on how we're suckers for the push for productivity that comes from stores and influencers to get us to buy stuff we might not need. also sometimes u just need a blank notebook/planner to keep you company 😌 (I am guilty of this)"
"C:\Projects\Web\planner-tdah\research\reddit_data\reddit-adhdwomen-a_new_planner_will_not_change_your_life.json","reddit-adhdwomen-a_new_planner_will_not_change_your_life","1hpa0sk","t3_1hpa0sk","https://www.reddit.com/r/adhdwomen/comments/1hpa0sk/a_new_planner_will_not_change_your_life/","adhdwomen","r/adhdwomen","A NEW PLANNER WILL NOT CHANGE YOUR LIFE!","It's that time of the year...your tiktok fyp is full of people setting up their bullet journals for the new year, your Instagram is full of ads to buy a hobonichi...but wait! It's a trap!!! Take the $50 Moleskine leather bound weekly 2025 planner out of your cart. Do NOT, under any circumstances, go into any bookstores, office supply stores, or stationary stores for the next 3-5 days. Ignore any and all links you see for the ADHD life-changing organizer, designed for people with ADHD by people with ADHD. Remember that you can try a new system whenever you want, reinvention doesn't have to start on January 1st. They are preying on our lust for new notebooks and the dopamine we get from setting up new systems!!! Don't let them win! Edit: Y'all some of these comments are killing me😂 love you guys. Also! I'm not saying planners = bad!! pls it's just a joke!!! it's more a commentary on how we're suckers for the push for productivity that comes from stores and influencers to get us to buy stuff we might not need. also sometimes u just need a blank notebook/planner to keep you company 😌 (I am guilty of this)","General Question/Discussion","1735517699","2024-12-30T00:14:59+00:00","5568","5568","1","818","3e76da9377002588","","reddit-adhdwomen-a_new_planner_will_not_change_your_life:comment:m4g0qfc","comment","m4g0qfc","t1_m4g0qfc","https://www.reddit.com/r/adhdwomen/comments/1hpa0sk/a_new_planner_will_not_change_your_life/m4g0qfc/","/r/adhdwomen/comments/1hpa0sk/a_new_planner_will_not_change_your_life/m4g0qfc/","t3_1hpa0sk","post","","m4g0qfc","0","true","m4g0qfc","","","","false","false","","1506","1506","0","0","11","1735518970","2024-12-30T00:36:10+00:00","false","False","","false","false","true","false","Ok but hear me out, what if this year I get one with grid paper and a sparkly cover? Multicolored fine tip pens? Stickers?!?!","Ok but hear me out, what if this year I get one with grid paper and a sparkly cover? Multicolored fine tip pens? Stickers?!?!","125","24","","","","true","false","","","color","contains_question | mentions_feature_or_solution","36","[THREAD_TITLE]
A NEW PLANNER WILL NOT CHANGE YOUR LIFE!

[THREAD_BODY]
It's that time of the year...your tiktok fyp is full of people setting up their bullet journals for the new year, your Instagram is full of ads to buy a hobonichi...but wait! It's a trap!!! Take the $50 Moleskine leather bound weekly 2025 planner out of your cart. Do NOT, under any circumstances, go into any bookstores, office supply stores, or stationary stores for the next 3-5 days. Ignore any and all links you see for the ADHD life-changing organizer, designed for people with ADHD by people with ADHD. Remember that you can try a new system whenever you want, reinvention doesn't have to start on January 1st. They are preying on our lust for new notebooks and the dopamine we get from setting up new systems!!! Don't let them win! Edit: Y'all some of these comments are killing me😂 love you guys. Also! I'm not saying planners = bad!! pls it's just a joke!!! it's more a commentary on how we're suckers for the push for productivity that comes from stores and influencers to get us to buy stuff we might not need. also sometimes u just need a blank notebook/planner to keep you company 😌 (I am guilty of this)

[CURRENT_RECORD]
Ok but hear me out, what if this year I get one with grid paper and a sparkly cover? Multicolored fine tip pens? Stickers?!?!"
"C:\Projects\Web\planner-tdah\research\reddit_data\reddit-adhdwomen-a_new_planner_will_not_change_your_life.json","reddit-adhdwomen-a_new_planner_will_not_change_your_life","1hpa0sk","t3_1hpa0sk","https://www.reddit.com/r/adhdwomen/comments/1hpa0sk/a_new_planner_will_not_change_your_life/","adhdwomen","r/adhdwomen","A NEW PLANNER WILL NOT CHANGE YOUR LIFE!","It's that time of the year...your tiktok fyp is full of people setting up their bullet journals for the new year, your Instagram is full of ads to buy a hobonichi...but wait! It's a trap!!! Take the $50 Moleskine leather bound weekly 2025 planner out of your cart. Do NOT, under any circumstances, go into any bookstores, office supply stores, or stationary stores for the next 3-5 days. Ignore any and all links you see for the ADHD life-changing organizer, designed for people with ADHD by people with ADHD. Remember that you can try a new system whenever you want, reinvention doesn't have to start on January 1st. They are preying on our lust for new notebooks and the dopamine we get from setting up new systems!!! Don't let them win! Edit: Y'all some of these comments are killing me😂 love you guys. Also! I'm not saying planners = bad!! pls it's just a joke!!! it's more a commentary on how we're suckers for the push for productivity that comes from stores and influencers to get us to buy stuff we might not need. also sometimes u just need a blank notebook/planner to keep you company 😌 (I am guilty of this)","General Question/Discussion","1735517699","2024-12-30T00:14:59+00:00","5568","5568","1","818","3e76da9377002588","","reddit-adhdwomen-a_new_planner_will_not_change_your_life:comment:m4g389n","comment","m4g389n","t1_m4g389n","https://www.reddit.com/r/adhdwomen/comments/1hpa0sk/a_new_planner_will_not_change_your_life/m4g389n/","/r/adhdwomen/comments/1hpa0sk/a_new_planner_will_not_change_your_life/m4g389n/","t1_m4g0qfc","comment","m4g0qfc","m4g0qfc","1","false","m4g0qfc > m4g389n","584cbbbaf446beee","","here because I'm procrastinating something","false","false","","796","796","0","0","9","1735519819","2024-12-30T00:50:19+00:00","false","False","","false","false","true","false","you are going to hyper focus the stickers for the holidays of the upcoming year first, write in birthdays with fun cute colored pens, start a to-do list in it (including things you already finished that day so you can cross a few off), put it in a smart place you are sure you will use it everyday, maybe you'll use it a few more days only you already misplaced both the fun pens and stickers, each day you do will look more messy because you are putting less effort into it (but swear after this weekend you will have more time and remember stuff you were suppose to remember to write in it but can't recall atm), you will never see this planner again for the next 7 months until you get a massive declutter hyperfocus and find it in that exact same ""smart place"", you will feel guilt from it being nearly empty and think ""why do I do this every year?!"". next december you will buy washi tape and cool highlighters that will DEFINITELY change things.","you are going to hyper focus the stickers for the holidays of the upcoming year first, write in birthdays with fun cute colored pens, start a to-do list in it (including things you already finished that day so you can cross a few off), put it in a smart place you are sure you wi…","951","179","Ok but hear me out, what if this year I get one with grid paper and a sparkly cover? Multicolored fine tip pens? Stickers?!?!","Ok but hear me out, what if this year I get one with grid paper and a sparkly cover? Multicolored fine tip pens? Stickers?!?!","","true","false","planner | plan | to-do","guilt | time","color | change","contains_question | forgetfulness_or_time_signal | guilt_or_shame_signal | long_form_comment | mentions_feature_or_solution | mentions_pain_or_friction | mentions_planner_or_system | novelty_or_format_change_signal","88","[THREAD_TITLE]
A NEW PLANNER WILL NOT CHANGE YOUR LIFE!

[THREAD_BODY]
It's that time of the year...your tiktok fyp is full of people setting up their bullet journals for the new year, your Instagram is full of ads to buy a hobonichi...but wait! It's a trap!!! Take the $50 Moleskine leather bound weekly 2025 planner out of your cart. Do NOT, under any circumstances, go into any bookstores, office supply stores, or stationary stores for the next 3-5 days. Ignore any and all links you see for the ADHD life-changing organizer, designed for people with ADHD by people with ADHD. Remember that you can try a new system whenever you want, reinvention doesn't have to start on January 1st. They are preying on our lust for new notebooks and the dopamine we get from setting up new systems!!! Don't let them win! Edit: Y'all some of these comments are killing me😂 love you guys. Also! I'm not saying planners = bad!! pls it's just a joke!!! it's more a commentary on how we're suckers for the push for productivity that comes from stores and influencers to get us to buy stuff we might not need. also sometimes u just need a blank notebook/planner to keep you company 😌 (I am guilty of this)

[PARENT_COMMENT_CONTEXT]
Ok but hear me out, what if this year I get one with grid paper and a sparkly cover? Multicolored fine tip pens? Stickers?!?!

[CURRENT_RECORD]
you are going to hyper focus the stickers for the holidays of the upcoming year first, write in birthdays with fun cute colored pens, start a to-do list in it (including things you already finished that day so you can cross a few off), put it in a smart place you are sure you will use it everyday, maybe you'll use it a few more days only you already misplaced both the fun pens and stickers, each day you do will look more messy because you are putting less effort into it (but swear after this weekend you will have more time and remember stuff you were suppose to remember to write in it but can't recall atm), you will never see this planner again for the next 7 months until you get a massive declutter hyperfocus and find it in that exact same ""smart place"", you will feel guilt from it being nearly empty and think ""why do I do this every year?!"". next december you will buy washi tape and cool highlighters that will DEFINITELY change things."
"C:\Projects\Web\planner-tdah\research\reddit_data\reddit-adhdwomen-a_new_planner_will_not_change_your_life.json","reddit-adhdwomen-a_new_planner_will_not_change_your_life","1hpa0sk","t3_1hpa0sk","https://www.reddit.com/r/adhdwomen/comments/1hpa0sk/a_new_planner_will_not_change_your_life/","adhdwomen","r/adhdwomen","A NEW PLANNER WILL NOT CHANGE YOUR LIFE!","It's that time of the year...your tiktok fyp is full of people setting up their bullet journals for the new year, your Instagram is full of ads to buy a hobonichi...but wait! It's a trap!!! Take the $50 Moleskine leather bound weekly 2025 planner out of your cart. Do NOT, under any circumstances, go into any bookstores, office supply stores, or stationary stores for the next 3-5 days. Ignore any and all links you see for the ADHD life-changing organizer, designed for people with ADHD by people with ADHD. Remember that you can try a new system whenever you want, reinvention doesn't have to start on January 1st. They are preying on our lust for new notebooks and the dopamine we get from setting up new systems!!! Don't let them win! Edit: Y'all some of these comments are killing me😂 love you guys. Also! I'm not saying planners = bad!! pls it's just a joke!!! it's more a commentary on how we're suckers for the push for productivity that comes from stores and influencers to get us to buy stuff we might not need. also sometimes u just need a blank notebook/planner to keep you company 😌 (I am guilty of this)","General Question/Discussion","1735517699","2024-12-30T00:14:59+00:00","5568","5568","1","818","3e76da9377002588","","reddit-adhdwomen-a_new_planner_will_not_change_your_life:comment:m4g5xzh","comment","m4g5xzh","t1_m4g5xzh","https://www.reddit.com/r/adhdwomen/comments/1hpa0sk/a_new_planner_will_not_change_your_life/m4g5xzh/","/r/adhdwomen/comments/1hpa0sk/a_new_planner_will_not_change_your_life/m4g5xzh/","t1_m4g389n","comment","m4g389n","m4g0qfc","2","false","m4g0qfc > m4g389n > m4g5xzh","e42410cdfd9adb41","","","false","false","","188","188","0","0","0","1735520767","2024-12-30T01:06:07+00:00","false","False","","false","false","true","false","So nice to be seen ♥️ happy new year yall","So nice to be seen ♥️ happy new year yall","41","10","you are going to hyper focus the stickers for the holidays of the upcoming year first, write in birthdays with fun cute colored pens, start a to-do list in it (including things you already finished that day so you can cross a few off), put it in a smart place you are sure you will use it everyday, maybe you'll use it a few more days only you already misplaced both the fun pens and stickers, each day you do will look more messy because you are putting less effort into it (but swear after this weekend you will have more time and remember stuff you were suppose to remember to write in it but can't recall atm), you will never see this planner again for the next 7 months until you get a massive…","Ok but hear me out, what if this year I get one with grid paper and a sparkly cover? Multicolored fine tip pens? Stickers?!?!","","false","false","app","","","mentions_planner_or_system","19","[THREAD_TITLE]
A NEW PLANNER WILL NOT CHANGE YOUR LIFE!

[THREAD_BODY]
It's that time of the year...your tiktok fyp is full of people setting up their bullet journals for the new year, your Instagram is full of ads to buy a hobonichi...but wait! It's a trap!!! Take the $50 Moleskine leather bound weekly 2025 planner out of your cart. Do NOT, under any circumstances, go into any bookstores, office supply stores, or stationary stores for the next 3-5 days. Ignore any and all links you see for the ADHD life-changing organizer, designed for people with ADHD by people with ADHD. Remember that you can try a new system whenever you want, reinvention doesn't have to start on January 1st. They are preying on our lust for new notebooks and the dopamine we get from setting up new systems!!! Don't let them win! Edit: Y'all some of these comments are killing me😂 love you guys. Also! I'm not saying planners = bad!! pls it's just a joke!!! it's more a commentary on how we're suckers for the push for productivity that comes from stores and influencers to get us to buy stuff we might not need. also sometimes u just need a blank notebook/planner to keep you company 😌 (I am guilty of this)

[ROOT_COMMENT_CONTEXT]
Ok but hear me out, what if this year I get one with grid paper and a sparkly cover? Multicolored fine tip pens? Stickers?!?!

[PARENT_COMMENT_CONTEXT]
you are going to hyper focus the stickers for the holidays of the upcoming year first, write in birthdays with fun cute colored pens, start a to-do list in it (including things you already finished that day so you can cross a few off), put it in a smart place you are sure you will use it everyday, maybe you'll use it a few more days only you already misplaced both the fun pens and stickers, each day you do will look more messy because you are putting less effort into it (but swear after this weekend you will have more time and remember stuff you were suppose to remember to write in it but can't recall atm), you will never see this planner again for the next 7 months until you get a massive…

[CURRENT_RECORD]
So nice to be seen ♥️ happy new year yall"
"C:\Projects\Web\planner-tdah\research\reddit_data\reddit-adhdwomen-a_new_planner_will_not_change_your_life.json","reddit-adhdwomen-a_new_planner_will_not_change_your_life","1hpa0sk","t3_1hpa0sk","https://www.reddit.com/r/adhdwomen/comments/1hpa0sk/a_new_planner_will_not_change_your_life/","adhdwomen","r/adhdwomen","A NEW PLANNER WILL NOT CHANGE YOUR LIFE!","It's that time of the year...your tiktok fyp is full of people setting up their bullet journals for the new year, your Instagram is full of ads to buy a hobonichi...but wait! It's a trap!!! Take the $50 Moleskine leather bound weekly 2025 planner out of your cart. Do NOT, under any circumstances, go into any bookstores, office supply stores, or stationary stores for the next 3-5 days. Ignore any and all links you see for the ADHD life-changing organizer, designed for people with ADHD by people with ADHD. Remember that you can try a new system whenever you want, reinvention doesn't have to start on January 1st. They are preying on our lust for new notebooks and the dopamine we get from setting up new systems!!! Don't let them win! Edit: Y'all some of these comments are killing me😂 love you guys. Also! I'm not saying planners = bad!! pls it's just a joke!!! it's more a commentary on how we're suckers for the push for productivity that comes from stores and influencers to get us to buy stuff we might not need. also sometimes u just need a blank notebook/planner to keep you company 😌 (I am guilty of this)","General Question/Discussion","1735517699","2024-12-30T00:14:59+00:00","5568","5568","1","818","3e76da9377002588","","reddit-adhdwomen-a_new_planner_will_not_change_your_life:comment:m4g7dto","comment","m4g7dto","t1_m4g7dto","https://www.reddit.com/r/adhdwomen/comments/1hpa0sk/a_new_planner_will_not_change_your_life/m4g7dto/","/r/adhdwomen/comments/1hpa0sk/a_new_planner_will_not_change_your_life/m4g7dto/","t1_m4g389n","comment","m4g389n","m4g0qfc","2","false","m4g0qfc > m4g389n > m4g7dto","","","","false","false","","71","71","0","0","0","1735521277","2024-12-30T01:14:37+00:00","false","False","","false","false","true","false","Yes, you nailed it! Exactly!!!!! Washi tape will be the game changer you've been looking for!","Yes, you nailed it! Exactly!!!!! Washi tape will be the game changer you've been looking for!","93","16","you are going to hyper focus the stickers for the holidays of the upcoming year first, write in birthdays with fun cute colored pens, start a to-do list in it (including things you already finished that day so you can cross a few off), put it in a smart place you are sure you will use it everyday, maybe you'll use it a few more days only you already misplaced both the fun pens and stickers, each day you do will look more messy because you are putting less effort into it (but swear after this weekend you will have more time and remember stuff you were suppose to remember to write in it but can't recall atm), you will never see this planner again for the next 7 months until you get a massive…","Ok but hear me out, what if this year I get one with grid paper and a sparkly cover? Multicolored fine tip pens? Stickers?!?!","","false","false","","","change","mentions_feature_or_solution","19","[THREAD_TITLE]
A NEW PLANNER WILL NOT CHANGE YOUR LIFE!

[THREAD_BODY]
It's that time of the year...your tiktok fyp is full of people setting up their bullet journals for the new year, your Instagram is full of ads to buy a hobonichi...but wait! It's a trap!!! Take the $50 Moleskine leather bound weekly 2025 planner out of your cart. Do NOT, under any circumstances, go into any bookstores, office supply stores, or stationary stores for the next 3-5 days. Ignore any and all links you see for the ADHD life-changing organizer, designed for people with ADHD by people with ADHD. Remember that you can try a new system whenever you want, reinvention doesn't have to start on January 1st. They are preying on our lust for new notebooks and the dopamine we get from setting up new systems!!! Don't let them win! Edit: Y'all some of these comments are killing me😂 love you guys. Also! I'm not saying planners = bad!! pls it's just a joke!!! it's more a commentary on how we're suckers for the push for productivity that comes from stores and influencers to get us to buy stuff we might not need. also sometimes u just need a blank notebook/planner to keep you company 😌 (I am guilty of this)

[ROOT_COMMENT_CONTEXT]
Ok but hear me out, what if this year I get one with grid paper and a sparkly cover? Multicolored fine tip pens? Stickers?!?!

[PARENT_COMMENT_CONTEXT]
you are going to hyper focus the stickers for the holidays of the upcoming year first, write in birthdays with fun cute colored pens, start a to-do list in it (including things you already finished that day so you can cross a few off), put it in a smart place you are sure you will use it everyday, maybe you'll use it a few more days only you already misplaced both the fun pens and stickers, each day you do will look more messy because you are putting less effort into it (but swear after this weekend you will have more time and remember stuff you were suppose to remember to write in it but can't recall atm), you will never see this planner again for the next 7 months until you get a massive…

[CURRENT_RECORD]
Yes, you nailed it! Exactly!!!!! Washi tape will be the game changer you've been looking for!"
"C:\Projects\Web\planner-tdah\research\reddit_data\reddit-adhdwomen-a_new_planner_will_not_change_your_life.json","reddit-adhdwomen-a_new_planner_will_not_change_your_life","1hpa0sk","t3_1hpa0sk","https://www.reddit.com/r/adhdwomen/comments/1hpa0sk/a_new_planner_will_not_change_your_life/","adhdwomen","r/adhdwomen","A NEW PLANNER WILL NOT CHANGE YOUR LIFE!","It's that time of the year...your tiktok fyp is full of people setting up their bullet journals for the new year, your Instagram is full of ads to buy a hobonichi...but wait! It's a trap!!! Take the $50 Moleskine leather bound weekly 2025 planner out of your cart. Do NOT, under any circumstances, go into any bookstores, office supply stores, or stationary stores for the next 3-5 days. Ignore any and all links you see for the ADHD life-changing organizer, designed for people with ADHD by people with ADHD. Remember that you can try a new system whenever you want, reinvention doesn't have to start on January 1st. They are preying on our lust for new notebooks and the dopamine we get from setting up new systems!!! Don't let them win! Edit: Y'all some of these comments are killing me😂 love you guys. Also! I'm not saying planners = bad!! pls it's just a joke!!! it's more a commentary on how we're suckers for the push for productivity that comes from stores and influencers to get us to buy stuff we might not need. also sometimes u just need a blank notebook/planner to keep you company 😌 (I am guilty of this)","General Question/Discussion","1735517699","2024-12-30T00:14:59+00:00","5568","5568","1","818","3e76da9377002588","","reddit-adhdwomen-a_new_planner_will_not_change_your_life:comment:m4ha8n9","comment","m4ha8n9","t1_m4ha8n9","https://www.reddit.com/r/adhdwomen/comments/1hpa0sk/a_new_planner_will_not_change_your_life/m4ha8n9/","/r/adhdwomen/comments/1hpa0sk/a_new_planner_will_not_change_your_life/m4ha8n9/","t1_m4g389n","comment","m4g389n","m4g0qfc","2","false","m4g0qfc > m4g389n > m4ha8n9","888fbaf2af64136a","","","false","false","","71","71","0","0","2","1735535985","2024-12-30T05:19:45+00:00","false","False","","false","false","true","false","Okay, but like.... Retroactively adding things I've completed instead of the thing I set out to do on my list is one of the best ways I've found to not throw the entire list in the bin. Steps: 1. Complete task and realise I forgot what I meant to do. 2. Return to white board. 3. Write down the completed thing. 4. Immediately cross off and enjoy the dopamine. 5. Pick something from the list that may or may not have been the original task. 6. Rinse and hopefully repeat without ragequitting the entire whiteboard.","Okay, but like.... Retroactively adding things I've completed instead of the thing I set out to do on my list is one of the best ways I've found to not throw the entire list in the bin. Steps: 1. Complete task and realise I forgot what I meant to do. 2. Return to white board. 3.…","515","95","you are going to hyper focus the stickers for the holidays of the upcoming year first, write in birthdays with fun cute colored pens, start a to-do list in it (including things you already finished that day so you can cross a few off), put it in a smart place you are sure you will use it everyday, maybe you'll use it a few more days only you already misplaced both the fun pens and stickers, each day you do will look more messy because you are putting less effort into it (but swear after this weekend you will have more time and remember stuff you were suppose to remember to write in it but can't recall atm), you will never see this planner again for the next 7 months until you get a massive…","Ok but hear me out, what if this year I get one with grid paper and a sparkly cover? Multicolored fine tip pens? Stickers?!?!","","false","false","to do","forgot","","forgetfulness_or_time_signal | long_form_comment | mentions_pain_or_friction | mentions_planner_or_system","55","[THREAD_TITLE]
A NEW PLANNER WILL NOT CHANGE YOUR LIFE!

[THREAD_BODY]
It's that time of the year...your tiktok fyp is full of people setting up their bullet journals for the new year, your Instagram is full of ads to buy a hobonichi...but wait! It's a trap!!! Take the $50 Moleskine leather bound weekly 2025 planner out of your cart. Do NOT, under any circumstances, go into any bookstores, office supply stores, or stationary stores for the next 3-5 days. Ignore any and all links you see for the ADHD life-changing organizer, designed for people with ADHD by people with ADHD. Remember that you can try a new system whenever you want, reinvention doesn't have to start on January 1st. They are preying on our lust for new notebooks and the dopamine we get from setting up new systems!!! Don't let them win! Edit: Y'all some of these comments are killing me😂 love you guys. Also! I'm not saying planners = bad!! pls it's just a joke!!! it's more a commentary on how we're suckers for the push for productivity that comes from stores and influencers to get us to buy stuff we might not need. also sometimes u just need a blank notebook/planner to keep you company 😌 (I am guilty of this)

[ROOT_COMMENT_CONTEXT]
Ok but hear me out, what if this year I get one with grid paper and a sparkly cover? Multicolored fine tip pens? Stickers?!?!

[PARENT_COMMENT_CONTEXT]
you are going to hyper focus the stickers for the holidays of the upcoming year first, write in birthdays with fun cute colored pens, start a to-do list in it (including things you already finished that day so you can cross a few off), put it in a smart place you are sure you will use it everyday, maybe you'll use it a few more days only you already misplaced both the fun pens and stickers, each day you do will look more messy because you are putting less effort into it (but swear after this weekend you will have more time and remember stuff you were suppose to remember to write in it but can't recall atm), you will never see this planner again for the next 7 months until you get a massive…

[CURRENT_RECORD]
Okay, but like.... Retroactively adding things I've completed instead of the thing I set out to do on my list is one of the best ways I've found to not throw the entire list in the bin. Steps: 1. Complete task and realise I forgot what I meant to do. 2. Return to white board. 3. Write down the completed thing. 4. Immediately cross off and enjoy the dopamine. 5. Pick something from the list that may or may not have been the original task. 6. Rinse and hopefully repeat without ragequitting the entire whiteboard."
"C:\Projects\Web\planner-tdah\research\reddit_data\reddit-adhdwomen-a_new_planner_will_not_change_your_life.json","reddit-adhdwomen-a_new_planner_will_not_change_your_life","1hpa0sk","t3_1hpa0sk","https://www.reddit.com/r/adhdwomen/comments/1hpa0sk/a_new_planner_will_not_change_your_life/","adhdwomen","r/adhdwomen","A NEW PLANNER WILL NOT CHANGE YOUR LIFE!","It's that time of the year...your tiktok fyp is full of people setting up their bullet journals for the new year, your Instagram is full of ads to buy a hobonichi...but wait! It's a trap!!! Take the $50 Moleskine leather bound weekly 2025 planner out of your cart. Do NOT, under any circumstances, go into any bookstores, office supply stores, or stationary stores for the next 3-5 days. Ignore any and all links you see for the ADHD life-changing organizer, designed for people with ADHD by people with ADHD. Remember that you can try a new system whenever you want, reinvention doesn't have to start on January 1st. They are preying on our lust for new notebooks and the dopamine we get from setting up new systems!!! Don't let them win! Edit: Y'all some of these comments are killing me😂 love you guys. Also! I'm not saying planners = bad!! pls it's just a joke!!! it's more a commentary on how we're suckers for the push for productivity that comes from stores and influencers to get us to buy stuff we might not need. also sometimes u just need a blank notebook/planner to keep you company 😌 (I am guilty of this)","General Question/Discussion","1735517699","2024-12-30T00:14:59+00:00","5568","5568","1","818","3e76da9377002588","","reddit-adhdwomen-a_new_planner_will_not_change_your_life:comment:m4j5axb","comment","m4j5axb","t1_m4j5axb","https://www.reddit.com/r/adhdwomen/comments/1hpa0sk/a_new_planner_will_not_change_your_life/m4j5axb/","/r/adhdwomen/comments/1hpa0sk/a_new_planner_will_not_change_your_life/m4j5axb/","t1_m4ha8n9","comment","m4ha8n9","m4g0qfc","3","false","m4g0qfc > m4g389n > m4ha8n9 > m4j5axb","0936883392e272ae","","","false","false","","37","37","0","0","2","1735571383","2024-12-30T15:09:43+00:00","false","False","","false","false","true","false","A “Ta-da!” list is much more fun than a “To-do” list.","A “Ta-da!” list is much more fun than a “To-do” list.","53","11","Okay, but like.... Retroactively adding things I've completed instead of the thing I set out to do on my list is one of the best ways I've found to not throw the entire list in the bin. Steps: 1. Complete task and realise I forgot what I meant to do. 2. Return to white board. 3. Write down the completed thing. 4. Immediately cross off and enjoy the dopamine. 5. Pick something from the list that may or may not have been the original task. 6. Rinse and hopefully repeat without ragequitting the entire whiteboard.","Ok but hear me out, what if this year I get one with grid paper and a sparkly cover? Multicolored fine tip pens? Stickers?!?!","","false","false","to-do","","","mentions_planner_or_system","17","[THREAD_TITLE]
A NEW PLANNER WILL NOT CHANGE YOUR LIFE!

[THREAD_BODY]
It's that time of the year...your tiktok fyp is full of people setting up their bullet journals for the new year, your Instagram is full of ads to buy a hobonichi...but wait! It's a trap!!! Take the $50 Moleskine leather bound weekly 2025 planner out of your cart. Do NOT, under any circumstances, go into any bookstores, office supply stores, or stationary stores for the next 3-5 days. Ignore any and all links you see for the ADHD life-changing organizer, designed for people with ADHD by people with ADHD. Remember that you can try a new system whenever you want, reinvention doesn't have to start on January 1st. They are preying on our lust for new notebooks and the dopamine we get from setting up new systems!!! Don't let them win! Edit: Y'all some of these comments are killing me😂 love you guys. Also! I'm not saying planners = bad!! pls it's just a joke!!! it's more a commentary on how we're suckers for the push for productivity that comes from stores and influencers to get us to buy stuff we might not need. also sometimes u just need a blank notebook/planner to keep you company 😌 (I am guilty of this)

[ROOT_COMMENT_CONTEXT]
Ok but hear me out, what if this year I get one with grid paper and a sparkly cover? Multicolored fine tip pens? Stickers?!?!

[PARENT_COMMENT_CONTEXT]
Okay, but like.... Retroactively adding things I've completed instead of the thing I set out to do on my list is one of the best ways I've found to not throw the entire list in the bin. Steps: 1. Complete task and realise I forgot what I meant to do. 2. Return to white board. 3. Write down the completed thing. 4. Immediately cross off and enjoy the dopamine. 5. Pick something from the list that may or may not have been the original task. 6. Rinse and hopefully repeat without ragequitting the entire whiteboard.

[CURRENT_RECORD]
A “Ta-da!” list is much more fun than a “To-do” list."
"C:\Projects\Web\planner-tdah\research\reddit_data\reddit-adhdwomen-a_new_planner_will_not_change_your_life.json","reddit-adhdwomen-a_new_planner_will_not_change_your_life","1hpa0sk","t3_1hpa0sk","https://www.reddit.com/r/adhdwomen/comments/1hpa0sk/a_new_planner_will_not_change_your_life/","adhdwomen","r/adhdwomen","A NEW PLANNER WILL NOT CHANGE YOUR LIFE!","It's that time of the year...your tiktok fyp is full of people setting up their bullet journals for the new year, your Instagram is full of ads to buy a hobonichi...but wait! It's a trap!!! Take the $50 Moleskine leather bound weekly 2025 planner out of your cart. Do NOT, under any circumstances, go into any bookstores, office supply stores, or stationary stores for the next 3-5 days. Ignore any and all links you see for the ADHD life-changing organizer, designed for people with ADHD by people with ADHD. Remember that you can try a new system whenever you want, reinvention doesn't have to start on January 1st. They are preying on our lust for new notebooks and the dopamine we get from setting up new systems!!! Don't let them win! Edit: Y'all some of these comments are killing me😂 love you guys. Also! I'm not saying planners = bad!! pls it's just a joke!!! it's more a commentary on how we're suckers for the push for productivity that comes from stores and influencers to get us to buy stuff we might not need. also sometimes u just need a blank notebook/planner to keep you company 😌 (I am guilty of this)","General Question/Discussion","1735517699","2024-12-30T00:14:59+00:00","5568","5568","1","818","3e76da9377002588","","reddit-adhdwomen-a_new_planner_will_not_change_your_life:comment:m4o4sgr","comment","m4o4sgr","t1_m4o4sgr","https://www.reddit.com/r/adhdwomen/comments/1hpa0sk/a_new_planner_will_not_change_your_life/m4o4sgr/","/r/adhdwomen/comments/1hpa0sk/a_new_planner_will_not_change_your_life/m4o4sgr/","t1_m4j5axb","comment","m4j5axb","m4g0qfc","4","false","m4g0qfc > m4g389n > m4ha8n9 > m4j5axb > m4o4sgr","ba79175cdbdc2943","","","false","false","","5","5","0","0","0","1735637869","2024-12-31T09:37:49+00:00","false","False","","false","false","true","false","You, my friend, are a philosopher and a queen 💡👑","You, my friend, are a philosopher and a queen 💡👑","48","10","A “Ta-da!” list is much more fun than a “To-do” list.","Ok but hear me out, what if this year I get one with grid paper and a sparkly cover? Multicolored fine tip pens? Stickers?!?!","","false","false","","","","","5","[THREAD_TITLE]
A NEW PLANNER WILL NOT CHANGE YOUR LIFE!

[THREAD_BODY]
It's that time of the year...your tiktok fyp is full of people setting up their bullet journals for the new year, your Instagram is full of ads to buy a hobonichi...but wait! It's a trap!!! Take the $50 Moleskine leather bound weekly 2025 planner out of your cart. Do NOT, under any circumstances, go into any bookstores, office supply stores, or stationary stores for the next 3-5 days. Ignore any and all links you see for the ADHD life-changing organizer, designed for people with ADHD by people with ADHD. Remember that you can try a new system whenever you want, reinvention doesn't have to start on January 1st. They are preying on our lust for new notebooks and the dopamine we get from setting up new systems!!! Don't let them win! Edit: Y'all some of these comments are killing me😂 love you guys. Also! I'm not saying planners = bad!! pls it's just a joke!!! it's more a commentary on how we're suckers for the push for productivity that comes from stores and influencers to get us to buy stuff we might not need. also sometimes u just need a blank notebook/planner to keep you company 😌 (I am guilty of this)

[ROOT_COMMENT_CONTEXT]
Ok but hear me out, what if this year I get one with grid paper and a sparkly cover? Multicolored fine tip pens? Stickers?!?!

[PARENT_COMMENT_CONTEXT]
A “Ta-da!” list is much more fun than a “To-do” list.

[CURRENT_RECORD]
You, my friend, are a philosopher and a queen 💡👑"
"C:\Projects\Web\planner-tdah\research\reddit_data\reddit-adhdwomen-a_new_planner_will_not_change_your_life.json","reddit-adhdwomen-a_new_planner_will_not_change_your_life","1hpa0sk","t3_1hpa0sk","https://www.reddit.com/r/adhdwomen/comments/1hpa0sk/a_new_planner_will_not_change_your_life/","adhdwomen","r/adhdwomen","A NEW PLANNER WILL NOT CHANGE YOUR LIFE!","It's that time of the year...your tiktok fyp is full of people setting up their bullet journals for the new year, your Instagram is full of ads to buy a hobonichi...but wait! It's a trap!!! Take the $50 Moleskine leather bound weekly 2025 planner out of your cart. Do NOT, under any circumstances, go into any bookstores, office supply stores, or stationary stores for the next 3-5 days. Ignore any and all links you see for the ADHD life-changing organizer, designed for people with ADHD by people with ADHD. Remember that you can try a new system whenever you want, reinvention doesn't have to start on January 1st. They are preying on our lust for new notebooks and the dopamine we get from setting up new systems!!! Don't let them win! Edit: Y'all some of these comments are killing me😂 love you guys. Also! I'm not saying planners = bad!! pls it's just a joke!!! it's more a commentary on how we're suckers for the push for productivity that comes from stores and influencers to get us to buy stuff we might not need. also sometimes u just need a blank notebook/planner to keep you company 😌 (I am guilty of this)","General Question/Discussion","1735517699","2024-12-30T00:14:59+00:00","5568","5568","1","818","3e76da9377002588","","reddit-adhdwomen-a_new_planner_will_not_change_your_life:comment:m4g5k4b","comment","m4g5k4b","t1_m4g5k4b","https://www.reddit.com/r/adhdwomen/comments/1hpa0sk/a_new_planner_will_not_change_your_life/m4g5k4b/","/r/adhdwomen/comments/1hpa0sk/a_new_planner_will_not_change_your_life/m4g5k4b/","t1_m4g389n","comment","m4g389n","m4g0qfc","2","false","m4g0qfc > m4g389n > m4g5k4b","a6ee0171af25b97e","","","false","false","","187","187","0","0","1","1735520633","2024-12-30T01:03:53+00:00","false","False","","false","false","true","false","Open the library. Because this was a READ 😂🥹 And they say women don’t practice accountability.","Open the library. Because this was a READ 😂🥹 And they say women don’t practice accountability.","94","16","you are going to hyper focus the stickers for the holidays of the upcoming year first, write in birthdays with fun cute colored pens, start a to-do list in it (including things you already finished that day so you can cross a few off), put it in a smart place you are sure you will use it everyday, maybe you'll use it a few more days only you already misplaced both the fun pens and stickers, each day you do will look more messy because you are putting less effort into it (but swear after this weekend you will have more time and remember stuff you were suppose to remember to write in it but can't recall atm), you will never see this planner again for the next 7 months until you get a massive…","Ok but hear me out, what if this year I get one with grid paper and a sparkly cover? Multicolored fine tip pens? Stickers?!?!","","false","false","","","","","18","[THREAD_TITLE]
A NEW PLANNER WILL NOT CHANGE YOUR LIFE!

[THREAD_BODY]
It's that time of the year...your tiktok fyp is full of people setting up their bullet journals for the new year, your Instagram is full of ads to buy a hobonichi...but wait! It's a trap!!! Take the $50 Moleskine leather bound weekly 2025 planner out of your cart. Do NOT, under any circumstances, go into any bookstores, office supply stores, or stationary stores for the next 3-5 days. Ignore any and all links you see for the ADHD life-changing organizer, designed for people with ADHD by people with ADHD. Remember that you can try a new system whenever you want, reinvention doesn't have to start on January 1st. They are preying on our lust for new notebooks and the dopamine we get from setting up new systems!!! Don't let them win! Edit: Y'all some of these comments are killing me😂 love you guys. Also! I'm not saying planners = bad!! pls it's just a joke!!! it's more a commentary on how we're suckers for the push for productivity that comes from stores and influencers to get us to buy stuff we might not need. also sometimes u just need a blank notebook/planner to keep you company 😌 (I am guilty of this)

[ROOT_COMMENT_CONTEXT]
Ok but hear me out, what if this year I get one with grid paper and a sparkly cover? Multicolored fine tip pens? Stickers?!?!

[PARENT_COMMENT_CONTEXT]
you are going to hyper focus the stickers for the holidays of the upcoming year first, write in birthdays with fun cute colored pens, start a to-do list in it (including things you already finished that day so you can cross a few off), put it in a smart place you are sure you will use it everyday, maybe you'll use it a few more days only you already misplaced both the fun pens and stickers, each day you do will look more messy because you are putting less effort into it (but swear after this weekend you will have more time and remember stuff you were suppose to remember to write in it but can't recall atm), you will never see this planner again for the next 7 months until you get a massive…

[CURRENT_RECORD]
Open the library. Because this was a READ 😂🥹 And they say women don’t practice accountability."
"C:\Projects\Web\planner-tdah\research\reddit_data\reddit-adhdwomen-a_new_planner_will_not_change_your_life.json","reddit-adhdwomen-a_new_planner_will_not_change_your_life","1hpa0sk","t3_1hpa0sk","https://www.reddit.com/r/adhdwomen/comments/1hpa0sk/a_new_planner_will_not_change_your_life/","adhdwomen","r/adhdwomen","A NEW PLANNER WILL NOT CHANGE YOUR LIFE!","It's that time of the year...your tiktok fyp is full of people setting up their bullet journals for the new year, your Instagram is full of ads to buy a hobonichi...but wait! It's a trap!!! Take the $50 Moleskine leather bound weekly 2025 planner out of your cart. Do NOT, under any circumstances, go into any bookstores, office supply stores, or stationary stores for the next 3-5 days. Ignore any and all links you see for the ADHD life-changing organizer, designed for people with ADHD by people with ADHD. Remember that you can try a new system whenever you want, reinvention doesn't have to start on January 1st. They are preying on our lust for new notebooks and the dopamine we get from setting up new systems!!! Don't let them win! Edit: Y'all some of these comments are killing me😂 love you guys. Also! I'm not saying planners = bad!! pls it's just a joke!!! it's more a commentary on how we're suckers for the push for productivity that comes from stores and influencers to get us to buy stuff we might not need. also sometimes u just need a blank notebook/planner to keep you company 😌 (I am guilty of this)","General Question/Discussion","1735517699","2024-12-30T00:14:59+00:00","5568","5568","1","818","3e76da9377002588","","reddit-adhdwomen-a_new_planner_will_not_change_your_life:comment:m4hm8qm","comment","m4hm8qm","t1_m4hm8qm","https://www.reddit.com/r/adhdwomen/comments/1hpa0sk/a_new_planner_will_not_change_your_life/m4hm8qm/","/r/adhdwomen/comments/1hpa0sk/a_new_planner_will_not_change_your_life/m4hm8qm/","t1_m4g5k4b","comment","m4g5k4b","m4g0qfc","3","false","m4g0qfc > m4g389n > m4g5k4b > m4hm8qm","0658f6950fbd1229","","","false","false","","95","95","0","0","1","1735542044","2024-12-30T07:00:44+00:00","false","False","","false","false","true","false","> And they say women don’t practice accountability. Heh, women take so much accountability we hold ourselves accountable for men's bullshit. It's men who don't take accountability, ever.","> And they say women don’t practice accountability. Heh, women take so much accountability we hold ourselves accountable for men's bullshit. It's men who don't take accountability, ever.","186","28","Open the library. Because this was a READ 😂🥹 And they say women don’t practice accountability.","Ok but hear me out, what if this year I get one with grid paper and a sparkly cover? Multicolored fine tip pens? Stickers?!?!","","false","false","","","","","28","[THREAD_TITLE]
A NEW PLANNER WILL NOT CHANGE YOUR LIFE!

[THREAD_BODY]
It's that time of the year...your tiktok fyp is full of people setting up their bullet journals for the new year, your Instagram is full of ads to buy a hobonichi...but wait! It's a trap!!! Take the $50 Moleskine leather bound weekly 2025 planner out of your cart. Do NOT, under any circumstances, go into any bookstores, office supply stores, or stationary stores for the next 3-5 days. Ignore any and all links you see for the ADHD life-changing organizer, designed for people with ADHD by people with ADHD. Remember that you can try a new system whenever you want, reinvention doesn't have to start on January 1st. They are preying on our lust for new notebooks and the dopamine we get from setting up new systems!!! Don't let them win! Edit: Y'all some of these comments are killing me😂 love you guys. Also! I'm not saying planners = bad!! pls it's just a joke!!! it's more a commentary on how we're suckers for the push for productivity that comes from stores and influencers to get us to buy stuff we might not need. also sometimes u just need a blank notebook/planner to keep you company 😌 (I am guilty of this)

[ROOT_COMMENT_CONTEXT]
Ok but hear me out, what if this year I get one with grid paper and a sparkly cover? Multicolored fine tip pens? Stickers?!?!

[PARENT_COMMENT_CONTEXT]
Open the library. Because this was a READ 😂🥹 And they say women don’t practice accountability.

[CURRENT_RECORD]
> And they say women don’t practice accountability. Heh, women take so much accountability we hold ourselves accountable for men's bullshit. It's men who don't take accountability, ever."
"C:\Projects\Web\planner-tdah\research\reddit_data\reddit-adhdwomen-a_new_planner_will_not_change_your_life.json","reddit-adhdwomen-a_new_planner_will_not_change_your_life","1hpa0sk","t3_1hpa0sk","https://www.reddit.com/r/adhdwomen/comments/1hpa0sk/a_new_planner_will_not_change_your_life/","adhdwomen","r/adhdwomen","A NEW PLANNER WILL NOT CHANGE YOUR LIFE!","It's that time of the year...your tiktok fyp is full of people setting up their bullet journals for the new year, your Instagram is full of ads to buy a hobonichi...but wait! It's a trap!!! Take the $50 Moleskine leather bound weekly 2025 planner out of your cart. Do NOT, under any circumstances, go into any bookstores, office supply stores, or stationary stores for the next 3-5 days. Ignore any and all links you see for the ADHD life-changing organizer, designed for people with ADHD by people with ADHD. Remember that you can try a new system whenever you want, reinvention doesn't have to start on January 1st. They are preying on our lust for new notebooks and the dopamine we get from setting up new systems!!! Don't let them win! Edit: Y'all some of these comments are killing me😂 love you guys. Also! I'm not saying planners = bad!! pls it's just a joke!!! it's more a commentary on how we're suckers for the push for productivity that comes from stores and influencers to get us to buy stuff we might not need. also sometimes u just need a blank notebook/planner to keep you company 😌 (I am guilty of this)","General Question/Discussion","1735517699","2024-12-30T00:14:59+00:00","5568","5568","1","818","3e76da9377002588","","reddit-adhdwomen-a_new_planner_will_not_change_your_life:comment:m4jsg08","comment","m4jsg08","t1_m4jsg08","https://www.reddit.com/r/adhdwomen/comments/1hpa0sk/a_new_planner_will_not_change_your_life/m4jsg08/","/r/adhdwomen/comments/1hpa0sk/a_new_planner_will_not_change_your_life/m4jsg08/","t1_m4hm8qm","comment","m4hm8qm","m4g0qfc","4","false","m4g0qfc > m4g389n > m4g5k4b > m4hm8qm > m4jsg08","31c6b187272837e2","","","false","false","","40","40","0","0","0","1735578801","2024-12-30T17:13:21+00:00","false","False","","false","false","true","false","I’ve managed to consistently use my planner for 3 years. How? I’ve had a co-teacher to sit down with and actually plan together. Accountability was the cure.","I’ve managed to consistently use my planner for 3 years. How? I’ve had a co-teacher to sit down with and actually plan together. Accountability was the cure.","157","27","> And they say women don’t practice accountability. Heh, women take so much accountability we hold ourselves accountable for men's bullshit. It's men who don't take accountability, ever.","Ok but hear me out, what if this year I get one with grid paper and a sparkly cover? Multicolored fine tip pens? Stickers?!?!","","true","false","planner | plan","","","contains_question | mentions_planner_or_system","28","[THREAD_TITLE]
A NEW PLANNER WILL NOT CHANGE YOUR LIFE!

[THREAD_BODY]
It's that time of the year...your tiktok fyp is full of people setting up their bullet journals for the new year, your Instagram is full of ads to buy a hobonichi...but wait! It's a trap!!! Take the $50 Moleskine leather bound weekly 2025 planner out of your cart. Do NOT, under any circumstances, go into any bookstores, office supply stores, or stationary stores for the next 3-5 days. Ignore any and all links you see for the ADHD life-changing organizer, designed for people with ADHD by people with ADHD. Remember that you can try a new system whenever you want, reinvention doesn't have to start on January 1st. They are preying on our lust for new notebooks and the dopamine we get from setting up new systems!!! Don't let them win! Edit: Y'all some of these comments are killing me😂 love you guys. Also! I'm not saying planners = bad!! pls it's just a joke!!! it's more a commentary on how we're suckers for the push for productivity that comes from stores and influencers to get us to buy stuff we might not need. also sometimes u just need a blank notebook/planner to keep you company 😌 (I am guilty of this)

[ROOT_COMMENT_CONTEXT]
Ok but hear me out, what if this year I get one with grid paper and a sparkly cover? Multicolored fine tip pens? Stickers?!?!

[PARENT_COMMENT_CONTEXT]
> And they say women don’t practice accountability. Heh, women take so much accountability we hold ourselves accountable for men's bullshit. It's men who don't take accountability, ever.

[CURRENT_RECORD]
I’ve managed to consistently use my planner for 3 years. How? I’ve had a co-teacher to sit down with and actually plan together. Accountability was the cure."
"C:\Projects\Web\planner-tdah\research\reddit_data\reddit-adhdwomen-a_new_planner_will_not_change_your_life.json","reddit-adhdwomen-a_new_planner_will_not_change_your_life","1hpa0sk","t3_1hpa0sk","https://www.reddit.com/r/adhdwomen/comments/1hpa0sk/a_new_planner_will_not_change_your_life/","adhdwomen","r/adhdwomen","A NEW PLANNER WILL NOT CHANGE YOUR LIFE!","It's that time of the year...your tiktok fyp is full of people setting up their bullet journals for the new year, your Instagram is full of ads to buy a hobonichi...but wait! It's a trap!!! Take the $50 Moleskine leather bound weekly 2025 planner out of your cart. Do NOT, under any circumstances, go into any bookstores, office supply stores, or stationary stores for the next 3-5 days. Ignore any and all links you see for the ADHD life-changing organizer, designed for people with ADHD by people with ADHD. Remember that you can try a new system whenever you want, reinvention doesn't have to start on January 1st. They are preying on our lust for new notebooks and the dopamine we get from setting up new systems!!! Don't let them win! Edit: Y'all some of these comments are killing me😂 love you guys. Also! I'm not saying planners = bad!! pls it's just a joke!!! it's more a commentary on how we're suckers for the push for productivity that comes from stores and influencers to get us to buy stuff we might not need. also sometimes u just need a blank notebook/planner to keep you company 😌 (I am guilty of this)","General Question/Discussion","1735517699","2024-12-30T00:14:59+00:00","5568","5568","1","818","3e76da9377002588","","reddit-adhdwomen-a_new_planner_will_not_change_your_life:comment:m4gbj1i","comment","m4gbj1i","t1_m4gbj1i","https://www.reddit.com/r/adhdwomen/comments/1hpa0sk/a_new_planner_will_not_change_your_life/m4gbj1i/","/r/adhdwomen/comments/1hpa0sk/a_new_planner_will_not_change_your_life/m4gbj1i/","t1_m4g389n","comment","m4g389n","m4g0qfc","2","false","m4g0qfc > m4g389n > m4gbj1i","193931b37feea32c","","","false","false","","55","55","0","0","1","1735522741","2024-12-30T01:39:01+00:00","false","False","","false","false","true","false","How did you install cameras in my house without me knowing?","How did you install cameras in my house without me knowing?","59","11","you are going to hyper focus the stickers for the holidays of the upcoming year first, write in birthdays with fun cute colored pens, start a to-do list in it (including things you already finished that day so you can cross a few off), put it in a smart place you are sure you will use it everyday, maybe you'll use it a few more days only you already misplaced both the fun pens and stickers, each day you do will look more messy because you are putting less effort into it (but swear after this weekend you will have more time and remember stuff you were suppose to remember to write in it but can't recall atm), you will never see this planner again for the next 7 months until you get a massive…","Ok but hear me out, what if this year I get one with grid paper and a sparkly cover? Multicolored fine tip pens? Stickers?!?!","","true","false","","","","contains_question","18","[THREAD_TITLE]
A NEW PLANNER WILL NOT CHANGE YOUR LIFE!

[THREAD_BODY]
It's that time of the year...your tiktok fyp is full of people setting up their bullet journals for the new year, your Instagram is full of ads to buy a hobonichi...but wait! It's a trap!!! Take the $50 Moleskine leather bound weekly 2025 planner out of your cart. Do NOT, under any circumstances, go into any bookstores, office supply stores, or stationary stores for the next 3-5 days. Ignore any and all links you see for the ADHD life-changing organizer, designed for people with ADHD by people with ADHD. Remember that you can try a new system whenever you want, reinvention doesn't have to start on January 1st. They are preying on our lust for new notebooks and the dopamine we get from setting up new systems!!! Don't let them win! Edit: Y'all some of these comments are killing me😂 love you guys. Also! I'm not saying planners = bad!! pls it's just a joke!!! it's more a commentary on how we're suckers for the push for productivity that comes from stores and influencers to get us to buy stuff we might not need. also sometimes u just need a blank notebook/planner to keep you company 😌 (I am guilty of this)

[ROOT_COMMENT_CONTEXT]
Ok but hear me out, what if this year I get one with grid paper and a sparkly cover? Multicolored fine tip pens? Stickers?!?!

[PARENT_COMMENT_CONTEXT]
you are going to hyper focus the stickers for the holidays of the upcoming year first, write in birthdays with fun cute colored pens, start a to-do list in it (including things you already finished that day so you can cross a few off), put it in a smart place you are sure you will use it everyday, maybe you'll use it a few more days only you already misplaced both the fun pens and stickers, each day you do will look more messy because you are putting less effort into it (but swear after this weekend you will have more time and remember stuff you were suppose to remember to write in it but can't recall atm), you will never see this planner again for the next 7 months until you get a massive…

[CURRENT_RECORD]
How did you install cameras in my house without me knowing?"
"C:\Projects\Web\planner-tdah\research\reddit_data\reddit-adhdwomen-a_new_planner_will_not_change_your_life.json","reddit-adhdwomen-a_new_planner_will_not_change_your_life","1hpa0sk","t3_1hpa0sk","https://www.reddit.com/r/adhdwomen/comments/1hpa0sk/a_new_planner_will_not_change_your_life/","adhdwomen","r/adhdwomen","A NEW PLANNER WILL NOT CHANGE YOUR LIFE!","It's that time of the year...your tiktok fyp is full of people setting up their bullet journals for the new year, your Instagram is full of ads to buy a hobonichi...but wait! It's a trap!!! Take the $50 Moleskine leather bound weekly 2025 planner out of your cart. Do NOT, under any circumstances, go into any bookstores, office supply stores, or stationary stores for the next 3-5 days. Ignore any and all links you see for the ADHD life-changing organizer, designed for people with ADHD by people with ADHD. Remember that you can try a new system whenever you want, reinvention doesn't have to start on January 1st. They are preying on our lust for new notebooks and the dopamine we get from setting up new systems!!! Don't let them win! Edit: Y'all some of these comments are killing me😂 love you guys. Also! I'm not saying planners = bad!! pls it's just a joke!!! it's more a commentary on how we're suckers for the push for productivity that comes from stores and influencers to get us to buy stuff we might not need. also sometimes u just need a blank notebook/planner to keep you company 😌 (I am guilty of this)","General Question/Discussion","1735517699","2024-12-30T00:14:59+00:00","5568","5568","1","818","3e76da9377002588","","reddit-adhdwomen-a_new_planner_will_not_change_your_life:comment:m4gmwc5","comment","m4gmwc5","t1_m4gmwc5","https://www.reddit.com/r/adhdwomen/comments/1hpa0sk/a_new_planner_will_not_change_your_life/m4gmwc5/","/r/adhdwomen/comments/1hpa0sk/a_new_planner_will_not_change_your_life/m4gmwc5/","t1_m4gbj1i","comment","m4gbj1i","m4g0qfc","3","false","m4g0qfc > m4g389n > m4gbj1i > m4gmwc5","4792057624576620","","","false","false","","24","24","0","0","1","1735526839","2024-12-30T02:47:19+00:00","false","False","","false","false","true","false","with remote sensors with nano robots with access to my brain","with remote sensors with nano robots with access to my brain","60","11","How did you install cameras in my house without me knowing?","Ok but hear me out, what if this year I get one with grid paper and a sparkly cover? Multicolored fine tip pens? Stickers?!?!","","false","false","","","","","13","[THREAD_TITLE]
A NEW PLANNER WILL NOT CHANGE YOUR LIFE!

[THREAD_BODY]
It's that time of the year...your tiktok fyp is full of people setting up their bullet journals for the new year, your Instagram is full of ads to buy a hobonichi...but wait! It's a trap!!! Take the $50 Moleskine leather bound weekly 2025 planner out of your cart. Do NOT, under any circumstances, go into any bookstores, office supply stores, or stationary stores for the next 3-5 days. Ignore any and all links you see for the ADHD life-changing organizer, designed for people with ADHD by people with ADHD. Remember that you can try a new system whenever you want, reinvention doesn't have to start on January 1st. They are preying on our lust for new notebooks and the dopamine we get from setting up new systems!!! Don't let them win! Edit: Y'all some of these comments are killing me😂 love you guys. Also! I'm not saying planners = bad!! pls it's just a joke!!! it's more a commentary on how we're suckers for the push for productivity that comes from stores and influencers to get us to buy stuff we might not need. also sometimes u just need a blank notebook/planner to keep you company 😌 (I am guilty of this)

[ROOT_COMMENT_CONTEXT]
Ok but hear me out, what if this year I get one with grid paper and a sparkly cover? Multicolored fine tip pens? Stickers?!?!

[PARENT_COMMENT_CONTEXT]
How did you install cameras in my house without me knowing?

[CURRENT_RECORD]
with remote sensors with nano robots with access to my brain"
"C:\Projects\Web\planner-tdah\research\reddit_data\reddit-adhdwomen-a_new_planner_will_not_change_your_life.json","reddit-adhdwomen-a_new_planner_will_not_change_your_life","1hpa0sk","t3_1hpa0sk","https://www.reddit.com/r/adhdwomen/comments/1hpa0sk/a_new_planner_will_not_change_your_life/","adhdwomen","r/adhdwomen","A NEW PLANNER WILL NOT CHANGE YOUR LIFE!","It's that time of the year...your tiktok fyp is full of people setting up their bullet journals for the new year, your Instagram is full of ads to buy a hobonichi...but wait! It's a trap!!! Take the $50 Moleskine leather bound weekly 2025 planner out of your cart. Do NOT, under any circumstances, go into any bookstores, office supply stores, or stationary stores for the next 3-5 days. Ignore any and all links you see for the ADHD life-changing organizer, designed for people with ADHD by people with ADHD. Remember that you can try a new system whenever you want, reinvention doesn't have to start on January 1st. They are preying on our lust for new notebooks and the dopamine we get from setting up new systems!!! Don't let them win! Edit: Y'all some of these comments are killing me😂 love you guys. Also! I'm not saying planners = bad!! pls it's just a joke!!! it's more a commentary on how we're suckers for the push for productivity that comes from stores and influencers to get us to buy stuff we might not need. also sometimes u just need a blank notebook/planner to keep you company 😌 (I am guilty of this)","General Question/Discussion","1735517699","2024-12-30T00:14:59+00:00","5568","5568","1","818","3e76da9377002588","","reddit-adhdwomen-a_new_planner_will_not_change_your_life:comment:m4jiu6s","comment","m4jiu6s","t1_m4jiu6s","https://www.reddit.com/r/adhdwomen/comments/1hpa0sk/a_new_planner_will_not_change_your_life/m4jiu6s/","/r/adhdwomen/comments/1hpa0sk/a_new_planner_will_not_change_your_life/m4jiu6s/","t1_m4gmwc5","comment","m4gmwc5","m4g0qfc","4","false","m4g0qfc > m4g389n > m4gbj1i > m4gmwc5 > m4jiu6s","a38b9d33c031e2d5","","","false","false","","5","5","0","0","0","1735575829","2024-12-30T16:23:49+00:00","false","False","","false","false","true","false","Hyperfocus on tech and spy software? 😁","Hyperfocus on tech and spy software? 😁","38","7","with remote sensors with nano robots with access to my brain","Ok but hear me out, what if this year I get one with grid paper and a sparkly cover? Multicolored fine tip pens? Stickers?!?!","","true","false","","","","contains_question","5","[THREAD_TITLE]
A NEW PLANNER WILL NOT CHANGE YOUR LIFE!

[THREAD_BODY]
It's that time of the year...your tiktok fyp is full of people setting up their bullet journals for the new year, your Instagram is full of ads to buy a hobonichi...but wait! It's a trap!!! Take the $50 Moleskine leather bound weekly 2025 planner out of your cart. Do NOT, under any circumstances, go into any bookstores, office supply stores, or stationary stores for the next 3-5 days. Ignore any and all links you see for the ADHD life-changing organizer, designed for people with ADHD by people with ADHD. Remember that you can try a new system whenever you want, reinvention doesn't have to start on January 1st. They are preying on our lust for new notebooks and the dopamine we get from setting up new systems!!! Don't let them win! Edit: Y'all some of these comments are killing me😂 love you guys. Also! I'm not saying planners = bad!! pls it's just a joke!!! it's more a commentary on how we're suckers for the push for productivity that comes from stores and influencers to get us to buy stuff we might not need. also sometimes u just need a blank notebook/planner to keep you company 😌 (I am guilty of this)

[ROOT_COMMENT_CONTEXT]
Ok but hear me out, what if this year I get one with grid paper and a sparkly cover? Multicolored fine tip pens? Stickers?!?!

[PARENT_COMMENT_CONTEXT]
with remote sensors with nano robots with access to my brain

[CURRENT_RECORD]
Hyperfocus on tech and spy software? 😁"
"C:\Projects\Web\planner-tdah\research\reddit_data\reddit-adhdwomen-a_new_planner_will_not_change_your_life.json","reddit-adhdwomen-a_new_planner_will_not_change_your_life","1hpa0sk","t3_1hpa0sk","https://www.reddit.com/r/adhdwomen/comments/1hpa0sk/a_new_planner_will_not_change_your_life/","adhdwomen","r/adhdwomen","A NEW PLANNER WILL NOT CHANGE YOUR LIFE!","It's that time of the year...your tiktok fyp is full of people setting up their bullet journals for the new year, your Instagram is full of ads to buy a hobonichi...but wait! It's a trap!!! Take the $50 Moleskine leather bound weekly 2025 planner out of your cart. Do NOT, under any circumstances, go into any bookstores, office supply stores, or stationary stores for the next 3-5 days. Ignore any and all links you see for the ADHD life-changing organizer, designed for people with ADHD by people with ADHD. Remember that you can try a new system whenever you want, reinvention doesn't have to start on January 1st. They are preying on our lust for new notebooks and the dopamine we get from setting up new systems!!! Don't let them win! Edit: Y'all some of these comments are killing me😂 love you guys. Also! I'm not saying planners = bad!! pls it's just a joke!!! it's more a commentary on how we're suckers for the push for productivity that comes from stores and influencers to get us to buy stuff we might not need. also sometimes u just need a blank notebook/planner to keep you company 😌 (I am guilty of this)","General Question/Discussion","1735517699","2024-12-30T00:14:59+00:00","5568","5568","1","818","3e76da9377002588","","reddit-adhdwomen-a_new_planner_will_not_change_your_life:comment:m4hbird","comment","m4hbird","t1_m4hbird","https://www.reddit.com/r/adhdwomen/comments/1hpa0sk/a_new_planner_will_not_change_your_life/m4hbird/","/r/adhdwomen/comments/1hpa0sk/a_new_planner_will_not_change_your_life/m4hbird/","t1_m4g389n","comment","m4g389n","m4g0qfc","2","false","m4g0qfc > m4g389n > m4hbird","cbb1e899f2ada484","","","false","false","","53","53","0","0","1","1735536585","2024-12-30T05:29:45+00:00","false","False","","false","false","true","false","It’s wild that we can be self aware enough to predict exactly what will happen but still fall into the trap of it happening again…and again…and again… The amount of times I’ve told myself “THIS TIME WILL BE DIFFERENT!!!” 😭","It’s wild that we can be self aware enough to predict exactly what will happen but still fall into the trap of it happening again…and again…and again… The amount of times I’ve told myself “THIS TIME WILL BE DIFFERENT!!!” 😭","222","40","you are going to hyper focus the stickers for the holidays of the upcoming year first, write in birthdays with fun cute colored pens, start a to-do list in it (including things you already finished that day so you can cross a few off), put it in a smart place you are sure you will use it everyday, maybe you'll use it a few more days only you already misplaced both the fun pens and stickers, each day you do will look more messy because you are putting less effort into it (but swear after this weekend you will have more time and remember stuff you were suppose to remember to write in it but can't recall atm), you will never see this planner again for the next 7 months until you get a massive…","Ok but hear me out, what if this year I get one with grid paper and a sparkly cover? Multicolored fine tip pens? Stickers?!?!","","false","false","app","time","","forgetfulness_or_time_signal | mentions_pain_or_friction | mentions_planner_or_system","45","[THREAD_TITLE]
A NEW PLANNER WILL NOT CHANGE YOUR LIFE!

[THREAD_BODY]
It's that time of the year...your tiktok fyp is full of people setting up their bullet journals for the new year, your Instagram is full of ads to buy a hobonichi...but wait! It's a trap!!! Take the $50 Moleskine leather bound weekly 2025 planner out of your cart. Do NOT, under any circumstances, go into any bookstores, office supply stores, or stationary stores for the next 3-5 days. Ignore any and all links you see for the ADHD life-changing organizer, designed for people with ADHD by people with ADHD. Remember that you can try a new system whenever you want, reinvention doesn't have to start on January 1st. They are preying on our lust for new notebooks and the dopamine we get from setting up new systems!!! Don't let them win! Edit: Y'all some of these comments are killing me😂 love you guys. Also! I'm not saying planners = bad!! pls it's just a joke!!! it's more a commentary on how we're suckers for the push for productivity that comes from stores and influencers to get us to buy stuff we might not need. also sometimes u just need a blank notebook/planner to keep you company 😌 (I am guilty of this)

[ROOT_COMMENT_CONTEXT]
Ok but hear me out, what if this year I get one with grid paper and a sparkly cover? Multicolored fine tip pens? Stickers?!?!

[PARENT_COMMENT_CONTEXT]
you are going to hyper focus the stickers for the holidays of the upcoming year first, write in birthdays with fun cute colored pens, start a to-do list in it (including things you already finished that day so you can cross a few off), put it in a smart place you are sure you will use it everyday, maybe you'll use it a few more days only you already misplaced both the fun pens and stickers, each day you do will look more messy because you are putting less effort into it (but swear after this weekend you will have more time and remember stuff you were suppose to remember to write in it but can't recall atm), you will never see this planner again for the next 7 months until you get a massive…

[CURRENT_RECORD]
It’s wild that we can be self aware enough to predict exactly what will happen but still fall into the trap of it happening again…and again…and again… The amount of times I’ve told myself “THIS TIME WILL BE DIFFERENT!!!” 😭"
"C:\Projects\Web\planner-tdah\research\reddit_data\reddit-adhdwomen-a_new_planner_will_not_change_your_life.json","reddit-adhdwomen-a_new_planner_will_not_change_your_life","1hpa0sk","t3_1hpa0sk","https://www.reddit.com/r/adhdwomen/comments/1hpa0sk/a_new_planner_will_not_change_your_life/","adhdwomen","r/adhdwomen","A NEW PLANNER WILL NOT CHANGE YOUR LIFE!","It's that time of the year...your tiktok fyp is full of people setting up their bullet journals for the new year, your Instagram is full of ads to buy a hobonichi...but wait! It's a trap!!! Take the $50 Moleskine leather bound weekly 2025 planner out of your cart. Do NOT, under any circumstances, go into any bookstores, office supply stores, or stationary stores for the next 3-5 days. Ignore any and all links you see for the ADHD life-changing organizer, designed for people with ADHD by people with ADHD. Remember that you can try a new system whenever you want, reinvention doesn't have to start on January 1st. They are preying on our lust for new notebooks and the dopamine we get from setting up new systems!!! Don't let them win! Edit: Y'all some of these comments are killing me😂 love you guys. Also! I'm not saying planners = bad!! pls it's just a joke!!! it's more a commentary on how we're suckers for the push for productivity that comes from stores and influencers to get us to buy stuff we might not need. also sometimes u just need a blank notebook/planner to keep you company 😌 (I am guilty of this)","General Question/Discussion","1735517699","2024-12-30T00:14:59+00:00","5568","5568","1","818","3e76da9377002588","","reddit-adhdwomen-a_new_planner_will_not_change_your_life:comment:m4j25vt","comment","m4j25vt","t1_m4j25vt","https://www.reddit.com/r/adhdwomen/comments/1hpa0sk/a_new_planner_will_not_change_your_life/m4j25vt/","/r/adhdwomen/comments/1hpa0sk/a_new_planner_will_not_change_your_life/m4j25vt/","t1_m4hbird","comment","m4hbird","m4g0qfc","3","false","m4g0qfc > m4g389n > m4hbird > m4j25vt","09c4f4a354966cb2","","","false","false","","17","17","0","0","0","1735570270","2024-12-30T14:51:10+00:00","false","False","","false","false","true","false","There’s always hope…. Otherwise we fall into the pit of despair","There’s always hope…. Otherwise we fall into the pit of despair","63","11","It’s wild that we can be self aware enough to predict exactly what will happen but still fall into the trap of it happening again…and again…and again… The amount of times I’ve told myself “THIS TIME WILL BE DIFFERENT!!!” 😭","Ok but hear me out, what if this year I get one with grid paper and a sparkly cover? Multicolored fine tip pens? Stickers?!?!","","false","false","","","","","5","[THREAD_TITLE]
A NEW PLANNER WILL NOT CHANGE YOUR LIFE!

[THREAD_BODY]
It's that time of the year...your tiktok fyp is full of people setting up their bullet journals for the new year, your Instagram is full of ads to buy a hobonichi...but wait! It's a trap!!! Take the $50 Moleskine leather bound weekly 2025 planner out of your cart. Do NOT, under any circumstances, go into any bookstores, office supply stores, or stationary stores for the next 3-5 days. Ignore any and all links you see for the ADHD life-changing organizer, designed for people with ADHD by people with ADHD. Remember that you can try a new system whenever you want, reinvention doesn't have to start on January 1st. They are preying on our lust for new notebooks and the dopamine we get from setting up new systems!!! Don't let them win! Edit: Y'all some of these comments are killing me😂 love you guys. Also! I'm not saying planners = bad!! pls it's just a joke!!! it's more a commentary on how we're suckers for the push for productivity that comes from stores and influencers to get us to buy stuff we might not need. also sometimes u just need a blank notebook/planner to keep you company 😌 (I am guilty of this)

[ROOT_COMMENT_CONTEXT]
Ok but hear me out, what if this year I get one with grid paper and a sparkly cover? Multicolored fine tip pens? Stickers?!?!

[PARENT_COMMENT_CONTEXT]
It’s wild that we can be self aware enough to predict exactly what will happen but still fall into the trap of it happening again…and again…and again… The amount of times I’ve told myself “THIS TIME WILL BE DIFFERENT!!!” 😭

[CURRENT_RECORD]
There’s always hope…. Otherwise we fall into the pit of despair"
"C:\Projects\Web\planner-tdah\research\reddit_data\reddit-adhdwomen-a_new_planner_will_not_change_your_life.json","reddit-adhdwomen-a_new_planner_will_not_change_your_life","1hpa0sk","t3_1hpa0sk","https://www.reddit.com/r/adhdwomen/comments/1hpa0sk/a_new_planner_will_not_change_your_life/","adhdwomen","r/adhdwomen","A NEW PLANNER WILL NOT CHANGE YOUR LIFE!","It's that time of the year...your tiktok fyp is full of people setting up their bullet journals for the new year, your Instagram is full of ads to buy a hobonichi...but wait! It's a trap!!! Take the $50 Moleskine leather bound weekly 2025 planner out of your cart. Do NOT, under any circumstances, go into any bookstores, office supply stores, or stationary stores for the next 3-5 days. Ignore any and all links you see for the ADHD life-changing organizer, designed for people with ADHD by people with ADHD. Remember that you can try a new system whenever you want, reinvention doesn't have to start on January 1st. They are preying on our lust for new notebooks and the dopamine we get from setting up new systems!!! Don't let them win! Edit: Y'all some of these comments are killing me😂 love you guys. Also! I'm not saying planners = bad!! pls it's just a joke!!! it's more a commentary on how we're suckers for the push for productivity that comes from stores and influencers to get us to buy stuff we might not need. also sometimes u just need a blank notebook/planner to keep you company 😌 (I am guilty of this)","General Question/Discussion","1735517699","2024-12-30T00:14:59+00:00","5568","5568","1","818","3e76da9377002588","","reddit-adhdwomen-a_new_planner_will_not_change_your_life:comment:m4gfxik","comment","m4gfxik","t1_m4gfxik","https://www.reddit.com/r/adhdwomen/comments/1hpa0sk/a_new_planner_will_not_change_your_life/m4gfxik/","/r/adhdwomen/comments/1hpa0sk/a_new_planner_will_not_change_your_life/m4gfxik/","t1_m4g389n","comment","m4g389n","m4g0qfc","2","false","m4g0qfc > m4g389n > m4gfxik","93fb0c256dee31a2","","ADHD-C","false","false","","47","47","0","0","0","1735524314","2024-12-30T02:05:14+00:00","false","False","","false","false","true","false","I hate you for calling out my exact process with these 😂😂😂","I hate you for calling out my exact process with these 😂😂😂","58","12","you are going to hyper focus the stickers for the holidays of the upcoming year first, write in birthdays with fun cute colored pens, start a to-do list in it (including things you already finished that day so you can cross a few off), put it in a smart place you are sure you will use it everyday, maybe you'll use it a few more days only you already misplaced both the fun pens and stickers, each day you do will look more messy because you are putting less effort into it (but swear after this weekend you will have more time and remember stuff you were suppose to remember to write in it but can't recall atm), you will never see this planner again for the next 7 months until you get a massive…","Ok but hear me out, what if this year I get one with grid paper and a sparkly cover? Multicolored fine tip pens? Stickers?!?!","","false","false","","","","","10","[THREAD_TITLE]
A NEW PLANNER WILL NOT CHANGE YOUR LIFE!

[THREAD_BODY]
It's that time of the year...your tiktok fyp is full of people setting up their bullet journals for the new year, your Instagram is full of ads to buy a hobonichi...but wait! It's a trap!!! Take the $50 Moleskine leather bound weekly 2025 planner out of your cart. Do NOT, under any circumstances, go into any bookstores, office supply stores, or stationary stores for the next 3-5 days. Ignore any and all links you see for the ADHD life-changing organizer, designed for people with ADHD by people with ADHD. Remember that you can try a new system whenever you want, reinvention doesn't have to start on January 1st. They are preying on our lust for new notebooks and the dopamine we get from setting up new systems!!! Don't let them win! Edit: Y'all some of these comments are killing me😂 love you guys. Also! I'm not saying planners = bad!! pls it's just a joke!!! it's more a commentary on how we're suckers for the push for productivity that comes from stores and influencers to get us to buy stuff we might not need. also sometimes u just need a blank notebook/planner to keep you company 😌 (I am guilty of this)

[ROOT_COMMENT_CONTEXT]
Ok but hear me out, what if this year I get one with grid paper and a sparkly cover? Multicolored fine tip pens? Stickers?!?!

[PARENT_COMMENT_CONTEXT]
you are going to hyper focus the stickers for the holidays of the upcoming year first, write in birthdays with fun cute colored pens, start a to-do list in it (including things you already finished that day so you can cross a few off), put it in a smart place you are sure you will use it everyday, maybe you'll use it a few more days only you already misplaced both the fun pens and stickers, each day you do will look more messy because you are putting less effort into it (but swear after this weekend you will have more time and remember stuff you were suppose to remember to write in it but can't recall atm), you will never see this planner again for the next 7 months until you get a massive…

[CURRENT_RECORD]
I hate you for calling out my exact process with these 😂😂😂"
"C:\Projects\Web\planner-tdah\research\reddit_data\reddit-adhdwomen-a_new_planner_will_not_change_your_life.json","reddit-adhdwomen-a_new_planner_will_not_change_your_life","1hpa0sk","t3_1hpa0sk","https://www.reddit.com/r/adhdwomen/comments/1hpa0sk/a_new_planner_will_not_change_your_life/","adhdwomen","r/adhdwomen","A NEW PLANNER WILL NOT CHANGE YOUR LIFE!","It's that time of the year...your tiktok fyp is full of people setting up their bullet journals for the new year, your Instagram is full of ads to buy a hobonichi...but wait! It's a trap!!! Take the $50 Moleskine leather bound weekly 2025 planner out of your cart. Do NOT, under any circumstances, go into any bookstores, office supply stores, or stationary stores for the next 3-5 days. Ignore any and all links you see for the ADHD life-changing organizer, designed for people with ADHD by people with ADHD. Remember that you can try a new system whenever you want, reinvention doesn't have to start on January 1st. They are preying on our lust for new notebooks and the dopamine we get from setting up new systems!!! Don't let them win! Edit: Y'all some of these comments are killing me😂 love you guys. Also! I'm not saying planners = bad!! pls it's just a joke!!! it's more a commentary on how we're suckers for the push for productivity that comes from stores and influencers to get us to buy stuff we might not need. also sometimes u just need a blank notebook/planner to keep you company 😌 (I am guilty of this)","General Question/Discussion","1735517699","2024-12-30T00:14:59+00:00","5568","5568","1","818","3e76da9377002588","","reddit-adhdwomen-a_new_planner_will_not_change_your_life:comment:m4gixbb","comment","m4gixbb","t1_m4gixbb","https://www.reddit.com/r/adhdwomen/comments/1hpa0sk/a_new_planner_will_not_change_your_life/m4gixbb/","/r/adhdwomen/comments/1hpa0sk/a_new_planner_will_not_change_your_life/m4gixbb/","t1_m4g389n","comment","m4g389n","m4g0qfc","2","false","m4g0qfc > m4g389n > m4gixbb","2503b4e26c869ac5","","","false","false","","13","13","0","0","0","1735525398","2024-12-30T02:23:18+00:00","false","False","","false","false","true","false","Sigh…. Every damn year at work","Sigh…. Every damn year at work","30","6","you are going to hyper focus the stickers for the holidays of the upcoming year first, write in birthdays with fun cute colored pens, start a to-do list in it (including things you already finished that day so you can cross a few off), put it in a smart place you are sure you will use it everyday, maybe you'll use it a few more days only you already misplaced both the fun pens and stickers, each day you do will look more messy because you are putting less effort into it (but swear after this weekend you will have more time and remember stuff you were suppose to remember to write in it but can't recall atm), you will never see this planner again for the next 7 months until you get a massive…","Ok but hear me out, what if this year I get one with grid paper and a sparkly cover? Multicolored fine tip pens? Stickers?!?!","","false","false","","","","","5","[THREAD_TITLE]
A NEW PLANNER WILL NOT CHANGE YOUR LIFE!

[THREAD_BODY]
It's that time of the year...your tiktok fyp is full of people setting up their bullet journals for the new year, your Instagram is full of ads to buy a hobonichi...but wait! It's a trap!!! Take the $50 Moleskine leather bound weekly 2025 planner out of your cart. Do NOT, under any circumstances, go into any bookstores, office supply stores, or stationary stores for the next 3-5 days. Ignore any and all links you see for the ADHD life-changing organizer, designed for people with ADHD by people with ADHD. Remember that you can try a new system whenever you want, reinvention doesn't have to start on January 1st. They are preying on our lust for new notebooks and the dopamine we get from setting up new systems!!! Don't let them win! Edit: Y'all some of these comments are killing me😂 love you guys. Also! I'm not saying planners = bad!! pls it's just a joke!!! it's more a commentary on how we're suckers for the push for productivity that comes from stores and influencers to get us to buy stuff we might not need. also sometimes u just need a blank notebook/planner to keep you company 😌 (I am guilty of this)

[ROOT_COMMENT_CONTEXT]
Ok but hear me out, what if this year I get one with grid paper and a sparkly cover? Multicolored fine tip pens? Stickers?!?!

[PARENT_COMMENT_CONTEXT]
you are going to hyper focus the stickers for the holidays of the upcoming year first, write in birthdays with fun cute colored pens, start a to-do list in it (including things you already finished that day so you can cross a few off), put it in a smart place you are sure you will use it everyday, maybe you'll use it a few more days only you already misplaced both the fun pens and stickers, each day you do will look more messy because you are putting less effort into it (but swear after this weekend you will have more time and remember stuff you were suppose to remember to write in it but can't recall atm), you will never see this planner again for the next 7 months until you get a massive…

[CURRENT_RECORD]
Sigh…. Every damn year at work"
"C:\Projects\Web\planner-tdah\research\reddit_data\reddit-adhdwomen-a_new_planner_will_not_change_your_life.json","reddit-adhdwomen-a_new_planner_will_not_change_your_life","1hpa0sk","t3_1hpa0sk","https://www.reddit.com/r/adhdwomen/comments/1hpa0sk/a_new_planner_will_not_change_your_life/","adhdwomen","r/adhdwomen","A NEW PLANNER WILL NOT CHANGE YOUR LIFE!","It's that time of the year...your tiktok fyp is full of people setting up their bullet journals for the new year, your Instagram is full of ads to buy a hobonichi...but wait! It's a trap!!! Take the $50 Moleskine leather bound weekly 2025 planner out of your cart. Do NOT, under any circumstances, go into any bookstores, office supply stores, or stationary stores for the next 3-5 days. Ignore any and all links you see for the ADHD life-changing organizer, designed for people with ADHD by people with ADHD. Remember that you can try a new system whenever you want, reinvention doesn't have to start on January 1st. They are preying on our lust for new notebooks and the dopamine we get from setting up new systems!!! Don't let them win! Edit: Y'all some of these comments are killing me😂 love you guys. Also! I'm not saying planners = bad!! pls it's just a joke!!! it's more a commentary on how we're suckers for the push for productivity that comes from stores and influencers to get us to buy stuff we might not need. also sometimes u just need a blank notebook/planner to keep you company 😌 (I am guilty of this)","General Question/Discussion","1735517699","2024-12-30T00:14:59+00:00","5568","5568","1","818","3e76da9377002588","","reddit-adhdwomen-a_new_planner_will_not_change_your_life:comment:m4g54bn","comment","m4g54bn","t1_m4g54bn","https://www.reddit.com/r/adhdwomen/comments/1hpa0sk/a_new_planner_will_not_change_your_life/m4g54bn/","/r/adhdwomen/comments/1hpa0sk/a_new_planner_will_not_change_your_life/m4g54bn/","t1_m4g0qfc","comment","m4g0qfc","m4g0qfc","1","false","m4g0qfc > m4g54bn","dbfbf2662922a517","","","false","false","","209","209","0","0","4","1735520478","2024-12-30T01:01:18+00:00","false","False","","false","false","true","false","As if you will ever let yourself actually use the stickers instead of keeping the sticker sheet intact and pristine!","As if you will ever let yourself actually use the stickers instead of keeping the sticker sheet intact and pristine!","116","20","Ok but hear me out, what if this year I get one with grid paper and a sparkly cover? Multicolored fine tip pens? Stickers?!?!","Ok but hear me out, what if this year I get one with grid paper and a sparkly cover? Multicolored fine tip pens? Stickers?!?!","","false","false","","","","","28","[THREAD_TITLE]
A NEW PLANNER WILL NOT CHANGE YOUR LIFE!

[THREAD_BODY]
It's that time of the year...your tiktok fyp is full of people setting up their bullet journals for the new year, your Instagram is full of ads to buy a hobonichi...but wait! It's a trap!!! Take the $50 Moleskine leather bound weekly 2025 planner out of your cart. Do NOT, under any circumstances, go into any bookstores, office supply stores, or stationary stores for the next 3-5 days. Ignore any and all links you see for the ADHD life-changing organizer, designed for people with ADHD by people with ADHD. Remember that you can try a new system whenever you want, reinvention doesn't have to start on January 1st. They are preying on our lust for new notebooks and the dopamine we get from setting up new systems!!! Don't let them win! Edit: Y'all some of these comments are killing me😂 love you guys. Also! I'm not saying planners = bad!! pls it's just a joke!!! it's more a commentary on how we're suckers for the push for productivity that comes from stores and influencers to get us to buy stuff we might not need. also sometimes u just need a blank notebook/planner to keep you company 😌 (I am guilty of this)

[PARENT_COMMENT_CONTEXT]
Ok but hear me out, what if this year I get one with grid paper and a sparkly cover? Multicolored fine tip pens? Stickers?!?!

[CURRENT_RECORD]
As if you will ever let yourself actually use the stickers instead of keeping the sticker sheet intact and pristine!"
"C:\Projects\Web\planner-tdah\research\reddit_data\reddit-adhdwomen-a_new_planner_will_not_change_your_life.json","reddit-adhdwomen-a_new_planner_will_not_change_your_life","1hpa0sk","t3_1hpa0sk","https://www.reddit.com/r/adhdwomen/comments/1hpa0sk/a_new_planner_will_not_change_your_life/","adhdwomen","r/adhdwomen","A NEW PLANNER WILL NOT CHANGE YOUR LIFE!","It's that time of the year...your tiktok fyp is full of people setting up their bullet journals for the new year, your Instagram is full of ads to buy a hobonichi...but wait! It's a trap!!! Take the $50 Moleskine leather bound weekly 2025 planner out of your cart. Do NOT, under any circumstances, go into any bookstores, office supply stores, or stationary stores for the next 3-5 days. Ignore any and all links you see for the ADHD life-changing organizer, designed for people with ADHD by people with ADHD. Remember that you can try a new system whenever you want, reinvention doesn't have to start on January 1st. They are preying on our lust for new notebooks and the dopamine we get from setting up new systems!!! Don't let them win! Edit: Y'all some of these comments are killing me😂 love you guys. Also! I'm not saying planners = bad!! pls it's just a joke!!! it's more a commentary on how we're suckers for the push for productivity that comes from stores and influencers to get us to buy stuff we might not need. also sometimes u just need a blank notebook/planner to keep you company 😌 (I am guilty of this)","General Question/Discussion","1735517699","2024-12-30T00:14:59+00:00","5568","5568","1","818","3e76da9377002588","","reddit-adhdwomen-a_new_planner_will_not_change_your_life:comment:m4g7pop","comment","m4g7pop","t1_m4g7pop","https://www.reddit.com/r/adhdwomen/comments/1hpa0sk/a_new_planner_will_not_change_your_life/m4g7pop/","/r/adhdwomen/comments/1hpa0sk/a_new_planner_will_not_change_your_life/m4g7pop/","t1_m4g54bn","comment","m4g54bn","m4g0qfc","2","false","m4g0qfc > m4g54bn > m4g7pop","","","","false","false","","140","140","0","0","3","1735521394","2024-12-30T01:16:34+00:00","false","False","","false","false","true","false","Well yeah, I don't want to waste the stickers on something trivial.","Well yeah, I don't want to waste the stickers on something trivial.","67","12","As if you will ever let yourself actually use the stickers instead of keeping the sticker sheet intact and pristine!","Ok but hear me out, what if this year I get one with grid paper and a sparkly cover? Multicolored fine tip pens? Stickers?!?!","","false","false","","","","","18","[THREAD_TITLE]
A NEW PLANNER WILL NOT CHANGE YOUR LIFE!

[THREAD_BODY]
It's that time of the year...your tiktok fyp is full of people setting up their bullet journals for the new year, your Instagram is full of ads to buy a hobonichi...but wait! It's a trap!!! Take the $50 Moleskine leather bound weekly 2025 planner out of your cart. Do NOT, under any circumstances, go into any bookstores, office supply stores, or stationary stores for the next 3-5 days. Ignore any and all links you see for the ADHD life-changing organizer, designed for people with ADHD by people with ADHD. Remember that you can try a new system whenever you want, reinvention doesn't have to start on January 1st. They are preying on our lust for new notebooks and the dopamine we get from setting up new systems!!! Don't let them win! Edit: Y'all some of these comments are killing me😂 love you guys. Also! I'm not saying planners = bad!! pls it's just a joke!!! it's more a commentary on how we're suckers for the push for productivity that comes from stores and influencers to get us to buy stuff we might not need. also sometimes u just need a blank notebook/planner to keep you company 😌 (I am guilty of this)

[ROOT_COMMENT_CONTEXT]
Ok but hear me out, what if this year I get one with grid paper and a sparkly cover? Multicolored fine tip pens? Stickers?!?!

[PARENT_COMMENT_CONTEXT]
As if you will ever let yourself actually use the stickers instead of keeping the sticker sheet intact and pristine!

[CURRENT_RECORD]
Well yeah, I don't want to waste the stickers on something trivial."
"C:\Projects\Web\planner-tdah\research\reddit_data\reddit-adhdwomen-a_new_planner_will_not_change_your_life.json","reddit-adhdwomen-a_new_planner_will_not_change_your_life","1hpa0sk","t3_1hpa0sk","https://www.reddit.com/r/adhdwomen/comments/1hpa0sk/a_new_planner_will_not_change_your_life/","adhdwomen","r/adhdwomen","A NEW PLANNER WILL NOT CHANGE YOUR LIFE!","It's that time of the year...your tiktok fyp is full of people setting up their bullet journals for the new year, your Instagram is full of ads to buy a hobonichi...but wait! It's a trap!!! Take the $50 Moleskine leather bound weekly 2025 planner out of your cart. Do NOT, under any circumstances, go into any bookstores, office supply stores, or stationary stores for the next 3-5 days. Ignore any and all links you see for the ADHD life-changing organizer, designed for people with ADHD by people with ADHD. Remember that you can try a new system whenever you want, reinvention doesn't have to start on January 1st. They are preying on our lust for new notebooks and the dopamine we get from setting up new systems!!! Don't let them win! Edit: Y'all some of these comments are killing me😂 love you guys. Also! I'm not saying planners = bad!! pls it's just a joke!!! it's more a commentary on how we're suckers for the push for productivity that comes from stores and influencers to get us to buy stuff we might not need. also sometimes u just need a blank notebook/planner to keep you company 😌 (I am guilty of this)","General Question/Discussion","1735517699","2024-12-30T00:14:59+00:00","5568","5568","1","818","3e76da9377002588","","reddit-adhdwomen-a_new_planner_will_not_change_your_life:comment:m4gcn3c","comment","m4gcn3c","t1_m4gcn3c","https://www.reddit.com/r/adhdwomen/comments/1hpa0sk/a_new_planner_will_not_change_your_life/m4gcn3c/","/r/adhdwomen/comments/1hpa0sk/a_new_planner_will_not_change_your_life/m4gcn3c/","t1_m4g7pop","comment","m4g7pop","m4g0qfc","3","false","m4g0qfc > m4g54bn > m4g7pop > m4gcn3c","c0ef48e3c5949512","","","false","false","","70","70","0","0","0","1735523134","2024-12-30T01:45:34+00:00","false","False","","false","false","true","false","I have never felt so seen before lol","I have never felt so seen before lol","36","8","Well yeah, I don't want to waste the stickers on something trivial.","Ok but hear me out, what if this year I get one with grid paper and a sparkly cover? Multicolored fine tip pens? Stickers?!?!","","false","false","","","","","15","[THREAD_TITLE]
A NEW PLANNER WILL NOT CHANGE YOUR LIFE!

[THREAD_BODY]
It's that time of the year...your tiktok fyp is full of people setting up their bullet journals for the new year, your Instagram is full of ads to buy a hobonichi...but wait! It's a trap!!! Take the $50 Moleskine leather bound weekly 2025 planner out of your cart. Do NOT, under any circumstances, go into any bookstores, office supply stores, or stationary stores for the next 3-5 days. Ignore any and all links you see for the ADHD life-changing organizer, designed for people with ADHD by people with ADHD. Remember that you can try a new system whenever you want, reinvention doesn't have to start on January 1st. They are preying on our lust for new notebooks and the dopamine we get from setting up new systems!!! Don't let them win! Edit: Y'all some of these comments are killing me😂 love you guys. Also! I'm not saying planners = bad!! pls it's just a joke!!! it's more a commentary on how we're suckers for the push for productivity that comes from stores and influencers to get us to buy stuff we might not need. also sometimes u just need a blank notebook/planner to keep you company 😌 (I am guilty of this)

[ROOT_COMMENT_CONTEXT]
Ok but hear me out, what if this year I get one with grid paper and a sparkly cover? Multicolored fine tip pens? Stickers?!?!

[PARENT_COMMENT_CONTEXT]
Well yeah, I don't want to waste the stickers on something trivial.

[CURRENT_RECORD]
I have never felt so seen before lol"
"C:\Projects\Web\planner-tdah\research\reddit_data\reddit-adhdwomen-a_new_planner_will_not_change_your_life.json","reddit-adhdwomen-a_new_planner_will_not_change_your_life","1hpa0sk","t3_1hpa0sk","https://www.reddit.com/r/adhdwomen/comments/1hpa0sk/a_new_planner_will_not_change_your_life/","adhdwomen","r/adhdwomen","A NEW PLANNER WILL NOT CHANGE YOUR LIFE!","It's that time of the year...your tiktok fyp is full of people setting up their bullet journals for the new year, your Instagram is full of ads to buy a hobonichi...but wait! It's a trap!!! Take the $50 Moleskine leather bound weekly 2025 planner out of your cart. Do NOT, under any circumstances, go into any bookstores, office supply stores, or stationary stores for the next 3-5 days. Ignore any and all links you see for the ADHD life-changing organizer, designed for people with ADHD by people with ADHD. Remember that you can try a new system whenever you want, reinvention doesn't have to start on January 1st. They are preying on our lust for new notebooks and the dopamine we get from setting up new systems!!! Don't let them win! Edit: Y'all some of these comments are killing me😂 love you guys. Also! I'm not saying planners = bad!! pls it's just a joke!!! it's more a commentary on how we're suckers for the push for productivity that comes from stores and influencers to get us to buy stuff we might not need. also sometimes u just need a blank notebook/planner to keep you company 😌 (I am guilty of this)","General Question/Discussion","1735517699","2024-12-30T00:14:59+00:00","5568","5568","1","818","3e76da9377002588","","reddit-adhdwomen-a_new_planner_will_not_change_your_life:comment:m4haveh","comment","m4haveh","t1_m4haveh","https://www.reddit.com/r/adhdwomen/comments/1hpa0sk/a_new_planner_will_not_change_your_life/m4haveh/","/r/adhdwomen/comments/1hpa0sk/a_new_planner_will_not_change_your_life/m4haveh/","t1_m4g7pop","comment","m4g7pop","m4g0qfc","3","false","m4g0qfc > m4g54bn > m4g7pop > m4haveh","888fbaf2af64136a","","","false","false","","70","70","0","0","3","1735536278","2024-12-30T05:24:38+00:00","false","False","","false","false","true","false","This is why I stopped buying notebooks that were ""too pretty"". It just ends up in a stack with all the other paper I deemed too precious to sully with my meaningless drivel, like a towering monument to self loathing.","This is why I stopped buying notebooks that were ""too pretty"". It just ends up in a stack with all the other paper I deemed too precious to sully with my meaningless drivel, like a towering monument to self loathing.","216","40","Well yeah, I don't want to waste the stickers on something trivial.","Ok but hear me out, what if this year I get one with grid paper and a sparkly cover? Multicolored fine tip pens? Stickers?!?!","","false","false","","","","","28","[THREAD_TITLE]
A NEW PLANNER WILL NOT CHANGE YOUR LIFE!

[THREAD_BODY]
It's that time of the year...your tiktok fyp is full of people setting up their bullet journals for the new year, your Instagram is full of ads to buy a hobonichi...but wait! It's a trap!!! Take the $50 Moleskine leather bound weekly 2025 planner out of your cart. Do NOT, under any circumstances, go into any bookstores, office supply stores, or stationary stores for the next 3-5 days. Ignore any and all links you see for the ADHD life-changing organizer, designed for people with ADHD by people with ADHD. Remember that you can try a new system whenever you want, reinvention doesn't have to start on January 1st. They are preying on our lust for new notebooks and the dopamine we get from setting up new systems!!! Don't let them win! Edit: Y'all some of these comments are killing me😂 love you guys. Also! I'm not saying planners = bad!! pls it's just a joke!!! it's more a commentary on how we're suckers for the push for productivity that comes from stores and influencers to get us to buy stuff we might not need. also sometimes u just need a blank notebook/planner to keep you company 😌 (I am guilty of this)

[ROOT_COMMENT_CONTEXT]
Ok but hear me out, what if this year I get one with grid paper and a sparkly cover? Multicolored fine tip pens? Stickers?!?!

[PARENT_COMMENT_CONTEXT]
Well yeah, I don't want to waste the stickers on something trivial.

[CURRENT_RECORD]
This is why I stopped buying notebooks that were ""too pretty"". It just ends up in a stack with all the other paper I deemed too precious to sully with my meaningless drivel, like a towering monument to self loathing."
"C:\Projects\Web\planner-tdah\research\reddit_data\reddit-adhdwomen-a_new_planner_will_not_change_your_life.json","reddit-adhdwomen-a_new_planner_will_not_change_your_life","1hpa0sk","t3_1hpa0sk","https://www.reddit.com/r/adhdwomen/comments/1hpa0sk/a_new_planner_will_not_change_your_life/","adhdwomen","r/adhdwomen","A NEW PLANNER WILL NOT CHANGE YOUR LIFE!","It's that time of the year...your tiktok fyp is full of people setting up their bullet journals for the new year, your Instagram is full of ads to buy a hobonichi...but wait! It's a trap!!! Take the $50 Moleskine leather bound weekly 2025 planner out of your cart. Do NOT, under any circumstances, go into any bookstores, office supply stores, or stationary stores for the next 3-5 days. Ignore any and all links you see for the ADHD life-changing organizer, designed for people with ADHD by people with ADHD. Remember that you can try a new system whenever you want, reinvention doesn't have to start on January 1st. They are preying on our lust for new notebooks and the dopamine we get from setting up new systems!!! Don't let them win! Edit: Y'all some of these comments are killing me😂 love you guys. Also! I'm not saying planners = bad!! pls it's just a joke!!! it's more a commentary on how we're suckers for the push for productivity that comes from stores and influencers to get us to buy stuff we might not need. also sometimes u just need a blank notebook/planner to keep you company 😌 (I am guilty of this)","General Question/Discussion","1735517699","2024-12-30T00:14:59+00:00","5568","5568","1","818","3e76da9377002588","","reddit-adhdwomen-a_new_planner_will_not_change_your_life:comment:m4hygho","comment","m4hygho","t1_m4hygho","https://www.reddit.com/r/adhdwomen/comments/1hpa0sk/a_new_planner_will_not_change_your_life/m4hygho/","/r/adhdwomen/comments/1hpa0sk/a_new_planner_will_not_change_your_life/m4hygho/","t1_m4haveh","comment","m4haveh","m4g0qfc","4","false","m4g0qfc > m4g54bn > m4g7pop > m4haveh > m4hygho","935383e47ed8eced","","","false","false","","16","16","0","0","0","1735549672","2024-12-30T09:07:52+00:00","false","False","","false","false","true","false","I have spent 40 years doing this 😭","I have spent 40 years doing this 😭","34","8","This is why I stopped buying notebooks that were ""too pretty"". It just ends up in a stack with all the other paper I deemed too precious to sully with my meaningless drivel, like a towering monument to self loathing.","Ok but hear me out, what if this year I get one with grid paper and a sparkly cover? Multicolored fine tip pens? Stickers?!?!","","false","false","","","","","5","[THREAD_TITLE]
A NEW PLANNER WILL NOT CHANGE YOUR LIFE!

[THREAD_BODY]
It's that time of the year...your tiktok fyp is full of people setting up their bullet journals for the new year, your Instagram is full of ads to buy a hobonichi...but wait! It's a trap!!! Take the $50 Moleskine leather bound weekly 2025 planner out of your cart. Do NOT, under any circumstances, go into any bookstores, office supply stores, or stationary stores for the next 3-5 days. Ignore any and all links you see for the ADHD life-changing organizer, designed for people with ADHD by people with ADHD. Remember that you can try a new system whenever you want, reinvention doesn't have to start on January 1st. They are preying on our lust for new notebooks and the dopamine we get from setting up new systems!!! Don't let them win! Edit: Y'all some of these comments are killing me😂 love you guys. Also! I'm not saying planners = bad!! pls it's just a joke!!! it's more a commentary on how we're suckers for the push for productivity that comes from stores and influencers to get us to buy stuff we might not need. also sometimes u just need a blank notebook/planner to keep you company 😌 (I am guilty of this)

[ROOT_COMMENT_CONTEXT]
Ok but hear me out, what if this year I get one with grid paper and a sparkly cover? Multicolored fine tip pens? Stickers?!?!

[PARENT_COMMENT_CONTEXT]
This is why I stopped buying notebooks that were ""too pretty"". It just ends up in a stack with all the other paper I deemed too precious to sully with my meaningless drivel, like a towering monument to self loathing.

[CURRENT_RECORD]
I have spent 40 years doing this 😭"
"C:\Projects\Web\planner-tdah\research\reddit_data\reddit-adhdwomen-a_new_planner_will_not_change_your_life.json","reddit-adhdwomen-a_new_planner_will_not_change_your_life","1hpa0sk","t3_1hpa0sk","https://www.reddit.com/r/adhdwomen/comments/1hpa0sk/a_new_planner_will_not_change_your_life/","adhdwomen","r/adhdwomen","A NEW PLANNER WILL NOT CHANGE YOUR LIFE!","It's that time of the year...your tiktok fyp is full of people setting up their bullet journals for the new year, your Instagram is full of ads to buy a hobonichi...but wait! It's a trap!!! Take the $50 Moleskine leather bound weekly 2025 planner out of your cart. Do NOT, under any circumstances, go into any bookstores, office supply stores, or stationary stores for the next 3-5 days. Ignore any and all links you see for the ADHD life-changing organizer, designed for people with ADHD by people with ADHD. Remember that you can try a new system whenever you want, reinvention doesn't have to start on January 1st. They are preying on our lust for new notebooks and the dopamine we get from setting up new systems!!! Don't let them win! Edit: Y'all some of these comments are killing me😂 love you guys. Also! I'm not saying planners = bad!! pls it's just a joke!!! it's more a commentary on how we're suckers for the push for productivity that comes from stores and influencers to get us to buy stuff we might not need. also sometimes u just need a blank notebook/planner to keep you company 😌 (I am guilty of this)","General Question/Discussion","1735517699","2024-12-30T00:14:59+00:00","5568","5568","1","818","3e76da9377002588","","reddit-adhdwomen-a_new_planner_will_not_change_your_life:comment:m4jc1oc","comment","m4jc1oc","t1_m4jc1oc","https://www.reddit.com/r/adhdwomen/comments/1hpa0sk/a_new_planner_will_not_change_your_life/m4jc1oc/","/r/adhdwomen/comments/1hpa0sk/a_new_planner_will_not_change_your_life/m4jc1oc/","t1_m4haveh","comment","m4haveh","m4g0qfc","4","false","m4g0qfc > m4g54bn > m4g7pop > m4haveh > m4jc1oc","95f8689b275525e9","","","false","false","","12","12","0","0","1","1735573643","2024-12-30T15:47:23+00:00","false","False","","false","false","true","false","getting a plain ole composition book changed this for me! so cheap and no pressure - SO FREEING.","getting a plain ole composition book changed this for me! so cheap and no pressure - SO FREEING.","96","18","This is why I stopped buying notebooks that were ""too pretty"". It just ends up in a stack with all the other paper I deemed too precious to sully with my meaningless drivel, like a towering monument to self loathing.","Ok but hear me out, what if this year I get one with grid paper and a sparkly cover? Multicolored fine tip pens? Stickers?!?!","","false","false","","","change","mentions_feature_or_solution","12","[THREAD_TITLE]
A NEW PLANNER WILL NOT CHANGE YOUR LIFE!

[THREAD_BODY]
It's that time of the year...your tiktok fyp is full of people setting up their bullet journals for the new year, your Instagram is full of ads to buy a hobonichi...but wait! It's a trap!!! Take the $50 Moleskine leather bound weekly 2025 planner out of your cart. Do NOT, under any circumstances, go into any bookstores, office supply stores, or stationary stores for the next 3-5 days. Ignore any and all links you see for the ADHD life-changing organizer, designed for people with ADHD by people with ADHD. Remember that you can try a new system whenever you want, reinvention doesn't have to start on January 1st. They are preying on our lust for new notebooks and the dopamine we get from setting up new systems!!! Don't let them win! Edit: Y'all some of these comments are killing me😂 love you guys. Also! I'm not saying planners = bad!! pls it's just a joke!!! it's more a commentary on how we're suckers for the push for productivity that comes from stores and influencers to get us to buy stuff we might not need. also sometimes u just need a blank notebook/planner to keep you company 😌 (I am guilty of this)

[ROOT_COMMENT_CONTEXT]
Ok but hear me out, what if this year I get one with grid paper and a sparkly cover? Multicolored fine tip pens? Stickers?!?!

[PARENT_COMMENT_CONTEXT]
This is why I stopped buying notebooks that were ""too pretty"". It just ends up in a stack with all the other paper I deemed too precious to sully with my meaningless drivel, like a towering monument to self loathing.

[CURRENT_RECORD]
getting a plain ole composition book changed this for me! so cheap and no pressure - SO FREEING."
"C:\Projects\Web\planner-tdah\research\reddit_data\reddit-adhdwomen-a_new_planner_will_not_change_your_life.json","reddit-adhdwomen-a_new_planner_will_not_change_your_life","1hpa0sk","t3_1hpa0sk","https://www.reddit.com/r/adhdwomen/comments/1hpa0sk/a_new_planner_will_not_change_your_life/","adhdwomen","r/adhdwomen","A NEW PLANNER WILL NOT CHANGE YOUR LIFE!","It's that time of the year...your tiktok fyp is full of people setting up their bullet journals for the new year, your Instagram is full of ads to buy a hobonichi...but wait! It's a trap!!! Take the $50 Moleskine leather bound weekly 2025 planner out of your cart. Do NOT, under any circumstances, go into any bookstores, office supply stores, or stationary stores for the next 3-5 days. Ignore any and all links you see for the ADHD life-changing organizer, designed for people with ADHD by people with ADHD. Remember that you can try a new system whenever you want, reinvention doesn't have to start on January 1st. They are preying on our lust for new notebooks and the dopamine we get from setting up new systems!!! Don't let them win! Edit: Y'all some of these comments are killing me😂 love you guys. Also! I'm not saying planners = bad!! pls it's just a joke!!! it's more a commentary on how we're suckers for the push for productivity that comes from stores and influencers to get us to buy stuff we might not need. also sometimes u just need a blank notebook/planner to keep you company 😌 (I am guilty of this)","General Question/Discussion","1735517699","2024-12-30T00:14:59+00:00","5568","5568","1","818","3e76da9377002588","","reddit-adhdwomen-a_new_planner_will_not_change_your_life:comment:m4gmzcn","comment","m4gmzcn","t1_m4gmzcn","https://www.reddit.com/r/adhdwomen/comments/1hpa0sk/a_new_planner_will_not_change_your_life/m4gmzcn/","/r/adhdwomen/comments/1hpa0sk/a_new_planner_will_not_change_your_life/m4gmzcn/","t1_m4g54bn","comment","m4g54bn","m4g0qfc","2","false","m4g0qfc > m4g54bn > m4gmzcn","4792057624576620","","","false","false","","74","74","0","0","2","1735526868","2024-12-30T02:47:48+00:00","false","False","","false","false","true","false","I have stickers that are now teenagers","I have stickers that are now teenagers","38","7","As if you will ever let yourself actually use the stickers instead of keeping the sticker sheet intact and pristine!","Ok but hear me out, what if this year I get one with grid paper and a sparkly cover? Multicolored fine tip pens? Stickers?!?!","","false","false","","","","","18","[THREAD_TITLE]
A NEW PLANNER WILL NOT CHANGE YOUR LIFE!

[THREAD_BODY]
It's that time of the year...your tiktok fyp is full of people setting up their bullet journals for the new year, your Instagram is full of ads to buy a hobonichi...but wait! It's a trap!!! Take the $50 Moleskine leather bound weekly 2025 planner out of your cart. Do NOT, under any circumstances, go into any bookstores, office supply stores, or stationary stores for the next 3-5 days. Ignore any and all links you see for the ADHD life-changing organizer, designed for people with ADHD by people with ADHD. Remember that you can try a new system whenever you want, reinvention doesn't have to start on January 1st. They are preying on our lust for new notebooks and the dopamine we get from setting up new systems!!! Don't let them win! Edit: Y'all some of these comments are killing me😂 love you guys. Also! I'm not saying planners = bad!! pls it's just a joke!!! it's more a commentary on how we're suckers for the push for productivity that comes from stores and influencers to get us to buy stuff we might not need. also sometimes u just need a blank notebook/planner to keep you company 😌 (I am guilty of this)

[ROOT_COMMENT_CONTEXT]
Ok but hear me out, what if this year I get one with grid paper and a sparkly cover? Multicolored fine tip pens? Stickers?!?!

[PARENT_COMMENT_CONTEXT]
As if you will ever let yourself actually use the stickers instead of keeping the sticker sheet intact and pristine!

[CURRENT_RECORD]
I have stickers that are now teenagers"
"C:\Projects\Web\planner-tdah\research\reddit_data\reddit-adhdwomen-a_new_planner_will_not_change_your_life.json","reddit-adhdwomen-a_new_planner_will_not_change_your_life","1hpa0sk","t3_1hpa0sk","https://www.reddit.com/r/adhdwomen/comments/1hpa0sk/a_new_planner_will_not_change_your_life/","adhdwomen","r/adhdwomen","A NEW PLANNER WILL NOT CHANGE YOUR LIFE!","It's that time of the year...your tiktok fyp is full of people setting up their bullet journals for the new year, your Instagram is full of ads to buy a hobonichi...but wait! It's a trap!!! Take the $50 Moleskine leather bound weekly 2025 planner out of your cart. Do NOT, under any circumstances, go into any bookstores, office supply stores, or stationary stores for the next 3-5 days. Ignore any and all links you see for the ADHD life-changing organizer, designed for people with ADHD by people with ADHD. Remember that you can try a new system whenever you want, reinvention doesn't have to start on January 1st. They are preying on our lust for new notebooks and the dopamine we get from setting up new systems!!! Don't let them win! Edit: Y'all some of these comments are killing me😂 love you guys. Also! I'm not saying planners = bad!! pls it's just a joke!!! it's more a commentary on how we're suckers for the push for productivity that comes from stores and influencers to get us to buy stuff we might not need. also sometimes u just need a blank notebook/planner to keep you company 😌 (I am guilty of this)","General Question/Discussion","1735517699","2024-12-30T00:14:59+00:00","5568","5568","1","818","3e76da9377002588","","reddit-adhdwomen-a_new_planner_will_not_change_your_life:comment:m4guv8e","comment","m4guv8e","t1_m4guv8e","https://www.reddit.com/r/adhdwomen/comments/1hpa0sk/a_new_planner_will_not_change_your_life/m4guv8e/","/r/adhdwomen/comments/1hpa0sk/a_new_planner_will_not_change_your_life/m4guv8e/","t1_m4gmzcn","comment","m4gmzcn","m4g0qfc","3","false","m4g0qfc > m4g54bn > m4gmzcn > m4guv8e","ee7c8fdac4dfdfa3","","","false","false","","35","35","0","0","0","1735529821","2024-12-30T03:37:01+00:00","false","False","","false","false","true","false","I have stickers that are 30+ yo lol","I have stickers that are 30+ yo lol","35","8","I have stickers that are now teenagers","Ok but hear me out, what if this year I get one with grid paper and a sparkly cover? Multicolored fine tip pens? Stickers?!?!","","false","false","","","","","10","[THREAD_TITLE]
A NEW PLANNER WILL NOT CHANGE YOUR LIFE!

[THREAD_BODY]
It's that time of the year...your tiktok fyp is full of people setting up their bullet journals for the new year, your Instagram is full of ads to buy a hobonichi...but wait! It's a trap!!! Take the $50 Moleskine leather bound weekly 2025 planner out of your cart. Do NOT, under any circumstances, go into any bookstores, office supply stores, or stationary stores for the next 3-5 days. Ignore any and all links you see for the ADHD life-changing organizer, designed for people with ADHD by people with ADHD. Remember that you can try a new system whenever you want, reinvention doesn't have to start on January 1st. They are preying on our lust for new notebooks and the dopamine we get from setting up new systems!!! Don't let them win! Edit: Y'all some of these comments are killing me😂 love you guys. Also! I'm not saying planners = bad!! pls it's just a joke!!! it's more a commentary on how we're suckers for the push for productivity that comes from stores and influencers to get us to buy stuff we might not need. also sometimes u just need a blank notebook/planner to keep you company 😌 (I am guilty of this)

[ROOT_COMMENT_CONTEXT]
Ok but hear me out, what if this year I get one with grid paper and a sparkly cover? Multicolored fine tip pens? Stickers?!?!

[PARENT_COMMENT_CONTEXT]
I have stickers that are now teenagers

[CURRENT_RECORD]
I have stickers that are 30+ yo lol"
"C:\Projects\Web\planner-tdah\research\reddit_data\reddit-adhdwomen-a_new_planner_will_not_change_your_life.json","reddit-adhdwomen-a_new_planner_will_not_change_your_life","1hpa0sk","t3_1hpa0sk","https://www.reddit.com/r/adhdwomen/comments/1hpa0sk/a_new_planner_will_not_change_your_life/","adhdwomen","r/adhdwomen","A NEW PLANNER WILL NOT CHANGE YOUR LIFE!","It's that time of the year...your tiktok fyp is full of people setting up their bullet journals for the new year, your Instagram is full of ads to buy a hobonichi...but wait! It's a trap!!! Take the $50 Moleskine leather bound weekly 2025 planner out of your cart. Do NOT, under any circumstances, go into any bookstores, office supply stores, or stationary stores for the next 3-5 days. Ignore any and all links you see for the ADHD life-changing organizer, designed for people with ADHD by people with ADHD. Remember that you can try a new system whenever you want, reinvention doesn't have to start on January 1st. They are preying on our lust for new notebooks and the dopamine we get from setting up new systems!!! Don't let them win! Edit: Y'all some of these comments are killing me😂 love you guys. Also! I'm not saying planners = bad!! pls it's just a joke!!! it's more a commentary on how we're suckers for the push for productivity that comes from stores and influencers to get us to buy stuff we might not need. also sometimes u just need a blank notebook/planner to keep you company 😌 (I am guilty of this)","General Question/Discussion","1735517699","2024-12-30T00:14:59+00:00","5568","5568","1","818","3e76da9377002588","","reddit-adhdwomen-a_new_planner_will_not_change_your_life:comment:m4gwf35","comment","m4gwf35","t1_m4gwf35","https://www.reddit.com/r/adhdwomen/comments/1hpa0sk/a_new_planner_will_not_change_your_life/m4gwf35/","/r/adhdwomen/comments/1hpa0sk/a_new_planner_will_not_change_your_life/m4gwf35/","t1_m4gmzcn","comment","m4gmzcn","m4g0qfc","3","false","m4g0qfc > m4g54bn > m4gmzcn > m4gwf35","29960c3d89969e03","","","false","false","","15","15","0","0","0","1735530410","2024-12-30T03:46:50+00:00","false","False","","false","false","true","false","I FEEL SO SEEN BY THIS COMMENT 😂","I FEEL SO SEEN BY THIS COMMENT 😂","32","8","I have stickers that are now teenagers","Ok but hear me out, what if this year I get one with grid paper and a sparkly cover? Multicolored fine tip pens? Stickers?!?!","","false","false","","","","","5","[THREAD_TITLE]
A NEW PLANNER WILL NOT CHANGE YOUR LIFE!

[THREAD_BODY]
It's that time of the year...your tiktok fyp is full of people setting up their bullet journals for the new year, your Instagram is full of ads to buy a hobonichi...but wait! It's a trap!!! Take the $50 Moleskine leather bound weekly 2025 planner out of your cart. Do NOT, under any circumstances, go into any bookstores, office supply stores, or stationary stores for the next 3-5 days. Ignore any and all links you see for the ADHD life-changing organizer, designed for people with ADHD by people with ADHD. Remember that you can try a new system whenever you want, reinvention doesn't have to start on January 1st. They are preying on our lust for new notebooks and the dopamine we get from setting up new systems!!! Don't let them win! Edit: Y'all some of these comments are killing me😂 love you guys. Also! I'm not saying planners = bad!! pls it's just a joke!!! it's more a commentary on how we're suckers for the push for productivity that comes from stores and influencers to get us to buy stuff we might not need. also sometimes u just need a blank notebook/planner to keep you company 😌 (I am guilty of this)

[ROOT_COMMENT_CONTEXT]
Ok but hear me out, what if this year I get one with grid paper and a sparkly cover? Multicolored fine tip pens? Stickers?!?!

[PARENT_COMMENT_CONTEXT]
I have stickers that are now teenagers

[CURRENT_RECORD]
I FEEL SO SEEN BY THIS COMMENT 😂"
"C:\Projects\Web\planner-tdah\research\reddit_data\reddit-adhdwomen-a_new_planner_will_not_change_your_life.json","reddit-adhdwomen-a_new_planner_will_not_change_your_life","1hpa0sk","t3_1hpa0sk","https://www.reddit.com/r/adhdwomen/comments/1hpa0sk/a_new_planner_will_not_change_your_life/","adhdwomen","r/adhdwomen","A NEW PLANNER WILL NOT CHANGE YOUR LIFE!","It's that time of the year...your tiktok fyp is full of people setting up their bullet journals for the new year, your Instagram is full of ads to buy a hobonichi...but wait! It's a trap!!! Take the $50 Moleskine leather bound weekly 2025 planner out of your cart. Do NOT, under any circumstances, go into any bookstores, office supply stores, or stationary stores for the next 3-5 days. Ignore any and all links you see for the ADHD life-changing organizer, designed for people with ADHD by people with ADHD. Remember that you can try a new system whenever you want, reinvention doesn't have to start on January 1st. They are preying on our lust for new notebooks and the dopamine we get from setting up new systems!!! Don't let them win! Edit: Y'all some of these comments are killing me😂 love you guys. Also! I'm not saying planners = bad!! pls it's just a joke!!! it's more a commentary on how we're suckers for the push for productivity that comes from stores and influencers to get us to buy stuff we might not need. also sometimes u just need a blank notebook/planner to keep you company 😌 (I am guilty of this)","General Question/Discussion","1735517699","2024-12-30T00:14:59+00:00","5568","5568","1","818","3e76da9377002588","","reddit-adhdwomen-a_new_planner_will_not_change_your_life:comment:m4gftmd","comment","m4gftmd","t1_m4gftmd","https://www.reddit.com/r/adhdwomen/comments/1hpa0sk/a_new_planner_will_not_change_your_life/m4gftmd/","/r/adhdwomen/comments/1hpa0sk/a_new_planner_will_not_change_your_life/m4gftmd/","t1_m4g54bn","comment","m4g54bn","m4g0qfc","2","false","m4g0qfc > m4g54bn > m4gftmd","ae487a29b816ee60","","","false","false","","10","10","0","0","0","1735524274","2024-12-30T02:04:34+00:00","false","False","","false","false","true","false","How dare you call me out like this!!!","How dare you call me out like this!!!","37","8","As if you will ever let yourself actually use the stickers instead of keeping the sticker sheet intact and pristine!","Ok but hear me out, what if this year I get one with grid paper and a sparkly cover? Multicolored fine tip pens? Stickers?!?!","","false","false","","","","","5","[THREAD_TITLE]
A NEW PLANNER WILL NOT CHANGE YOUR LIFE!

[THREAD_BODY]
It's that time of the year...your tiktok fyp is full of people setting up their bullet journals for the new year, your Instagram is full of ads to buy a hobonichi...but wait! It's a trap!!! Take the $50 Moleskine leather bound weekly 2025 planner out of your cart. Do NOT, under any circumstances, go into any bookstores, office supply stores, or stationary stores for the next 3-5 days. Ignore any and all links you see for the ADHD life-changing organizer, designed for people with ADHD by people with ADHD. Remember that you can try a new system whenever you want, reinvention doesn't have to start on January 1st. They are preying on our lust for new notebooks and the dopamine we get from setting up new systems!!! Don't let them win! Edit: Y'all some of these comments are killing me😂 love you guys. Also! I'm not saying planners = bad!! pls it's just a joke!!! it's more a commentary on how we're suckers for the push for productivity that comes from stores and influencers to get us to buy stuff we might not need. also sometimes u just need a blank notebook/planner to keep you company 😌 (I am guilty of this)

[ROOT_COMMENT_CONTEXT]
Ok but hear me out, what if this year I get one with grid paper and a sparkly cover? Multicolored fine tip pens? Stickers?!?!

[PARENT_COMMENT_CONTEXT]
As if you will ever let yourself actually use the stickers instead of keeping the sticker sheet intact and pristine!

[CURRENT_RECORD]
How dare you call me out like this!!!"
"C:\Projects\Web\planner-tdah\research\reddit_data\reddit-adhdwomen-a_new_planner_will_not_change_your_life.json","reddit-adhdwomen-a_new_planner_will_not_change_your_life","1hpa0sk","t3_1hpa0sk","https://www.reddit.com/r/adhdwomen/comments/1hpa0sk/a_new_planner_will_not_change_your_life/","adhdwomen","r/adhdwomen","A NEW PLANNER WILL NOT CHANGE YOUR LIFE!","It's that time of the year...your tiktok fyp is full of people setting up their bullet journals for the new year, your Instagram is full of ads to buy a hobonichi...but wait! It's a trap!!! Take the $50 Moleskine leather bound weekly 2025 planner out of your cart. Do NOT, under any circumstances, go into any bookstores, office supply stores, or stationary stores for the next 3-5 days. Ignore any and all links you see for the ADHD life-changing organizer, designed for people with ADHD by people with ADHD. Remember that you can try a new system whenever you want, reinvention doesn't have to start on January 1st. They are preying on our lust for new notebooks and the dopamine we get from setting up new systems!!! Don't let them win! Edit: Y'all some of these comments are killing me😂 love you guys. Also! I'm not saying planners = bad!! pls it's just a joke!!! it's more a commentary on how we're suckers for the push for productivity that comes from stores and influencers to get us to buy stuff we might not need. also sometimes u just need a blank notebook/planner to keep you company 😌 (I am guilty of this)","General Question/Discussion","1735517699","2024-12-30T00:14:59+00:00","5568","5568","1","818","3e76da9377002588","","reddit-adhdwomen-a_new_planner_will_not_change_your_life:comment:m4g7khn","comment","m4g7khn","t1_m4g7khn","https://www.reddit.com/r/adhdwomen/comments/1hpa0sk/a_new_planner_will_not_change_your_life/m4g7khn/","/r/adhdwomen/comments/1hpa0sk/a_new_planner_will_not_change_your_life/m4g7khn/","t1_m4g0qfc","comment","m4g0qfc","m4g0qfc","1","false","m4g0qfc > m4g7khn","e0a01e74b77ce66e","","ADHD-C","false","false","","89","89","0","0","4","1735521343","2024-12-30T01:15:43+00:00","false","False","","false","false","true","false","Do you know how many EMPTY planners i own??? It makes me sad because they are super duper cute, too. I'm gonna start buying ones that require me to fill my own dates in. That way, when I decide to get back into the planner thing again (after a year or two), I can just keep using the same one. Those gorgeous planners that are like little binders make me weak!","Do you know how many EMPTY planners i own??? It makes me sad because they are super duper cute, too. I'm gonna start buying ones that require me to fill my own dates in. That way, when I decide to get back into the planner thing again (after a year or two), I can just keep using…","360","71","Ok but hear me out, what if this year I get one with grid paper and a sparkly cover? Multicolored fine tip pens? Stickers?!?!","Ok but hear me out, what if this year I get one with grid paper and a sparkly cover? Multicolored fine tip pens? Stickers?!?!","","true","false","planner | planners | plan | binder","","binder","contains_question | mentions_feature_or_solution | mentions_planner_or_system","48","[THREAD_TITLE]
A NEW PLANNER WILL NOT CHANGE YOUR LIFE!

[THREAD_BODY]
It's that time of the year...your tiktok fyp is full of people setting up their bullet journals for the new year, your Instagram is full of ads to buy a hobonichi...but wait! It's a trap!!! Take the $50 Moleskine leather bound weekly 2025 planner out of your cart. Do NOT, under any circumstances, go into any bookstores, office supply stores, or stationary stores for the next 3-5 days. Ignore any and all links you see for the ADHD life-changing organizer, designed for people with ADHD by people with ADHD. Remember that you can try a new system whenever you want, reinvention doesn't have to start on January 1st. They are preying on our lust for new notebooks and the dopamine we get from setting up new systems!!! Don't let them win! Edit: Y'all some of these comments are killing me😂 love you guys. Also! I'm not saying planners = bad!! pls it's just a joke!!! it's more a commentary on how we're suckers for the push for productivity that comes from stores and influencers to get us to buy stuff we might not need. also sometimes u just need a blank notebook/planner to keep you company 😌 (I am guilty of this)

[PARENT_COMMENT_CONTEXT]
Ok but hear me out, what if this year I get one with grid paper and a sparkly cover? Multicolored fine tip pens? Stickers?!?!

[CURRENT_RECORD]
Do you know how many EMPTY planners i own??? It makes me sad because they are super duper cute, too. I'm gonna start buying ones that require me to fill my own dates in. That way, when I decide to get back into the planner thing again (after a year or two), I can just keep using the same one. Those gorgeous planners that are like little binders make me weak!"
"C:\Projects\Web\planner-tdah\research\reddit_data\reddit-adhdwomen-a_new_planner_will_not_change_your_life.json","reddit-adhdwomen-a_new_planner_will_not_change_your_life","1hpa0sk","t3_1hpa0sk","https://www.reddit.com/r/adhdwomen/comments/1hpa0sk/a_new_planner_will_not_change_your_life/","adhdwomen","r/adhdwomen","A NEW PLANNER WILL NOT CHANGE YOUR LIFE!","It's that time of the year...your tiktok fyp is full of people setting up their bullet journals for the new year, your Instagram is full of ads to buy a hobonichi...but wait! It's a trap!!! Take the $50 Moleskine leather bound weekly 2025 planner out of your cart. Do NOT, under any circumstances, go into any bookstores, office supply stores, or stationary stores for the next 3-5 days. Ignore any and all links you see for the ADHD life-changing organizer, designed for people with ADHD by people with ADHD. Remember that you can try a new system whenever you want, reinvention doesn't have to start on January 1st. They are preying on our lust for new notebooks and the dopamine we get from setting up new systems!!! Don't let them win! Edit: Y'all some of these comments are killing me😂 love you guys. Also! I'm not saying planners = bad!! pls it's just a joke!!! it's more a commentary on how we're suckers for the push for productivity that comes from stores and influencers to get us to buy stuff we might not need. also sometimes u just need a blank notebook/planner to keep you company 😌 (I am guilty of this)","General Question/Discussion","1735517699","2024-12-30T00:14:59+00:00","5568","5568","1","818","3e76da9377002588","","reddit-adhdwomen-a_new_planner_will_not_change_your_life:comment:m4gd6eq","comment","m4gd6eq","t1_m4gd6eq","https://www.reddit.com/r/adhdwomen/comments/1hpa0sk/a_new_planner_will_not_change_your_life/m4gd6eq/","/r/adhdwomen/comments/1hpa0sk/a_new_planner_will_not_change_your_life/m4gd6eq/","t1_m4g7khn","comment","m4g7khn","m4g0qfc","2","false","m4g0qfc > m4g7khn > m4gd6eq","7f737862aa39c3de","","","false","false","","53","53","0","0","2","1735523322","2024-12-30T01:48:42+00:00","false","False","","false","false","true","false","That’s what I do! My planners have been undated for the last few years and while it takes me a year+ to finish one, I have managed to finish 3 because I can easily pick up weeks or months later and continue using the same one. Undated planners for the win. 🏆","That’s what I do! My planners have been undated for the last few years and while it takes me a year+ to finish one, I have managed to finish 3 because I can easily pick up weeks or months later and continue using the same one. Undated planners for the win. 🏆","258","52","Do you know how many EMPTY planners i own??? It makes me sad because they are super duper cute, too. I'm gonna start buying ones that require me to fill my own dates in. That way, when I decide to get back into the planner thing again (after a year or two), I can just keep using the same one. Those gorgeous planners that are like little binders make me weak!","Ok but hear me out, what if this year I get one with grid paper and a sparkly cover? Multicolored fine tip pens? Stickers?!?!","","false","false","planner | planners | plan","","","mentions_planner_or_system","40","[THREAD_TITLE]
A NEW PLANNER WILL NOT CHANGE YOUR LIFE!

[THREAD_BODY]
It's that time of the year...your tiktok fyp is full of people setting up their bullet journals for the new year, your Instagram is full of ads to buy a hobonichi...but wait! It's a trap!!! Take the $50 Moleskine leather bound weekly 2025 planner out of your cart. Do NOT, under any circumstances, go into any bookstores, office supply stores, or stationary stores for the next 3-5 days. Ignore any and all links you see for the ADHD life-changing organizer, designed for people with ADHD by people with ADHD. Remember that you can try a new system whenever you want, reinvention doesn't have to start on January 1st. They are preying on our lust for new notebooks and the dopamine we get from setting up new systems!!! Don't let them win! Edit: Y'all some of these comments are killing me😂 love you guys. Also! I'm not saying planners = bad!! pls it's just a joke!!! it's more a commentary on how we're suckers for the push for productivity that comes from stores and influencers to get us to buy stuff we might not need. also sometimes u just need a blank notebook/planner to keep you company 😌 (I am guilty of this)

[ROOT_COMMENT_CONTEXT]
Ok but hear me out, what if this year I get one with grid paper and a sparkly cover? Multicolored fine tip pens? Stickers?!?!

[PARENT_COMMENT_CONTEXT]
Do you know how many EMPTY planners i own??? It makes me sad because they are super duper cute, too. I'm gonna start buying ones that require me to fill my own dates in. That way, when I decide to get back into the planner thing again (after a year or two), I can just keep using the same one. Those gorgeous planners that are like little binders make me weak!

[CURRENT_RECORD]
That’s what I do! My planners have been undated for the last few years and while it takes me a year+ to finish one, I have managed to finish 3 because I can easily pick up weeks or months later and continue using the same one. Undated planners for the win. 🏆"
"C:\Projects\Web\planner-tdah\research\reddit_data\reddit-adhdwomen-a_new_planner_will_not_change_your_life.json","reddit-adhdwomen-a_new_planner_will_not_change_your_life","1hpa0sk","t3_1hpa0sk","https://www.reddit.com/r/adhdwomen/comments/1hpa0sk/a_new_planner_will_not_change_your_life/","adhdwomen","r/adhdwomen","A NEW PLANNER WILL NOT CHANGE YOUR LIFE!","It's that time of the year...your tiktok fyp is full of people setting up their bullet journals for the new year, your Instagram is full of ads to buy a hobonichi...but wait! It's a trap!!! Take the $50 Moleskine leather bound weekly 2025 planner out of your cart. Do NOT, under any circumstances, go into any bookstores, office supply stores, or stationary stores for the next 3-5 days. Ignore any and all links you see for the ADHD life-changing organizer, designed for people with ADHD by people with ADHD. Remember that you can try a new system whenever you want, reinvention doesn't have to start on January 1st. They are preying on our lust for new notebooks and the dopamine we get from setting up new systems!!! Don't let them win! Edit: Y'all some of these comments are killing me😂 love you guys. Also! I'm not saying planners = bad!! pls it's just a joke!!! it's more a commentary on how we're suckers for the push for productivity that comes from stores and influencers to get us to buy stuff we might not need. also sometimes u just need a blank notebook/planner to keep you company 😌 (I am guilty of this)","General Question/Discussion","1735517699","2024-12-30T00:14:59+00:00","5568","5568","1","818","3e76da9377002588","","reddit-adhdwomen-a_new_planner_will_not_change_your_life:comment:m4gekx3","comment","m4gekx3","t1_m4gekx3","https://www.reddit.com/r/adhdwomen/comments/1hpa0sk/a_new_planner_will_not_change_your_life/m4gekx3/","/r/adhdwomen/comments/1hpa0sk/a_new_planner_will_not_change_your_life/m4gekx3/","t1_m4gd6eq","comment","m4gd6eq","m4g0qfc","3","false","m4g0qfc > m4g7khn > m4gd6eq > m4gekx3","cd2fcd988699edaa","","","false","false","","10","10","0","0","0","1735523823","2024-12-30T01:57:03+00:00","false","False","","false","false","true","false","Me too! I just filled one up after 2 to 3 years. That's what I do. I buy a grid one with good paper so I don't have to worry about bleed through. I mostly use it for notes when I am on the phone with the doctor, son's school, free online courses, etc.","Me too! I just filled one up after 2 to 3 years. That's what I do. I buy a grid one with good paper so I don't have to worry about bleed through. I mostly use it for notes when I am on the phone with the doctor, son's school, free online courses, etc.","251","54","That’s what I do! My planners have been undated for the last few years and while it takes me a year+ to finish one, I have managed to finish 3 because I can easily pick up weeks or months later and continue using the same one. Undated planners for the win. 🏆","Ok but hear me out, what if this year I get one with grid paper and a sparkly cover? Multicolored fine tip pens? Stickers?!?!","","false","false","","","notes","mentions_feature_or_solution","19","[THREAD_TITLE]
A NEW PLANNER WILL NOT CHANGE YOUR LIFE!

[THREAD_BODY]
It's that time of the year...your tiktok fyp is full of people setting up their bullet journals for the new year, your Instagram is full of ads to buy a hobonichi...but wait! It's a trap!!! Take the $50 Moleskine leather bound weekly 2025 planner out of your cart. Do NOT, under any circumstances, go into any bookstores, office supply stores, or stationary stores for the next 3-5 days. Ignore any and all links you see for the ADHD life-changing organizer, designed for people with ADHD by people with ADHD. Remember that you can try a new system whenever you want, reinvention doesn't have to start on January 1st. They are preying on our lust for new notebooks and the dopamine we get from setting up new systems!!! Don't let them win! Edit: Y'all some of these comments are killing me😂 love you guys. Also! I'm not saying planners = bad!! pls it's just a joke!!! it's more a commentary on how we're suckers for the push for productivity that comes from stores and influencers to get us to buy stuff we might not need. also sometimes u just need a blank notebook/planner to keep you company 😌 (I am guilty of this)

[ROOT_COMMENT_CONTEXT]
Ok but hear me out, what if this year I get one with grid paper and a sparkly cover? Multicolored fine tip pens? Stickers?!?!

[PARENT_COMMENT_CONTEXT]
That’s what I do! My planners have been undated for the last few years and while it takes me a year+ to finish one, I have managed to finish 3 because I can easily pick up weeks or months later and continue using the same one. Undated planners for the win. 🏆

[CURRENT_RECORD]
Me too! I just filled one up after 2 to 3 years. That's what I do. I buy a grid one with good paper so I don't have to worry about bleed through. I mostly use it for notes when I am on the phone with the doctor, son's school, free online courses, etc."
"C:\Projects\Web\planner-tdah\research\reddit_data\reddit-adhdwomen-a_new_planner_will_not_change_your_life.json","reddit-adhdwomen-a_new_planner_will_not_change_your_life","1hpa0sk","t3_1hpa0sk","https://www.reddit.com/r/adhdwomen/comments/1hpa0sk/a_new_planner_will_not_change_your_life/","adhdwomen","r/adhdwomen","A NEW PLANNER WILL NOT CHANGE YOUR LIFE!","It's that time of the year...your tiktok fyp is full of people setting up their bullet journals for the new year, your Instagram is full of ads to buy a hobonichi...but wait! It's a trap!!! Take the $50 Moleskine leather bound weekly 2025 planner out of your cart. Do NOT, under any circumstances, go into any bookstores, office supply stores, or stationary stores for the next 3-5 days. Ignore any and all links you see for the ADHD life-changing organizer, designed for people with ADHD by people with ADHD. Remember that you can try a new system whenever you want, reinvention doesn't have to start on January 1st. They are preying on our lust for new notebooks and the dopamine we get from setting up new systems!!! Don't let them win! Edit: Y'all some of these comments are killing me😂 love you guys. Also! I'm not saying planners = bad!! pls it's just a joke!!! it's more a commentary on how we're suckers for the push for productivity that comes from stores and influencers to get us to buy stuff we might not need. also sometimes u just need a blank notebook/planner to keep you company 😌 (I am guilty of this)","General Question/Discussion","1735517699","2024-12-30T00:14:59+00:00","5568","5568","1","818","3e76da9377002588","","reddit-adhdwomen-a_new_planner_will_not_change_your_life:comment:m4g8596","comment","m4g8596","t1_m4g8596","https://www.reddit.com/r/adhdwomen/comments/1hpa0sk/a_new_planner_will_not_change_your_life/m4g8596/","/r/adhdwomen/comments/1hpa0sk/a_new_planner_will_not_change_your_life/m4g8596/","t1_m4g7khn","comment","m4g7khn","m4g0qfc","2","false","m4g0qfc > m4g7khn > m4g8596","","","","false","false","","18","18","0","0","0","1735521550","2024-12-30T01:19:10+00:00","false","False","","false","false","true","false","In reality I've been really good at resisting the urge to buy a better one every year because my husbands voice lives in my head going ""You never use those, don't buy more!"". I'm still only maybe 1/8s into a nice gris paper one I bought and made the effort to write 2019 and decorate that first page.","In reality I've been really good at resisting the urge to buy a better one every year because my husbands voice lives in my head going ""You never use those, don't buy more!"". I'm still only maybe 1/8s into a nice gris paper one I bought and made the effort to write 2019 and deco…","300","58","Do you know how many EMPTY planners i own??? It makes me sad because they are super duper cute, too. I'm gonna start buying ones that require me to fill my own dates in. That way, when I decide to get back into the planner thing again (after a year or two), I can just keep using the same one. Those gorgeous planners that are like little binders make me weak!","Ok but hear me out, what if this year I get one with grid paper and a sparkly cover? Multicolored fine tip pens? Stickers?!?!","","false","false","","","","","15","[THREAD_TITLE]
A NEW PLANNER WILL NOT CHANGE YOUR LIFE!

[THREAD_BODY]
It's that time of the year...your tiktok fyp is full of people setting up their bullet journals for the new year, your Instagram is full of ads to buy a hobonichi...but wait! It's a trap!!! Take the $50 Moleskine leather bound weekly 2025 planner out of your cart. Do NOT, under any circumstances, go into any bookstores, office supply stores, or stationary stores for the next 3-5 days. Ignore any and all links you see for the ADHD life-changing organizer, designed for people with ADHD by people with ADHD. Remember that you can try a new system whenever you want, reinvention doesn't have to start on January 1st. They are preying on our lust for new notebooks and the dopamine we get from setting up new systems!!! Don't let them win! Edit: Y'all some of these comments are killing me😂 love you guys. Also! I'm not saying planners = bad!! pls it's just a joke!!! it's more a commentary on how we're suckers for the push for productivity that comes from stores and influencers to get us to buy stuff we might not need. also sometimes u just need a blank notebook/planner to keep you company 😌 (I am guilty of this)

[ROOT_COMMENT_CONTEXT]
Ok but hear me out, what if this year I get one with grid paper and a sparkly cover? Multicolored fine tip pens? Stickers?!?!

[PARENT_COMMENT_CONTEXT]
Do you know how many EMPTY planners i own??? It makes me sad because they are super duper cute, too. I'm gonna start buying ones that require me to fill my own dates in. That way, when I decide to get back into the planner thing again (after a year or two), I can just keep using the same one. Those gorgeous planners that are like little binders make me weak!

[CURRENT_RECORD]
In reality I've been really good at resisting the urge to buy a better one every year because my husbands voice lives in my head going ""You never use those, don't buy more!"". I'm still only maybe 1/8s into a nice gris paper one I bought and made the effort to write 2019 and decorate that first page."
"C:\Projects\Web\planner-tdah\research\reddit_data\reddit-adhdwomen-a_new_planner_will_not_change_your_life.json","reddit-adhdwomen-a_new_planner_will_not_change_your_life","1hpa0sk","t3_1hpa0sk","https://www.reddit.com/r/adhdwomen/comments/1hpa0sk/a_new_planner_will_not_change_your_life/","adhdwomen","r/adhdwomen","A NEW PLANNER WILL NOT CHANGE YOUR LIFE!","It's that time of the year...your tiktok fyp is full of people setting up their bullet journals for the new year, your Instagram is full of ads to buy a hobonichi...but wait! It's a trap!!! Take the $50 Moleskine leather bound weekly 2025 planner out of your cart. Do NOT, under any circumstances, go into any bookstores, office supply stores, or stationary stores for the next 3-5 days. Ignore any and all links you see for the ADHD life-changing organizer, designed for people with ADHD by people with ADHD. Remember that you can try a new system whenever you want, reinvention doesn't have to start on January 1st. They are preying on our lust for new notebooks and the dopamine we get from setting up new systems!!! Don't let them win! Edit: Y'all some of these comments are killing me😂 love you guys. Also! I'm not saying planners = bad!! pls it's just a joke!!! it's more a commentary on how we're suckers for the push for productivity that comes from stores and influencers to get us to buy stuff we might not need. also sometimes u just need a blank notebook/planner to keep you company 😌 (I am guilty of this)","General Question/Discussion","1735517699","2024-12-30T00:14:59+00:00","5568","5568","1","818","3e76da9377002588","","reddit-adhdwomen-a_new_planner_will_not_change_your_life:comment:m4hht6v","comment","m4hht6v","t1_m4hht6v","https://www.reddit.com/r/adhdwomen/comments/1hpa0sk/a_new_planner_will_not_change_your_life/m4hht6v/","/r/adhdwomen/comments/1hpa0sk/a_new_planner_will_not_change_your_life/m4hht6v/","t1_m4g7khn","comment","m4g7khn","m4g0qfc","2","false","m4g0qfc > m4g7khn > m4hht6v","","","","false","false","","15","15","0","0","1","1735539645","2024-12-30T06:20:45+00:00","false","False","","false","false","true","false","We should set up a planner exchange... Undated, overrated, and unused.","We should set up a planner exchange... Undated, overrated, and unused.","70","11","Do you know how many EMPTY planners i own??? It makes me sad because they are super duper cute, too. I'm gonna start buying ones that require me to fill my own dates in. That way, when I decide to get back into the planner thing again (after a year or two), I can just keep using the same one. Those gorgeous planners that are like little binders make me weak!","Ok but hear me out, what if this year I get one with grid paper and a sparkly cover? Multicolored fine tip pens? Stickers?!?!","","false","false","planner | plan","","change","mentions_feature_or_solution | mentions_planner_or_system","20","[THREAD_TITLE]
A NEW PLANNER WILL NOT CHANGE YOUR LIFE!

[THREAD_BODY]
It's that time of the year...your tiktok fyp is full of people setting up their bullet journals for the new year, your Instagram is full of ads to buy a hobonichi...but wait! It's a trap!!! Take the $50 Moleskine leather bound weekly 2025 planner out of your cart. Do NOT, under any circumstances, go into any bookstores, office supply stores, or stationary stores for the next 3-5 days. Ignore any and all links you see for the ADHD life-changing organizer, designed for people with ADHD by people with ADHD. Remember that you can try a new system whenever you want, reinvention doesn't have to start on January 1st. They are preying on our lust for new notebooks and the dopamine we get from setting up new systems!!! Don't let them win! Edit: Y'all some of these comments are killing me😂 love you guys. Also! I'm not saying planners = bad!! pls it's just a joke!!! it's more a commentary on how we're suckers for the push for productivity that comes from stores and influencers to get us to buy stuff we might not need. also sometimes u just need a blank notebook/planner to keep you company 😌 (I am guilty of this)

[ROOT_COMMENT_CONTEXT]
Ok but hear me out, what if this year I get one with grid paper and a sparkly cover? Multicolored fine tip pens? Stickers?!?!

[PARENT_COMMENT_CONTEXT]
Do you know how many EMPTY planners i own??? It makes me sad because they are super duper cute, too. I'm gonna start buying ones that require me to fill my own dates in. That way, when I decide to get back into the planner thing again (after a year or two), I can just keep using the same one. Those gorgeous planners that are like little binders make me weak!

[CURRENT_RECORD]
We should set up a planner exchange... Undated, overrated, and unused."
"C:\Projects\Web\planner-tdah\research\reddit_data\reddit-adhdwomen-a_new_planner_will_not_change_your_life.json","reddit-adhdwomen-a_new_planner_will_not_change_your_life","1hpa0sk","t3_1hpa0sk","https://www.reddit.com/r/adhdwomen/comments/1hpa0sk/a_new_planner_will_not_change_your_life/","adhdwomen","r/adhdwomen","A NEW PLANNER WILL NOT CHANGE YOUR LIFE!","It's that time of the year...your tiktok fyp is full of people setting up their bullet journals for the new year, your Instagram is full of ads to buy a hobonichi...but wait! It's a trap!!! Take the $50 Moleskine leather bound weekly 2025 planner out of your cart. Do NOT, under any circumstances, go into any bookstores, office supply stores, or stationary stores for the next 3-5 days. Ignore any and all links you see for the ADHD life-changing organizer, designed for people with ADHD by people with ADHD. Remember that you can try a new system whenever you want, reinvention doesn't have to start on January 1st. They are preying on our lust for new notebooks and the dopamine we get from setting up new systems!!! Don't let them win! Edit: Y'all some of these comments are killing me😂 love you guys. Also! I'm not saying planners = bad!! pls it's just a joke!!! it's more a commentary on how we're suckers for the push for productivity that comes from stores and influencers to get us to buy stuff we might not need. also sometimes u just need a blank notebook/planner to keep you company 😌 (I am guilty of this)","General Question/Discussion","1735517699","2024-12-30T00:14:59+00:00","5568","5568","1","818","3e76da9377002588","","reddit-adhdwomen-a_new_planner_will_not_change_your_life:comment:m4gosj4","comment","m4gosj4","t1_m4gosj4","https://www.reddit.com/r/adhdwomen/comments/1hpa0sk/a_new_planner_will_not_change_your_life/m4gosj4/","/r/adhdwomen/comments/1hpa0sk/a_new_planner_will_not_change_your_life/m4gosj4/","t1_m4g0qfc","comment","m4g0qfc","m4g0qfc","1","false","m4g0qfc > m4gosj4","3ec57ae8207b4df6","","","false","false","","34","34","0","0","1","1735527537","2024-12-30T02:58:57+00:00","false","False","","false","false","true","false","I ordered more markers today. I'm sure these new colours have better abilities.","I ordered more markers today. I'm sure these new colours have better abilities.","79","13","Ok but hear me out, what if this year I get one with grid paper and a sparkly cover? Multicolored fine tip pens? Stickers?!?!","Ok but hear me out, what if this year I get one with grid paper and a sparkly cover? Multicolored fine tip pens? Stickers?!?!","","false","false","","","colour","mentions_feature_or_solution","17","[THREAD_TITLE]
A NEW PLANNER WILL NOT CHANGE YOUR LIFE!

[THREAD_BODY]
It's that time of the year...your tiktok fyp is full of people setting up their bullet journals for the new year, your Instagram is full of ads to buy a hobonichi...but wait! It's a trap!!! Take the $50 Moleskine leather bound weekly 2025 planner out of your cart. Do NOT, under any circumstances, go into any bookstores, office supply stores, or stationary stores for the next 3-5 days. Ignore any and all links you see for the ADHD life-changing organizer, designed for people with ADHD by people with ADHD. Remember that you can try a new system whenever you want, reinvention doesn't have to start on January 1st. They are preying on our lust for new notebooks and the dopamine we get from setting up new systems!!! Don't let them win! Edit: Y'all some of these comments are killing me😂 love you guys. Also! I'm not saying planners = bad!! pls it's just a joke!!! it's more a commentary on how we're suckers for the push for productivity that comes from stores and influencers to get us to buy stuff we might not need. also sometimes u just need a blank notebook/planner to keep you company 😌 (I am guilty of this)

[PARENT_COMMENT_CONTEXT]
Ok but hear me out, what if this year I get one with grid paper and a sparkly cover? Multicolored fine tip pens? Stickers?!?!

[CURRENT_RECORD]
I ordered more markers today. I'm sure these new colours have better abilities."
"C:\Projects\Web\planner-tdah\research\reddit_data\reddit-adhdwomen-a_new_planner_will_not_change_your_life.json","reddit-adhdwomen-a_new_planner_will_not_change_your_life","1hpa0sk","t3_1hpa0sk","https://www.reddit.com/r/adhdwomen/comments/1hpa0sk/a_new_planner_will_not_change_your_life/","adhdwomen","r/adhdwomen","A NEW PLANNER WILL NOT CHANGE YOUR LIFE!","It's that time of the year...your tiktok fyp is full of people setting up their bullet journals for the new year, your Instagram is full of ads to buy a hobonichi...but wait! It's a trap!!! Take the $50 Moleskine leather bound weekly 2025 planner out of your cart. Do NOT, under any circumstances, go into any bookstores, office supply stores, or stationary stores for the next 3-5 days. Ignore any and all links you see for the ADHD life-changing organizer, designed for people with ADHD by people with ADHD. Remember that you can try a new system whenever you want, reinvention doesn't have to start on January 1st. They are preying on our lust for new notebooks and the dopamine we get from setting up new systems!!! Don't let them win! Edit: Y'all some of these comments are killing me😂 love you guys. Also! I'm not saying planners = bad!! pls it's just a joke!!! it's more a commentary on how we're suckers for the push for productivity that comes from stores and influencers to get us to buy stuff we might not need. also sometimes u just need a blank notebook/planner to keep you company 😌 (I am guilty of this)","General Question/Discussion","1735517699","2024-12-30T00:14:59+00:00","5568","5568","1","818","3e76da9377002588","","reddit-adhdwomen-a_new_planner_will_not_change_your_life:comment:m4gxtcn","comment","m4gxtcn","t1_m4gxtcn","https://www.reddit.com/r/adhdwomen/comments/1hpa0sk/a_new_planner_will_not_change_your_life/m4gxtcn/","/r/adhdwomen/comments/1hpa0sk/a_new_planner_will_not_change_your_life/m4gxtcn/","t1_m4g0qfc","comment","m4g0qfc","m4g0qfc","1","false","m4g0qfc > m4gxtcn","f8d828356049ad2b","","","false","false","","39","39","0","0","1","1735530951","2024-12-30T03:55:51+00:00","false","False","","false","false","true","false","Certified sticker slut here to say…. I love stickers in my journal!!!! I do rainbow order pen colour (to help me differentiate what day of the week it is) and I correspond my stickers to the days colour, today is Sunday which is PINKKKKKKK!!!!! BUT…. BUT!!!!! I do not fuck with premade planners, I make my own, out of a notebook. One page per day, I write in my appointments, track my media, track my habits and bullet point my day. Long form diary style goes into my journal which is also kept in a simple notebook both notebooks are held together in a cover so they can’t walk away from one another.","Certified sticker slut here to say…. I love stickers in my journal!!!! I do rainbow order pen colour (to help me differentiate what day of the week it is) and I correspond my stickers to the days colour, today is Sunday which is PINKKKKKKK!!!!! BUT…. BUT!!!!! I do not fuck with…","602","113","Ok but hear me out, what if this year I get one with grid paper and a sparkly cover? Multicolored fine tip pens? Stickers?!?!","Ok but hear me out, what if this year I get one with grid paper and a sparkly cover? Multicolored fine tip pens? Stickers?!?!","","false","true","planner | planners | plan | journal | app","","simple | colour | one page | appointments","long_form_comment | mentions_feature_or_solution | mentions_planner_or_system | mentions_working_solution_or_recommendation","77","[THREAD_TITLE]
A NEW PLANNER WILL NOT CHANGE YOUR LIFE!

[THREAD_BODY]
It's that time of the year...your tiktok fyp is full of people setting up their bullet journals for the new year, your Instagram is full of ads to buy a hobonichi...but wait! It's a trap!!! Take the $50 Moleskine leather bound weekly 2025 planner out of your cart. Do NOT, under any circumstances, go into any bookstores, office supply stores, or stationary stores for the next 3-5 days. Ignore any and all links you see for the ADHD life-changing organizer, designed for people with ADHD by people with ADHD. Remember that you can try a new system whenever you want, reinvention doesn't have to start on January 1st. They are preying on our lust for new notebooks and the dopamine we get from setting up new systems!!! Don't let them win! Edit: Y'all some of these comments are killing me😂 love you guys. Also! I'm not saying planners = bad!! pls it's just a joke!!! it's more a commentary on how we're suckers for the push for productivity that comes from stores and influencers to get us to buy stuff we might not need. also sometimes u just need a blank notebook/planner to keep you company 😌 (I am guilty of this)

[PARENT_COMMENT_CONTEXT]
Ok but hear me out, what if this year I get one with grid paper and a sparkly cover? Multicolored fine tip pens? Stickers?!?!

[CURRENT_RECORD]
Certified sticker slut here to say…. I love stickers in my journal!!!! I do rainbow order pen colour (to help me differentiate what day of the week it is) and I correspond my stickers to the days colour, today is Sunday which is PINKKKKKKK!!!!! BUT…. BUT!!!!! I do not fuck with premade planners, I make my own, out of a notebook. One page per day, I write in my appointments, track my media, track my habits and bullet point my day. Long form diary style goes into my journal which is also kept in a simple notebook both notebooks are held together in a cover so they can’t walk away from one another."
"C:\Projects\Web\planner-tdah\research\reddit_data\reddit-adhdwomen-a_new_planner_will_not_change_your_life.json","reddit-adhdwomen-a_new_planner_will_not_change_your_life","1hpa0sk","t3_1hpa0sk","https://www.reddit.com/r/adhdwomen/comments/1hpa0sk/a_new_planner_will_not_change_your_life/","adhdwomen","r/adhdwomen","A NEW PLANNER WILL NOT CHANGE YOUR LIFE!","It's that time of the year...your tiktok fyp is full of people setting up their bullet journals for the new year, your Instagram is full of ads to buy a hobonichi...but wait! It's a trap!!! Take the $50 Moleskine leather bound weekly 2025 planner out of your cart. Do NOT, under any circumstances, go into any bookstores, office supply stores, or stationary stores for the next 3-5 days. Ignore any and all links you see for the ADHD life-changing organizer, designed for people with ADHD by people with ADHD. Remember that you can try a new system whenever you want, reinvention doesn't have to start on January 1st. They are preying on our lust for new notebooks and the dopamine we get from setting up new systems!!! Don't let them win! Edit: Y'all some of these comments are killing me😂 love you guys. Also! I'm not saying planners = bad!! pls it's just a joke!!! it's more a commentary on how we're suckers for the push for productivity that comes from stores and influencers to get us to buy stuff we might not need. also sometimes u just need a blank notebook/planner to keep you company 😌 (I am guilty of this)","General Question/Discussion","1735517699","2024-12-30T00:14:59+00:00","5568","5568","1","818","3e76da9377002588","","reddit-adhdwomen-a_new_planner_will_not_change_your_life:comment:m4gpmkr","comment","m4gpmkr","t1_m4gpmkr","https://www.reddit.com/r/adhdwomen/comments/1hpa0sk/a_new_planner_will_not_change_your_life/m4gpmkr/","/r/adhdwomen/comments/1hpa0sk/a_new_planner_will_not_change_your_life/m4gpmkr/","t1_m4g0qfc","comment","m4g0qfc","m4g0qfc","1","false","m4g0qfc > m4gpmkr","14c784d8c627b685","","","false","false","","22","22","0","0","1","1735527845","2024-12-30T03:04:05+00:00","false","False","","false","false","true","false","My way of dealing with the need for cute stationery but not wasting money on planners is to instead by cute notepads, like tear-off To Do lists and scratch pads. I'm obsessed with a brand called Unicorn Eclipse - small business, woman-owned, minority-owned and FUCKING ADORABLE. And no this is not an ad, I just love them and I think other femme ADHDers deserve to have cute stationery that doesn't feel like a waste.","My way of dealing with the need for cute stationery but not wasting money on planners is to instead by cute notepads, like tear-off To Do lists and scratch pads. I'm obsessed with a brand called Unicorn Eclipse - small business, woman-owned, minority-owned and FUCKING ADORABLE.…","417","74","Ok but hear me out, what if this year I get one with grid paper and a sparkly cover? Multicolored fine tip pens? Stickers?!?!","Ok but hear me out, what if this year I get one with grid paper and a sparkly cover? Multicolored fine tip pens? Stickers?!?!","","false","true","planner | planners | plan | to do","adhd","","mentions_pain_or_friction | mentions_planner_or_system | mentions_working_solution_or_recommendation","52","[THREAD_TITLE]
A NEW PLANNER WILL NOT CHANGE YOUR LIFE!

[THREAD_BODY]
It's that time of the year...your tiktok fyp is full of people setting up their bullet journals for the new year, your Instagram is full of ads to buy a hobonichi...but wait! It's a trap!!! Take the $50 Moleskine leather bound weekly 2025 planner out of your cart. Do NOT, under any circumstances, go into any bookstores, office supply stores, or stationary stores for the next 3-5 days. Ignore any and all links you see for the ADHD life-changing organizer, designed for people with ADHD by people with ADHD. Remember that you can try a new system whenever you want, reinvention doesn't have to start on January 1st. They are preying on our lust for new notebooks and the dopamine we get from setting up new systems!!! Don't let them win! Edit: Y'all some of these comments are killing me😂 love you guys. Also! I'm not saying planners = bad!! pls it's just a joke!!! it's more a commentary on how we're suckers for the push for productivity that comes from stores and influencers to get us to buy stuff we might not need. also sometimes u just need a blank notebook/planner to keep you company 😌 (I am guilty of this)

[PARENT_COMMENT_CONTEXT]
Ok but hear me out, what if this year I get one with grid paper and a sparkly cover? Multicolored fine tip pens? Stickers?!?!

[CURRENT_RECORD]
My way of dealing with the need for cute stationery but not wasting money on planners is to instead by cute notepads, like tear-off To Do lists and scratch pads. I'm obsessed with a brand called Unicorn Eclipse - small business, woman-owned, minority-owned and FUCKING ADORABLE. And no this is not an ad, I just love them and I think other femme ADHDers deserve to have cute stationery that doesn't feel like a waste."
"C:\Projects\Web\planner-tdah\research\reddit_data\reddit-adhdwomen-a_new_planner_will_not_change_your_life.json","reddit-adhdwomen-a_new_planner_will_not_change_your_life","1hpa0sk","t3_1hpa0sk","https://www.reddit.com/r/adhdwomen/comments/1hpa0sk/a_new_planner_will_not_change_your_life/","adhdwomen","r/adhdwomen","A NEW PLANNER WILL NOT CHANGE YOUR LIFE!","It's that time of the year...your tiktok fyp is full of people setting up their bullet journals for the new year, your Instagram is full of ads to buy a hobonichi...but wait! It's a trap!!! Take the $50 Moleskine leather bound weekly 2025 planner out of your cart. Do NOT, under any circumstances, go into any bookstores, office supply stores, or stationary stores for the next 3-5 days. Ignore any and all links you see for the ADHD life-changing organizer, designed for people with ADHD by people with ADHD. Remember that you can try a new system whenever you want, reinvention doesn't have to start on January 1st. They are preying on our lust for new notebooks and the dopamine we get from setting up new systems!!! Don't let them win! Edit: Y'all some of these comments are killing me😂 love you guys. Also! I'm not saying planners = bad!! pls it's just a joke!!! it's more a commentary on how we're suckers for the push for productivity that comes from stores and influencers to get us to buy stuff we might not need. also sometimes u just need a blank notebook/planner to keep you company 😌 (I am guilty of this)","General Question/Discussion","1735517699","2024-12-30T00:14:59+00:00","5568","5568","1","818","3e76da9377002588","","reddit-adhdwomen-a_new_planner_will_not_change_your_life:comment:m4h6w52","comment","m4h6w52","t1_m4h6w52","https://www.reddit.com/r/adhdwomen/comments/1hpa0sk/a_new_planner_will_not_change_your_life/m4h6w52/","/r/adhdwomen/comments/1hpa0sk/a_new_planner_will_not_change_your_life/m4h6w52/","t1_m4g0qfc","comment","m4g0qfc","m4g0qfc","1","false","m4g0qfc > m4h6w52","38c5aa7cc81b8a71","","","false","false","","16","16","0","0","1","1735534515","2024-12-30T04:55:15+00:00","false","False","","false","false","true","false","The right pen is the secret. Only IDK which is the right pen. I better buy them all, then panic and never use them because it's too overwhelming.","The right pen is the secret. Only IDK which is the right pen. I better buy them all, then panic and never use them because it's too overwhelming.","145","28","Ok but hear me out, what if this year I get one with grid paper and a sparkly cover? Multicolored fine tip pens? Stickers?!?!","Ok but hear me out, what if this year I get one with grid paper and a sparkly cover? Multicolored fine tip pens? Stickers?!?!","","false","false","","overwhelm","","mentions_pain_or_friction","23","[THREAD_TITLE]
A NEW PLANNER WILL NOT CHANGE YOUR LIFE!

[THREAD_BODY]
It's that time of the year...your tiktok fyp is full of people setting up their bullet journals for the new year, your Instagram is full of ads to buy a hobonichi...but wait! It's a trap!!! Take the $50 Moleskine leather bound weekly 2025 planner out of your cart. Do NOT, under any circumstances, go into any bookstores, office supply stores, or stationary stores for the next 3-5 days. Ignore any and all links you see for the ADHD life-changing organizer, designed for people with ADHD by people with ADHD. Remember that you can try a new system whenever you want, reinvention doesn't have to start on January 1st. They are preying on our lust for new notebooks and the dopamine we get from setting up new systems!!! Don't let them win! Edit: Y'all some of these comments are killing me😂 love you guys. Also! I'm not saying planners = bad!! pls it's just a joke!!! it's more a commentary on how we're suckers for the push for productivity that comes from stores and influencers to get us to buy stuff we might not need. also sometimes u just need a blank notebook/planner to keep you company 😌 (I am guilty of this)

[PARENT_COMMENT_CONTEXT]
Ok but hear me out, what if this year I get one with grid paper and a sparkly cover? Multicolored fine tip pens? Stickers?!?!

[CURRENT_RECORD]
The right pen is the secret. Only IDK which is the right pen. I better buy them all, then panic and never use them because it's too overwhelming."
"C:\Projects\Web\planner-tdah\research\reddit_data\reddit-adhdwomen-a_new_planner_will_not_change_your_life.json","reddit-adhdwomen-a_new_planner_will_not_change_your_life","1hpa0sk","t3_1hpa0sk","https://www.reddit.com/r/adhdwomen/comments/1hpa0sk/a_new_planner_will_not_change_your_life/","adhdwomen","r/adhdwomen","A NEW PLANNER WILL NOT CHANGE YOUR LIFE!","It's that time of the year...your tiktok fyp is full of people setting up their bullet journals for the new year, your Instagram is full of ads to buy a hobonichi...but wait! It's a trap!!! Take the $50 Moleskine leather bound weekly 2025 planner out of your cart. Do NOT, under any circumstances, go into any bookstores, office supply stores, or stationary stores for the next 3-5 days. Ignore any and all links you see for the ADHD life-changing organizer, designed for people with ADHD by people with ADHD. Remember that you can try a new system whenever you want, reinvention doesn't have to start on January 1st. They are preying on our lust for new notebooks and the dopamine we get from setting up new systems!!! Don't let them win! Edit: Y'all some of these comments are killing me😂 love you guys. Also! I'm not saying planners = bad!! pls it's just a joke!!! it's more a commentary on how we're suckers for the push for productivity that comes from stores and influencers to get us to buy stuff we might not need. also sometimes u just need a blank notebook/planner to keep you company 😌 (I am guilty of this)","General Question/Discussion","1735517699","2024-12-30T00:14:59+00:00","5568","5568","1","818","3e76da9377002588","","reddit-adhdwomen-a_new_planner_will_not_change_your_life:comment:m4g2fkd","comment","m4g2fkd","t1_m4g2fkd","https://www.reddit.com/r/adhdwomen/comments/1hpa0sk/a_new_planner_will_not_change_your_life/m4g2fkd/","/r/adhdwomen/comments/1hpa0sk/a_new_planner_will_not_change_your_life/m4g2fkd/","t1_m4g0qfc","comment","m4g0qfc","m4g0qfc","1","false","m4g0qfc > m4g2fkd","","","","false","false","","15","15","0","0","0","1735519546","2024-12-30T00:45:46+00:00","false","False","","false","false","true","false","Obviously, that changes things! It will definitely work!","Obviously, that changes things! It will definitely work!","56","8","Ok but hear me out, what if this year I get one with grid paper and a sparkly cover? Multicolored fine tip pens? Stickers?!?!","Ok but hear me out, what if this year I get one with grid paper and a sparkly cover? Multicolored fine tip pens? Stickers?!?!","","false","false","","","change","mentions_feature_or_solution","9","[THREAD_TITLE]
A NEW PLANNER WILL NOT CHANGE YOUR LIFE!

[THREAD_BODY]
It's that time of the year...your tiktok fyp is full of people setting up their bullet journals for the new year, your Instagram is full of ads to buy a hobonichi...but wait! It's a trap!!! Take the $50 Moleskine leather bound weekly 2025 planner out of your cart. Do NOT, under any circumstances, go into any bookstores, office supply stores, or stationary stores for the next 3-5 days. Ignore any and all links you see for the ADHD life-changing organizer, designed for people with ADHD by people with ADHD. Remember that you can try a new system whenever you want, reinvention doesn't have to start on January 1st. They are preying on our lust for new notebooks and the dopamine we get from setting up new systems!!! Don't let them win! Edit: Y'all some of these comments are killing me😂 love you guys. Also! I'm not saying planners = bad!! pls it's just a joke!!! it's more a commentary on how we're suckers for the push for productivity that comes from stores and influencers to get us to buy stuff we might not need. also sometimes u just need a blank notebook/planner to keep you company 😌 (I am guilty of this)

[PARENT_COMMENT_CONTEXT]
Ok but hear me out, what if this year I get one with grid paper and a sparkly cover? Multicolored fine tip pens? Stickers?!?!

[CURRENT_RECORD]
Obviously, that changes things! It will definitely work!"
"C:\Projects\Web\planner-tdah\research\reddit_data\reddit-adhdwomen-a_new_planner_will_not_change_your_life.json","reddit-adhdwomen-a_new_planner_will_not_change_your_life","1hpa0sk","t3_1hpa0sk","https://www.reddit.com/r/adhdwomen/comments/1hpa0sk/a_new_planner_will_not_change_your_life/","adhdwomen","r/adhdwomen","A NEW PLANNER WILL NOT CHANGE YOUR LIFE!","It's that time of the year...your tiktok fyp is full of people setting up their bullet journals for the new year, your Instagram is full of ads to buy a hobonichi...but wait! It's a trap!!! Take the $50 Moleskine leather bound weekly 2025 planner out of your cart. Do NOT, under any circumstances, go into any bookstores, office supply stores, or stationary stores for the next 3-5 days. Ignore any and all links you see for the ADHD life-changing organizer, designed for people with ADHD by people with ADHD. Remember that you can try a new system whenever you want, reinvention doesn't have to start on January 1st. They are preying on our lust for new notebooks and the dopamine we get from setting up new systems!!! Don't let them win! Edit: Y'all some of these comments are killing me😂 love you guys. Also! I'm not saying planners = bad!! pls it's just a joke!!! it's more a commentary on how we're suckers for the push for productivity that comes from stores and influencers to get us to buy stuff we might not need. also sometimes u just need a blank notebook/planner to keep you company 😌 (I am guilty of this)","General Question/Discussion","1735517699","2024-12-30T00:14:59+00:00","5568","5568","1","818","3e76da9377002588","","reddit-adhdwomen-a_new_planner_will_not_change_your_life:comment:m4g4734","comment","m4g4734","t1_m4g4734","https://www.reddit.com/r/adhdwomen/comments/1hpa0sk/a_new_planner_will_not_change_your_life/m4g4734/","/r/adhdwomen/comments/1hpa0sk/a_new_planner_will_not_change_your_life/m4g4734/","t1_m4g0qfc","comment","m4g0qfc","m4g0qfc","1","false","m4g0qfc > m4g4734","f1ccaffadc2c0bc9","","","false","false","","15","15","0","0","1","1735520154","2024-12-30T00:55:54+00:00","false","False","","false","false","true","false","Yes! The grid paper will make the difference!","Yes! The grid paper will make the difference!","45","8","Ok but hear me out, what if this year I get one with grid paper and a sparkly cover? Multicolored fine tip pens? Stickers?!?!","Ok but hear me out, what if this year I get one with grid paper and a sparkly cover? Multicolored fine tip pens? Stickers?!?!","","false","false","","","","","8","[THREAD_TITLE]
A NEW PLANNER WILL NOT CHANGE YOUR LIFE!

[THREAD_BODY]
It's that time of the year...your tiktok fyp is full of people setting up their bullet journals for the new year, your Instagram is full of ads to buy a hobonichi...but wait! It's a trap!!! Take the $50 Moleskine leather bound weekly 2025 planner out of your cart. Do NOT, under any circumstances, go into any bookstores, office supply stores, or stationary stores for the next 3-5 days. Ignore any and all links you see for the ADHD life-changing organizer, designed for people with ADHD by people with ADHD. Remember that you can try a new system whenever you want, reinvention doesn't have to start on January 1st. They are preying on our lust for new notebooks and the dopamine we get from setting up new systems!!! Don't let them win! Edit: Y'all some of these comments are killing me😂 love you guys. Also! I'm not saying planners = bad!! pls it's just a joke!!! it's more a commentary on how we're suckers for the push for productivity that comes from stores and influencers to get us to buy stuff we might not need. also sometimes u just need a blank notebook/planner to keep you company 😌 (I am guilty of this)

[PARENT_COMMENT_CONTEXT]
Ok but hear me out, what if this year I get one with grid paper and a sparkly cover? Multicolored fine tip pens? Stickers?!?!

[CURRENT_RECORD]
Yes! The grid paper will make the difference!"
"C:\Projects\Web\planner-tdah\research\reddit_data\reddit-adhdwomen-a_new_planner_will_not_change_your_life.json","reddit-adhdwomen-a_new_planner_will_not_change_your_life","1hpa0sk","t3_1hpa0sk","https://www.reddit.com/r/adhdwomen/comments/1hpa0sk/a_new_planner_will_not_change_your_life/","adhdwomen","r/adhdwomen","A NEW PLANNER WILL NOT CHANGE YOUR LIFE!","It's that time of the year...your tiktok fyp is full of people setting up their bullet journals for the new year, your Instagram is full of ads to buy a hobonichi...but wait! It's a trap!!! Take the $50 Moleskine leather bound weekly 2025 planner out of your cart. Do NOT, under any circumstances, go into any bookstores, office supply stores, or stationary stores for the next 3-5 days. Ignore any and all links you see for the ADHD life-changing organizer, designed for people with ADHD by people with ADHD. Remember that you can try a new system whenever you want, reinvention doesn't have to start on January 1st. They are preying on our lust for new notebooks and the dopamine we get from setting up new systems!!! Don't let them win! Edit: Y'all some of these comments are killing me😂 love you guys. Also! I'm not saying planners = bad!! pls it's just a joke!!! it's more a commentary on how we're suckers for the push for productivity that comes from stores and influencers to get us to buy stuff we might not need. also sometimes u just need a blank notebook/planner to keep you company 😌 (I am guilty of this)","General Question/Discussion","1735517699","2024-12-30T00:14:59+00:00","5568","5568","1","818","3e76da9377002588","","reddit-adhdwomen-a_new_planner_will_not_change_your_life:comment:m4g7m6j","comment","m4g7m6j","t1_m4g7m6j","https://www.reddit.com/r/adhdwomen/comments/1hpa0sk/a_new_planner_will_not_change_your_life/m4g7m6j/","/r/adhdwomen/comments/1hpa0sk/a_new_planner_will_not_change_your_life/m4g7m6j/","t1_m4g4734","comment","m4g4734","m4g0qfc","2","false","m4g0qfc > m4g4734 > m4g7m6j","","","","false","false","","29","29","0","0","1","1735521360","2024-12-30T01:16:00+00:00","false","False","","false","false","true","false","What if we also spritz it with motivating essential oils!? There's gotta be an essential oil for ADHD.","What if we also spritz it with motivating essential oils!? There's gotta be an essential oil for ADHD.","102","18","Yes! The grid paper will make the difference!","Ok but hear me out, what if this year I get one with grid paper and a sparkly cover? Multicolored fine tip pens? Stickers?!?!","","true","false","","adhd","","contains_question | mentions_pain_or_friction","18","[THREAD_TITLE]
A NEW PLANNER WILL NOT CHANGE YOUR LIFE!

[THREAD_BODY]
It's that time of the year...your tiktok fyp is full of people setting up their bullet journals for the new year, your Instagram is full of ads to buy a hobonichi...but wait! It's a trap!!! Take the $50 Moleskine leather bound weekly 2025 planner out of your cart. Do NOT, under any circumstances, go into any bookstores, office supply stores, or stationary stores for the next 3-5 days. Ignore any and all links you see for the ADHD life-changing organizer, designed for people with ADHD by people with ADHD. Remember that you can try a new system whenever you want, reinvention doesn't have to start on January 1st. They are preying on our lust for new notebooks and the dopamine we get from setting up new systems!!! Don't let them win! Edit: Y'all some of these comments are killing me😂 love you guys. Also! I'm not saying planners = bad!! pls it's just a joke!!! it's more a commentary on how we're suckers for the push for productivity that comes from stores and influencers to get us to buy stuff we might not need. also sometimes u just need a blank notebook/planner to keep you company 😌 (I am guilty of this)

[ROOT_COMMENT_CONTEXT]
Ok but hear me out, what if this year I get one with grid paper and a sparkly cover? Multicolored fine tip pens? Stickers?!?!

[PARENT_COMMENT_CONTEXT]
Yes! The grid paper will make the difference!

[CURRENT_RECORD]
What if we also spritz it with motivating essential oils!? There's gotta be an essential oil for ADHD."
"C:\Projects\Web\planner-tdah\research\reddit_data\reddit-adhdwomen-a_new_planner_will_not_change_your_life.json","reddit-adhdwomen-a_new_planner_will_not_change_your_life","1hpa0sk","t3_1hpa0sk","https://www.reddit.com/r/adhdwomen/comments/1hpa0sk/a_new_planner_will_not_change_your_life/","adhdwomen","r/adhdwomen","A NEW PLANNER WILL NOT CHANGE YOUR LIFE!","It's that time of the year...your tiktok fyp is full of people setting up their bullet journals for the new year, your Instagram is full of ads to buy a hobonichi...but wait! It's a trap!!! Take the $50 Moleskine leather bound weekly 2025 planner out of your cart. Do NOT, under any circumstances, go into any bookstores, office supply stores, or stationary stores for the next 3-5 days. Ignore any and all links you see for the ADHD life-changing organizer, designed for people with ADHD by people with ADHD. Remember that you can try a new system whenever you want, reinvention doesn't have to start on January 1st. They are preying on our lust for new notebooks and the dopamine we get from setting up new systems!!! Don't let them win! Edit: Y'all some of these comments are killing me😂 love you guys. Also! I'm not saying planners = bad!! pls it's just a joke!!! it's more a commentary on how we're suckers for the push for productivity that comes from stores and influencers to get us to buy stuff we might not need. also sometimes u just need a blank notebook/planner to keep you company 😌 (I am guilty of this)","General Question/Discussion","1735517699","2024-12-30T00:14:59+00:00","5568","5568","1","818","3e76da9377002588","","reddit-adhdwomen-a_new_planner_will_not_change_your_life:comment:m4gtvkz","comment","m4gtvkz","t1_m4gtvkz","https://www.reddit.com/r/adhdwomen/comments/1hpa0sk/a_new_planner_will_not_change_your_life/m4gtvkz/","/r/adhdwomen/comments/1hpa0sk/a_new_planner_will_not_change_your_life/m4gtvkz/","t1_m4g0qfc","comment","m4g0qfc","m4g0qfc","1","false","m4g0qfc > m4gtvkz","30a8f158d958669f","","","false","false","","7","7","0","0","0","1735529449","2024-12-30T03:30:49+00:00","false","False","","false","false","true","false",">what if this year I get one with grid paper and a sparkly cover? Multicolored fine tip pens? I feel personally attacked rn",">what if this year I get one with grid paper and a sparkly cover? Multicolored fine tip pens? I feel personally attacked rn","123","23","Ok but hear me out, what if this year I get one with grid paper and a sparkly cover? Multicolored fine tip pens? Stickers?!?!","Ok but hear me out, what if this year I get one with grid paper and a sparkly cover? Multicolored fine tip pens? Stickers?!?!","","true","false","","","color","contains_question | mentions_feature_or_solution","19","[THREAD_TITLE]
A NEW PLANNER WILL NOT CHANGE YOUR LIFE!

[THREAD_BODY]
It's that time of the year...your tiktok fyp is full of people setting up their bullet journals for the new year, your Instagram is full of ads to buy a hobonichi...but wait! It's a trap!!! Take the $50 Moleskine leather bound weekly 2025 planner out of your cart. Do NOT, under any circumstances, go into any bookstores, office supply stores, or stationary stores for the next 3-5 days. Ignore any and all links you see for the ADHD life-changing organizer, designed for people with ADHD by people with ADHD. Remember that you can try a new system whenever you want, reinvention doesn't have to start on January 1st. They are preying on our lust for new notebooks and the dopamine we get from setting up new systems!!! Don't let them win! Edit: Y'all some of these comments are killing me😂 love you guys. Also! I'm not saying planners = bad!! pls it's just a joke!!! it's more a commentary on how we're suckers for the push for productivity that comes from stores and influencers to get us to buy stuff we might not need. also sometimes u just need a blank notebook/planner to keep you company 😌 (I am guilty of this)

[PARENT_COMMENT_CONTEXT]
Ok but hear me out, what if this year I get one with grid paper and a sparkly cover? Multicolored fine tip pens? Stickers?!?!

[CURRENT_RECORD]
>what if this year I get one with grid paper and a sparkly cover? Multicolored fine tip pens? I feel personally attacked rn"
"C:\Projects\Web\planner-tdah\research\reddit_data\reddit-adhdwomen-a_new_planner_will_not_change_your_life.json","reddit-adhdwomen-a_new_planner_will_not_change_your_life","1hpa0sk","t3_1hpa0sk","https://www.reddit.com/r/adhdwomen/comments/1hpa0sk/a_new_planner_will_not_change_your_life/","adhdwomen","r/adhdwomen","A NEW PLANNER WILL NOT CHANGE YOUR LIFE!","It's that time of the year...your tiktok fyp is full of people setting up their bullet journals for the new year, your Instagram is full of ads to buy a hobonichi...but wait! It's a trap!!! Take the $50 Moleskine leather bound weekly 2025 planner out of your cart. Do NOT, under any circumstances, go into any bookstores, office supply stores, or stationary stores for the next 3-5 days. Ignore any and all links you see for the ADHD life-changing organizer, designed for people with ADHD by people with ADHD. Remember that you can try a new system whenever you want, reinvention doesn't have to start on January 1st. They are preying on our lust for new notebooks and the dopamine we get from setting up new systems!!! Don't let them win! Edit: Y'all some of these comments are killing me😂 love you guys. Also! I'm not saying planners = bad!! pls it's just a joke!!! it's more a commentary on how we're suckers for the push for productivity that comes from stores and influencers to get us to buy stuff we might not need. also sometimes u just need a blank notebook/planner to keep you company 😌 (I am guilty of this)","General Question/Discussion","1735517699","2024-12-30T00:14:59+00:00","5568","5568","1","818","3e76da9377002588","","reddit-adhdwomen-a_new_planner_will_not_change_your_life:comment:m4fzvxw","comment","m4fzvxw","t1_m4fzvxw","https://www.reddit.com/r/adhdwomen/comments/1hpa0sk/a_new_planner_will_not_change_your_life/m4fzvxw/","/r/adhdwomen/comments/1hpa0sk/a_new_planner_will_not_change_your_life/m4fzvxw/","t3_1hpa0sk","post","","m4fzvxw","0","true","m4fzvxw","2b70caa35b8b6587","","","false","false","","2814","2814","0","0","7","1735518681","2024-12-30T00:31:21+00:00","false","False","","false","false","true","false","YES IT WILL!!! THIS YEAR FOR SURE!!!","YES IT WILL!!! THIS YEAR FOR SURE!!!","36","7","","","","false","false","","","","","22","[THREAD_TITLE]
A NEW PLANNER WILL NOT CHANGE YOUR LIFE!

[THREAD_BODY]
It's that time of the year...your tiktok fyp is full of people setting up their bullet journals for the new year, your Instagram is full of ads to buy a hobonichi...but wait! It's a trap!!! Take the $50 Moleskine leather bound weekly 2025 planner out of your cart. Do NOT, under any circumstances, go into any bookstores, office supply stores, or stationary stores for the next 3-5 days. Ignore any and all links you see for the ADHD life-changing organizer, designed for people with ADHD by people with ADHD. Remember that you can try a new system whenever you want, reinvention doesn't have to start on January 1st. They are preying on our lust for new notebooks and the dopamine we get from setting up new systems!!! Don't let them win! Edit: Y'all some of these comments are killing me😂 love you guys. Also! I'm not saying planners = bad!! pls it's just a joke!!! it's more a commentary on how we're suckers for the push for productivity that comes from stores and influencers to get us to buy stuff we might not need. also sometimes u just need a blank notebook/planner to keep you company 😌 (I am guilty of this)

[CURRENT_RECORD]
YES IT WILL!!! THIS YEAR FOR SURE!!!"
"C:\Projects\Web\planner-tdah\research\reddit_data\reddit-adhdwomen-a_new_planner_will_not_change_your_life.json","reddit-adhdwomen-a_new_planner_will_not_change_your_life","1hpa0sk","t3_1hpa0sk","https://www.reddit.com/r/adhdwomen/comments/1hpa0sk/a_new_planner_will_not_change_your_life/","adhdwomen","r/adhdwomen","A NEW PLANNER WILL NOT CHANGE YOUR LIFE!","It's that time of the year...your tiktok fyp is full of people setting up their bullet journals for the new year, your Instagram is full of ads to buy a hobonichi...but wait! It's a trap!!! Take the $50 Moleskine leather bound weekly 2025 planner out of your cart. Do NOT, under any circumstances, go into any bookstores, office supply stores, or stationary stores for the next 3-5 days. Ignore any and all links you see for the ADHD life-changing organizer, designed for people with ADHD by people with ADHD. Remember that you can try a new system whenever you want, reinvention doesn't have to start on January 1st. They are preying on our lust for new notebooks and the dopamine we get from setting up new systems!!! Don't let them win! Edit: Y'all some of these comments are killing me😂 love you guys. Also! I'm not saying planners = bad!! pls it's just a joke!!! it's more a commentary on how we're suckers for the push for productivity that comes from stores and influencers to get us to buy stuff we might not need. also sometimes u just need a blank notebook/planner to keep you company 😌 (I am guilty of this)","General Question/Discussion","1735517699","2024-12-30T00:14:59+00:00","5568","5568","1","818","3e76da9377002588","","reddit-adhdwomen-a_new_planner_will_not_change_your_life:comment:m4g1s1u","comment","m4g1s1u","t1_m4g1s1u","https://www.reddit.com/r/adhdwomen/comments/1hpa0sk/a_new_planner_will_not_change_your_life/m4g1s1u/","/r/adhdwomen/comments/1hpa0sk/a_new_planner_will_not_change_your_life/m4g1s1u/","t1_m4fzvxw","comment","m4fzvxw","m4fzvxw","1","false","m4fzvxw > m4g1s1u","584cbbbaf446beee","","here because I'm procrastinating something","false","false","","1562","1562","0","0","7","1735519324","2024-12-30T00:42:04+00:00","false","False","","false","false","true","false","2025 IS MY YEAR (pushes nearly 3 decades of unused planners out of view)","2025 IS MY YEAR (pushes nearly 3 decades of unused planners out of view)","72","14","YES IT WILL!!! THIS YEAR FOR SURE!!!","YES IT WILL!!! THIS YEAR FOR SURE!!!","","false","false","planner | planners | plan","","","mentions_planner_or_system","34","[THREAD_TITLE]
A NEW PLANNER WILL NOT CHANGE YOUR LIFE!

[THREAD_BODY]
It's that time of the year...your tiktok fyp is full of people setting up their bullet journals for the new year, your Instagram is full of ads to buy a hobonichi...but wait! It's a trap!!! Take the $50 Moleskine leather bound weekly 2025 planner out of your cart. Do NOT, under any circumstances, go into any bookstores, office supply stores, or stationary stores for the next 3-5 days. Ignore any and all links you see for the ADHD life-changing organizer, designed for people with ADHD by people with ADHD. Remember that you can try a new system whenever you want, reinvention doesn't have to start on January 1st. They are preying on our lust for new notebooks and the dopamine we get from setting up new systems!!! Don't let them win! Edit: Y'all some of these comments are killing me😂 love you guys. Also! I'm not saying planners = bad!! pls it's just a joke!!! it's more a commentary on how we're suckers for the push for productivity that comes from stores and influencers to get us to buy stuff we might not need. also sometimes u just need a blank notebook/planner to keep you company 😌 (I am guilty of this)

[PARENT_COMMENT_CONTEXT]
YES IT WILL!!! THIS YEAR FOR SURE!!!

[CURRENT_RECORD]
2025 IS MY YEAR (pushes nearly 3 decades of unused planners out of view)"
"C:\Projects\Web\planner-tdah\research\reddit_data\reddit-adhdwomen-a_new_planner_will_not_change_your_life.json","reddit-adhdwomen-a_new_planner_will_not_change_your_life","1hpa0sk","t3_1hpa0sk","https://www.reddit.com/r/adhdwomen/comments/1hpa0sk/a_new_planner_will_not_change_your_life/","adhdwomen","r/adhdwomen","A NEW PLANNER WILL NOT CHANGE YOUR LIFE!","It's that time of the year...your tiktok fyp is full of people setting up their bullet journals for the new year, your Instagram is full of ads to buy a hobonichi...but wait! It's a trap!!! Take the $50 Moleskine leather bound weekly 2025 planner out of your cart. Do NOT, under any circumstances, go into any bookstores, office supply stores, or stationary stores for the next 3-5 days. Ignore any and all links you see for the ADHD life-changing organizer, designed for people with ADHD by people with ADHD. Remember that you can try a new system whenever you want, reinvention doesn't have to start on January 1st. They are preying on our lust for new notebooks and the dopamine we get from setting up new systems!!! Don't let them win! Edit: Y'all some of these comments are killing me😂 love you guys. Also! I'm not saying planners = bad!! pls it's just a joke!!! it's more a commentary on how we're suckers for the push for productivity that comes from stores and influencers to get us to buy stuff we might not need. also sometimes u just need a blank notebook/planner to keep you company 😌 (I am guilty of this)","General Question/Discussion","1735517699","2024-12-30T00:14:59+00:00","5568","5568","1","818","3e76da9377002588","","reddit-adhdwomen-a_new_planner_will_not_change_your_life:comment:m4g92gi","comment","m4g92gi","t1_m4g92gi","https://www.reddit.com/r/adhdwomen/comments/1hpa0sk/a_new_planner_will_not_change_your_life/m4g92gi/","/r/adhdwomen/comments/1hpa0sk/a_new_planner_will_not_change_your_life/m4g92gi/","t1_m4g1s1u","comment","m4g1s1u","m4fzvxw","2","false","m4fzvxw > m4g1s1u > m4g92gi","c18086a5aae3a219","","","false","false","","439","439","0","0","4","1735521878","2024-12-30T01:24:38+00:00","false","False","","false","false","true","false","What if they’re only 80% unused???","What if they’re only 80% unused???","34","6","2025 IS MY YEAR (pushes nearly 3 decades of unused planners out of view)","YES IT WILL!!! THIS YEAR FOR SURE!!!","","true","false","","","","contains_question","18","[THREAD_TITLE]
A NEW PLANNER WILL NOT CHANGE YOUR LIFE!

[THREAD_BODY]
It's that time of the year...your tiktok fyp is full of people setting up their bullet journals for the new year, your Instagram is full of ads to buy a hobonichi...but wait! It's a trap!!! Take the $50 Moleskine leather bound weekly 2025 planner out of your cart. Do NOT, under any circumstances, go into any bookstores, office supply stores, or stationary stores for the next 3-5 days. Ignore any and all links you see for the ADHD life-changing organizer, designed for people with ADHD by people with ADHD. Remember that you can try a new system whenever you want, reinvention doesn't have to start on January 1st. They are preying on our lust for new notebooks and the dopamine we get from setting up new systems!!! Don't let them win! Edit: Y'all some of these comments are killing me😂 love you guys. Also! I'm not saying planners = bad!! pls it's just a joke!!! it's more a commentary on how we're suckers for the push for productivity that comes from stores and influencers to get us to buy stuff we might not need. also sometimes u just need a blank notebook/planner to keep you company 😌 (I am guilty of this)

[ROOT_COMMENT_CONTEXT]
YES IT WILL!!! THIS YEAR FOR SURE!!!

[PARENT_COMMENT_CONTEXT]
2025 IS MY YEAR (pushes nearly 3 decades of unused planners out of view)

[CURRENT_RECORD]
What if they’re only 80% unused???"
"C:\Projects\Web\planner-tdah\research\reddit_data\reddit-adhdwomen-a_new_planner_will_not_change_your_life.json","reddit-adhdwomen-a_new_planner_will_not_change_your_life","1hpa0sk","t3_1hpa0sk","https://www.reddit.com/r/adhdwomen/comments/1hpa0sk/a_new_planner_will_not_change_your_life/","adhdwomen","r/adhdwomen","A NEW PLANNER WILL NOT CHANGE YOUR LIFE!","It's that time of the year...your tiktok fyp is full of people setting up their bullet journals for the new year, your Instagram is full of ads to buy a hobonichi...but wait! It's a trap!!! Take the $50 Moleskine leather bound weekly 2025 planner out of your cart. Do NOT, under any circumstances, go into any bookstores, office supply stores, or stationary stores for the next 3-5 days. Ignore any and all links you see for the ADHD life-changing organizer, designed for people with ADHD by people with ADHD. Remember that you can try a new system whenever you want, reinvention doesn't have to start on January 1st. They are preying on our lust for new notebooks and the dopamine we get from setting up new systems!!! Don't let them win! Edit: Y'all some of these comments are killing me😂 love you guys. Also! I'm not saying planners = bad!! pls it's just a joke!!! it's more a commentary on how we're suckers for the push for productivity that comes from stores and influencers to get us to buy stuff we might not need. also sometimes u just need a blank notebook/planner to keep you company 😌 (I am guilty of this)","General Question/Discussion","1735517699","2024-12-30T00:14:59+00:00","5568","5568","1","818","3e76da9377002588","","reddit-adhdwomen-a_new_planner_will_not_change_your_life:comment:m4gppjr","comment","m4gppjr","t1_m4gppjr","https://www.reddit.com/r/adhdwomen/comments/1hpa0sk/a_new_planner_will_not_change_your_life/m4gppjr/","/r/adhdwomen/comments/1hpa0sk/a_new_planner_will_not_change_your_life/m4gppjr/","t1_m4g92gi","comment","m4g92gi","m4fzvxw","3","false","m4fzvxw > m4g1s1u > m4g92gi > m4gppjr","9cc8ffcb8cbb5143","","","false","false","","93","93","0","0","0","1735527876","2024-12-30T03:04:36+00:00","false","False","","false","false","true","false","Asking the important questions!!","Asking the important questions!!","32","4","What if they’re only 80% unused???","YES IT WILL!!! THIS YEAR FOR SURE!!!","","false","false","","","","","15","[THREAD_TITLE]
A NEW PLANNER WILL NOT CHANGE YOUR LIFE!

[THREAD_BODY]
It's that time of the year...your tiktok fyp is full of people setting up their bullet journals for the new year, your Instagram is full of ads to buy a hobonichi...but wait! It's a trap!!! Take the $50 Moleskine leather bound weekly 2025 planner out of your cart. Do NOT, under any circumstances, go into any bookstores, office supply stores, or stationary stores for the next 3-5 days. Ignore any and all links you see for the ADHD life-changing organizer, designed for people with ADHD by people with ADHD. Remember that you can try a new system whenever you want, reinvention doesn't have to start on January 1st. They are preying on our lust for new notebooks and the dopamine we get from setting up new systems!!! Don't let them win! Edit: Y'all some of these comments are killing me😂 love you guys. Also! I'm not saying planners = bad!! pls it's just a joke!!! it's more a commentary on how we're suckers for the push for productivity that comes from stores and influencers to get us to buy stuff we might not need. also sometimes u just need a blank notebook/planner to keep you company 😌 (I am guilty of this)

[ROOT_COMMENT_CONTEXT]
YES IT WILL!!! THIS YEAR FOR SURE!!!

[PARENT_COMMENT_CONTEXT]
What if they’re only 80% unused???

[CURRENT_RECORD]
Asking the important questions!!"
"C:\Projects\Web\planner-tdah\research\reddit_data\reddit-adhdwomen-a_new_planner_will_not_change_your_life.json","reddit-adhdwomen-a_new_planner_will_not_change_your_life","1hpa0sk","t3_1hpa0sk","https://www.reddit.com/r/adhdwomen/comments/1hpa0sk/a_new_planner_will_not_change_your_life/","adhdwomen","r/adhdwomen","A NEW PLANNER WILL NOT CHANGE YOUR LIFE!","It's that time of the year...your tiktok fyp is full of people setting up their bullet journals for the new year, your Instagram is full of ads to buy a hobonichi...but wait! It's a trap!!! Take the $50 Moleskine leather bound weekly 2025 planner out of your cart. Do NOT, under any circumstances, go into any bookstores, office supply stores, or stationary stores for the next 3-5 days. Ignore any and all links you see for the ADHD life-changing organizer, designed for people with ADHD by people with ADHD. Remember that you can try a new system whenever you want, reinvention doesn't have to start on January 1st. They are preying on our lust for new notebooks and the dopamine we get from setting up new systems!!! Don't let them win! Edit: Y'all some of these comments are killing me😂 love you guys. Also! I'm not saying planners = bad!! pls it's just a joke!!! it's more a commentary on how we're suckers for the push for productivity that comes from stores and influencers to get us to buy stuff we might not need. also sometimes u just need a blank notebook/planner to keep you company 😌 (I am guilty of this)","General Question/Discussion","1735517699","2024-12-30T00:14:59+00:00","5568","5568","1","818","3e76da9377002588","","reddit-adhdwomen-a_new_planner_will_not_change_your_life:comment:m4gv30b","comment","m4gv30b","t1_m4gv30b","https://www.reddit.com/r/adhdwomen/comments/1hpa0sk/a_new_planner_will_not_change_your_life/m4gv30b/","/r/adhdwomen/comments/1hpa0sk/a_new_planner_will_not_change_your_life/m4gv30b/","t1_m4g92gi","comment","m4g92gi","m4fzvxw","3","false","m4fzvxw > m4g1s1u > m4g92gi > m4gv30b","ab924b0dae2409ea","","","false","false","","131","131","0","0","1","1735529904","2024-12-30T03:38:24+00:00","false","False","","false","false","true","false","Hear me out. We buy them all, stash them away until this time next year, when we open an Etsy store and sell them all in 4 days. . Profit. Easy.","Hear me out. We buy them all, stash them away until this time next year, when we open an Etsy store and sell them all in 4 days. . Profit. Easy.","144","31","What if they’re only 80% unused???","YES IT WILL!!! THIS YEAR FOR SURE!!!","","false","false","","time","","forgetfulness_or_time_signal | mentions_pain_or_friction","41","[THREAD_TITLE]
A NEW PLANNER WILL NOT CHANGE YOUR LIFE!

[THREAD_BODY]
It's that time of the year...your tiktok fyp is full of people setting up their bullet journals for the new year, your Instagram is full of ads to buy a hobonichi...but wait! It's a trap!!! Take the $50 Moleskine leather bound weekly 2025 planner out of your cart. Do NOT, under any circumstances, go into any bookstores, office supply stores, or stationary stores for the next 3-5 days. Ignore any and all links you see for the ADHD life-changing organizer, designed for people with ADHD by people with ADHD. Remember that you can try a new system whenever you want, reinvention doesn't have to start on January 1st. They are preying on our lust for new notebooks and the dopamine we get from setting up new systems!!! Don't let them win! Edit: Y'all some of these comments are killing me😂 love you guys. Also! I'm not saying planners = bad!! pls it's just a joke!!! it's more a commentary on how we're suckers for the push for productivity that comes from stores and influencers to get us to buy stuff we might not need. also sometimes u just need a blank notebook/planner to keep you company 😌 (I am guilty of this)

[ROOT_COMMENT_CONTEXT]
YES IT WILL!!! THIS YEAR FOR SURE!!!

[PARENT_COMMENT_CONTEXT]
What if they’re only 80% unused???

[CURRENT_RECORD]
Hear me out. We buy them all, stash them away until this time next year, when we open an Etsy store and sell them all in 4 days. . Profit. Easy."
"C:\Projects\Web\planner-tdah\research\reddit_data\reddit-adhdwomen-a_new_planner_will_not_change_your_life.json","reddit-adhdwomen-a_new_planner_will_not_change_your_life","1hpa0sk","t3_1hpa0sk","https://www.reddit.com/r/adhdwomen/comments/1hpa0sk/a_new_planner_will_not_change_your_life/","adhdwomen","r/adhdwomen","A NEW PLANNER WILL NOT CHANGE YOUR LIFE!","It's that time of the year...your tiktok fyp is full of people setting up their bullet journals for the new year, your Instagram is full of ads to buy a hobonichi...but wait! It's a trap!!! Take the $50 Moleskine leather bound weekly 2025 planner out of your cart. Do NOT, under any circumstances, go into any bookstores, office supply stores, or stationary stores for the next 3-5 days. Ignore any and all links you see for the ADHD life-changing organizer, designed for people with ADHD by people with ADHD. Remember that you can try a new system whenever you want, reinvention doesn't have to start on January 1st. They are preying on our lust for new notebooks and the dopamine we get from setting up new systems!!! Don't let them win! Edit: Y'all some of these comments are killing me😂 love you guys. Also! I'm not saying planners = bad!! pls it's just a joke!!! it's more a commentary on how we're suckers for the push for productivity that comes from stores and influencers to get us to buy stuff we might not need. also sometimes u just need a blank notebook/planner to keep you company 😌 (I am guilty of this)","General Question/Discussion","1735517699","2024-12-30T00:14:59+00:00","5568","5568","1","818","3e76da9377002588","","reddit-adhdwomen-a_new_planner_will_not_change_your_life:comment:m4if8ob","comment","m4if8ob","t1_m4if8ob","https://www.reddit.com/r/adhdwomen/comments/1hpa0sk/a_new_planner_will_not_change_your_life/m4if8ob/","/r/adhdwomen/comments/1hpa0sk/a_new_planner_will_not_change_your_life/m4if8ob/","t1_m4gv30b","comment","m4gv30b","m4fzvxw","4","false","m4fzvxw > m4g1s1u > m4g92gi > m4gv30b > m4if8ob","7f99e3c665d904cd","","","false","false","","72","72","0","0","1","1735560195","2024-12-30T12:03:15+00:00","false","False","","false","false","true","false","Me: \- sets reminder to open Etsy store in September \- ignores reminder, remembers on December 24 \- drops Christmas preparations to open Etsy store \- has a tech problem but Etsy support has gone home because it's Christmas Eve \- forgets Etsy store because CHRISTMAS \- buys more planners to sell in Etsy store \next\ year","Me: \- sets reminder to open Etsy store in September \- ignores reminder, remembers on December 24 \- drops Christmas preparations to open Etsy store \- has a tech problem but Etsy support has gone home because it's Christmas Eve \- forgets Etsy store because CHRISTMAS \- buys m…","325","57","Hear me out. We buy them all, stash them away until this time next year, when we open an Etsy store and sell them all in 4 days. . Profit. Easy.","YES IT WILL!!! THIS YEAR FOR SURE!!!","","false","false","planner | planners | plan","forget","reminder","mentions_feature_or_solution | mentions_pain_or_friction | mentions_planner_or_system","49","[THREAD_TITLE]
A NEW PLANNER WILL NOT CHANGE YOUR LIFE!

[THREAD_BODY]
It's that time of the year...your tiktok fyp is full of people setting up their bullet journals for the new year, your Instagram is full of ads to buy a hobonichi...but wait! It's a trap!!! Take the $50 Moleskine leather bound weekly 2025 planner out of your cart. Do NOT, under any circumstances, go into any bookstores, office supply stores, or stationary stores for the next 3-5 days. Ignore any and all links you see for the ADHD life-changing organizer, designed for people with ADHD by people with ADHD. Remember that you can try a new system whenever you want, reinvention doesn't have to start on January 1st. They are preying on our lust for new notebooks and the dopamine we get from setting up new systems!!! Don't let them win! Edit: Y'all some of these comments are killing me😂 love you guys. Also! I'm not saying planners = bad!! pls it's just a joke!!! it's more a commentary on how we're suckers for the push for productivity that comes from stores and influencers to get us to buy stuff we might not need. also sometimes u just need a blank notebook/planner to keep you company 😌 (I am guilty of this)

[ROOT_COMMENT_CONTEXT]
YES IT WILL!!! THIS YEAR FOR SURE!!!

[PARENT_COMMENT_CONTEXT]
Hear me out. We buy them all, stash them away until this time next year, when we open an Etsy store and sell them all in 4 days. . Profit. Easy.

[CURRENT_RECORD]
Me: \- sets reminder to open Etsy store in September \- ignores reminder, remembers on December 24 \- drops Christmas preparations to open Etsy store \- has a tech problem but Etsy support has gone home because it's Christmas Eve \- forgets Etsy store because CHRISTMAS \- buys more planners to sell in Etsy store \next\ year"
"C:\Projects\Web\planner-tdah\research\reddit_data\reddit-adhdwomen-a_new_planner_will_not_change_your_life.json","reddit-adhdwomen-a_new_planner_will_not_change_your_life","1hpa0sk","t3_1hpa0sk","https://www.reddit.com/r/adhdwomen/comments/1hpa0sk/a_new_planner_will_not_change_your_life/","adhdwomen","r/adhdwomen","A NEW PLANNER WILL NOT CHANGE YOUR LIFE!","It's that time of the year...your tiktok fyp is full of people setting up their bullet journals for the new year, your Instagram is full of ads to buy a hobonichi...but wait! It's a trap!!! Take the $50 Moleskine leather bound weekly 2025 planner out of your cart. Do NOT, under any circumstances, go into any bookstores, office supply stores, or stationary stores for the next 3-5 days. Ignore any and all links you see for the ADHD life-changing organizer, designed for people with ADHD by people with ADHD. Remember that you can try a new system whenever you want, reinvention doesn't have to start on January 1st. They are preying on our lust for new notebooks and the dopamine we get from setting up new systems!!! Don't let them win! Edit: Y'all some of these comments are killing me😂 love you guys. Also! I'm not saying planners = bad!! pls it's just a joke!!! it's more a commentary on how we're suckers for the push for productivity that comes from stores and influencers to get us to buy stuff we might not need. also sometimes u just need a blank notebook/planner to keep you company 😌 (I am guilty of this)","General Question/Discussion","1735517699","2024-12-30T00:14:59+00:00","5568","5568","1","818","3e76da9377002588","","reddit-adhdwomen-a_new_planner_will_not_change_your_life:comment:m4il7ew","comment","m4il7ew","t1_m4il7ew","https://www.reddit.com/r/adhdwomen/comments/1hpa0sk/a_new_planner_will_not_change_your_life/m4il7ew/","/r/adhdwomen/comments/1hpa0sk/a_new_planner_will_not_change_your_life/m4il7ew/","t1_m4if8ob","comment","m4if8ob","m4fzvxw","5","false","m4fzvxw > m4g1s1u > m4g92gi > m4gv30b > m4if8ob > m4il7ew","ca937b653c6c1384","","","false","false","","59","59","0","0","0","1735563283","2024-12-30T12:54:43+00:00","false","False","","false","false","true","false","Do you need a planner to remember all these dates cause do I have a deal for you","Do you need a planner to remember all these dates cause do I have a deal for you","80","18","Me: \- sets reminder to open Etsy store in September \- ignores reminder, remembers on December 24 \- drops Christmas preparations to open Etsy store \- has a tech problem but Etsy support has gone home because it's Christmas Eve \- forgets Etsy store because CHRISTMAS \- buys more planners to sell in Etsy store \next\ year","YES IT WILL!!! THIS YEAR FOR SURE!!!","","false","false","planner | plan","","","mentions_planner_or_system","23","[THREAD_TITLE]
A NEW PLANNER WILL NOT CHANGE YOUR LIFE!

[THREAD_BODY]
It's that time of the year...your tiktok fyp is full of people setting up their bullet journals for the new year, your Instagram is full of ads to buy a hobonichi...but wait! It's a trap!!! Take the $50 Moleskine leather bound weekly 2025 planner out of your cart. Do NOT, under any circumstances, go into any bookstores, office supply stores, or stationary stores for the next 3-5 days. Ignore any and all links you see for the ADHD life-changing organizer, designed for people with ADHD by people with ADHD. Remember that you can try a new system whenever you want, reinvention doesn't have to start on January 1st. They are preying on our lust for new notebooks and the dopamine we get from setting up new systems!!! Don't let them win! Edit: Y'all some of these comments are killing me😂 love you guys. Also! I'm not saying planners = bad!! pls it's just a joke!!! it's more a commentary on how we're suckers for the push for productivity that comes from stores and influencers to get us to buy stuff we might not need. also sometimes u just need a blank notebook/planner to keep you company 😌 (I am guilty of this)

[ROOT_COMMENT_CONTEXT]
YES IT WILL!!! THIS YEAR FOR SURE!!!

[PARENT_COMMENT_CONTEXT]
Me: \- sets reminder to open Etsy store in September \- ignores reminder, remembers on December 24 \- drops Christmas preparations to open Etsy store \- has a tech problem but Etsy support has gone home because it's Christmas Eve \- forgets Etsy store because CHRISTMAS \- buys more planners to sell in Etsy store \next\ year

[CURRENT_RECORD]
Do you need a planner to remember all these dates cause do I have a deal for you"
"C:\Projects\Web\planner-tdah\research\reddit_data\reddit-adhdwomen-a_new_planner_will_not_change_your_life.json","reddit-adhdwomen-a_new_planner_will_not_change_your_life","1hpa0sk","t3_1hpa0sk","https://www.reddit.com/r/adhdwomen/comments/1hpa0sk/a_new_planner_will_not_change_your_life/","adhdwomen","r/adhdwomen","A NEW PLANNER WILL NOT CHANGE YOUR LIFE!","It's that time of the year...your tiktok fyp is full of people setting up their bullet journals for the new year, your Instagram is full of ads to buy a hobonichi...but wait! It's a trap!!! Take the $50 Moleskine leather bound weekly 2025 planner out of your cart. Do NOT, under any circumstances, go into any bookstores, office supply stores, or stationary stores for the next 3-5 days. Ignore any and all links you see for the ADHD life-changing organizer, designed for people with ADHD by people with ADHD. Remember that you can try a new system whenever you want, reinvention doesn't have to start on January 1st. They are preying on our lust for new notebooks and the dopamine we get from setting up new systems!!! Don't let them win! Edit: Y'all some of these comments are killing me😂 love you guys. Also! I'm not saying planners = bad!! pls it's just a joke!!! it's more a commentary on how we're suckers for the push for productivity that comes from stores and influencers to get us to buy stuff we might not need. also sometimes u just need a blank notebook/planner to keep you company 😌 (I am guilty of this)","General Question/Discussion","1735517699","2024-12-30T00:14:59+00:00","5568","5568","1","818","3e76da9377002588","","reddit-adhdwomen-a_new_planner_will_not_change_your_life:comment:m4hb4r6","comment","m4hb4r6","t1_m4hb4r6","https://www.reddit.com/r/adhdwomen/comments/1hpa0sk/a_new_planner_will_not_change_your_life/m4hb4r6/","/r/adhdwomen/comments/1hpa0sk/a_new_planner_will_not_change_your_life/m4hb4r6/","t1_m4g92gi","comment","m4g92gi","m4fzvxw","3","false","m4fzvxw > m4g1s1u > m4g92gi > m4hb4r6","fc42c42323d6a2e8","","","false","false","","23","23","0","0","0","1735536400","2024-12-30T05:26:40+00:00","false","False","","false","false","true","false","some one made it past the frist month.","some one made it past the frist month.","38","8","What if they’re only 80% unused???","YES IT WILL!!! THIS YEAR FOR SURE!!!","","false","false","","","","","10","[THREAD_TITLE]
A NEW PLANNER WILL NOT CHANGE YOUR LIFE!

[THREAD_BODY]
It's that time of the year...your tiktok fyp is full of people setting up their bullet journals for the new year, your Instagram is full of ads to buy a hobonichi...but wait! It's a trap!!! Take the $50 Moleskine leather bound weekly 2025 planner out of your cart. Do NOT, under any circumstances, go into any bookstores, office supply stores, or stationary stores for the next 3-5 days. Ignore any and all links you see for the ADHD life-changing organizer, designed for people with ADHD by people with ADHD. Remember that you can try a new system whenever you want, reinvention doesn't have to start on January 1st. They are preying on our lust for new notebooks and the dopamine we get from setting up new systems!!! Don't let them win! Edit: Y'all some of these comments are killing me😂 love you guys. Also! I'm not saying planners = bad!! pls it's just a joke!!! it's more a commentary on how we're suckers for the push for productivity that comes from stores and influencers to get us to buy stuff we might not need. also sometimes u just need a blank notebook/planner to keep you company 😌 (I am guilty of this)

[ROOT_COMMENT_CONTEXT]
YES IT WILL!!! THIS YEAR FOR SURE!!!

[PARENT_COMMENT_CONTEXT]
What if they’re only 80% unused???

[CURRENT_RECORD]
some one made it past the frist month."
"C:\Projects\Web\planner-tdah\research\reddit_data\reddit-adhdwomen-a_new_planner_will_not_change_your_life.json","reddit-adhdwomen-a_new_planner_will_not_change_your_life","1hpa0sk","t3_1hpa0sk","https://www.reddit.com/r/adhdwomen/comments/1hpa0sk/a_new_planner_will_not_change_your_life/","adhdwomen","r/adhdwomen","A NEW PLANNER WILL NOT CHANGE YOUR LIFE!","It's that time of the year...your tiktok fyp is full of people setting up their bullet journals for the new year, your Instagram is full of ads to buy a hobonichi...but wait! It's a trap!!! Take the $50 Moleskine leather bound weekly 2025 planner out of your cart. Do NOT, under any circumstances, go into any bookstores, office supply stores, or stationary stores for the next 3-5 days. Ignore any and all links you see for the ADHD life-changing organizer, designed for people with ADHD by people with ADHD. Remember that you can try a new system whenever you want, reinvention doesn't have to start on January 1st. They are preying on our lust for new notebooks and the dopamine we get from setting up new systems!!! Don't let them win! Edit: Y'all some of these comments are killing me😂 love you guys. Also! I'm not saying planners = bad!! pls it's just a joke!!! it's more a commentary on how we're suckers for the push for productivity that comes from stores and influencers to get us to buy stuff we might not need. also sometimes u just need a blank notebook/planner to keep you company 😌 (I am guilty of this)","General Question/Discussion","1735517699","2024-12-30T00:14:59+00:00","5568","5568","1","818","3e76da9377002588","","reddit-adhdwomen-a_new_planner_will_not_change_your_life:comment:m4gqilq","comment","m4gqilq","t1_m4gqilq","https://www.reddit.com/r/adhdwomen/comments/1hpa0sk/a_new_planner_will_not_change_your_life/m4gqilq/","/r/adhdwomen/comments/1hpa0sk/a_new_planner_will_not_change_your_life/m4gqilq/","t1_m4g1s1u","comment","m4g1s1u","m4fzvxw","2","false","m4fzvxw > m4g1s1u > m4gqilq","f98e1792b42814da","","","false","false","","95","95","0","0","0","1735528176","2024-12-30T03:09:36+00:00","false","False","","false","false","true","false","🤣😂🤣 OMG, are you living in my head?!?! So many planners & notebooks, but the next new one will be the one that CHANGES MY LIFE 100%! I keep reminding myself that acknowledging reality doesn’t mean I’m forever hopeless. That black & white thinking is a beast!","🤣😂🤣 OMG, are you living in my head?!?! So many planners & notebooks, but the next new one will be the one that CHANGES MY LIFE 100%! I keep reminding myself that acknowledging reality doesn’t mean I’m forever hopeless. That black & white thinking is a beast!","258","47","2025 IS MY YEAR (pushes nearly 3 decades of unused planners out of view)","YES IT WILL!!! THIS YEAR FOR SURE!!!","","true","false","planner | planners | plan","","change","contains_question | mentions_feature_or_solution | mentions_planner_or_system | novelty_or_format_change_signal","41","[THREAD_TITLE]
A NEW PLANNER WILL NOT CHANGE YOUR LIFE!

[THREAD_BODY]
It's that time of the year...your tiktok fyp is full of people setting up their bullet journals for the new year, your Instagram is full of ads to buy a hobonichi...but wait! It's a trap!!! Take the $50 Moleskine leather bound weekly 2025 planner out of your cart. Do NOT, under any circumstances, go into any bookstores, office supply stores, or stationary stores for the next 3-5 days. Ignore any and all links you see for the ADHD life-changing organizer, designed for people with ADHD by people with ADHD. Remember that you can try a new system whenever you want, reinvention doesn't have to start on January 1st. They are preying on our lust for new notebooks and the dopamine we get from setting up new systems!!! Don't let them win! Edit: Y'all some of these comments are killing me😂 love you guys. Also! I'm not saying planners = bad!! pls it's just a joke!!! it's more a commentary on how we're suckers for the push for productivity that comes from stores and influencers to get us to buy stuff we might not need. also sometimes u just need a blank notebook/planner to keep you company 😌 (I am guilty of this)

[ROOT_COMMENT_CONTEXT]
YES IT WILL!!! THIS YEAR FOR SURE!!!

[PARENT_COMMENT_CONTEXT]
2025 IS MY YEAR (pushes nearly 3 decades of unused planners out of view)

[CURRENT_RECORD]
🤣😂🤣 OMG, are you living in my head?!?! So many planners & notebooks, but the next new one will be the one that CHANGES MY LIFE 100%! I keep reminding myself that acknowledging reality doesn’t mean I’m forever hopeless. That black & white thinking is a beast!"
"C:\Projects\Web\planner-tdah\research\reddit_data\reddit-adhdwomen-a_new_planner_will_not_change_your_life.json","reddit-adhdwomen-a_new_planner_will_not_change_your_life","1hpa0sk","t3_1hpa0sk","https://www.reddit.com/r/adhdwomen/comments/1hpa0sk/a_new_planner_will_not_change_your_life/","adhdwomen","r/adhdwomen","A NEW PLANNER WILL NOT CHANGE YOUR LIFE!","It's that time of the year...your tiktok fyp is full of people setting up their bullet journals for the new year, your Instagram is full of ads to buy a hobonichi...but wait! It's a trap!!! Take the $50 Moleskine leather bound weekly 2025 planner out of your cart. Do NOT, under any circumstances, go into any bookstores, office supply stores, or stationary stores for the next 3-5 days. Ignore any and all links you see for the ADHD life-changing organizer, designed for people with ADHD by people with ADHD. Remember that you can try a new system whenever you want, reinvention doesn't have to start on January 1st. They are preying on our lust for new notebooks and the dopamine we get from setting up new systems!!! Don't let them win! Edit: Y'all some of these comments are killing me😂 love you guys. Also! I'm not saying planners = bad!! pls it's just a joke!!! it's more a commentary on how we're suckers for the push for productivity that comes from stores and influencers to get us to buy stuff we might not need. also sometimes u just need a blank notebook/planner to keep you company 😌 (I am guilty of this)","General Question/Discussion","1735517699","2024-12-30T00:14:59+00:00","5568","5568","1","818","3e76da9377002588","","reddit-adhdwomen-a_new_planner_will_not_change_your_life:comment:m4hpnzd","comment","m4hpnzd","t1_m4hpnzd","https://www.reddit.com/r/adhdwomen/comments/1hpa0sk/a_new_planner_will_not_change_your_life/m4hpnzd/","/r/adhdwomen/comments/1hpa0sk/a_new_planner_will_not_change_your_life/m4hpnzd/","t1_m4g1s1u","comment","m4g1s1u","m4fzvxw","2","false","m4fzvxw > m4g1s1u > m4hpnzd","9cfec959473bc2fb","","","false","false","","46","46","0","0","2","1735544088","2024-12-30T07:34:48+00:00","false","False","","false","false","true","false","I finally got past this by buying a blank dot grid journal and just drawing my own planner out in it week by week. Then when I skipped 6 months I could just start a new date whenever I pleased lol","I finally got past this by buying a blank dot grid journal and just drawing my own planner out in it week by week. Then when I skipped 6 months I could just start a new date whenever I pleased lol","196","41","2025 IS MY YEAR (pushes nearly 3 decades of unused planners out of view)","YES IT WILL!!! THIS YEAR FOR SURE!!!","","false","false","planner | plan | journal","","","mentions_planner_or_system","35","[THREAD_TITLE]
A NEW PLANNER WILL NOT CHANGE YOUR LIFE!

[THREAD_BODY]
It's that time of the year...your tiktok fyp is full of people setting up their bullet journals for the new year, your Instagram is full of ads to buy a hobonichi...but wait! It's a trap!!! Take the $50 Moleskine leather bound weekly 2025 planner out of your cart. Do NOT, under any circumstances, go into any bookstores, office supply stores, or stationary stores for the next 3-5 days. Ignore any and all links you see for the ADHD life-changing organizer, designed for people with ADHD by people with ADHD. Remember that you can try a new system whenever you want, reinvention doesn't have to start on January 1st. They are preying on our lust for new notebooks and the dopamine we get from setting up new systems!!! Don't let them win! Edit: Y'all some of these comments are killing me😂 love you guys. Also! I'm not saying planners = bad!! pls it's just a joke!!! it's more a commentary on how we're suckers for the push for productivity that comes from stores and influencers to get us to buy stuff we might not need. also sometimes u just need a blank notebook/planner to keep you company 😌 (I am guilty of this)

[ROOT_COMMENT_CONTEXT]
YES IT WILL!!! THIS YEAR FOR SURE!!!

[PARENT_COMMENT_CONTEXT]
2025 IS MY YEAR (pushes nearly 3 decades of unused planners out of view)

[CURRENT_RECORD]
I finally got past this by buying a blank dot grid journal and just drawing my own planner out in it week by week. Then when I skipped 6 months I could just start a new date whenever I pleased lol"
"C:\Projects\Web\planner-tdah\research\reddit_data\reddit-adhdwomen-a_new_planner_will_not_change_your_life.json","reddit-adhdwomen-a_new_planner_will_not_change_your_life","1hpa0sk","t3_1hpa0sk","https://www.reddit.com/r/adhdwomen/comments/1hpa0sk/a_new_planner_will_not_change_your_life/","adhdwomen","r/adhdwomen","A NEW PLANNER WILL NOT CHANGE YOUR LIFE!","It's that time of the year...your tiktok fyp is full of people setting up their bullet journals for the new year, your Instagram is full of ads to buy a hobonichi...but wait! It's a trap!!! Take the $50 Moleskine leather bound weekly 2025 planner out of your cart. Do NOT, under any circumstances, go into any bookstores, office supply stores, or stationary stores for the next 3-5 days. Ignore any and all links you see for the ADHD life-changing organizer, designed for people with ADHD by people with ADHD. Remember that you can try a new system whenever you want, reinvention doesn't have to start on January 1st. They are preying on our lust for new notebooks and the dopamine we get from setting up new systems!!! Don't let them win! Edit: Y'all some of these comments are killing me😂 love you guys. Also! I'm not saying planners = bad!! pls it's just a joke!!! it's more a commentary on how we're suckers for the push for productivity that comes from stores and influencers to get us to buy stuff we might not need. also sometimes u just need a blank notebook/planner to keep you company 😌 (I am guilty of this)","General Question/Discussion","1735517699","2024-12-30T00:14:59+00:00","5568","5568","1","818","3e76da9377002588","","reddit-adhdwomen-a_new_planner_will_not_change_your_life:comment:m4jwsnf","comment","m4jwsnf","t1_m4jwsnf","https://www.reddit.com/r/adhdwomen/comments/1hpa0sk/a_new_planner_will_not_change_your_life/m4jwsnf/","/r/adhdwomen/comments/1hpa0sk/a_new_planner_will_not_change_your_life/m4jwsnf/","t1_m4hpnzd","comment","m4hpnzd","m4fzvxw","3","false","m4fzvxw > m4g1s1u > m4hpnzd > m4jwsnf","bd02bde385a98e9c","","","false","false","","7","7","0","0","0","1735580153","2024-12-30T17:35:53+00:00","false","False","","false","false","true","false","Yes!! I have a poketo planner where you fill in the dates so I can skip months at a time without wasting any pages! I think I’ve had it for like 3 years now and it’s still only half full.","Yes!! I have a poketo planner where you fill in the dates so I can skip months at a time without wasting any pages! I think I’ve had it for like 3 years now and it’s still only half full.","187","40","I finally got past this by buying a blank dot grid journal and just drawing my own planner out in it week by week. Then when I skipped 6 months I could just start a new date whenever I pleased lol","YES IT WILL!!! THIS YEAR FOR SURE!!!","","false","false","planner | plan","time","","forgetfulness_or_time_signal | mentions_pain_or_friction | mentions_planner_or_system","36","[THREAD_TITLE]
A NEW PLANNER WILL NOT CHANGE YOUR LIFE!

[THREAD_BODY]
It's that time of the year...your tiktok fyp is full of people setting up their bullet journals for the new year, your Instagram is full of ads to buy a hobonichi...but wait! It's a trap!!! Take the $50 Moleskine leather bound weekly 2025 planner out of your cart. Do NOT, under any circumstances, go into any bookstores, office supply stores, or stationary stores for the next 3-5 days. Ignore any and all links you see for the ADHD life-changing organizer, designed for people with ADHD by people with ADHD. Remember that you can try a new system whenever you want, reinvention doesn't have to start on January 1st. They are preying on our lust for new notebooks and the dopamine we get from setting up new systems!!! Don't let them win! Edit: Y'all some of these comments are killing me😂 love you guys. Also! I'm not saying planners = bad!! pls it's just a joke!!! it's more a commentary on how we're suckers for the push for productivity that comes from stores and influencers to get us to buy stuff we might not need. also sometimes u just need a blank notebook/planner to keep you company 😌 (I am guilty of this)

[ROOT_COMMENT_CONTEXT]
YES IT WILL!!! THIS YEAR FOR SURE!!!

[PARENT_COMMENT_CONTEXT]
I finally got past this by buying a blank dot grid journal and just drawing my own planner out in it week by week. Then when I skipped 6 months I could just start a new date whenever I pleased lol

[CURRENT_RECORD]
Yes!! I have a poketo planner where you fill in the dates so I can skip months at a time without wasting any pages! I think I’ve had it for like 3 years now and it’s still only half full."
"C:\Projects\Web\planner-tdah\research\reddit_data\reddit-adhdwomen-a_new_planner_will_not_change_your_life.json","reddit-adhdwomen-a_new_planner_will_not_change_your_life","1hpa0sk","t3_1hpa0sk","https://www.reddit.com/r/adhdwomen/comments/1hpa0sk/a_new_planner_will_not_change_your_life/","adhdwomen","r/adhdwomen","A NEW PLANNER WILL NOT CHANGE YOUR LIFE!","It's that time of the year...your tiktok fyp is full of people setting up their bullet journals for the new year, your Instagram is full of ads to buy a hobonichi...but wait! It's a trap!!! Take the $50 Moleskine leather bound weekly 2025 planner out of your cart. Do NOT, under any circumstances, go into any bookstores, office supply stores, or stationary stores for the next 3-5 days. Ignore any and all links you see for the ADHD life-changing organizer, designed for people with ADHD by people with ADHD. Remember that you can try a new system whenever you want, reinvention doesn't have to start on January 1st. They are preying on our lust for new notebooks and the dopamine we get from setting up new systems!!! Don't let them win! Edit: Y'all some of these comments are killing me😂 love you guys. Also! I'm not saying planners = bad!! pls it's just a joke!!! it's more a commentary on how we're suckers for the push for productivity that comes from stores and influencers to get us to buy stuff we might not need. also sometimes u just need a blank notebook/planner to keep you company 😌 (I am guilty of this)","General Question/Discussion","1735517699","2024-12-30T00:14:59+00:00","5568","5568","1","818","3e76da9377002588","","reddit-adhdwomen-a_new_planner_will_not_change_your_life:comment:m4gpy7v","comment","m4gpy7v","t1_m4gpy7v","https://www.reddit.com/r/adhdwomen/comments/1hpa0sk/a_new_planner_will_not_change_your_life/m4gpy7v/","/r/adhdwomen/comments/1hpa0sk/a_new_planner_will_not_change_your_life/m4gpy7v/","t1_m4g1s1u","comment","m4g1s1u","m4fzvxw","2","false","m4fzvxw > m4g1s1u > m4gpy7v","db1f4f48b6a08f45","","","false","false","","36","36","0","0","0","1735527966","2024-12-30T03:06:06+00:00","false","False","","false","false","true","false","YES - 2025 IS OUR YEAR....WE GOT THIS","YES - 2025 IS OUR YEAR....WE GOT THIS","37","8","2025 IS MY YEAR (pushes nearly 3 decades of unused planners out of view)","YES IT WILL!!! THIS YEAR FOR SURE!!!","","false","false","","","","","10","[THREAD_TITLE]
A NEW PLANNER WILL NOT CHANGE YOUR LIFE!

[THREAD_BODY]
It's that time of the year...your tiktok fyp is full of people setting up their bullet journals for the new year, your Instagram is full of ads to buy a hobonichi...but wait! It's a trap!!! Take the $50 Moleskine leather bound weekly 2025 planner out of your cart. Do NOT, under any circumstances, go into any bookstores, office supply stores, or stationary stores for the next 3-5 days. Ignore any and all links you see for the ADHD life-changing organizer, designed for people with ADHD by people with ADHD. Remember that you can try a new system whenever you want, reinvention doesn't have to start on January 1st. They are preying on our lust for new notebooks and the dopamine we get from setting up new systems!!! Don't let them win! Edit: Y'all some of these comments are killing me😂 love you guys. Also! I'm not saying planners = bad!! pls it's just a joke!!! it's more a commentary on how we're suckers for the push for productivity that comes from stores and influencers to get us to buy stuff we might not need. also sometimes u just need a blank notebook/planner to keep you company 😌 (I am guilty of this)

[ROOT_COMMENT_CONTEXT]
YES IT WILL!!! THIS YEAR FOR SURE!!!

[PARENT_COMMENT_CONTEXT]
2025 IS MY YEAR (pushes nearly 3 decades of unused planners out of view)

[CURRENT_RECORD]
YES - 2025 IS OUR YEAR....WE GOT THIS"
"C:\Projects\Web\planner-tdah\research\reddit_data\reddit-adhdwomen-a_new_planner_will_not_change_your_life.json","reddit-adhdwomen-a_new_planner_will_not_change_your_life","1hpa0sk","t3_1hpa0sk","https://www.reddit.com/r/adhdwomen/comments/1hpa0sk/a_new_planner_will_not_change_your_life/","adhdwomen","r/adhdwomen","A NEW PLANNER WILL NOT CHANGE YOUR LIFE!","It's that time of the year...your tiktok fyp is full of people setting up their bullet journals for the new year, your Instagram is full of ads to buy a hobonichi...but wait! It's a trap!!! Take the $50 Moleskine leather bound weekly 2025 planner out of your cart. Do NOT, under any circumstances, go into any bookstores, office supply stores, or stationary stores for the next 3-5 days. Ignore any and all links you see for the ADHD life-changing organizer, designed for people with ADHD by people with ADHD. Remember that you can try a new system whenever you want, reinvention doesn't have to start on January 1st. They are preying on our lust for new notebooks and the dopamine we get from setting up new systems!!! Don't let them win! Edit: Y'all some of these comments are killing me😂 love you guys. Also! I'm not saying planners = bad!! pls it's just a joke!!! it's more a commentary on how we're suckers for the push for productivity that comes from stores and influencers to get us to buy stuff we might not need. also sometimes u just need a blank notebook/planner to keep you company 😌 (I am guilty of this)","General Question/Discussion","1735517699","2024-12-30T00:14:59+00:00","5568","5568","1","818","3e76da9377002588","","reddit-adhdwomen-a_new_planner_will_not_change_your_life:comment:m4gsjnz","comment","m4gsjnz","t1_m4gsjnz","https://www.reddit.com/r/adhdwomen/comments/1hpa0sk/a_new_planner_will_not_change_your_life/m4gsjnz/","/r/adhdwomen/comments/1hpa0sk/a_new_planner_will_not_change_your_life/m4gsjnz/","t1_m4g1s1u","comment","m4g1s1u","m4fzvxw","2","false","m4fzvxw > m4g1s1u > m4gsjnz","9a792e697bcd1602","","","false","false","","31","31","0","0","2","1735528944","2024-12-30T03:22:24+00:00","false","False","","false","false","true","false","Oh that just means you have several years to choose from where the dates line up to 2025’s Wednesday of the 17th week being the 23rd … all you “gotta do“ is change the year! …. Legit something I’ve thought of myself, about holding onto day planners that long so that by the time the right alignment comes around, I will have had the time to create a day planner system","Oh that just means you have several years to choose from where the dates line up to 2025’s Wednesday of the 17th week being the 23rd … all you “gotta do“ is change the year! …. Legit something I’ve thought of myself, about holding onto day planners that long so that by the time…","368","71","2025 IS MY YEAR (pushes nearly 3 decades of unused planners out of view)","YES IT WILL!!! THIS YEAR FOR SURE!!!","","false","false","planner | planners | plan","time","change","forgetfulness_or_time_signal | mentions_feature_or_solution | mentions_pain_or_friction | mentions_planner_or_system | novelty_or_format_change_signal","52","[THREAD_TITLE]
A NEW PLANNER WILL NOT CHANGE YOUR LIFE!

[THREAD_BODY]
It's that time of the year...your tiktok fyp is full of people setting up their bullet journals for the new year, your Instagram is full of ads to buy a hobonichi...but wait! It's a trap!!! Take the $50 Moleskine leather bound weekly 2025 planner out of your cart. Do NOT, under any circumstances, go into any bookstores, office supply stores, or stationary stores for the next 3-5 days. Ignore any and all links you see for the ADHD life-changing organizer, designed for people with ADHD by people with ADHD. Remember that you can try a new system whenever you want, reinvention doesn't have to start on January 1st. They are preying on our lust for new notebooks and the dopamine we get from setting up new systems!!! Don't let them win! Edit: Y'all some of these comments are killing me😂 love you guys. Also! I'm not saying planners = bad!! pls it's just a joke!!! it's more a commentary on how we're suckers for the push for productivity that comes from stores and influencers to get us to buy stuff we might not need. also sometimes u just need a blank notebook/planner to keep you company 😌 (I am guilty of this)

[ROOT_COMMENT_CONTEXT]
YES IT WILL!!! THIS YEAR FOR SURE!!!

[PARENT_COMMENT_CONTEXT]
2025 IS MY YEAR (pushes nearly 3 decades of unused planners out of view)

[CURRENT_RECORD]
Oh that just means you have several years to choose from where the dates line up to 2025’s Wednesday of the 17th week being the 23rd … all you “gotta do“ is change the year! …. Legit something I’ve thought of myself, about holding onto day planners that long so that by the time the right alignment comes around, I will have had the time to create a day planner system"
"C:\Projects\Web\planner-tdah\research\reddit_data\reddit-adhdwomen-a_new_planner_will_not_change_your_life.json","reddit-adhdwomen-a_new_planner_will_not_change_your_life","1hpa0sk","t3_1hpa0sk","https://www.reddit.com/r/adhdwomen/comments/1hpa0sk/a_new_planner_will_not_change_your_life/","adhdwomen","r/adhdwomen","A NEW PLANNER WILL NOT CHANGE YOUR LIFE!","It's that time of the year...your tiktok fyp is full of people setting up their bullet journals for the new year, your Instagram is full of ads to buy a hobonichi...but wait! It's a trap!!! Take the $50 Moleskine leather bound weekly 2025 planner out of your cart. Do NOT, under any circumstances, go into any bookstores, office supply stores, or stationary stores for the next 3-5 days. Ignore any and all links you see for the ADHD life-changing organizer, designed for people with ADHD by people with ADHD. Remember that you can try a new system whenever you want, reinvention doesn't have to start on January 1st. They are preying on our lust for new notebooks and the dopamine we get from setting up new systems!!! Don't let them win! Edit: Y'all some of these comments are killing me😂 love you guys. Also! I'm not saying planners = bad!! pls it's just a joke!!! it's more a commentary on how we're suckers for the push for productivity that comes from stores and influencers to get us to buy stuff we might not need. also sometimes u just need a blank notebook/planner to keep you company 😌 (I am guilty of this)","General Question/Discussion","1735517699","2024-12-30T00:14:59+00:00","5568","5568","1","818","3e76da9377002588","","reddit-adhdwomen-a_new_planner_will_not_change_your_life:comment:m4in7rj","comment","m4in7rj","t1_m4in7rj","https://www.reddit.com/r/adhdwomen/comments/1hpa0sk/a_new_planner_will_not_change_your_life/m4in7rj/","/r/adhdwomen/comments/1hpa0sk/a_new_planner_will_not_change_your_life/m4in7rj/","t1_m4gsjnz","comment","m4gsjnz","m4fzvxw","3","false","m4fzvxw > m4g1s1u > m4gsjnz > m4in7rj","07a1b7ea79cb150c","","","false","false","","4","4","0","0","0","1735564228","2024-12-30T13:10:28+00:00","false","False","","false","false","true","false","That is genius. Now, if I could only remember where I put the old ones...","That is genius. Now, if I could only remember where I put the old ones...","73","15","Oh that just means you have several years to choose from where the dates line up to 2025’s Wednesday of the 17th week being the 23rd … all you “gotta do“ is change the year! …. Legit something I’ve thought of myself, about holding onto day planners that long so that by the time the right alignment comes around, I will have had the time to create a day planner system","YES IT WILL!!! THIS YEAR FOR SURE!!!","","false","false","","","","","0","[THREAD_TITLE]
A NEW PLANNER WILL NOT CHANGE YOUR LIFE!

[THREAD_BODY]
It's that time of the year...your tiktok fyp is full of people setting up their bullet journals for the new year, your Instagram is full of ads to buy a hobonichi...but wait! It's a trap!!! Take the $50 Moleskine leather bound weekly 2025 planner out of your cart. Do NOT, under any circumstances, go into any bookstores, office supply stores, or stationary stores for the next 3-5 days. Ignore any and all links you see for the ADHD life-changing organizer, designed for people with ADHD by people with ADHD. Remember that you can try a new system whenever you want, reinvention doesn't have to start on January 1st. They are preying on our lust for new notebooks and the dopamine we get from setting up new systems!!! Don't let them win! Edit: Y'all some of these comments are killing me😂 love you guys. Also! I'm not saying planners = bad!! pls it's just a joke!!! it's more a commentary on how we're suckers for the push for productivity that comes from stores and influencers to get us to buy stuff we might not need. also sometimes u just need a blank notebook/planner to keep you company 😌 (I am guilty of this)

[ROOT_COMMENT_CONTEXT]
YES IT WILL!!! THIS YEAR FOR SURE!!!

[PARENT_COMMENT_CONTEXT]
Oh that just means you have several years to choose from where the dates line up to 2025’s Wednesday of the 17th week being the 23rd … all you “gotta do“ is change the year! …. Legit something I’ve thought of myself, about holding onto day planners that long so that by the time the right alignment comes around, I will have had the time to create a day planner system

[CURRENT_RECORD]
That is genius. Now, if I could only remember where I put the old ones..."
"C:\Projects\Web\planner-tdah\research\reddit_data\reddit-adhdwomen-a_new_planner_will_not_change_your_life.json","reddit-adhdwomen-a_new_planner_will_not_change_your_life","1hpa0sk","t3_1hpa0sk","https://www.reddit.com/r/adhdwomen/comments/1hpa0sk/a_new_planner_will_not_change_your_life/","adhdwomen","r/adhdwomen","A NEW PLANNER WILL NOT CHANGE YOUR LIFE!","It's that time of the year...your tiktok fyp is full of people setting up their bullet journals for the new year, your Instagram is full of ads to buy a hobonichi...but wait! It's a trap!!! Take the $50 Moleskine leather bound weekly 2025 planner out of your cart. Do NOT, under any circumstances, go into any bookstores, office supply stores, or stationary stores for the next 3-5 days. Ignore any and all links you see for the ADHD life-changing organizer, designed for people with ADHD by people with ADHD. Remember that you can try a new system whenever you want, reinvention doesn't have to start on January 1st. They are preying on our lust for new notebooks and the dopamine we get from setting up new systems!!! Don't let them win! Edit: Y'all some of these comments are killing me😂 love you guys. Also! I'm not saying planners = bad!! pls it's just a joke!!! it's more a commentary on how we're suckers for the push for productivity that comes from stores and influencers to get us to buy stuff we might not need. also sometimes u just need a blank notebook/planner to keep you company 😌 (I am guilty of this)","General Question/Discussion","1735517699","2024-12-30T00:14:59+00:00","5568","5568","1","818","3e76da9377002588","","reddit-adhdwomen-a_new_planner_will_not_change_your_life:comment:m4ggn6v","comment","m4ggn6v","t1_m4ggn6v","https://www.reddit.com/r/adhdwomen/comments/1hpa0sk/a_new_planner_will_not_change_your_life/m4ggn6v/","/r/adhdwomen/comments/1hpa0sk/a_new_planner_will_not_change_your_life/m4ggn6v/","t1_m4g1s1u","comment","m4g1s1u","m4fzvxw","2","false","m4fzvxw > m4g1s1u > m4ggn6v","a0048bc6ede65372","","","false","false","","11","11","0","0","0","1735524573","2024-12-30T02:09:33+00:00","false","False","","false","false","true","false","🤣","🤣","1","1","2025 IS MY YEAR (pushes nearly 3 decades of unused planners out of view)","YES IT WILL!!! THIS YEAR FOR SURE!!!","","false","false","","","","","5","[THREAD_TITLE]
A NEW PLANNER WILL NOT CHANGE YOUR LIFE!

[THREAD_BODY]
It's that time of the year...your tiktok fyp is full of people setting up their bullet journals for the new year, your Instagram is full of ads to buy a hobonichi...but wait! It's a trap!!! Take the $50 Moleskine leather bound weekly 2025 planner out of your cart. Do NOT, under any circumstances, go into any bookstores, office supply stores, or stationary stores for the next 3-5 days. Ignore any and all links you see for the ADHD life-changing organizer, designed for people with ADHD by people with ADHD. Remember that you can try a new system whenever you want, reinvention doesn't have to start on January 1st. They are preying on our lust for new notebooks and the dopamine we get from setting up new systems!!! Don't let them win! Edit: Y'all some of these comments are killing me😂 love you guys. Also! I'm not saying planners = bad!! pls it's just a joke!!! it's more a commentary on how we're suckers for the push for productivity that comes from stores and influencers to get us to buy stuff we might not need. also sometimes u just need a blank notebook/planner to keep you company 😌 (I am guilty of this)

[ROOT_COMMENT_CONTEXT]
YES IT WILL!!! THIS YEAR FOR SURE!!!

[PARENT_COMMENT_CONTEXT]
2025 IS MY YEAR (pushes nearly 3 decades of unused planners out of view)

[CURRENT_RECORD]
🤣"
"C:\Projects\Web\planner-tdah\research\reddit_data\reddit-adhdwomen-a_new_planner_will_not_change_your_life.json","reddit-adhdwomen-a_new_planner_will_not_change_your_life","1hpa0sk","t3_1hpa0sk","https://www.reddit.com/r/adhdwomen/comments/1hpa0sk/a_new_planner_will_not_change_your_life/","adhdwomen","r/adhdwomen","A NEW PLANNER WILL NOT CHANGE YOUR LIFE!","It's that time of the year...your tiktok fyp is full of people setting up their bullet journals for the new year, your Instagram is full of ads to buy a hobonichi...but wait! It's a trap!!! Take the $50 Moleskine leather bound weekly 2025 planner out of your cart. Do NOT, under any circumstances, go into any bookstores, office supply stores, or stationary stores for the next 3-5 days. Ignore any and all links you see for the ADHD life-changing organizer, designed for people with ADHD by people with ADHD. Remember that you can try a new system whenever you want, reinvention doesn't have to start on January 1st. They are preying on our lust for new notebooks and the dopamine we get from setting up new systems!!! Don't let them win! Edit: Y'all some of these comments are killing me😂 love you guys. Also! I'm not saying planners = bad!! pls it's just a joke!!! it's more a commentary on how we're suckers for the push for productivity that comes from stores and influencers to get us to buy stuff we might not need. also sometimes u just need a blank notebook/planner to keep you company 😌 (I am guilty of this)","General Question/Discussion","1735517699","2024-12-30T00:14:59+00:00","5568","5568","1","818","3e76da9377002588","","reddit-adhdwomen-a_new_planner_will_not_change_your_life:comment:m4g5pkj","comment","m4g5pkj","t1_m4g5pkj","https://www.reddit.com/r/adhdwomen/comments/1hpa0sk/a_new_planner_will_not_change_your_life/m4g5pkj/","/r/adhdwomen/comments/1hpa0sk/a_new_planner_will_not_change_your_life/m4g5pkj/","t1_m4fzvxw","comment","m4fzvxw","m4fzvxw","1","false","m4fzvxw > m4g5pkj","e42410cdfd9adb41","","","false","false","","227","227","0","0","3","1735520686","2024-12-30T01:04:46+00:00","false","False","","false","false","true","false","Make sure you get the matching pens!!!!!!","Make sure you get the matching pens!!!!!!","41","7","YES IT WILL!!! THIS YEAR FOR SURE!!!","YES IT WILL!!! THIS YEAR FOR SURE!!!","","false","false","","","","","18","[THREAD_TITLE]
A NEW PLANNER WILL NOT CHANGE YOUR LIFE!

[THREAD_BODY]
It's that time of the year...your tiktok fyp is full of people setting up their bullet journals for the new year, your Instagram is full of ads to buy a hobonichi...but wait! It's a trap!!! Take the $50 Moleskine leather bound weekly 2025 planner out of your cart. Do NOT, under any circumstances, go into any bookstores, office supply stores, or stationary stores for the next 3-5 days. Ignore any and all links you see for the ADHD life-changing organizer, designed for people with ADHD by people with ADHD. Remember that you can try a new system whenever you want, reinvention doesn't have to start on January 1st. They are preying on our lust for new notebooks and the dopamine we get from setting up new systems!!! Don't let them win! Edit: Y'all some of these comments are killing me😂 love you guys. Also! I'm not saying planners = bad!! pls it's just a joke!!! it's more a commentary on how we're suckers for the push for productivity that comes from stores and influencers to get us to buy stuff we might not need. also sometimes u just need a blank notebook/planner to keep you company 😌 (I am guilty of this)

[PARENT_COMMENT_CONTEXT]
YES IT WILL!!! THIS YEAR FOR SURE!!!

[CURRENT_RECORD]
Make sure you get the matching pens!!!!!!"
"C:\Projects\Web\planner-tdah\research\reddit_data\reddit-adhdwomen-a_new_planner_will_not_change_your_life.json","reddit-adhdwomen-a_new_planner_will_not_change_your_life","1hpa0sk","t3_1hpa0sk","https://www.reddit.com/r/adhdwomen/comments/1hpa0sk/a_new_planner_will_not_change_your_life/","adhdwomen","r/adhdwomen","A NEW PLANNER WILL NOT CHANGE YOUR LIFE!","It's that time of the year...your tiktok fyp is full of people setting up their bullet journals for the new year, your Instagram is full of ads to buy a hobonichi...but wait! It's a trap!!! Take the $50 Moleskine leather bound weekly 2025 planner out of your cart. Do NOT, under any circumstances, go into any bookstores, office supply stores, or stationary stores for the next 3-5 days. Ignore any and all links you see for the ADHD life-changing organizer, designed for people with ADHD by people with ADHD. Remember that you can try a new system whenever you want, reinvention doesn't have to start on January 1st. They are preying on our lust for new notebooks and the dopamine we get from setting up new systems!!! Don't let them win! Edit: Y'all some of these comments are killing me😂 love you guys. Also! I'm not saying planners = bad!! pls it's just a joke!!! it's more a commentary on how we're suckers for the push for productivity that comes from stores and influencers to get us to buy stuff we might not need. also sometimes u just need a blank notebook/planner to keep you company 😌 (I am guilty of this)","General Question/Discussion","1735517699","2024-12-30T00:14:59+00:00","5568","5568","1","818","3e76da9377002588","","reddit-adhdwomen-a_new_planner_will_not_change_your_life:comment:m4g6haj","comment","m4g6haj","t1_m4g6haj","https://www.reddit.com/r/adhdwomen/comments/1hpa0sk/a_new_planner_will_not_change_your_life/m4g6haj/","/r/adhdwomen/comments/1hpa0sk/a_new_planner_will_not_change_your_life/m4g6haj/","t1_m4g5pkj","comment","m4g5pkj","m4fzvxw","2","false","m4fzvxw > m4g5pkj > m4g6haj","c7765039414cd85f","","","false","false","","207","207","0","0","6","1735520957","2024-12-30T01:09:17+00:00","false","False","","false","false","true","false","And the washi tape! And the tiny scissors!!!","And the washi tape! And the tiny scissors!!!","44","8","Make sure you get the matching pens!!!!!!","YES IT WILL!!! THIS YEAR FOR SURE!!!","","false","false","","","","","22","[THREAD_TITLE]
A NEW PLANNER WILL NOT CHANGE YOUR LIFE!

[THREAD_BODY]
It's that time of the year...your tiktok fyp is full of people setting up their bullet journals for the new year, your Instagram is full of ads to buy a hobonichi...but wait! It's a trap!!! Take the $50 Moleskine leather bound weekly 2025 planner out of your cart. Do NOT, under any circumstances, go into any bookstores, office supply stores, or stationary stores for the next 3-5 days. Ignore any and all links you see for the ADHD life-changing organizer, designed for people with ADHD by people with ADHD. Remember that you can try a new system whenever you want, reinvention doesn't have to start on January 1st. They are preying on our lust for new notebooks and the dopamine we get from setting up new systems!!! Don't let them win! Edit: Y'all some of these comments are killing me😂 love you guys. Also! I'm not saying planners = bad!! pls it's just a joke!!! it's more a commentary on how we're suckers for the push for productivity that comes from stores and influencers to get us to buy stuff we might not need. also sometimes u just need a blank notebook/planner to keep you company 😌 (I am guilty of this)

[ROOT_COMMENT_CONTEXT]
YES IT WILL!!! THIS YEAR FOR SURE!!!

[PARENT_COMMENT_CONTEXT]
Make sure you get the matching pens!!!!!!

[CURRENT_RECORD]
And the washi tape! And the tiny scissors!!!"
"C:\Projects\Web\planner-tdah\research\reddit_data\reddit-adhdwomen-a_new_planner_will_not_change_your_life.json","reddit-adhdwomen-a_new_planner_will_not_change_your_life","1hpa0sk","t3_1hpa0sk","https://www.reddit.com/r/adhdwomen/comments/1hpa0sk/a_new_planner_will_not_change_your_life/","adhdwomen","r/adhdwomen","A NEW PLANNER WILL NOT CHANGE YOUR LIFE!","It's that time of the year...your tiktok fyp is full of people setting up their bullet journals for the new year, your Instagram is full of ads to buy a hobonichi...but wait! It's a trap!!! Take the $50 Moleskine leather bound weekly 2025 planner out of your cart. Do NOT, under any circumstances, go into any bookstores, office supply stores, or stationary stores for the next 3-5 days. Ignore any and all links you see for the ADHD life-changing organizer, designed for people with ADHD by people with ADHD. Remember that you can try a new system whenever you want, reinvention doesn't have to start on January 1st. They are preying on our lust for new notebooks and the dopamine we get from setting up new systems!!! Don't let them win! Edit: Y'all some of these comments are killing me😂 love you guys. Also! I'm not saying planners = bad!! pls it's just a joke!!! it's more a commentary on how we're suckers for the push for productivity that comes from stores and influencers to get us to buy stuff we might not need. also sometimes u just need a blank notebook/planner to keep you company 😌 (I am guilty of this)","General Question/Discussion","1735517699","2024-12-30T00:14:59+00:00","5568","5568","1","818","3e76da9377002588","","reddit-adhdwomen-a_new_planner_will_not_change_your_life:comment:m4gaf9b","comment","m4gaf9b","t1_m4gaf9b","https://www.reddit.com/r/adhdwomen/comments/1hpa0sk/a_new_planner_will_not_change_your_life/m4gaf9b/","/r/adhdwomen/comments/1hpa0sk/a_new_planner_will_not_change_your_life/m4gaf9b/","t1_m4g6haj","comment","m4g6haj","m4fzvxw","3","false","m4fzvxw > m4g5pkj > m4g6haj > m4gaf9b","94a29251d7d7c66b","","","false","false","","98","98","0","0","2","1735522355","2024-12-30T01:32:35+00:00","false","False","","false","false","true","false","lol seriously. I just have to remind myself, I’m not getting paid to make this “content” in my planner, so I’m not going to fund it with time or money like it’s my job.","lol seriously. I just have to remind myself, I’m not getting paid to make this “content” in my planner, so I’m not going to fund it with time or money like it’s my job.","168","34","And the washi tape! And the tiny scissors!!!","YES IT WILL!!! THIS YEAR FOR SURE!!!","","false","false","planner | plan","time","","forgetfulness_or_time_signal | mentions_pain_or_friction | mentions_planner_or_system","49","[THREAD_TITLE]
A NEW PLANNER WILL NOT CHANGE YOUR LIFE!

[THREAD_BODY]
It's that time of the year...your tiktok fyp is full of people setting up their bullet journals for the new year, your Instagram is full of ads to buy a hobonichi...but wait! It's a trap!!! Take the $50 Moleskine leather bound weekly 2025 planner out of your cart. Do NOT, under any circumstances, go into any bookstores, office supply stores, or stationary stores for the next 3-5 days. Ignore any and all links you see for the ADHD life-changing organizer, designed for people with ADHD by people with ADHD. Remember that you can try a new system whenever you want, reinvention doesn't have to start on January 1st. They are preying on our lust for new notebooks and the dopamine we get from setting up new systems!!! Don't let them win! Edit: Y'all some of these comments are killing me😂 love you guys. Also! I'm not saying planners = bad!! pls it's just a joke!!! it's more a commentary on how we're suckers for the push for productivity that comes from stores and influencers to get us to buy stuff we might not need. also sometimes u just need a blank notebook/planner to keep you company 😌 (I am guilty of this)

[ROOT_COMMENT_CONTEXT]
YES IT WILL!!! THIS YEAR FOR SURE!!!

[PARENT_COMMENT_CONTEXT]
And the washi tape! And the tiny scissors!!!

[CURRENT_RECORD]
lol seriously. I just have to remind myself, I’m not getting paid to make this “content” in my planner, so I’m not going to fund it with time or money like it’s my job."
"C:\Projects\Web\planner-tdah\research\reddit_data\reddit-adhdwomen-a_new_planner_will_not_change_your_life.json","reddit-adhdwomen-a_new_planner_will_not_change_your_life","1hpa0sk","t3_1hpa0sk","https://www.reddit.com/r/adhdwomen/comments/1hpa0sk/a_new_planner_will_not_change_your_life/","adhdwomen","r/adhdwomen","A NEW PLANNER WILL NOT CHANGE YOUR LIFE!","It's that time of the year...your tiktok fyp is full of people setting up their bullet journals for the new year, your Instagram is full of ads to buy a hobonichi...but wait! It's a trap!!! Take the $50 Moleskine leather bound weekly 2025 planner out of your cart. Do NOT, under any circumstances, go into any bookstores, office supply stores, or stationary stores for the next 3-5 days. Ignore any and all links you see for the ADHD life-changing organizer, designed for people with ADHD by people with ADHD. Remember that you can try a new system whenever you want, reinvention doesn't have to start on January 1st. They are preying on our lust for new notebooks and the dopamine we get from setting up new systems!!! Don't let them win! Edit: Y'all some of these comments are killing me😂 love you guys. Also! I'm not saying planners = bad!! pls it's just a joke!!! it's more a commentary on how we're suckers for the push for productivity that comes from stores and influencers to get us to buy stuff we might not need. also sometimes u just need a blank notebook/planner to keep you company 😌 (I am guilty of this)","General Question/Discussion","1735517699","2024-12-30T00:14:59+00:00","5568","5568","1","818","3e76da9377002588","","reddit-adhdwomen-a_new_planner_will_not_change_your_life:comment:m4ggepe","comment","m4ggepe","t1_m4ggepe","https://www.reddit.com/r/adhdwomen/comments/1hpa0sk/a_new_planner_will_not_change_your_life/m4ggepe/","/r/adhdwomen/comments/1hpa0sk/a_new_planner_will_not_change_your_life/m4ggepe/","t1_m4gaf9b","comment","m4gaf9b","m4fzvxw","4","false","m4fzvxw > m4g5pkj > m4g6haj > m4gaf9b > m4ggepe","f159178b2da9a08c","","","false","false","","23","23","0","0","0","1735524487","2024-12-30T02:08:07+00:00","false","False","","false","false","true","false","FOR REAL","FOR REAL","8","2","lol seriously. I just have to remind myself, I’m not getting paid to make this “content” in my planner, so I’m not going to fund it with time or money like it’s my job.","YES IT WILL!!! THIS YEAR FOR SURE!!!","","false","false","","","","","10","[THREAD_TITLE]
A NEW PLANNER WILL NOT CHANGE YOUR LIFE!

[THREAD_BODY]
It's that time of the year...your tiktok fyp is full of people setting up their bullet journals for the new year, your Instagram is full of ads to buy a hobonichi...but wait! It's a trap!!! Take the $50 Moleskine leather bound weekly 2025 planner out of your cart. Do NOT, under any circumstances, go into any bookstores, office supply stores, or stationary stores for the next 3-5 days. Ignore any and all links you see for the ADHD life-changing organizer, designed for people with ADHD by people with ADHD. Remember that you can try a new system whenever you want, reinvention doesn't have to start on January 1st. They are preying on our lust for new notebooks and the dopamine we get from setting up new systems!!! Don't let them win! Edit: Y'all some of these comments are killing me😂 love you guys. Also! I'm not saying planners = bad!! pls it's just a joke!!! it's more a commentary on how we're suckers for the push for productivity that comes from stores and influencers to get us to buy stuff we might not need. also sometimes u just need a blank notebook/planner to keep you company 😌 (I am guilty of this)

[ROOT_COMMENT_CONTEXT]
YES IT WILL!!! THIS YEAR FOR SURE!!!

[PARENT_COMMENT_CONTEXT]
lol seriously. I just have to remind myself, I’m not getting paid to make this “content” in my planner, so I’m not going to fund it with time or money like it’s my job.

[CURRENT_RECORD]
FOR REAL"
"C:\Projects\Web\planner-tdah\research\reddit_data\reddit-adhdwomen-a_new_planner_will_not_change_your_life.json","reddit-adhdwomen-a_new_planner_will_not_change_your_life","1hpa0sk","t3_1hpa0sk","https://www.reddit.com/r/adhdwomen/comments/1hpa0sk/a_new_planner_will_not_change_your_life/","adhdwomen","r/adhdwomen","A NEW PLANNER WILL NOT CHANGE YOUR LIFE!","It's that time of the year...your tiktok fyp is full of people setting up their bullet journals for the new year, your Instagram is full of ads to buy a hobonichi...but wait! It's a trap!!! Take the $50 Moleskine leather bound weekly 2025 planner out of your cart. Do NOT, under any circumstances, go into any bookstores, office supply stores, or stationary stores for the next 3-5 days. Ignore any and all links you see for the ADHD life-changing organizer, designed for people with ADHD by people with ADHD. Remember that you can try a new system whenever you want, reinvention doesn't have to start on January 1st. They are preying on our lust for new notebooks and the dopamine we get from setting up new systems!!! Don't let them win! Edit: Y'all some of these comments are killing me😂 love you guys. Also! I'm not saying planners = bad!! pls it's just a joke!!! it's more a commentary on how we're suckers for the push for productivity that comes from stores and influencers to get us to buy stuff we might not need. also sometimes u just need a blank notebook/planner to keep you company 😌 (I am guilty of this)","General Question/Discussion","1735517699","2024-12-30T00:14:59+00:00","5568","5568","1","818","3e76da9377002588","","reddit-adhdwomen-a_new_planner_will_not_change_your_life:comment:m4ggcrq","comment","m4ggcrq","t1_m4ggcrq","https://www.reddit.com/r/adhdwomen/comments/1hpa0sk/a_new_planner_will_not_change_your_life/m4ggcrq/","/r/adhdwomen/comments/1hpa0sk/a_new_planner_will_not_change_your_life/m4ggcrq/","t1_m4g6haj","comment","m4g6haj","m4fzvxw","3","false","m4fzvxw > m4g5pkj > m4g6haj > m4ggcrq","f159178b2da9a08c","","","false","false","","59","59","0","0","1","1735524469","2024-12-30T02:07:49+00:00","false","False","","false","false","true","false","And sticker sets, don’t forget the stickers.","And sticker sets, don’t forget the stickers.","44","7","And the washi tape! And the tiny scissors!!!","YES IT WILL!!! THIS YEAR FOR SURE!!!","","false","false","","forget","","forgetfulness_or_time_signal | mentions_pain_or_friction","31","[THREAD_TITLE]
A NEW PLANNER WILL NOT CHANGE YOUR LIFE!

[THREAD_BODY]
It's that time of the year...your tiktok fyp is full of people setting up their bullet journals for the new year, your Instagram is full of ads to buy a hobonichi...but wait! It's a trap!!! Take the $50 Moleskine leather bound weekly 2025 planner out of your cart. Do NOT, under any circumstances, go into any bookstores, office supply stores, or stationary stores for the next 3-5 days. Ignore any and all links you see for the ADHD life-changing organizer, designed for people with ADHD by people with ADHD. Remember that you can try a new system whenever you want, reinvention doesn't have to start on January 1st. They are preying on our lust for new notebooks and the dopamine we get from setting up new systems!!! Don't let them win! Edit: Y'all some of these comments are killing me😂 love you guys. Also! I'm not saying planners = bad!! pls it's just a joke!!! it's more a commentary on how we're suckers for the push for productivity that comes from stores and influencers to get us to buy stuff we might not need. also sometimes u just need a blank notebook/planner to keep you company 😌 (I am guilty of this)

[ROOT_COMMENT_CONTEXT]
YES IT WILL!!! THIS YEAR FOR SURE!!!

[PARENT_COMMENT_CONTEXT]
And the washi tape! And the tiny scissors!!!

[CURRENT_RECORD]
And sticker sets, don’t forget the stickers."
"C:\Projects\Web\planner-tdah\research\reddit_data\reddit-adhdwomen-a_new_planner_will_not_change_your_life.json","reddit-adhdwomen-a_new_planner_will_not_change_your_life","1hpa0sk","t3_1hpa0sk","https://www.reddit.com/r/adhdwomen/comments/1hpa0sk/a_new_planner_will_not_change_your_life/","adhdwomen","r/adhdwomen","A NEW PLANNER WILL NOT CHANGE YOUR LIFE!","It's that time of the year...your tiktok fyp is full of people setting up their bullet journals for the new year, your Instagram is full of ads to buy a hobonichi...but wait! It's a trap!!! Take the $50 Moleskine leather bound weekly 2025 planner out of your cart. Do NOT, under any circumstances, go into any bookstores, office supply stores, or stationary stores for the next 3-5 days. Ignore any and all links you see for the ADHD life-changing organizer, designed for people with ADHD by people with ADHD. Remember that you can try a new system whenever you want, reinvention doesn't have to start on January 1st. They are preying on our lust for new notebooks and the dopamine we get from setting up new systems!!! Don't let them win! Edit: Y'all some of these comments are killing me😂 love you guys. Also! I'm not saying planners = bad!! pls it's just a joke!!! it's more a commentary on how we're suckers for the push for productivity that comes from stores and influencers to get us to buy stuff we might not need. also sometimes u just need a blank notebook/planner to keep you company 😌 (I am guilty of this)","General Question/Discussion","1735517699","2024-12-30T00:14:59+00:00","5568","5568","1","818","3e76da9377002588","","reddit-adhdwomen-a_new_planner_will_not_change_your_life:comment:m4goxjn","comment","m4goxjn","t1_m4goxjn","https://www.reddit.com/r/adhdwomen/comments/1hpa0sk/a_new_planner_will_not_change_your_life/m4goxjn/","/r/adhdwomen/comments/1hpa0sk/a_new_planner_will_not_change_your_life/m4goxjn/","t1_m4g6haj","comment","m4g6haj","m4fzvxw","3","false","m4fzvxw > m4g5pkj > m4g6haj > m4goxjn","a92bfd95443c6475","","","false","false","","52","52","0","0","1","1735527588","2024-12-30T02:59:48+00:00","false","False","","false","false","true","false","Honestly it feels silly, but the stickers etc are the only way for me to sustain my attention long enough to use the planner. I can usually get 6 months out of each before I need a new design to keep my interest. Make it an art project/low level fixation and try to hold on...","Honestly it feels silly, but the stickers etc are the only way for me to sustain my attention long enough to use the planner. I can usually get 6 months out of each before I need a new design to keep my interest. Make it an art project/low level fixation and try to hold on...","276","55","And the washi tape! And the tiny scissors!!!","YES IT WILL!!! THIS YEAR FOR SURE!!!","","false","false","planner | plan","","","mentions_planner_or_system","36","[THREAD_TITLE]
A NEW PLANNER WILL NOT CHANGE YOUR LIFE!

[THREAD_BODY]
It's that time of the year...your tiktok fyp is full of people setting up their bullet journals for the new year, your Instagram is full of ads to buy a hobonichi...but wait! It's a trap!!! Take the $50 Moleskine leather bound weekly 2025 planner out of your cart. Do NOT, under any circumstances, go into any bookstores, office supply stores, or stationary stores for the next 3-5 days. Ignore any and all links you see for the ADHD life-changing organizer, designed for people with ADHD by people with ADHD. Remember that you can try a new system whenever you want, reinvention doesn't have to start on January 1st. They are preying on our lust for new notebooks and the dopamine we get from setting up new systems!!! Don't let them win! Edit: Y'all some of these comments are killing me😂 love you guys. Also! I'm not saying planners = bad!! pls it's just a joke!!! it's more a commentary on how we're suckers for the push for productivity that comes from stores and influencers to get us to buy stuff we might not need. also sometimes u just need a blank notebook/planner to keep you company 😌 (I am guilty of this)

[ROOT_COMMENT_CONTEXT]
YES IT WILL!!! THIS YEAR FOR SURE!!!

[PARENT_COMMENT_CONTEXT]
And the washi tape! And the tiny scissors!!!

[CURRENT_RECORD]
Honestly it feels silly, but the stickers etc are the only way for me to sustain my attention long enough to use the planner. I can usually get 6 months out of each before I need a new design to keep my interest. Make it an art project/low level fixation and try to hold on..."
"C:\Projects\Web\planner-tdah\research\reddit_data\reddit-adhdwomen-a_new_planner_will_not_change_your_life.json","reddit-adhdwomen-a_new_planner_will_not_change_your_life","1hpa0sk","t3_1hpa0sk","https://www.reddit.com/r/adhdwomen/comments/1hpa0sk/a_new_planner_will_not_change_your_life/","adhdwomen","r/adhdwomen","A NEW PLANNER WILL NOT CHANGE YOUR LIFE!","It's that time of the year...your tiktok fyp is full of people setting up their bullet journals for the new year, your Instagram is full of ads to buy a hobonichi...but wait! It's a trap!!! Take the $50 Moleskine leather bound weekly 2025 planner out of your cart. Do NOT, under any circumstances, go into any bookstores, office supply stores, or stationary stores for the next 3-5 days. Ignore any and all links you see for the ADHD life-changing organizer, designed for people with ADHD by people with ADHD. Remember that you can try a new system whenever you want, reinvention doesn't have to start on January 1st. They are preying on our lust for new notebooks and the dopamine we get from setting up new systems!!! Don't let them win! Edit: Y'all some of these comments are killing me😂 love you guys. Also! I'm not saying planners = bad!! pls it's just a joke!!! it's more a commentary on how we're suckers for the push for productivity that comes from stores and influencers to get us to buy stuff we might not need. also sometimes u just need a blank notebook/planner to keep you company 😌 (I am guilty of this)","General Question/Discussion","1735517699","2024-12-30T00:14:59+00:00","5568","5568","1","818","3e76da9377002588","","reddit-adhdwomen-a_new_planner_will_not_change_your_life:comment:m4gmo74","comment","m4gmo74","t1_m4gmo74","https://www.reddit.com/r/adhdwomen/comments/1hpa0sk/a_new_planner_will_not_change_your_life/m4gmo74/","/r/adhdwomen/comments/1hpa0sk/a_new_planner_will_not_change_your_life/m4gmo74/","t1_m4g6haj","comment","m4g6haj","m4fzvxw","3","false","m4fzvxw > m4g5pkj > m4g6haj > m4gmo74","862dfba141ff59fd","","","false","false","","27","27","0","0","0","1735526756","2024-12-30T02:45:56+00:00","false","False","","false","false","true","false","Stickers! Don't forget the stickers.","Stickers! Don't forget the stickers.","36","5","And the washi tape! And the tiny scissors!!!","YES IT WILL!!! THIS YEAR FOR SURE!!!","","false","false","","forget","","forgetfulness_or_time_signal | mentions_pain_or_friction","23","[THREAD_TITLE]
A NEW PLANNER WILL NOT CHANGE YOUR LIFE!

[THREAD_BODY]
It's that time of the year...your tiktok fyp is full of people setting up their bullet journals for the new year, your Instagram is full of ads to buy a hobonichi...but wait! It's a trap!!! Take the $50 Moleskine leather bound weekly 2025 planner out of your cart. Do NOT, under any circumstances, go into any bookstores, office supply stores, or stationary stores for the next 3-5 days. Ignore any and all links you see for the ADHD life-changing organizer, designed for people with ADHD by people with ADHD. Remember that you can try a new system whenever you want, reinvention doesn't have to start on January 1st. They are preying on our lust for new notebooks and the dopamine we get from setting up new systems!!! Don't let them win! Edit: Y'all some of these comments are killing me😂 love you guys. Also! I'm not saying planners = bad!! pls it's just a joke!!! it's more a commentary on how we're suckers for the push for productivity that comes from stores and influencers to get us to buy stuff we might not need. also sometimes u just need a blank notebook/planner to keep you company 😌 (I am guilty of this)

[ROOT_COMMENT_CONTEXT]
YES IT WILL!!! THIS YEAR FOR SURE!!!

[PARENT_COMMENT_CONTEXT]
And the washi tape! And the tiny scissors!!!

[CURRENT_RECORD]
Stickers! Don't forget the stickers."
"C:\Projects\Web\planner-tdah\research\reddit_data\reddit-adhdwomen-a_new_planner_will_not_change_your_life.json","reddit-adhdwomen-a_new_planner_will_not_change_your_life","1hpa0sk","t3_1hpa0sk","https://www.reddit.com/r/adhdwomen/comments/1hpa0sk/a_new_planner_will_not_change_your_life/","adhdwomen","r/adhdwomen","A NEW PLANNER WILL NOT CHANGE YOUR LIFE!","It's that time of the year...your tiktok fyp is full of people setting up their bullet journals for the new year, your Instagram is full of ads to buy a hobonichi...but wait! It's a trap!!! Take the $50 Moleskine leather bound weekly 2025 planner out of your cart. Do NOT, under any circumstances, go into any bookstores, office supply stores, or stationary stores for the next 3-5 days. Ignore any and all links you see for the ADHD life-changing organizer, designed for people with ADHD by people with ADHD. Remember that you can try a new system whenever you want, reinvention doesn't have to start on January 1st. They are preying on our lust for new notebooks and the dopamine we get from setting up new systems!!! Don't let them win! Edit: Y'all some of these comments are killing me😂 love you guys. Also! I'm not saying planners = bad!! pls it's just a joke!!! it's more a commentary on how we're suckers for the push for productivity that comes from stores and influencers to get us to buy stuff we might not need. also sometimes u just need a blank notebook/planner to keep you company 😌 (I am guilty of this)","General Question/Discussion","1735517699","2024-12-30T00:14:59+00:00","5568","5568","1","818","3e76da9377002588","","reddit-adhdwomen-a_new_planner_will_not_change_your_life:comment:m4gumsq","comment","m4gumsq","t1_m4gumsq","https://www.reddit.com/r/adhdwomen/comments/1hpa0sk/a_new_planner_will_not_change_your_life/m4gumsq/","/r/adhdwomen/comments/1hpa0sk/a_new_planner_will_not_change_your_life/m4gumsq/","t1_m4g6haj","comment","m4g6haj","m4fzvxw","3","false","m4fzvxw > m4g5pkj > m4g6haj > m4gumsq","ee7c8fdac4dfdfa3","","","false","false","","11","11","0","0","0","1735529733","2024-12-30T03:35:33+00:00","false","False","","false","false","true","false","Omg! My people!!!","Omg! My people!!!","17","3","And the washi tape! And the tiny scissors!!!","YES IT WILL!!! THIS YEAR FOR SURE!!!","","false","false","","","","","5","[THREAD_TITLE]
A NEW PLANNER WILL NOT CHANGE YOUR LIFE!

[THREAD_BODY]
It's that time of the year...your tiktok fyp is full of people setting up their bullet journals for the new year, your Instagram is full of ads to buy a hobonichi...but wait! It's a trap!!! Take the $50 Moleskine leather bound weekly 2025 planner out of your cart. Do NOT, under any circumstances, go into any bookstores, office supply stores, or stationary stores for the next 3-5 days. Ignore any and all links you see for the ADHD life-changing organizer, designed for people with ADHD by people with ADHD. Remember that you can try a new system whenever you want, reinvention doesn't have to start on January 1st. They are preying on our lust for new notebooks and the dopamine we get from setting up new systems!!! Don't let them win! Edit: Y'all some of these comments are killing me😂 love you guys. Also! I'm not saying planners = bad!! pls it's just a joke!!! it's more a commentary on how we're suckers for the push for productivity that comes from stores and influencers to get us to buy stuff we might not need. also sometimes u just need a blank notebook/planner to keep you company 😌 (I am guilty of this)

[ROOT_COMMENT_CONTEXT]
YES IT WILL!!! THIS YEAR FOR SURE!!!

[PARENT_COMMENT_CONTEXT]
And the washi tape! And the tiny scissors!!!

[CURRENT_RECORD]
Omg! My people!!!"
"C:\Projects\Web\planner-tdah\research\reddit_data\reddit-adhdwomen-a_new_planner_will_not_change_your_life.json","reddit-adhdwomen-a_new_planner_will_not_change_your_life","1hpa0sk","t3_1hpa0sk","https://www.reddit.com/r/adhdwomen/comments/1hpa0sk/a_new_planner_will_not_change_your_life/","adhdwomen","r/adhdwomen","A NEW PLANNER WILL NOT CHANGE YOUR LIFE!","It's that time of the year...your tiktok fyp is full of people setting up their bullet journals for the new year, your Instagram is full of ads to buy a hobonichi...but wait! It's a trap!!! Take the $50 Moleskine leather bound weekly 2025 planner out of your cart. Do NOT, under any circumstances, go into any bookstores, office supply stores, or stationary stores for the next 3-5 days. Ignore any and all links you see for the ADHD life-changing organizer, designed for people with ADHD by people with ADHD. Remember that you can try a new system whenever you want, reinvention doesn't have to start on January 1st. They are preying on our lust for new notebooks and the dopamine we get from setting up new systems!!! Don't let them win! Edit: Y'all some of these comments are killing me😂 love you guys. Also! I'm not saying planners = bad!! pls it's just a joke!!! it's more a commentary on how we're suckers for the push for productivity that comes from stores and influencers to get us to buy stuff we might not need. also sometimes u just need a blank notebook/planner to keep you company 😌 (I am guilty of this)","General Question/Discussion","1735517699","2024-12-30T00:14:59+00:00","5568","5568","1","818","3e76da9377002588","","reddit-adhdwomen-a_new_planner_will_not_change_your_life:comment:m4g88c0","comment","m4g88c0","t1_m4g88c0","https://www.reddit.com/r/adhdwomen/comments/1hpa0sk/a_new_planner_will_not_change_your_life/m4g88c0/","/r/adhdwomen/comments/1hpa0sk/a_new_planner_will_not_change_your_life/m4g88c0/","t1_m4g5pkj","comment","m4g5pkj","m4fzvxw","2","false","m4fzvxw > m4g5pkj > m4g88c0","e1c0a9a6cdc0206a","","","false","false","","111","111","0","0","1","1735521580","2024-12-30T01:19:40+00:00","false","False","","false","false","true","false","I ordered colored pens and a matching highlighter for each month. I will definitely keep track of all of them for 12 months and won't lose any at all /s","I ordered colored pens and a matching highlighter for each month. I will definitely keep track of all of them for 12 months and won't lose any at all /s","152","30","Make sure you get the matching pens!!!!!!","YES IT WILL!!! THIS YEAR FOR SURE!!!","","false","false","","","color","mentions_feature_or_solution","32","[THREAD_TITLE]
A NEW PLANNER WILL NOT CHANGE YOUR LIFE!

[THREAD_BODY]
It's that time of the year...your tiktok fyp is full of people setting up their bullet journals for the new year, your Instagram is full of ads to buy a hobonichi...but wait! It's a trap!!! Take the $50 Moleskine leather bound weekly 2025 planner out of your cart. Do NOT, under any circumstances, go into any bookstores, office supply stores, or stationary stores for the next 3-5 days. Ignore any and all links you see for the ADHD life-changing organizer, designed for people with ADHD by people with ADHD. Remember that you can try a new system whenever you want, reinvention doesn't have to start on January 1st. They are preying on our lust for new notebooks and the dopamine we get from setting up new systems!!! Don't let them win! Edit: Y'all some of these comments are killing me😂 love you guys. Also! I'm not saying planners = bad!! pls it's just a joke!!! it's more a commentary on how we're suckers for the push for productivity that comes from stores and influencers to get us to buy stuff we might not need. also sometimes u just need a blank notebook/planner to keep you company 😌 (I am guilty of this)

[ROOT_COMMENT_CONTEXT]
YES IT WILL!!! THIS YEAR FOR SURE!!!

[PARENT_COMMENT_CONTEXT]
Make sure you get the matching pens!!!!!!

[CURRENT_RECORD]
I ordered colored pens and a matching highlighter for each month. I will definitely keep track of all of them for 12 months and won't lose any at all /s"
"C:\Projects\Web\planner-tdah\research\reddit_data\reddit-adhdwomen-a_new_planner_will_not_change_your_life.json","reddit-adhdwomen-a_new_planner_will_not_change_your_life","1hpa0sk","t3_1hpa0sk","https://www.reddit.com/r/adhdwomen/comments/1hpa0sk/a_new_planner_will_not_change_your_life/","adhdwomen","r/adhdwomen","A NEW PLANNER WILL NOT CHANGE YOUR LIFE!","It's that time of the year...your tiktok fyp is full of people setting up their bullet journals for the new year, your Instagram is full of ads to buy a hobonichi...but wait! It's a trap!!! Take the $50 Moleskine leather bound weekly 2025 planner out of your cart. Do NOT, under any circumstances, go into any bookstores, office supply stores, or stationary stores for the next 3-5 days. Ignore any and all links you see for the ADHD life-changing organizer, designed for people with ADHD by people with ADHD. Remember that you can try a new system whenever you want, reinvention doesn't have to start on January 1st. They are preying on our lust for new notebooks and the dopamine we get from setting up new systems!!! Don't let them win! Edit: Y'all some of these comments are killing me😂 love you guys. Also! I'm not saying planners = bad!! pls it's just a joke!!! it's more a commentary on how we're suckers for the push for productivity that comes from stores and influencers to get us to buy stuff we might not need. also sometimes u just need a blank notebook/planner to keep you company 😌 (I am guilty of this)","General Question/Discussion","1735517699","2024-12-30T00:14:59+00:00","5568","5568","1","818","3e76da9377002588","","reddit-adhdwomen-a_new_planner_will_not_change_your_life:comment:m4gytpt","comment","m4gytpt","t1_m4gytpt","https://www.reddit.com/r/adhdwomen/comments/1hpa0sk/a_new_planner_will_not_change_your_life/m4gytpt/","/r/adhdwomen/comments/1hpa0sk/a_new_planner_will_not_change_your_life/m4gytpt/","t1_m4g88c0","comment","m4g88c0","m4fzvxw","3","false","m4fzvxw > m4g5pkj > m4g88c0 > m4gytpt","eb7d53ed1067367e","","","false","false","","28","28","0","0","0","1735531350","2024-12-30T04:02:30+00:00","false","False","","false","false","true","false","My highlighters are all dried out from two years ago lol never used.","My highlighters are all dried out from two years ago lol never used.","68","13","I ordered colored pens and a matching highlighter for each month. I will definitely keep track of all of them for 12 months and won't lose any at all /s","YES IT WILL!!! THIS YEAR FOR SURE!!!","","false","false","","","","","10","[THREAD_TITLE]
A NEW PLANNER WILL NOT CHANGE YOUR LIFE!

[THREAD_BODY]
It's that time of the year...your tiktok fyp is full of people setting up their bullet journals for the new year, your Instagram is full of ads to buy a hobonichi...but wait! It's a trap!!! Take the $50 Moleskine leather bound weekly 2025 planner out of your cart. Do NOT, under any circumstances, go into any bookstores, office supply stores, or stationary stores for the next 3-5 days. Ignore any and all links you see for the ADHD life-changing organizer, designed for people with ADHD by people with ADHD. Remember that you can try a new system whenever you want, reinvention doesn't have to start on January 1st. They are preying on our lust for new notebooks and the dopamine we get from setting up new systems!!! Don't let them win! Edit: Y'all some of these comments are killing me😂 love you guys. Also! I'm not saying planners = bad!! pls it's just a joke!!! it's more a commentary on how we're suckers for the push for productivity that comes from stores and influencers to get us to buy stuff we might not need. also sometimes u just need a blank notebook/planner to keep you company 😌 (I am guilty of this)

[ROOT_COMMENT_CONTEXT]
YES IT WILL!!! THIS YEAR FOR SURE!!!

[PARENT_COMMENT_CONTEXT]
I ordered colored pens and a matching highlighter for each month. I will definitely keep track of all of them for 12 months and won't lose any at all /s

[CURRENT_RECORD]
My highlighters are all dried out from two years ago lol never used."
"C:\Projects\Web\planner-tdah\research\reddit_data\reddit-adhdwomen-a_new_planner_will_not_change_your_life.json","reddit-adhdwomen-a_new_planner_will_not_change_your_life","1hpa0sk","t3_1hpa0sk","https://www.reddit.com/r/adhdwomen/comments/1hpa0sk/a_new_planner_will_not_change_your_life/","adhdwomen","r/adhdwomen","A NEW PLANNER WILL NOT CHANGE YOUR LIFE!","It's that time of the year...your tiktok fyp is full of people setting up their bullet journals for the new year, your Instagram is full of ads to buy a hobonichi...but wait! It's a trap!!! Take the $50 Moleskine leather bound weekly 2025 planner out of your cart. Do NOT, under any circumstances, go into any bookstores, office supply stores, or stationary stores for the next 3-5 days. Ignore any and all links you see for the ADHD life-changing organizer, designed for people with ADHD by people with ADHD. Remember that you can try a new system whenever you want, reinvention doesn't have to start on January 1st. They are preying on our lust for new notebooks and the dopamine we get from setting up new systems!!! Don't let them win! Edit: Y'all some of these comments are killing me😂 love you guys. Also! I'm not saying planners = bad!! pls it's just a joke!!! it's more a commentary on how we're suckers for the push for productivity that comes from stores and influencers to get us to buy stuff we might not need. also sometimes u just need a blank notebook/planner to keep you company 😌 (I am guilty of this)","General Question/Discussion","1735517699","2024-12-30T00:14:59+00:00","5568","5568","1","818","3e76da9377002588","","reddit-adhdwomen-a_new_planner_will_not_change_your_life:comment:m4gypas","comment","m4gypas","t1_m4gypas","https://www.reddit.com/r/adhdwomen/comments/1hpa0sk/a_new_planner_will_not_change_your_life/m4gypas/","/r/adhdwomen/comments/1hpa0sk/a_new_planner_will_not_change_your_life/m4gypas/","t1_m4g5pkj","comment","m4g5pkj","m4fzvxw","2","false","m4fzvxw > m4g5pkj > m4gypas","eb7d53ed1067367e","","","false","false","","31","31","0","0","0","1735531301","2024-12-30T04:01:41+00:00","false","False","","false","false","true","false","Ugh the dopamine rush of gathering all the things I feel I need to be successful lol one of each in every color cause I'm going to be using xyz so often because this year I will be a productive machine 🙄","Ugh the dopamine rush of gathering all the things I feel I need to be successful lol one of each in every color cause I'm going to be using xyz so often because this year I will be a productive machine 🙄","203","42","Make sure you get the matching pens!!!!!!","YES IT WILL!!! THIS YEAR FOR SURE!!!","","false","false","","","color","mentions_feature_or_solution","24","[THREAD_TITLE]
A NEW PLANNER WILL NOT CHANGE YOUR LIFE!

[THREAD_BODY]
It's that time of the year...your tiktok fyp is full of people setting up their bullet journals for the new year, your Instagram is full of ads to buy a hobonichi...but wait! It's a trap!!! Take the $50 Moleskine leather bound weekly 2025 planner out of your cart. Do NOT, under any circumstances, go into any bookstores, office supply stores, or stationary stores for the next 3-5 days. Ignore any and all links you see for the ADHD life-changing organizer, designed for people with ADHD by people with ADHD. Remember that you can try a new system whenever you want, reinvention doesn't have to start on January 1st. They are preying on our lust for new notebooks and the dopamine we get from setting up new systems!!! Don't let them win! Edit: Y'all some of these comments are killing me😂 love you guys. Also! I'm not saying planners = bad!! pls it's just a joke!!! it's more a commentary on how we're suckers for the push for productivity that comes from stores and influencers to get us to buy stuff we might not need. also sometimes u just need a blank notebook/planner to keep you company 😌 (I am guilty of this)

[ROOT_COMMENT_CONTEXT]
YES IT WILL!!! THIS YEAR FOR SURE!!!

[PARENT_COMMENT_CONTEXT]
Make sure you get the matching pens!!!!!!

[CURRENT_RECORD]
Ugh the dopamine rush of gathering all the things I feel I need to be successful lol one of each in every color cause I'm going to be using xyz so often because this year I will be a productive machine 🙄"
"C:\Projects\Web\planner-tdah\research\reddit_data\reddit-adhdwomen-a_new_planner_will_not_change_your_life.json","reddit-adhdwomen-a_new_planner_will_not_change_your_life","1hpa0sk","t3_1hpa0sk","https://www.reddit.com/r/adhdwomen/comments/1hpa0sk/a_new_planner_will_not_change_your_life/","adhdwomen","r/adhdwomen","A NEW PLANNER WILL NOT CHANGE YOUR LIFE!","It's that time of the year...your tiktok fyp is full of people setting up their bullet journals for the new year, your Instagram is full of ads to buy a hobonichi...but wait! It's a trap!!! Take the $50 Moleskine leather bound weekly 2025 planner out of your cart. Do NOT, under any circumstances, go into any bookstores, office supply stores, or stationary stores for the next 3-5 days. Ignore any and all links you see for the ADHD life-changing organizer, designed for people with ADHD by people with ADHD. Remember that you can try a new system whenever you want, reinvention doesn't have to start on January 1st. They are preying on our lust for new notebooks and the dopamine we get from setting up new systems!!! Don't let them win! Edit: Y'all some of these comments are killing me😂 love you guys. Also! I'm not saying planners = bad!! pls it's just a joke!!! it's more a commentary on how we're suckers for the push for productivity that comes from stores and influencers to get us to buy stuff we might not need. also sometimes u just need a blank notebook/planner to keep you company 😌 (I am guilty of this)","General Question/Discussion","1735517699","2024-12-30T00:14:59+00:00","5568","5568","1","818","3e76da9377002588","","reddit-adhdwomen-a_new_planner_will_not_change_your_life:comment:m4g1nj3","comment","m4g1nj3","t1_m4g1nj3","https://www.reddit.com/r/adhdwomen/comments/1hpa0sk/a_new_planner_will_not_change_your_life/m4g1nj3/","/r/adhdwomen/comments/1hpa0sk/a_new_planner_will_not_change_your_life/m4g1nj3/","t1_m4fzvxw","comment","m4fzvxw","m4fzvxw","1","false","m4fzvxw > m4g1nj3","25bc6a82c8693e44","","","false","false","","66","66","0","0","0","1735519281","2024-12-30T00:41:21+00:00","false","False","","false","false","true","false","Literally me every year","Literally me every year","23","4","YES IT WILL!!! THIS YEAR FOR SURE!!!","YES IT WILL!!! THIS YEAR FOR SURE!!!","","false","false","","","","","15","[THREAD_TITLE]
A NEW PLANNER WILL NOT CHANGE YOUR LIFE!

[THREAD_BODY]
It's that time of the year...your tiktok fyp is full of people setting up their bullet journals for the new year, your Instagram is full of ads to buy a hobonichi...but wait! It's a trap!!! Take the $50 Moleskine leather bound weekly 2025 planner out of your cart. Do NOT, under any circumstances, go into any bookstores, office supply stores, or stationary stores for the next 3-5 days. Ignore any and all links you see for the ADHD life-changing organizer, designed for people with ADHD by people with ADHD. Remember that you can try a new system whenever you want, reinvention doesn't have to start on January 1st. They are preying on our lust for new notebooks and the dopamine we get from setting up new systems!!! Don't let them win! Edit: Y'all some of these comments are killing me😂 love you guys. Also! I'm not saying planners = bad!! pls it's just a joke!!! it's more a commentary on how we're suckers for the push for productivity that comes from stores and influencers to get us to buy stuff we might not need. also sometimes u just need a blank notebook/planner to keep you company 😌 (I am guilty of this)

[PARENT_COMMENT_CONTEXT]
YES IT WILL!!! THIS YEAR FOR SURE!!!

[CURRENT_RECORD]
Literally me every year"
"C:\Projects\Web\planner-tdah\research\reddit_data\reddit-adhdwomen-a_new_planner_will_not_change_your_life.json","reddit-adhdwomen-a_new_planner_will_not_change_your_life","1hpa0sk","t3_1hpa0sk","https://www.reddit.com/r/adhdwomen/comments/1hpa0sk/a_new_planner_will_not_change_your_life/","adhdwomen","r/adhdwomen","A NEW PLANNER WILL NOT CHANGE YOUR LIFE!","It's that time of the year...your tiktok fyp is full of people setting up their bullet journals for the new year, your Instagram is full of ads to buy a hobonichi...but wait! It's a trap!!! Take the $50 Moleskine leather bound weekly 2025 planner out of your cart. Do NOT, under any circumstances, go into any bookstores, office supply stores, or stationary stores for the next 3-5 days. Ignore any and all links you see for the ADHD life-changing organizer, designed for people with ADHD by people with ADHD. Remember that you can try a new system whenever you want, reinvention doesn't have to start on January 1st. They are preying on our lust for new notebooks and the dopamine we get from setting up new systems!!! Don't let them win! Edit: Y'all some of these comments are killing me😂 love you guys. Also! I'm not saying planners = bad!! pls it's just a joke!!! it's more a commentary on how we're suckers for the push for productivity that comes from stores and influencers to get us to buy stuff we might not need. also sometimes u just need a blank notebook/planner to keep you company 😌 (I am guilty of this)","General Question/Discussion","1735517699","2024-12-30T00:14:59+00:00","5568","5568","1","818","3e76da9377002588","","reddit-adhdwomen-a_new_planner_will_not_change_your_life:comment:m4g4dow","comment","m4g4dow","t1_m4g4dow","https://www.reddit.com/r/adhdwomen/comments/1hpa0sk/a_new_planner_will_not_change_your_life/m4g4dow/","/r/adhdwomen/comments/1hpa0sk/a_new_planner_will_not_change_your_life/m4g4dow/","t1_m4fzvxw","comment","m4fzvxw","m4fzvxw","1","false","m4fzvxw > m4g4dow","68e03c6b979ae20a","","","false","false","","81","81","0","0","2","1735520218","2024-12-30T00:56:58+00:00","false","False","","false","false","true","false","YYYAAAAAAARRRRR! ADDS PLANNER TO CART","YYYAAAAAAARRRRR! ADDS PLANNER TO CART","37","5","YES IT WILL!!! THIS YEAR FOR SURE!!!","YES IT WILL!!! THIS YEAR FOR SURE!!!","","false","false","planner | plan","","","mentions_planner_or_system","26","[THREAD_TITLE]
A NEW PLANNER WILL NOT CHANGE YOUR LIFE!

[THREAD_BODY]
It's that time of the year...your tiktok fyp is full of people setting up their bullet journals for the new year, your Instagram is full of ads to buy a hobonichi...but wait! It's a trap!!! Take the $50 Moleskine leather bound weekly 2025 planner out of your cart. Do NOT, under any circumstances, go into any bookstores, office supply stores, or stationary stores for the next 3-5 days. Ignore any and all links you see for the ADHD life-changing organizer, designed for people with ADHD by people with ADHD. Remember that you can try a new system whenever you want, reinvention doesn't have to start on January 1st. They are preying on our lust for new notebooks and the dopamine we get from setting up new systems!!! Don't let them win! Edit: Y'all some of these comments are killing me😂 love you guys. Also! I'm not saying planners = bad!! pls it's just a joke!!! it's more a commentary on how we're suckers for the push for productivity that comes from stores and influencers to get us to buy stuff we might not need. also sometimes u just need a blank notebook/planner to keep you company 😌 (I am guilty of this)

[PARENT_COMMENT_CONTEXT]
YES IT WILL!!! THIS YEAR FOR SURE!!!

[CURRENT_RECORD]
YYYAAAAAAARRRRR! ADDS PLANNER TO CART"
"C:\Projects\Web\planner-tdah\research\reddit_data\reddit-adhdwomen-a_new_planner_will_not_change_your_life.json","reddit-adhdwomen-a_new_planner_will_not_change_your_life","1hpa0sk","t3_1hpa0sk","https://www.reddit.com/r/adhdwomen/comments/1hpa0sk/a_new_planner_will_not_change_your_life/","adhdwomen","r/adhdwomen","A NEW PLANNER WILL NOT CHANGE YOUR LIFE!","It's that time of the year...your tiktok fyp is full of people setting up their bullet journals for the new year, your Instagram is full of ads to buy a hobonichi...but wait! It's a trap!!! Take the $50 Moleskine leather bound weekly 2025 planner out of your cart. Do NOT, under any circumstances, go into any bookstores, office supply stores, or stationary stores for the next 3-5 days. Ignore any and all links you see for the ADHD life-changing organizer, designed for people with ADHD by people with ADHD. Remember that you can try a new system whenever you want, reinvention doesn't have to start on January 1st. They are preying on our lust for new notebooks and the dopamine we get from setting up new systems!!! Don't let them win! Edit: Y'all some of these comments are killing me😂 love you guys. Also! I'm not saying planners = bad!! pls it's just a joke!!! it's more a commentary on how we're suckers for the push for productivity that comes from stores and influencers to get us to buy stuff we might not need. also sometimes u just need a blank notebook/planner to keep you company 😌 (I am guilty of this)","General Question/Discussion","1735517699","2024-12-30T00:14:59+00:00","5568","5568","1","818","3e76da9377002588","","reddit-adhdwomen-a_new_planner_will_not_change_your_life:comment:m4g5mfa","comment","m4g5mfa","t1_m4g5mfa","https://www.reddit.com/r/adhdwomen/comments/1hpa0sk/a_new_planner_will_not_change_your_life/m4g5mfa/","/r/adhdwomen/comments/1hpa0sk/a_new_planner_will_not_change_your_life/m4g5mfa/","t1_m4g4dow","comment","m4g4dow","m4fzvxw","2","false","m4fzvxw > m4g4dow > m4g5mfa","91af922247942077","","ADHD","false","false","","61","61","0","0","3","1735520655","2024-12-30T01:04:15+00:00","false","False","","false","false","true","false","Me: sees this post Oh yeah, I do already have planners in my cart. I managed 4 months on the last one...","Me: sees this post Oh yeah, I do already have planners in my cart. I managed 4 months on the last one...","104","22","YYYAAAAAAARRRRR! ADDS PLANNER TO CART","YES IT WILL!!! THIS YEAR FOR SURE!!!","","false","false","planner | planners | plan","","","mentions_planner_or_system","40","[THREAD_TITLE]
A NEW PLANNER WILL NOT CHANGE YOUR LIFE!

[THREAD_BODY]
It's that time of the year...your tiktok fyp is full of people setting up their bullet journals for the new year, your Instagram is full of ads to buy a hobonichi...but wait! It's a trap!!! Take the $50 Moleskine leather bound weekly 2025 planner out of your cart. Do NOT, under any circumstances, go into any bookstores, office supply stores, or stationary stores for the next 3-5 days. Ignore any and all links you see for the ADHD life-changing organizer, designed for people with ADHD by people with ADHD. Remember that you can try a new system whenever you want, reinvention doesn't have to start on January 1st. They are preying on our lust for new notebooks and the dopamine we get from setting up new systems!!! Don't let them win! Edit: Y'all some of these comments are killing me😂 love you guys. Also! I'm not saying planners = bad!! pls it's just a joke!!! it's more a commentary on how we're suckers for the push for productivity that comes from stores and influencers to get us to buy stuff we might not need. also sometimes u just need a blank notebook/planner to keep you company 😌 (I am guilty of this)

[ROOT_COMMENT_CONTEXT]
YES IT WILL!!! THIS YEAR FOR SURE!!!

[PARENT_COMMENT_CONTEXT]
YYYAAAAAAARRRRR! ADDS PLANNER TO CART

[CURRENT_RECORD]
Me: sees this post Oh yeah, I do already have planners in my cart. I managed 4 months on the last one..."
"C:\Projects\Web\planner-tdah\research\reddit_data\reddit-adhdwomen-a_new_planner_will_not_change_your_life.json","reddit-adhdwomen-a_new_planner_will_not_change_your_life","1hpa0sk","t3_1hpa0sk","https://www.reddit.com/r/adhdwomen/comments/1hpa0sk/a_new_planner_will_not_change_your_life/","adhdwomen","r/adhdwomen","A NEW PLANNER WILL NOT CHANGE YOUR LIFE!","It's that time of the year...your tiktok fyp is full of people setting up their bullet journals for the new year, your Instagram is full of ads to buy a hobonichi...but wait! It's a trap!!! Take the $50 Moleskine leather bound weekly 2025 planner out of your cart. Do NOT, under any circumstances, go into any bookstores, office supply stores, or stationary stores for the next 3-5 days. Ignore any and all links you see for the ADHD life-changing organizer, designed for people with ADHD by people with ADHD. Remember that you can try a new system whenever you want, reinvention doesn't have to start on January 1st. They are preying on our lust for new notebooks and the dopamine we get from setting up new systems!!! Don't let them win! Edit: Y'all some of these comments are killing me😂 love you guys. Also! I'm not saying planners = bad!! pls it's just a joke!!! it's more a commentary on how we're suckers for the push for productivity that comes from stores and influencers to get us to buy stuff we might not need. also sometimes u just need a blank notebook/planner to keep you company 😌 (I am guilty of this)","General Question/Discussion","1735517699","2024-12-30T00:14:59+00:00","5568","5568","1","818","3e76da9377002588","","reddit-adhdwomen-a_new_planner_will_not_change_your_life:comment:m4g61gh","comment","m4g61gh","t1_m4g61gh","https://www.reddit.com/r/adhdwomen/comments/1hpa0sk/a_new_planner_will_not_change_your_life/m4g61gh/","/r/adhdwomen/comments/1hpa0sk/a_new_planner_will_not_change_your_life/m4g61gh/","t1_m4g5mfa","comment","m4g5mfa","m4fzvxw","3","false","m4fzvxw > m4g4dow > m4g5mfa > m4g61gh","","","","false","false","","41","41","0","0","2","1735520801","2024-12-30T01:06:41+00:00","false","False","","false","false","true","false","Four months? I last two weeks…. At best","Four months? I last two weeks…. At best","39","8","Me: sees this post Oh yeah, I do already have planners in my cart. I managed 4 months on the last one...","YES IT WILL!!! THIS YEAR FOR SURE!!!","","true","false","","","","contains_question","13","[THREAD_TITLE]
A NEW PLANNER WILL NOT CHANGE YOUR LIFE!

[THREAD_BODY]
It's that time of the year...your tiktok fyp is full of people setting up their bullet journals for the new year, your Instagram is full of ads to buy a hobonichi...but wait! It's a trap!!! Take the $50 Moleskine leather bound weekly 2025 planner out of your cart. Do NOT, under any circumstances, go into any bookstores, office supply stores, or stationary stores for the next 3-5 days. Ignore any and all links you see for the ADHD life-changing organizer, designed for people with ADHD by people with ADHD. Remember that you can try a new system whenever you want, reinvention doesn't have to start on January 1st. They are preying on our lust for new notebooks and the dopamine we get from setting up new systems!!! Don't let them win! Edit: Y'all some of these comments are killing me😂 love you guys. Also! I'm not saying planners = bad!! pls it's just a joke!!! it's more a commentary on how we're suckers for the push for productivity that comes from stores and influencers to get us to buy stuff we might not need. also sometimes u just need a blank notebook/planner to keep you company 😌 (I am guilty of this)

[ROOT_COMMENT_CONTEXT]
YES IT WILL!!! THIS YEAR FOR SURE!!!

[PARENT_COMMENT_CONTEXT]
Me: sees this post Oh yeah, I do already have planners in my cart. I managed 4 months on the last one...

[CURRENT_RECORD]
Four months? I last two weeks…. At best"
"C:\Projects\Web\planner-tdah\research\reddit_data\reddit-adhdwomen-a_new_planner_will_not_change_your_life.json","reddit-adhdwomen-a_new_planner_will_not_change_your_life","1hpa0sk","t3_1hpa0sk","https://www.reddit.com/r/adhdwomen/comments/1hpa0sk/a_new_planner_will_not_change_your_life/","adhdwomen","r/adhdwomen","A NEW PLANNER WILL NOT CHANGE YOUR LIFE!","It's that time of the year...your tiktok fyp is full of people setting up their bullet journals for the new year, your Instagram is full of ads to buy a hobonichi...but wait! It's a trap!!! Take the $50 Moleskine leather bound weekly 2025 planner out of your cart. Do NOT, under any circumstances, go into any bookstores, office supply stores, or stationary stores for the next 3-5 days. Ignore any and all links you see for the ADHD life-changing organizer, designed for people with ADHD by people with ADHD. Remember that you can try a new system whenever you want, reinvention doesn't have to start on January 1st. They are preying on our lust for new notebooks and the dopamine we get from setting up new systems!!! Don't let them win! Edit: Y'all some of these comments are killing me😂 love you guys. Also! I'm not saying planners = bad!! pls it's just a joke!!! it's more a commentary on how we're suckers for the push for productivity that comes from stores and influencers to get us to buy stuff we might not need. also sometimes u just need a blank notebook/planner to keep you company 😌 (I am guilty of this)","General Question/Discussion","1735517699","2024-12-30T00:14:59+00:00","5568","5568","1","818","3e76da9377002588","","reddit-adhdwomen-a_new_planner_will_not_change_your_life:comment:m4g6sb6","comment","m4g6sb6","t1_m4g6sb6","https://www.reddit.com/r/adhdwomen/comments/1hpa0sk/a_new_planner_will_not_change_your_life/m4g6sb6/","/r/adhdwomen/comments/1hpa0sk/a_new_planner_will_not_change_your_life/m4g6sb6/","t1_m4g61gh","comment","m4g61gh","m4fzvxw","4","false","m4fzvxw > m4g4dow > m4g5mfa > m4g61gh > m4g6sb6","91af922247942077","","ADHD","false","false","","16","16","0","0","0","1735521066","2024-12-30T01:11:06+00:00","false","False","","false","false","true","false","It was ny first te going that long! I was so proud!","It was ny first te going that long! I was so proud!","51","12","Four months? I last two weeks…. At best","YES IT WILL!!! THIS YEAR FOR SURE!!!","","false","false","","","","","5","[THREAD_TITLE]
A NEW PLANNER WILL NOT CHANGE YOUR LIFE!

[THREAD_BODY]
It's that time of the year...your tiktok fyp is full of people setting up their bullet journals for the new year, your Instagram is full of ads to buy a hobonichi...but wait! It's a trap!!! Take the $50 Moleskine leather bound weekly 2025 planner out of your cart. Do NOT, under any circumstances, go into any bookstores, office supply stores, or stationary stores for the next 3-5 days. Ignore any and all links you see for the ADHD life-changing organizer, designed for people with ADHD by people with ADHD. Remember that you can try a new system whenever you want, reinvention doesn't have to start on January 1st. They are preying on our lust for new notebooks and the dopamine we get from setting up new systems!!! Don't let them win! Edit: Y'all some of these comments are killing me😂 love you guys. Also! I'm not saying planners = bad!! pls it's just a joke!!! it's more a commentary on how we're suckers for the push for productivity that comes from stores and influencers to get us to buy stuff we might not need. also sometimes u just need a blank notebook/planner to keep you company 😌 (I am guilty of this)

[ROOT_COMMENT_CONTEXT]
YES IT WILL!!! THIS YEAR FOR SURE!!!

[PARENT_COMMENT_CONTEXT]
Four months? I last two weeks…. At best

[CURRENT_RECORD]
It was ny first te going that long! I was so proud!"
"C:\Projects\Web\planner-tdah\research\reddit_data\reddit-adhdwomen-a_new_planner_will_not_change_your_life.json","reddit-adhdwomen-a_new_planner_will_not_change_your_life","1hpa0sk","t3_1hpa0sk","https://www.reddit.com/r/adhdwomen/comments/1hpa0sk/a_new_planner_will_not_change_your_life/","adhdwomen","r/adhdwomen","A NEW PLANNER WILL NOT CHANGE YOUR LIFE!","It's that time of the year...your tiktok fyp is full of people setting up their bullet journals for the new year, your Instagram is full of ads to buy a hobonichi...but wait! It's a trap!!! Take the $50 Moleskine leather bound weekly 2025 planner out of your cart. Do NOT, under any circumstances, go into any bookstores, office supply stores, or stationary stores for the next 3-5 days. Ignore any and all links you see for the ADHD life-changing organizer, designed for people with ADHD by people with ADHD. Remember that you can try a new system whenever you want, reinvention doesn't have to start on January 1st. They are preying on our lust for new notebooks and the dopamine we get from setting up new systems!!! Don't let them win! Edit: Y'all some of these comments are killing me😂 love you guys. Also! I'm not saying planners = bad!! pls it's just a joke!!! it's more a commentary on how we're suckers for the push for productivity that comes from stores and influencers to get us to buy stuff we might not need. also sometimes u just need a blank notebook/planner to keep you company 😌 (I am guilty of this)","General Question/Discussion","1735517699","2024-12-30T00:14:59+00:00","5568","5568","1","818","3e76da9377002588","","reddit-adhdwomen-a_new_planner_will_not_change_your_life:comment:m4gufug","comment","m4gufug","t1_m4gufug","https://www.reddit.com/r/adhdwomen/comments/1hpa0sk/a_new_planner_will_not_change_your_life/m4gufug/","/r/adhdwomen/comments/1hpa0sk/a_new_planner_will_not_change_your_life/m4gufug/","t1_m4g61gh","comment","m4g61gh","m4fzvxw","4","false","m4fzvxw > m4g4dow > m4g5mfa > m4g61gh > m4gufug","dad3d985cf12cab8","","","false","false","","4","4","0","0","0","1735529659","2024-12-30T03:34:19+00:00","false","False","","false","false","true","false","I don't do the planner thing but I lasted 20 days doing something relatively recently (kept a note in my diary) but it slid off near the end & then of course I stopped completely. 😩","I don't do the planner thing but I lasted 20 days doing something relatively recently (kept a note in my diary) but it slid off near the end & then of course I stopped completely. 😩","181","36","Four months? I last two weeks…. At best","YES IT WILL!!! THIS YEAR FOR SURE!!!","","false","false","planner | plan","","","mentions_planner_or_system","18","[THREAD_TITLE]
A NEW PLANNER WILL NOT CHANGE YOUR LIFE!

[THREAD_BODY]
It's that time of the year...your tiktok fyp is full of people setting up their bullet journals for the new year, your Instagram is full of ads to buy a hobonichi...but wait! It's a trap!!! Take the $50 Moleskine leather bound weekly 2025 planner out of your cart. Do NOT, under any circumstances, go into any bookstores, office supply stores, or stationary stores for the next 3-5 days. Ignore any and all links you see for the ADHD life-changing organizer, designed for people with ADHD by people with ADHD. Remember that you can try a new system whenever you want, reinvention doesn't have to start on January 1st. They are preying on our lust for new notebooks and the dopamine we get from setting up new systems!!! Don't let them win! Edit: Y'all some of these comments are killing me😂 love you guys. Also! I'm not saying planners = bad!! pls it's just a joke!!! it's more a commentary on how we're suckers for the push for productivity that comes from stores and influencers to get us to buy stuff we might not need. also sometimes u just need a blank notebook/planner to keep you company 😌 (I am guilty of this)

[ROOT_COMMENT_CONTEXT]
YES IT WILL!!! THIS YEAR FOR SURE!!!

[PARENT_COMMENT_CONTEXT]
Four months? I last two weeks…. At best

[CURRENT_RECORD]
I don't do the planner thing but I lasted 20 days doing something relatively recently (kept a note in my diary) but it slid off near the end & then of course I stopped completely. 😩"
"C:\Projects\Web\planner-tdah\research\reddit_data\reddit-adhdwomen-a_new_planner_will_not_change_your_life.json","reddit-adhdwomen-a_new_planner_will_not_change_your_life","1hpa0sk","t3_1hpa0sk","https://www.reddit.com/r/adhdwomen/comments/1hpa0sk/a_new_planner_will_not_change_your_life/","adhdwomen","r/adhdwomen","A NEW PLANNER WILL NOT CHANGE YOUR LIFE!","It's that time of the year...your tiktok fyp is full of people setting up their bullet journals for the new year, your Instagram is full of ads to buy a hobonichi...but wait! It's a trap!!! Take the $50 Moleskine leather bound weekly 2025 planner out of your cart. Do NOT, under any circumstances, go into any bookstores, office supply stores, or stationary stores for the next 3-5 days. Ignore any and all links you see for the ADHD life-changing organizer, designed for people with ADHD by people with ADHD. Remember that you can try a new system whenever you want, reinvention doesn't have to start on January 1st. They are preying on our lust for new notebooks and the dopamine we get from setting up new systems!!! Don't let them win! Edit: Y'all some of these comments are killing me😂 love you guys. Also! I'm not saying planners = bad!! pls it's just a joke!!! it's more a commentary on how we're suckers for the push for productivity that comes from stores and influencers to get us to buy stuff we might not need. also sometimes u just need a blank notebook/planner to keep you company 😌 (I am guilty of this)","General Question/Discussion","1735517699","2024-12-30T00:14:59+00:00","5568","5568","1","818","3e76da9377002588","","reddit-adhdwomen-a_new_planner_will_not_change_your_life:comment:m4g89a6","comment","m4g89a6","t1_m4g89a6","https://www.reddit.com/r/adhdwomen/comments/1hpa0sk/a_new_planner_will_not_change_your_life/m4g89a6/","/r/adhdwomen/comments/1hpa0sk/a_new_planner_will_not_change_your_life/m4g89a6/","t1_m4g5mfa","comment","m4g5mfa","m4fzvxw","3","false","m4fzvxw > m4g4dow > m4g5mfa > m4g89a6","5218c2e14bb6f4cd","","","false","false","","30","30","0","0","0","1735521589","2024-12-30T01:19:49+00:00","false","False","","false","false","true","false","4 months is impressive. I’ve never made it that far.","4 months is impressive. I’ve never made it that far.","52","10","Me: sees this post Oh yeah, I do already have planners in my cart. I managed 4 months on the last one...","YES IT WILL!!! THIS YEAR FOR SURE!!!","","false","false","","","","","10","[THREAD_TITLE]
A NEW PLANNER WILL NOT CHANGE YOUR LIFE!

[THREAD_BODY]
It's that time of the year...your tiktok fyp is full of people setting up their bullet journals for the new year, your Instagram is full of ads to buy a hobonichi...but wait! It's a trap!!! Take the $50 Moleskine leather bound weekly 2025 planner out of your cart. Do NOT, under any circumstances, go into any bookstores, office supply stores, or stationary stores for the next 3-5 days. Ignore any and all links you see for the ADHD life-changing organizer, designed for people with ADHD by people with ADHD. Remember that you can try a new system whenever you want, reinvention doesn't have to start on January 1st. They are preying on our lust for new notebooks and the dopamine we get from setting up new systems!!! Don't let them win! Edit: Y'all some of these comments are killing me😂 love you guys. Also! I'm not saying planners = bad!! pls it's just a joke!!! it's more a commentary on how we're suckers for the push for productivity that comes from stores and influencers to get us to buy stuff we might not need. also sometimes u just need a blank notebook/planner to keep you company 😌 (I am guilty of this)

[ROOT_COMMENT_CONTEXT]
YES IT WILL!!! THIS YEAR FOR SURE!!!

[PARENT_COMMENT_CONTEXT]
Me: sees this post Oh yeah, I do already have planners in my cart. I managed 4 months on the last one...

[CURRENT_RECORD]
4 months is impressive. I’ve never made it that far."
"C:\Projects\Web\planner-tdah\research\reddit_data\reddit-adhdwomen-a_new_planner_will_not_change_your_life.json","reddit-adhdwomen-a_new_planner_will_not_change_your_life","1hpa0sk","t3_1hpa0sk","https://www.reddit.com/r/adhdwomen/comments/1hpa0sk/a_new_planner_will_not_change_your_life/","adhdwomen","r/adhdwomen","A NEW PLANNER WILL NOT CHANGE YOUR LIFE!","It's that time of the year...your tiktok fyp is full of people setting up their bullet journals for the new year, your Instagram is full of ads to buy a hobonichi...but wait! It's a trap!!! Take the $50 Moleskine leather bound weekly 2025 planner out of your cart. Do NOT, under any circumstances, go into any bookstores, office supply stores, or stationary stores for the next 3-5 days. Ignore any and all links you see for the ADHD life-changing organizer, designed for people with ADHD by people with ADHD. Remember that you can try a new system whenever you want, reinvention doesn't have to start on January 1st. They are preying on our lust for new notebooks and the dopamine we get from setting up new systems!!! Don't let them win! Edit: Y'all some of these comments are killing me😂 love you guys. Also! I'm not saying planners = bad!! pls it's just a joke!!! it's more a commentary on how we're suckers for the push for productivity that comes from stores and influencers to get us to buy stuff we might not need. also sometimes u just need a blank notebook/planner to keep you company 😌 (I am guilty of this)","General Question/Discussion","1735517699","2024-12-30T00:14:59+00:00","5568","5568","1","818","3e76da9377002588","","reddit-adhdwomen-a_new_planner_will_not_change_your_life:comment:m4g79bw","comment","m4g79bw","t1_m4g79bw","https://www.reddit.com/r/adhdwomen/comments/1hpa0sk/a_new_planner_will_not_change_your_life/m4g79bw/","/r/adhdwomen/comments/1hpa0sk/a_new_planner_will_not_change_your_life/m4g79bw/","t1_m4g5mfa","comment","m4g5mfa","m4fzvxw","3","false","m4fzvxw > m4g4dow > m4g5mfa > m4g79bw","246e3675740095b5","","i drive away with shit on the car roof all the time","false","false","","21","21","0","0","0","1735521234","2024-12-30T01:13:54+00:00","false","False","","false","false","true","false","4 months is so good!!!!!!!!!!!!!!!!","4 months is so good!!!!!!!!!!!!!!!!","35","5","Me: sees this post Oh yeah, I do already have planners in my cart. I managed 4 months on the last one...","YES IT WILL!!! THIS YEAR FOR SURE!!!","","false","false","","","","","10","[THREAD_TITLE]
A NEW PLANNER WILL NOT CHANGE YOUR LIFE!

[THREAD_BODY]
It's that time of the year...your tiktok fyp is full of people setting up their bullet journals for the new year, your Instagram is full of ads to buy a hobonichi...but wait! It's a trap!!! Take the $50 Moleskine leather bound weekly 2025 planner out of your cart. Do NOT, under any circumstances, go into any bookstores, office supply stores, or stationary stores for the next 3-5 days. Ignore any and all links you see for the ADHD life-changing organizer, designed for people with ADHD by people with ADHD. Remember that you can try a new system whenever you want, reinvention doesn't have to start on January 1st. They are preying on our lust for new notebooks and the dopamine we get from setting up new systems!!! Don't let them win! Edit: Y'all some of these comments are killing me😂 love you guys. Also! I'm not saying planners = bad!! pls it's just a joke!!! it's more a commentary on how we're suckers for the push for productivity that comes from stores and influencers to get us to buy stuff we might not need. also sometimes u just need a blank notebook/planner to keep you company 😌 (I am guilty of this)

[ROOT_COMMENT_CONTEXT]
YES IT WILL!!! THIS YEAR FOR SURE!!!

[PARENT_COMMENT_CONTEXT]
Me: sees this post Oh yeah, I do already have planners in my cart. I managed 4 months on the last one...

[CURRENT_RECORD]
4 months is so good!!!!!!!!!!!!!!!!"
"C:\Projects\Web\planner-tdah\research\reddit_data\reddit-adhdwomen-a_new_planner_will_not_change_your_life.json","reddit-adhdwomen-a_new_planner_will_not_change_your_life","1hpa0sk","t3_1hpa0sk","https://www.reddit.com/r/adhdwomen/comments/1hpa0sk/a_new_planner_will_not_change_your_life/","adhdwomen","r/adhdwomen","A NEW PLANNER WILL NOT CHANGE YOUR LIFE!","It's that time of the year...your tiktok fyp is full of people setting up their bullet journals for the new year, your Instagram is full of ads to buy a hobonichi...but wait! It's a trap!!! Take the $50 Moleskine leather bound weekly 2025 planner out of your cart. Do NOT, under any circumstances, go into any bookstores, office supply stores, or stationary stores for the next 3-5 days. Ignore any and all links you see for the ADHD life-changing organizer, designed for people with ADHD by people with ADHD. Remember that you can try a new system whenever you want, reinvention doesn't have to start on January 1st. They are preying on our lust for new notebooks and the dopamine we get from setting up new systems!!! Don't let them win! Edit: Y'all some of these comments are killing me😂 love you guys. Also! I'm not saying planners = bad!! pls it's just a joke!!! it's more a commentary on how we're suckers for the push for productivity that comes from stores and influencers to get us to buy stuff we might not need. also sometimes u just need a blank notebook/planner to keep you company 😌 (I am guilty of this)","General Question/Discussion","1735517699","2024-12-30T00:14:59+00:00","5568","5568","1","818","3e76da9377002588","","reddit-adhdwomen-a_new_planner_will_not_change_your_life:comment:m4hqab3","comment","m4hqab3","t1_m4hqab3","https://www.reddit.com/r/adhdwomen/comments/1hpa0sk/a_new_planner_will_not_change_your_life/m4hqab3/","/r/adhdwomen/comments/1hpa0sk/a_new_planner_will_not_change_your_life/m4hqab3/","t1_m4g4dow","comment","m4g4dow","m4fzvxw","2","false","m4fzvxw > m4g4dow > m4hqab3","4426507f6165eb75","","","false","false","","15","15","0","0","0","1735544470","2024-12-30T07:41:10+00:00","false","False","","false","false","true","false","This thread made me buy a planner but at least this thread made me buy an undated one so I can keep trying again every year if it fails","This thread made me buy a planner but at least this thread made me buy an undated one so I can keep trying again every year if it fails","135","29","YYYAAAAAAARRRRR! ADDS PLANNER TO CART","YES IT WILL!!! THIS YEAR FOR SURE!!!","","false","false","planner | plan","","","mentions_planner_or_system","23","[THREAD_TITLE]
A NEW PLANNER WILL NOT CHANGE YOUR LIFE!

[THREAD_BODY]
It's that time of the year...your tiktok fyp is full of people setting up their bullet journals for the new year, your Instagram is full of ads to buy a hobonichi...but wait! It's a trap!!! Take the $50 Moleskine leather bound weekly 2025 planner out of your cart. Do NOT, under any circumstances, go into any bookstores, office supply stores, or stationary stores for the next 3-5 days. Ignore any and all links you see for the ADHD life-changing organizer, designed for people with ADHD by people with ADHD. Remember that you can try a new system whenever you want, reinvention doesn't have to start on January 1st. They are preying on our lust for new notebooks and the dopamine we get from setting up new systems!!! Don't let them win! Edit: Y'all some of these comments are killing me😂 love you guys. Also! I'm not saying planners = bad!! pls it's just a joke!!! it's more a commentary on how we're suckers for the push for productivity that comes from stores and influencers to get us to buy stuff we might not need. also sometimes u just need a blank notebook/planner to keep you company 😌 (I am guilty of this)

[ROOT_COMMENT_CONTEXT]
YES IT WILL!!! THIS YEAR FOR SURE!!!

[PARENT_COMMENT_CONTEXT]
YYYAAAAAAARRRRR! ADDS PLANNER TO CART

[CURRENT_RECORD]
This thread made me buy a planner but at least this thread made me buy an undated one so I can keep trying again every year if it fails"
"C:\Projects\Web\planner-tdah\research\reddit_data\reddit-adhdwomen-a_new_planner_will_not_change_your_life.json","reddit-adhdwomen-a_new_planner_will_not_change_your_life","1hpa0sk","t3_1hpa0sk","https://www.reddit.com/r/adhdwomen/comments/1hpa0sk/a_new_planner_will_not_change_your_life/","adhdwomen","r/adhdwomen","A NEW PLANNER WILL NOT CHANGE YOUR LIFE!","It's that time of the year...your tiktok fyp is full of people setting up their bullet journals for the new year, your Instagram is full of ads to buy a hobonichi...but wait! It's a trap!!! Take the $50 Moleskine leather bound weekly 2025 planner out of your cart. Do NOT, under any circumstances, go into any bookstores, office supply stores, or stationary stores for the next 3-5 days. Ignore any and all links you see for the ADHD life-changing organizer, designed for people with ADHD by people with ADHD. Remember that you can try a new system whenever you want, reinvention doesn't have to start on January 1st. They are preying on our lust for new notebooks and the dopamine we get from setting up new systems!!! Don't let them win! Edit: Y'all some of these comments are killing me😂 love you guys. Also! I'm not saying planners = bad!! pls it's just a joke!!! it's more a commentary on how we're suckers for the push for productivity that comes from stores and influencers to get us to buy stuff we might not need. also sometimes u just need a blank notebook/planner to keep you company 😌 (I am guilty of this)","General Question/Discussion","1735517699","2024-12-30T00:14:59+00:00","5568","5568","1","818","3e76da9377002588","","reddit-adhdwomen-a_new_planner_will_not_change_your_life:comment:m4gpli9","comment","m4gpli9","t1_m4gpli9","https://www.reddit.com/r/adhdwomen/comments/1hpa0sk/a_new_planner_will_not_change_your_life/m4gpli9/","/r/adhdwomen/comments/1hpa0sk/a_new_planner_will_not_change_your_life/m4gpli9/","t1_m4fzvxw","comment","m4fzvxw","m4fzvxw","1","false","m4fzvxw > m4gpli9","10c14d15aa4117d2","","","false","false","","13","13","0","0","0","1735527834","2024-12-30T03:03:54+00:00","false","False","","false","false","true","false","Hahaha this is literally what I shouted out loud in my brain too 😂 good thing I just purchased 3 packs of stickers and a pen pouch to go along with my new planner and work bag 😅","Hahaha this is literally what I shouted out loud in my brain too 😂 good thing I just purchased 3 packs of stickers and a pen pouch to go along with my new planner and work bag 😅","177","38","YES IT WILL!!! THIS YEAR FOR SURE!!!","YES IT WILL!!! THIS YEAR FOR SURE!!!","","false","false","planner | plan","","","mentions_planner_or_system","23","[THREAD_TITLE]
A NEW PLANNER WILL NOT CHANGE YOUR LIFE!

[THREAD_BODY]
It's that time of the year...your tiktok fyp is full of people setting up their bullet journals for the new year, your Instagram is full of ads to buy a hobonichi...but wait! It's a trap!!! Take the $50 Moleskine leather bound weekly 2025 planner out of your cart. Do NOT, under any circumstances, go into any bookstores, office supply stores, or stationary stores for the next 3-5 days. Ignore any and all links you see for the ADHD life-changing organizer, designed for people with ADHD by people with ADHD. Remember that you can try a new system whenever you want, reinvention doesn't have to start on January 1st. They are preying on our lust for new notebooks and the dopamine we get from setting up new systems!!! Don't let them win! Edit: Y'all some of these comments are killing me😂 love you guys. Also! I'm not saying planners = bad!! pls it's just a joke!!! it's more a commentary on how we're suckers for the push for productivity that comes from stores and influencers to get us to buy stuff we might not need. also sometimes u just need a blank notebook/planner to keep you company 😌 (I am guilty of this)

[PARENT_COMMENT_CONTEXT]
YES IT WILL!!! THIS YEAR FOR SURE!!!

[CURRENT_RECORD]
Hahaha this is literally what I shouted out loud in my brain too 😂 good thing I just purchased 3 packs of stickers and a pen pouch to go along with my new planner and work bag 😅"
"C:\Projects\Web\planner-tdah\research\reddit_data\reddit-adhdwomen-a_new_planner_will_not_change_your_life.json","reddit-adhdwomen-a_new_planner_will_not_change_your_life","1hpa0sk","t3_1hpa0sk","https://www.reddit.com/r/adhdwomen/comments/1hpa0sk/a_new_planner_will_not_change_your_life/","adhdwomen","r/adhdwomen","A NEW PLANNER WILL NOT CHANGE YOUR LIFE!","It's that time of the year...your tiktok fyp is full of people setting up their bullet journals for the new year, your Instagram is full of ads to buy a hobonichi...but wait! It's a trap!!! Take the $50 Moleskine leather bound weekly 2025 planner out of your cart. Do NOT, under any circumstances, go into any bookstores, office supply stores, or stationary stores for the next 3-5 days. Ignore any and all links you see for the ADHD life-changing organizer, designed for people with ADHD by people with ADHD. Remember that you can try a new system whenever you want, reinvention doesn't have to start on January 1st. They are preying on our lust for new notebooks and the dopamine we get from setting up new systems!!! Don't let them win! Edit: Y'all some of these comments are killing me😂 love you guys. Also! I'm not saying planners = bad!! pls it's just a joke!!! it's more a commentary on how we're suckers for the push for productivity that comes from stores and influencers to get us to buy stuff we might not need. also sometimes u just need a blank notebook/planner to keep you company 😌 (I am guilty of this)","General Question/Discussion","1735517699","2024-12-30T00:14:59+00:00","5568","5568","1","818","3e76da9377002588","","reddit-adhdwomen-a_new_planner_will_not_change_your_life:comment:m4h9pkq","comment","m4h9pkq","t1_m4h9pkq","https://www.reddit.com/r/adhdwomen/comments/1hpa0sk/a_new_planner_will_not_change_your_life/m4h9pkq/","/r/adhdwomen/comments/1hpa0sk/a_new_planner_will_not_change_your_life/m4h9pkq/","t1_m4fzvxw","comment","m4fzvxw","m4fzvxw","1","false","m4fzvxw > m4h9pkq","f6c21ea914b3947f","","","false","false","","11","11","0","0","0","1735535746","2024-12-30T05:15:46+00:00","false","False","","false","false","true","false","Especially if I get the PERFECT PENS","Especially if I get the PERFECT PENS","36","7","YES IT WILL!!! THIS YEAR FOR SURE!!!","YES IT WILL!!! THIS YEAR FOR SURE!!!","","false","false","","","","","5","[THREAD_TITLE]
A NEW PLANNER WILL NOT CHANGE YOUR LIFE!

[THREAD_BODY]
It's that time of the year...your tiktok fyp is full of people setting up their bullet journals for the new year, your Instagram is full of ads to buy a hobonichi...but wait! It's a trap!!! Take the $50 Moleskine leather bound weekly 2025 planner out of your cart. Do NOT, under any circumstances, go into any bookstores, office supply stores, or stationary stores for the next 3-5 days. Ignore any and all links you see for the ADHD life-changing organizer, designed for people with ADHD by people with ADHD. Remember that you can try a new system whenever you want, reinvention doesn't have to start on January 1st. They are preying on our lust for new notebooks and the dopamine we get from setting up new systems!!! Don't let them win! Edit: Y'all some of these comments are killing me😂 love you guys. Also! I'm not saying planners = bad!! pls it's just a joke!!! it's more a commentary on how we're suckers for the push for productivity that comes from stores and influencers to get us to buy stuff we might not need. also sometimes u just need a blank notebook/planner to keep you company 😌 (I am guilty of this)

[PARENT_COMMENT_CONTEXT]
YES IT WILL!!! THIS YEAR FOR SURE!!!

[CURRENT_RECORD]
Especially if I get the PERFECT PENS"
"C:\Projects\Web\planner-tdah\research\reddit_data\reddit-adhdwomen-a_new_planner_will_not_change_your_life.json","reddit-adhdwomen-a_new_planner_will_not_change_your_life","1hpa0sk","t3_1hpa0sk","https://www.reddit.com/r/adhdwomen/comments/1hpa0sk/a_new_planner_will_not_change_your_life/","adhdwomen","r/adhdwomen","A NEW PLANNER WILL NOT CHANGE YOUR LIFE!","It's that time of the year...your tiktok fyp is full of people setting up their bullet journals for the new year, your Instagram is full of ads to buy a hobonichi...but wait! It's a trap!!! Take the $50 Moleskine leather bound weekly 2025 planner out of your cart. Do NOT, under any circumstances, go into any bookstores, office supply stores, or stationary stores for the next 3-5 days. Ignore any and all links you see for the ADHD life-changing organizer, designed for people with ADHD by people with ADHD. Remember that you can try a new system whenever you want, reinvention doesn't have to start on January 1st. They are preying on our lust for new notebooks and the dopamine we get from setting up new systems!!! Don't let them win! Edit: Y'all some of these comments are killing me😂 love you guys. Also! I'm not saying planners = bad!! pls it's just a joke!!! it's more a commentary on how we're suckers for the push for productivity that comes from stores and influencers to get us to buy stuff we might not need. also sometimes u just need a blank notebook/planner to keep you company 😌 (I am guilty of this)","General Question/Discussion","1735517699","2024-12-30T00:14:59+00:00","5568","5568","1","818","3e76da9377002588","","reddit-adhdwomen-a_new_planner_will_not_change_your_life:comment:m4g4fqa","comment","m4g4fqa","t1_m4g4fqa","https://www.reddit.com/r/adhdwomen/comments/1hpa0sk/a_new_planner_will_not_change_your_life/m4g4fqa/","/r/adhdwomen/comments/1hpa0sk/a_new_planner_will_not_change_your_life/m4g4fqa/","t3_1hpa0sk","post","","m4g4fqa","0","true","m4g4fqa","6c2efc27308b4171","","","false","false","","917","917","0","0","6","1735520238","2024-12-30T00:57:18+00:00","false","False","","false","false","true","false","Respectfully, you haven't seen this planner","Respectfully, you haven't seen this planner","43","6","","","","false","false","planner | plan","","","mentions_planner_or_system","30","[THREAD_TITLE]
A NEW PLANNER WILL NOT CHANGE YOUR LIFE!

[THREAD_BODY]
It's that time of the year...your tiktok fyp is full of people setting up their bullet journals for the new year, your Instagram is full of ads to buy a hobonichi...but wait! It's a trap!!! Take the $50 Moleskine leather bound weekly 2025 planner out of your cart. Do NOT, under any circumstances, go into any bookstores, office supply stores, or stationary stores for the next 3-5 days. Ignore any and all links you see for the ADHD life-changing organizer, designed for people with ADHD by people with ADHD. Remember that you can try a new system whenever you want, reinvention doesn't have to start on January 1st. They are preying on our lust for new notebooks and the dopamine we get from setting up new systems!!! Don't let them win! Edit: Y'all some of these comments are killing me😂 love you guys. Also! I'm not saying planners = bad!! pls it's just a joke!!! it's more a commentary on how we're suckers for the push for productivity that comes from stores and influencers to get us to buy stuff we might not need. also sometimes u just need a blank notebook/planner to keep you company 😌 (I am guilty of this)

[CURRENT_RECORD]
Respectfully, you haven't seen this planner"
"C:\Projects\Web\planner-tdah\research\reddit_data\reddit-adhdwomen-a_new_planner_will_not_change_your_life.json","reddit-adhdwomen-a_new_planner_will_not_change_your_life","1hpa0sk","t3_1hpa0sk","https://www.reddit.com/r/adhdwomen/comments/1hpa0sk/a_new_planner_will_not_change_your_life/","adhdwomen","r/adhdwomen","A NEW PLANNER WILL NOT CHANGE YOUR LIFE!","It's that time of the year...your tiktok fyp is full of people setting up their bullet journals for the new year, your Instagram is full of ads to buy a hobonichi...but wait! It's a trap!!! Take the $50 Moleskine leather bound weekly 2025 planner out of your cart. Do NOT, under any circumstances, go into any bookstores, office supply stores, or stationary stores for the next 3-5 days. Ignore any and all links you see for the ADHD life-changing organizer, designed for people with ADHD by people with ADHD. Remember that you can try a new system whenever you want, reinvention doesn't have to start on January 1st. They are preying on our lust for new notebooks and the dopamine we get from setting up new systems!!! Don't let them win! Edit: Y'all some of these comments are killing me😂 love you guys. Also! I'm not saying planners = bad!! pls it's just a joke!!! it's more a commentary on how we're suckers for the push for productivity that comes from stores and influencers to get us to buy stuff we might not need. also sometimes u just need a blank notebook/planner to keep you company 😌 (I am guilty of this)","General Question/Discussion","1735517699","2024-12-30T00:14:59+00:00","5568","5568","1","818","3e76da9377002588","","reddit-adhdwomen-a_new_planner_will_not_change_your_life:comment:m4ge9tm","comment","m4ge9tm","t1_m4ge9tm","https://www.reddit.com/r/adhdwomen/comments/1hpa0sk/a_new_planner_will_not_change_your_life/m4ge9tm/","/r/adhdwomen/comments/1hpa0sk/a_new_planner_will_not_change_your_life/m4ge9tm/","t1_m4g4fqa","comment","m4g4fqa","m4g4fqa","1","false","m4g4fqa > m4ge9tm","584cbbbaf446beee","","here because I'm procrastinating something","false","false","","177","177","0","0","1","1735523711","2024-12-30T01:55:11+00:00","false","False","","false","false","true","false","i honestly laughed out loud reading this.","i honestly laughed out loud reading this.","41","7","Respectfully, you haven't seen this planner","Respectfully, you haven't seen this planner","","false","false","","","","","18","[THREAD_TITLE]
A NEW PLANNER WILL NOT CHANGE YOUR LIFE!

[THREAD_BODY]
It's that time of the year...your tiktok fyp is full of people setting up their bullet journals for the new year, your Instagram is full of ads to buy a hobonichi...but wait! It's a trap!!! Take the $50 Moleskine leather bound weekly 2025 planner out of your cart. Do NOT, under any circumstances, go into any bookstores, office supply stores, or stationary stores for the next 3-5 days. Ignore any and all links you see for the ADHD life-changing organizer, designed for people with ADHD by people with ADHD. Remember that you can try a new system whenever you want, reinvention doesn't have to start on January 1st. They are preying on our lust for new notebooks and the dopamine we get from setting up new systems!!! Don't let them win! Edit: Y'all some of these comments are killing me😂 love you guys. Also! I'm not saying planners = bad!! pls it's just a joke!!! it's more a commentary on how we're suckers for the push for productivity that comes from stores and influencers to get us to buy stuff we might not need. also sometimes u just need a blank notebook/planner to keep you company 😌 (I am guilty of this)

[PARENT_COMMENT_CONTEXT]
Respectfully, you haven't seen this planner

[CURRENT_RECORD]
i honestly laughed out loud reading this."
"C:\Projects\Web\planner-tdah\research\reddit_data\reddit-adhdwomen-a_new_planner_will_not_change_your_life.json","reddit-adhdwomen-a_new_planner_will_not_change_your_life","1hpa0sk","t3_1hpa0sk","https://www.reddit.com/r/adhdwomen/comments/1hpa0sk/a_new_planner_will_not_change_your_life/","adhdwomen","r/adhdwomen","A NEW PLANNER WILL NOT CHANGE YOUR LIFE!","It's that time of the year...your tiktok fyp is full of people setting up their bullet journals for the new year, your Instagram is full of ads to buy a hobonichi...but wait! It's a trap!!! Take the $50 Moleskine leather bound weekly 2025 planner out of your cart. Do NOT, under any circumstances, go into any bookstores, office supply stores, or stationary stores for the next 3-5 days. Ignore any and all links you see for the ADHD life-changing organizer, designed for people with ADHD by people with ADHD. Remember that you can try a new system whenever you want, reinvention doesn't have to start on January 1st. They are preying on our lust for new notebooks and the dopamine we get from setting up new systems!!! Don't let them win! Edit: Y'all some of these comments are killing me😂 love you guys. Also! I'm not saying planners = bad!! pls it's just a joke!!! it's more a commentary on how we're suckers for the push for productivity that comes from stores and influencers to get us to buy stuff we might not need. also sometimes u just need a blank notebook/planner to keep you company 😌 (I am guilty of this)","General Question/Discussion","1735517699","2024-12-30T00:14:59+00:00","5568","5568","1","818","3e76da9377002588","","reddit-adhdwomen-a_new_planner_will_not_change_your_life:comment:m4gol9d","comment","m4gol9d","t1_m4gol9d","https://www.reddit.com/r/adhdwomen/comments/1hpa0sk/a_new_planner_will_not_change_your_life/m4gol9d/","/r/adhdwomen/comments/1hpa0sk/a_new_planner_will_not_change_your_life/m4gol9d/","t1_m4g4fqa","comment","m4g4fqa","m4g4fqa","1","false","m4g4fqa > m4gol9d","699a27ca6b8780f9","","","false","false","","78","78","0","0","2","1735527464","2024-12-30T02:57:44+00:00","false","False","","false","false","true","false","I just got a grid planner and I already jotted down pay off plan tracker for all of my debt and a “Days I Didn’t Vape” tracker. It’s going to with because i can colors in boxes…. Dammit lol","I just got a grid planner and I already jotted down pay off plan tracker for all of my debt and a “Days I Didn’t Vape” tracker. It’s going to with because i can colors in boxes…. Dammit lol","189","39","Respectfully, you haven't seen this planner","Respectfully, you haven't seen this planner","","false","false","planner | plan | tracker","","color","mentions_feature_or_solution | mentions_planner_or_system","44","[THREAD_TITLE]
A NEW PLANNER WILL NOT CHANGE YOUR LIFE!

[THREAD_BODY]
It's that time of the year...your tiktok fyp is full of people setting up their bullet journals for the new year, your Instagram is full of ads to buy a hobonichi...but wait! It's a trap!!! Take the $50 Moleskine leather bound weekly 2025 planner out of your cart. Do NOT, under any circumstances, go into any bookstores, office supply stores, or stationary stores for the next 3-5 days. Ignore any and all links you see for the ADHD life-changing organizer, designed for people with ADHD by people with ADHD. Remember that you can try a new system whenever you want, reinvention doesn't have to start on January 1st. They are preying on our lust for new notebooks and the dopamine we get from setting up new systems!!! Don't let them win! Edit: Y'all some of these comments are killing me😂 love you guys. Also! I'm not saying planners = bad!! pls it's just a joke!!! it's more a commentary on how we're suckers for the push for productivity that comes from stores and influencers to get us to buy stuff we might not need. also sometimes u just need a blank notebook/planner to keep you company 😌 (I am guilty of this)

[PARENT_COMMENT_CONTEXT]
Respectfully, you haven't seen this planner

[CURRENT_RECORD]
I just got a grid planner and I already jotted down pay off plan tracker for all of my debt and a “Days I Didn’t Vape” tracker. It’s going to with because i can colors in boxes…. Dammit lol"
"C:\Projects\Web\planner-tdah\research\reddit_data\reddit-adhdwomen-a_new_planner_will_not_change_your_life.json","reddit-adhdwomen-a_new_planner_will_not_change_your_life","1hpa0sk","t3_1hpa0sk","https://www.reddit.com/r/adhdwomen/comments/1hpa0sk/a_new_planner_will_not_change_your_life/","adhdwomen","r/adhdwomen","A NEW PLANNER WILL NOT CHANGE YOUR LIFE!","It's that time of the year...your tiktok fyp is full of people setting up their bullet journals for the new year, your Instagram is full of ads to buy a hobonichi...but wait! It's a trap!!! Take the $50 Moleskine leather bound weekly 2025 planner out of your cart. Do NOT, under any circumstances, go into any bookstores, office supply stores, or stationary stores for the next 3-5 days. Ignore any and all links you see for the ADHD life-changing organizer, designed for people with ADHD by people with ADHD. Remember that you can try a new system whenever you want, reinvention doesn't have to start on January 1st. They are preying on our lust for new notebooks and the dopamine we get from setting up new systems!!! Don't let them win! Edit: Y'all some of these comments are killing me😂 love you guys. Also! I'm not saying planners = bad!! pls it's just a joke!!! it's more a commentary on how we're suckers for the push for productivity that comes from stores and influencers to get us to buy stuff we might not need. also sometimes u just need a blank notebook/planner to keep you company 😌 (I am guilty of this)","General Question/Discussion","1735517699","2024-12-30T00:14:59+00:00","5568","5568","1","818","3e76da9377002588","","reddit-adhdwomen-a_new_planner_will_not_change_your_life:comment:m4iumgx","comment","m4iumgx","t1_m4iumgx","https://www.reddit.com/r/adhdwomen/comments/1hpa0sk/a_new_planner_will_not_change_your_life/m4iumgx/","/r/adhdwomen/comments/1hpa0sk/a_new_planner_will_not_change_your_life/m4iumgx/","t1_m4gol9d","comment","m4gol9d","m4g4fqa","2","false","m4g4fqa > m4gol9d > m4iumgx","9953669aa43195e4","","","false","false","","23","23","0","0","0","1735567393","2024-12-30T14:03:13+00:00","false","False","","false","false","true","false","You had me at ""color in boxes."" 😂 I think this might be the holy grail!","You had me at ""color in boxes."" 😂 I think this might be the holy grail!","71","16","I just got a grid planner and I already jotted down pay off plan tracker for all of my debt and a “Days I Didn’t Vape” tracker. It’s going to with because i can colors in boxes…. Dammit lol","Respectfully, you haven't seen this planner","","false","false","","","color","mentions_feature_or_solution","14","[THREAD_TITLE]
A NEW PLANNER WILL NOT CHANGE YOUR LIFE!

[THREAD_BODY]
It's that time of the year...your tiktok fyp is full of people setting up their bullet journals for the new year, your Instagram is full of ads to buy a hobonichi...but wait! It's a trap!!! Take the $50 Moleskine leather bound weekly 2025 planner out of your cart. Do NOT, under any circumstances, go into any bookstores, office supply stores, or stationary stores for the next 3-5 days. Ignore any and all links you see for the ADHD life-changing organizer, designed for people with ADHD by people with ADHD. Remember that you can try a new system whenever you want, reinvention doesn't have to start on January 1st. They are preying on our lust for new notebooks and the dopamine we get from setting up new systems!!! Don't let them win! Edit: Y'all some of these comments are killing me😂 love you guys. Also! I'm not saying planners = bad!! pls it's just a joke!!! it's more a commentary on how we're suckers for the push for productivity that comes from stores and influencers to get us to buy stuff we might not need. also sometimes u just need a blank notebook/planner to keep you company 😌 (I am guilty of this)

[ROOT_COMMENT_CONTEXT]
Respectfully, you haven't seen this planner

[PARENT_COMMENT_CONTEXT]
I just got a grid planner and I already jotted down pay off plan tracker for all of my debt and a “Days I Didn’t Vape” tracker. It’s going to with because i can colors in boxes…. Dammit lol

[CURRENT_RECORD]
You had me at ""color in boxes."" 😂 I think this might be the holy grail!"
"C:\Projects\Web\planner-tdah\research\reddit_data\reddit-adhdwomen-a_new_planner_will_not_change_your_life.json","reddit-adhdwomen-a_new_planner_will_not_change_your_life","1hpa0sk","t3_1hpa0sk","https://www.reddit.com/r/adhdwomen/comments/1hpa0sk/a_new_planner_will_not_change_your_life/","adhdwomen","r/adhdwomen","A NEW PLANNER WILL NOT CHANGE YOUR LIFE!","It's that time of the year...your tiktok fyp is full of people setting up their bullet journals for the new year, your Instagram is full of ads to buy a hobonichi...but wait! It's a trap!!! Take the $50 Moleskine leather bound weekly 2025 planner out of your cart. Do NOT, under any circumstances, go into any bookstores, office supply stores, or stationary stores for the next 3-5 days. Ignore any and all links you see for the ADHD life-changing organizer, designed for people with ADHD by people with ADHD. Remember that you can try a new system whenever you want, reinvention doesn't have to start on January 1st. They are preying on our lust for new notebooks and the dopamine we get from setting up new systems!!! Don't let them win! Edit: Y'all some of these comments are killing me😂 love you guys. Also! I'm not saying planners = bad!! pls it's just a joke!!! it's more a commentary on how we're suckers for the push for productivity that comes from stores and influencers to get us to buy stuff we might not need. also sometimes u just need a blank notebook/planner to keep you company 😌 (I am guilty of this)","General Question/Discussion","1735517699","2024-12-30T00:14:59+00:00","5568","5568","1","818","3e76da9377002588","","reddit-adhdwomen-a_new_planner_will_not_change_your_life:comment:m4h6y76","comment","m4h6y76","t1_m4h6y76","https://www.reddit.com/r/adhdwomen/comments/1hpa0sk/a_new_planner_will_not_change_your_life/m4h6y76/","/r/adhdwomen/comments/1hpa0sk/a_new_planner_will_not_change_your_life/m4h6y76/","t1_m4gol9d","comment","m4gol9d","m4g4fqa","2","false","m4g4fqa > m4gol9d > m4h6y76","1b4882f098b2bad7","","","false","false","","4","4","0","0","1","1735534537","2024-12-30T04:55:37+00:00","false","False","","false","false","true","false","do you have a link? 😂😂😂","do you have a link? 😂😂😂","23","6","I just got a grid planner and I already jotted down pay off plan tracker for all of my debt and a “Days I Didn’t Vape” tracker. It’s going to with because i can colors in boxes…. Dammit lol","Respectfully, you haven't seen this planner","","true","false","","","","contains_question","3","[THREAD_TITLE]
A NEW PLANNER WILL NOT CHANGE YOUR LIFE!

[THREAD_BODY]
It's that time of the year...your tiktok fyp is full of people setting up their bullet journals for the new year, your Instagram is full of ads to buy a hobonichi...but wait! It's a trap!!! Take the $50 Moleskine leather bound weekly 2025 planner out of your cart. Do NOT, under any circumstances, go into any bookstores, office supply stores, or stationary stores for the next 3-5 days. Ignore any and all links you see for the ADHD life-changing organizer, designed for people with ADHD by people with ADHD. Remember that you can try a new system whenever you want, reinvention doesn't have to start on January 1st. They are preying on our lust for new notebooks and the dopamine we get from setting up new systems!!! Don't let them win! Edit: Y'all some of these comments are killing me😂 love you guys. Also! I'm not saying planners = bad!! pls it's just a joke!!! it's more a commentary on how we're suckers for the push for productivity that comes from stores and influencers to get us to buy stuff we might not need. also sometimes u just need a blank notebook/planner to keep you company 😌 (I am guilty of this)

[ROOT_COMMENT_CONTEXT]
Respectfully, you haven't seen this planner

[PARENT_COMMENT_CONTEXT]
I just got a grid planner and I already jotted down pay off plan tracker for all of my debt and a “Days I Didn’t Vape” tracker. It’s going to with because i can colors in boxes…. Dammit lol

[CURRENT_RECORD]
do you have a link? 😂😂😂"
"C:\Projects\Web\planner-tdah\research\reddit_data\reddit-adhdwomen-a_new_planner_will_not_change_your_life.json","reddit-adhdwomen-a_new_planner_will_not_change_your_life","1hpa0sk","t3_1hpa0sk","https://www.reddit.com/r/adhdwomen/comments/1hpa0sk/a_new_planner_will_not_change_your_life/","adhdwomen","r/adhdwomen","A NEW PLANNER WILL NOT CHANGE YOUR LIFE!","It's that time of the year...your tiktok fyp is full of people setting up their bullet journals for the new year, your Instagram is full of ads to buy a hobonichi...but wait! It's a trap!!! Take the $50 Moleskine leather bound weekly 2025 planner out of your cart. Do NOT, under any circumstances, go into any bookstores, office supply stores, or stationary stores for the next 3-5 days. Ignore any and all links you see for the ADHD life-changing organizer, designed for people with ADHD by people with ADHD. Remember that you can try a new system whenever you want, reinvention doesn't have to start on January 1st. They are preying on our lust for new notebooks and the dopamine we get from setting up new systems!!! Don't let them win! Edit: Y'all some of these comments are killing me😂 love you guys. Also! I'm not saying planners = bad!! pls it's just a joke!!! it's more a commentary on how we're suckers for the push for productivity that comes from stores and influencers to get us to buy stuff we might not need. also sometimes u just need a blank notebook/planner to keep you company 😌 (I am guilty of this)","General Question/Discussion","1735517699","2024-12-30T00:14:59+00:00","5568","5568","1","818","3e76da9377002588","","reddit-adhdwomen-a_new_planner_will_not_change_your_life:comment:m4h7f0h","comment","m4h7f0h","t1_m4h7f0h","https://www.reddit.com/r/adhdwomen/comments/1hpa0sk/a_new_planner_will_not_change_your_life/m4h7f0h/","/r/adhdwomen/comments/1hpa0sk/a_new_planner_will_not_change_your_life/m4h7f0h/","t1_m4h6y76","comment","m4h6y76","m4g4fqa","3","false","m4g4fqa > m4gol9d > m4h6y76 > m4h7f0h","699a27ca6b8780f9","","","false","false","","14","14","0","0","0","1735534737","2024-12-30T04:58:57+00:00","false","False","","false","false","true","false","https://imgur.com/a/SdGKcRk Its a regular dot planner! The debt payoff one is the same except instead of days, i color a box for every $100 i pay off","https://imgur.com/a/SdGKcRk Its a regular dot planner! The debt payoff one is the same except instead of days, i color a box for every $100 i pay off","149","27","do you have a link? 😂😂😂","Respectfully, you haven't seen this planner","https://imgur.com/a/SdGKcRk","false","false","planner | plan","","color","mentions_feature_or_solution | mentions_planner_or_system","27","[THREAD_TITLE]
A NEW PLANNER WILL NOT CHANGE YOUR LIFE!

[THREAD_BODY]
It's that time of the year...your tiktok fyp is full of people setting up their bullet journals for the new year, your Instagram is full of ads to buy a hobonichi...but wait! It's a trap!!! Take the $50 Moleskine leather bound weekly 2025 planner out of your cart. Do NOT, under any circumstances, go into any bookstores, office supply stores, or stationary stores for the next 3-5 days. Ignore any and all links you see for the ADHD life-changing organizer, designed for people with ADHD by people with ADHD. Remember that you can try a new system whenever you want, reinvention doesn't have to start on January 1st. They are preying on our lust for new notebooks and the dopamine we get from setting up new systems!!! Don't let them win! Edit: Y'all some of these comments are killing me😂 love you guys. Also! I'm not saying planners = bad!! pls it's just a joke!!! it's more a commentary on how we're suckers for the push for productivity that comes from stores and influencers to get us to buy stuff we might not need. also sometimes u just need a blank notebook/planner to keep you company 😌 (I am guilty of this)

[ROOT_COMMENT_CONTEXT]
Respectfully, you haven't seen this planner

[PARENT_COMMENT_CONTEXT]
do you have a link? 😂😂😂

[CURRENT_RECORD]
https://imgur.com/a/SdGKcRk Its a regular dot planner! The debt payoff one is the same except instead of days, i color a box for every $100 i pay off"
"C:\Projects\Web\planner-tdah\research\reddit_data\reddit-adhdwomen-a_new_planner_will_not_change_your_life.json","reddit-adhdwomen-a_new_planner_will_not_change_your_life","1hpa0sk","t3_1hpa0sk","https://www.reddit.com/r/adhdwomen/comments/1hpa0sk/a_new_planner_will_not_change_your_life/","adhdwomen","r/adhdwomen","A NEW PLANNER WILL NOT CHANGE YOUR LIFE!","It's that time of the year...your tiktok fyp is full of people setting up their bullet journals for the new year, your Instagram is full of ads to buy a hobonichi...but wait! It's a trap!!! Take the $50 Moleskine leather bound weekly 2025 planner out of your cart. Do NOT, under any circumstances, go into any bookstores, office supply stores, or stationary stores for the next 3-5 days. Ignore any and all links you see for the ADHD life-changing organizer, designed for people with ADHD by people with ADHD. Remember that you can try a new system whenever you want, reinvention doesn't have to start on January 1st. They are preying on our lust for new notebooks and the dopamine we get from setting up new systems!!! Don't let them win! Edit: Y'all some of these comments are killing me😂 love you guys. Also! I'm not saying planners = bad!! pls it's just a joke!!! it's more a commentary on how we're suckers for the push for productivity that comes from stores and influencers to get us to buy stuff we might not need. also sometimes u just need a blank notebook/planner to keep you company 😌 (I am guilty of this)","General Question/Discussion","1735517699","2024-12-30T00:14:59+00:00","5568","5568","1","818","3e76da9377002588","","reddit-adhdwomen-a_new_planner_will_not_change_your_life:comment:m4ia39e","comment","m4ia39e","t1_m4ia39e","https://www.reddit.com/r/adhdwomen/comments/1hpa0sk/a_new_planner_will_not_change_your_life/m4ia39e/","/r/adhdwomen/comments/1hpa0sk/a_new_planner_will_not_change_your_life/m4ia39e/","t1_m4g4fqa","comment","m4g4fqa","m4g4fqa","1","false","m4g4fqa > m4ia39e","aeab8fda14ae2c56","","","false","false","","10","10","0","0","0","1735557142","2024-12-30T11:12:22+00:00","false","False","","false","false","true","false","Right?! OP has no clue, this planner will finally FIX ME","Right?! OP has no clue, this planner will finally FIX ME","56","11","Respectfully, you haven't seen this planner","Respectfully, you haven't seen this planner","","true","false","planner | plan","","","contains_question | mentions_planner_or_system","13","[THREAD_TITLE]
A NEW PLANNER WILL NOT CHANGE YOUR LIFE!

[THREAD_BODY]
It's that time of the year...your tiktok fyp is full of people setting up their bullet journals for the new year, your Instagram is full of ads to buy a hobonichi...but wait! It's a trap!!! Take the $50 Moleskine leather bound weekly 2025 planner out of your cart. Do NOT, under any circumstances, go into any bookstores, office supply stores, or stationary stores for the next 3-5 days. Ignore any and all links you see for the ADHD life-changing organizer, designed for people with ADHD by people with ADHD. Remember that you can try a new system whenever you want, reinvention doesn't have to start on January 1st. They are preying on our lust for new notebooks and the dopamine we get from setting up new systems!!! Don't let them win! Edit: Y'all some of these comments are killing me😂 love you guys. Also! I'm not saying planners = bad!! pls it's just a joke!!! it's more a commentary on how we're suckers for the push for productivity that comes from stores and influencers to get us to buy stuff we might not need. also sometimes u just need a blank notebook/planner to keep you company 😌 (I am guilty of this)

[PARENT_COMMENT_CONTEXT]
Respectfully, you haven't seen this planner

[CURRENT_RECORD]
Right?! OP has no clue, this planner will finally FIX ME"
"C:\Projects\Web\planner-tdah\research\reddit_data\reddit-adhdwomen-a_new_planner_will_not_change_your_life.json","reddit-adhdwomen-a_new_planner_will_not_change_your_life","1hpa0sk","t3_1hpa0sk","https://www.reddit.com/r/adhdwomen/comments/1hpa0sk/a_new_planner_will_not_change_your_life/","adhdwomen","r/adhdwomen","A NEW PLANNER WILL NOT CHANGE YOUR LIFE!","It's that time of the year...your tiktok fyp is full of people setting up their bullet journals for the new year, your Instagram is full of ads to buy a hobonichi...but wait! It's a trap!!! Take the $50 Moleskine leather bound weekly 2025 planner out of your cart. Do NOT, under any circumstances, go into any bookstores, office supply stores, or stationary stores for the next 3-5 days. Ignore any and all links you see for the ADHD life-changing organizer, designed for people with ADHD by people with ADHD. Remember that you can try a new system whenever you want, reinvention doesn't have to start on January 1st. They are preying on our lust for new notebooks and the dopamine we get from setting up new systems!!! Don't let them win! Edit: Y'all some of these comments are killing me😂 love you guys. Also! I'm not saying planners = bad!! pls it's just a joke!!! it's more a commentary on how we're suckers for the push for productivity that comes from stores and influencers to get us to buy stuff we might not need. also sometimes u just need a blank notebook/planner to keep you company 😌 (I am guilty of this)","General Question/Discussion","1735517699","2024-12-30T00:14:59+00:00","5568","5568","1","818","3e76da9377002588","","reddit-adhdwomen-a_new_planner_will_not_change_your_life:comment:m4gpx55","comment","m4gpx55","t1_m4gpx55","https://www.reddit.com/r/adhdwomen/comments/1hpa0sk/a_new_planner_will_not_change_your_life/m4gpx55/","/r/adhdwomen/comments/1hpa0sk/a_new_planner_will_not_change_your_life/m4gpx55/","t1_m4g4fqa","comment","m4g4fqa","m4g4fqa","1","false","m4g4fqa > m4gpx55","db1f4f48b6a08f45","","","false","false","","8","8","0","0","0","1735527954","2024-12-30T03:05:54+00:00","false","False","","false","false","true","false","Right?! Or the one I bought 2-3 earlier but have lost by now.","Right?! Or the one I bought 2-3 earlier but have lost by now.","61","13","Respectfully, you haven't seen this planner","Respectfully, you haven't seen this planner","","true","false","","lost","","contains_question | forgetfulness_or_time_signal | mentions_pain_or_friction","18","[THREAD_TITLE]
A NEW PLANNER WILL NOT CHANGE YOUR LIFE!

[THREAD_BODY]
It's that time of the year...your tiktok fyp is full of people setting up their bullet journals for the new year, your Instagram is full of ads to buy a hobonichi...but wait! It's a trap!!! Take the $50 Moleskine leather bound weekly 2025 planner out of your cart. Do NOT, under any circumstances, go into any bookstores, office supply stores, or stationary stores for the next 3-5 days. Ignore any and all links you see for the ADHD life-changing organizer, designed for people with ADHD by people with ADHD. Remember that you can try a new system whenever you want, reinvention doesn't have to start on January 1st. They are preying on our lust for new notebooks and the dopamine we get from setting up new systems!!! Don't let them win! Edit: Y'all some of these comments are killing me😂 love you guys. Also! I'm not saying planners = bad!! pls it's just a joke!!! it's more a commentary on how we're suckers for the push for productivity that comes from stores and influencers to get us to buy stuff we might not need. also sometimes u just need a blank notebook/planner to keep you company 😌 (I am guilty of this)

[PARENT_COMMENT_CONTEXT]
Respectfully, you haven't seen this planner

[CURRENT_RECORD]
Right?! Or the one I bought 2-3 earlier but have lost by now."
"C:\Projects\Web\planner-tdah\research\reddit_data\reddit-adhdwomen-a_new_planner_will_not_change_your_life.json","reddit-adhdwomen-a_new_planner_will_not_change_your_life","1hpa0sk","t3_1hpa0sk","https://www.reddit.com/r/adhdwomen/comments/1hpa0sk/a_new_planner_will_not_change_your_life/","adhdwomen","r/adhdwomen","A NEW PLANNER WILL NOT CHANGE YOUR LIFE!","It's that time of the year...your tiktok fyp is full of people setting up their bullet journals for the new year, your Instagram is full of ads to buy a hobonichi...but wait! It's a trap!!! Take the $50 Moleskine leather bound weekly 2025 planner out of your cart. Do NOT, under any circumstances, go into any bookstores, office supply stores, or stationary stores for the next 3-5 days. Ignore any and all links you see for the ADHD life-changing organizer, designed for people with ADHD by people with ADHD. Remember that you can try a new system whenever you want, reinvention doesn't have to start on January 1st. They are preying on our lust for new notebooks and the dopamine we get from setting up new systems!!! Don't let them win! Edit: Y'all some of these comments are killing me😂 love you guys. Also! I'm not saying planners = bad!! pls it's just a joke!!! it's more a commentary on how we're suckers for the push for productivity that comes from stores and influencers to get us to buy stuff we might not need. also sometimes u just need a blank notebook/planner to keep you company 😌 (I am guilty of this)","General Question/Discussion","1735517699","2024-12-30T00:14:59+00:00","5568","5568","1","818","3e76da9377002588","","reddit-adhdwomen-a_new_planner_will_not_change_your_life:comment:m4hmz8d","comment","m4hmz8d","t1_m4hmz8d","https://www.reddit.com/r/adhdwomen/comments/1hpa0sk/a_new_planner_will_not_change_your_life/m4hmz8d/","/r/adhdwomen/comments/1hpa0sk/a_new_planner_will_not_change_your_life/m4hmz8d/","t1_m4g4fqa","comment","m4g4fqa","m4g4fqa","1","false","m4g4fqa > m4hmz8d","3f6043faebd88668","","","false","false","","4","4","0","0","0","1735542467","2024-12-30T07:07:47+00:00","false","False","","false","false","true","false","I hate that my first instinct was to figure out what kind of planner it is (I already bought a new planner)","I hate that my first instinct was to figure out what kind of planner it is (I already bought a new planner)","107","22","Respectfully, you haven't seen this planner","Respectfully, you haven't seen this planner","","false","false","planner | plan","","","mentions_planner_or_system","18","[THREAD_TITLE]
A NEW PLANNER WILL NOT CHANGE YOUR LIFE!

[THREAD_BODY]
It's that time of the year...your tiktok fyp is full of people setting up their bullet journals for the new year, your Instagram is full of ads to buy a hobonichi...but wait! It's a trap!!! Take the $50 Moleskine leather bound weekly 2025 planner out of your cart. Do NOT, under any circumstances, go into any bookstores, office supply stores, or stationary stores for the next 3-5 days. Ignore any and all links you see for the ADHD life-changing organizer, designed for people with ADHD by people with ADHD. Remember that you can try a new system whenever you want, reinvention doesn't have to start on January 1st. They are preying on our lust for new notebooks and the dopamine we get from setting up new systems!!! Don't let them win! Edit: Y'all some of these comments are killing me😂 love you guys. Also! I'm not saying planners = bad!! pls it's just a joke!!! it's more a commentary on how we're suckers for the push for productivity that comes from stores and influencers to get us to buy stuff we might not need. also sometimes u just need a blank notebook/planner to keep you company 😌 (I am guilty of this)

[PARENT_COMMENT_CONTEXT]
Respectfully, you haven't seen this planner

[CURRENT_RECORD]
I hate that my first instinct was to figure out what kind of planner it is (I already bought a new planner)"
"C:\Projects\Web\planner-tdah\research\reddit_data\reddit-adhdwomen-a_new_planner_will_not_change_your_life.json","reddit-adhdwomen-a_new_planner_will_not_change_your_life","1hpa0sk","t3_1hpa0sk","https://www.reddit.com/r/adhdwomen/comments/1hpa0sk/a_new_planner_will_not_change_your_life/","adhdwomen","r/adhdwomen","A NEW PLANNER WILL NOT CHANGE YOUR LIFE!","It's that time of the year...your tiktok fyp is full of people setting up their bullet journals for the new year, your Instagram is full of ads to buy a hobonichi...but wait! It's a trap!!! Take the $50 Moleskine leather bound weekly 2025 planner out of your cart. Do NOT, under any circumstances, go into any bookstores, office supply stores, or stationary stores for the next 3-5 days. Ignore any and all links you see for the ADHD life-changing organizer, designed for people with ADHD by people with ADHD. Remember that you can try a new system whenever you want, reinvention doesn't have to start on January 1st. They are preying on our lust for new notebooks and the dopamine we get from setting up new systems!!! Don't let them win! Edit: Y'all some of these comments are killing me😂 love you guys. Also! I'm not saying planners = bad!! pls it's just a joke!!! it's more a commentary on how we're suckers for the push for productivity that comes from stores and influencers to get us to buy stuff we might not need. also sometimes u just need a blank notebook/planner to keep you company 😌 (I am guilty of this)","General Question/Discussion","1735517699","2024-12-30T00:14:59+00:00","5568","5568","1","818","3e76da9377002588","","reddit-adhdwomen-a_new_planner_will_not_change_your_life:comment:m4g0d01","comment","m4g0d01","t1_m4g0d01","https://www.reddit.com/r/adhdwomen/comments/1hpa0sk/a_new_planner_will_not_change_your_life/m4g0d01/","/r/adhdwomen/comments/1hpa0sk/a_new_planner_will_not_change_your_life/m4g0d01/","t3_1hpa0sk","post","","m4g0d01","0","true","m4g0d01","0725fd3e553d0ffd","","","false","false","","485","485","0","0","4","1735518842","2024-12-30T00:34:02+00:00","false","False","","false","false","true","false","Damnit. This PSA came about 2 days too late. But I am certain that THIS planner is going to be the one that makes me a completely different person all together 😂","Damnit. This PSA came about 2 days too late. But I am certain that THIS planner is going to be the one that makes me a completely different person all together 😂","161","32","","","","false","false","planner | plan","","","mentions_planner_or_system","36","[THREAD_TITLE]
A NEW PLANNER WILL NOT CHANGE YOUR LIFE!

[THREAD_BODY]
It's that time of the year...your tiktok fyp is full of people setting up their bullet journals for the new year, your Instagram is full of ads to buy a hobonichi...but wait! It's a trap!!! Take the $50 Moleskine leather bound weekly 2025 planner out of your cart. Do NOT, under any circumstances, go into any bookstores, office supply stores, or stationary stores for the next 3-5 days. Ignore any and all links you see for the ADHD life-changing organizer, designed for people with ADHD by people with ADHD. Remember that you can try a new system whenever you want, reinvention doesn't have to start on January 1st. They are preying on our lust for new notebooks and the dopamine we get from setting up new systems!!! Don't let them win! Edit: Y'all some of these comments are killing me😂 love you guys. Also! I'm not saying planners = bad!! pls it's just a joke!!! it's more a commentary on how we're suckers for the push for productivity that comes from stores and influencers to get us to buy stuff we might not need. also sometimes u just need a blank notebook/planner to keep you company 😌 (I am guilty of this)

[CURRENT_RECORD]
Damnit. This PSA came about 2 days too late. But I am certain that THIS planner is going to be the one that makes me a completely different person all together 😂"
"C:\Projects\Web\planner-tdah\research\reddit_data\reddit-adhdwomen-a_new_planner_will_not_change_your_life.json","reddit-adhdwomen-a_new_planner_will_not_change_your_life","1hpa0sk","t3_1hpa0sk","https://www.reddit.com/r/adhdwomen/comments/1hpa0sk/a_new_planner_will_not_change_your_life/","adhdwomen","r/adhdwomen","A NEW PLANNER WILL NOT CHANGE YOUR LIFE!","It's that time of the year...your tiktok fyp is full of people setting up their bullet journals for the new year, your Instagram is full of ads to buy a hobonichi...but wait! It's a trap!!! Take the $50 Moleskine leather bound weekly 2025 planner out of your cart. Do NOT, under any circumstances, go into any bookstores, office supply stores, or stationary stores for the next 3-5 days. Ignore any and all links you see for the ADHD life-changing organizer, designed for people with ADHD by people with ADHD. Remember that you can try a new system whenever you want, reinvention doesn't have to start on January 1st. They are preying on our lust for new notebooks and the dopamine we get from setting up new systems!!! Don't let them win! Edit: Y'all some of these comments are killing me😂 love you guys. Also! I'm not saying planners = bad!! pls it's just a joke!!! it's more a commentary on how we're suckers for the push for productivity that comes from stores and influencers to get us to buy stuff we might not need. also sometimes u just need a blank notebook/planner to keep you company 😌 (I am guilty of this)","General Question/Discussion","1735517699","2024-12-30T00:14:59+00:00","5568","5568","1","818","3e76da9377002588","","reddit-adhdwomen-a_new_planner_will_not_change_your_life:comment:m4g282w","comment","m4g282w","t1_m4g282w","https://www.reddit.com/r/adhdwomen/comments/1hpa0sk/a_new_planner_will_not_change_your_life/m4g282w/","/r/adhdwomen/comments/1hpa0sk/a_new_planner_will_not_change_your_life/m4g282w/","t1_m4g0d01","comment","m4g0d01","m4g0d01","1","false","m4g0d01 > m4g282w","750ced65fb6c8de7","","","false","false","","117","117","0","0","1","1735519475","2024-12-30T00:44:35+00:00","false","False","","false","false","true","false","I bought 3 paper based ones for 2025, a weekly to do, monthly one and a notes one. AND 3 acrylic ones for the fridge. Absolutely sure this will be the system I stick to 😅 I mean, I got fluro markers so can’t see how it could fail really 😅","I bought 3 paper based ones for 2025, a weekly to do, monthly one and a notes one. AND 3 acrylic ones for the fridge. Absolutely sure this will be the system I stick to 😅 I mean, I got fluro markers so can’t see how it could fail really 😅","238","51","Damnit. This PSA came about 2 days too late. But I am certain that THIS planner is going to be the one that makes me a completely different person all together 😂","Damnit. This PSA came about 2 days too late. But I am certain that THIS planner is going to be the one that makes me a completely different person all together 😂","","false","false","to do | weekly | monthly","","notes | weekly | monthly","mentions_feature_or_solution | mentions_planner_or_system","52","[THREAD_TITLE]
A NEW PLANNER WILL NOT CHANGE YOUR LIFE!

[THREAD_BODY]
It's that time of the year...your tiktok fyp is full of people setting up their bullet journals for the new year, your Instagram is full of ads to buy a hobonichi...but wait! It's a trap!!! Take the $50 Moleskine leather bound weekly 2025 planner out of your cart. Do NOT, under any circumstances, go into any bookstores, office supply stores, or stationary stores for the next 3-5 days. Ignore any and all links you see for the ADHD life-changing organizer, designed for people with ADHD by people with ADHD. Remember that you can try a new system whenever you want, reinvention doesn't have to start on January 1st. They are preying on our lust for new notebooks and the dopamine we get from setting up new systems!!! Don't let them win! Edit: Y'all some of these comments are killing me😂 love you guys. Also! I'm not saying planners = bad!! pls it's just a joke!!! it's more a commentary on how we're suckers for the push for productivity that comes from stores and influencers to get us to buy stuff we might not need. also sometimes u just need a blank notebook/planner to keep you company 😌 (I am guilty of this)

[PARENT_COMMENT_CONTEXT]
Damnit. This PSA came about 2 days too late. But I am certain that THIS planner is going to be the one that makes me a completely different person all together 😂

[CURRENT_RECORD]
I bought 3 paper based ones for 2025, a weekly to do, monthly one and a notes one. AND 3 acrylic ones for the fridge. Absolutely sure this will be the system I stick to 😅 I mean, I got fluro markers so can’t see how it could fail really 😅"
"C:\Projects\Web\planner-tdah\research\reddit_data\reddit-adhdwomen-a_new_planner_will_not_change_your_life.json","reddit-adhdwomen-a_new_planner_will_not_change_your_life","1hpa0sk","t3_1hpa0sk","https://www.reddit.com/r/adhdwomen/comments/1hpa0sk/a_new_planner_will_not_change_your_life/","adhdwomen","r/adhdwomen","A NEW PLANNER WILL NOT CHANGE YOUR LIFE!","It's that time of the year...your tiktok fyp is full of people setting up their bullet journals for the new year, your Instagram is full of ads to buy a hobonichi...but wait! It's a trap!!! Take the $50 Moleskine leather bound weekly 2025 planner out of your cart. Do NOT, under any circumstances, go into any bookstores, office supply stores, or stationary stores for the next 3-5 days. Ignore any and all links you see for the ADHD life-changing organizer, designed for people with ADHD by people with ADHD. Remember that you can try a new system whenever you want, reinvention doesn't have to start on January 1st. They are preying on our lust for new notebooks and the dopamine we get from setting up new systems!!! Don't let them win! Edit: Y'all some of these comments are killing me😂 love you guys. Also! I'm not saying planners = bad!! pls it's just a joke!!! it's more a commentary on how we're suckers for the push for productivity that comes from stores and influencers to get us to buy stuff we might not need. also sometimes u just need a blank notebook/planner to keep you company 😌 (I am guilty of this)","General Question/Discussion","1735517699","2024-12-30T00:14:59+00:00","5568","5568","1","818","3e76da9377002588","","reddit-adhdwomen-a_new_planner_will_not_change_your_life:comment:m4gh0mc","comment","m4gh0mc","t1_m4gh0mc","https://www.reddit.com/r/adhdwomen/comments/1hpa0sk/a_new_planner_will_not_change_your_life/m4gh0mc/","/r/adhdwomen/comments/1hpa0sk/a_new_planner_will_not_change_your_life/m4gh0mc/","t1_m4g0d01","comment","m4g0d01","m4g0d01","1","false","m4g0d01 > m4gh0mc","951641b1b9e13889","","","false","false","","29","29","0","0","0","1735524707","2024-12-30T02:11:47+00:00","false","False","","false","false","true","false","I did the same thing! 😭😭😭 I've had the same planner system for 6 years (and it stopped working), so I thought ""let's try a hobonichi and get new supplies! That definitely will all my problems lol.","I did the same thing! 😭😭😭 I've had the same planner system for 6 years (and it stopped working), so I thought ""let's try a hobonichi and get new supplies! That definitely will all my problems lol.","196","37","Damnit. This PSA came about 2 days too late. But I am certain that THIS planner is going to be the one that makes me a completely different person all together 😂","Damnit. This PSA came about 2 days too late. But I am certain that THIS planner is going to be the one that makes me a completely different person all together 😂","","false","false","planner | plan","","","mentions_planner_or_system","28","[THREAD_TITLE]
A NEW PLANNER WILL NOT CHANGE YOUR LIFE!

[THREAD_BODY]
It's that time of the year...your tiktok fyp is full of people setting up their bullet journals for the new year, your Instagram is full of ads to buy a hobonichi...but wait! It's a trap!!! Take the $50 Moleskine leather bound weekly 2025 planner out of your cart. Do NOT, under any circumstances, go into any bookstores, office supply stores, or stationary stores for the next 3-5 days. Ignore any and all links you see for the ADHD life-changing organizer, designed for people with ADHD by people with ADHD. Remember that you can try a new system whenever you want, reinvention doesn't have to start on January 1st. They are preying on our lust for new notebooks and the dopamine we get from setting up new systems!!! Don't let them win! Edit: Y'all some of these comments are killing me😂 love you guys. Also! I'm not saying planners = bad!! pls it's just a joke!!! it's more a commentary on how we're suckers for the push for productivity that comes from stores and influencers to get us to buy stuff we might not need. also sometimes u just need a blank notebook/planner to keep you company 😌 (I am guilty of this)

[PARENT_COMMENT_CONTEXT]
Damnit. This PSA came about 2 days too late. But I am certain that THIS planner is going to be the one that makes me a completely different person all together 😂

[CURRENT_RECORD]
I did the same thing! 😭😭😭 I've had the same planner system for 6 years (and it stopped working), so I thought ""let's try a hobonichi and get new supplies! That definitely will all my problems lol."
"C:\Projects\Web\planner-tdah\research\reddit_data\reddit-adhdwomen-a_new_planner_will_not_change_your_life.json","reddit-adhdwomen-a_new_planner_will_not_change_your_life","1hpa0sk","t3_1hpa0sk","https://www.reddit.com/r/adhdwomen/comments/1hpa0sk/a_new_planner_will_not_change_your_life/","adhdwomen","r/adhdwomen","A NEW PLANNER WILL NOT CHANGE YOUR LIFE!","It's that time of the year...your tiktok fyp is full of people setting up their bullet journals for the new year, your Instagram is full of ads to buy a hobonichi...but wait! It's a trap!!! Take the $50 Moleskine leather bound weekly 2025 planner out of your cart. Do NOT, under any circumstances, go into any bookstores, office supply stores, or stationary stores for the next 3-5 days. Ignore any and all links you see for the ADHD life-changing organizer, designed for people with ADHD by people with ADHD. Remember that you can try a new system whenever you want, reinvention doesn't have to start on January 1st. They are preying on our lust for new notebooks and the dopamine we get from setting up new systems!!! Don't let them win! Edit: Y'all some of these comments are killing me😂 love you guys. Also! I'm not saying planners = bad!! pls it's just a joke!!! it's more a commentary on how we're suckers for the push for productivity that comes from stores and influencers to get us to buy stuff we might not need. also sometimes u just need a blank notebook/planner to keep you company 😌 (I am guilty of this)","General Question/Discussion","1735517699","2024-12-30T00:14:59+00:00","5568","5568","1","818","3e76da9377002588","","reddit-adhdwomen-a_new_planner_will_not_change_your_life:comment:m4gavyb","comment","m4gavyb","t1_m4gavyb","https://www.reddit.com/r/adhdwomen/comments/1hpa0sk/a_new_planner_will_not_change_your_life/m4gavyb/","/r/adhdwomen/comments/1hpa0sk/a_new_planner_will_not_change_your_life/m4gavyb/","t1_m4g0d01","comment","m4g0d01","m4g0d01","1","false","m4g0d01 > m4gavyb","4bc366d0277b252f","","","false","false","","12","12","0","0","0","1735522517","2024-12-30T01:35:17+00:00","false","False","","false","false","true","false","Same here. I placed my order and it hasn’t arrived yet but I am totally confident that this year is my year! This past is not about me (even though I did get the stickers and cool pens too).","Same here. I placed my order and it hasn’t arrived yet but I am totally confident that this year is my year! This past is not about me (even though I did get the stickers and cool pens too).","190","39","Damnit. This PSA came about 2 days too late. But I am certain that THIS planner is going to be the one that makes me a completely different person all together 😂","Damnit. This PSA came about 2 days too late. But I am certain that THIS planner is going to be the one that makes me a completely different person all together 😂","","false","false","","","","","15","[THREAD_TITLE]
A NEW PLANNER WILL NOT CHANGE YOUR LIFE!

[THREAD_BODY]
It's that time of the year...your tiktok fyp is full of people setting up their bullet journals for the new year, your Instagram is full of ads to buy a hobonichi...but wait! It's a trap!!! Take the $50 Moleskine leather bound weekly 2025 planner out of your cart. Do NOT, under any circumstances, go into any bookstores, office supply stores, or stationary stores for the next 3-5 days. Ignore any and all links you see for the ADHD life-changing organizer, designed for people with ADHD by people with ADHD. Remember that you can try a new system whenever you want, reinvention doesn't have to start on January 1st. They are preying on our lust for new notebooks and the dopamine we get from setting up new systems!!! Don't let them win! Edit: Y'all some of these comments are killing me😂 love you guys. Also! I'm not saying planners = bad!! pls it's just a joke!!! it's more a commentary on how we're suckers for the push for productivity that comes from stores and influencers to get us to buy stuff we might not need. also sometimes u just need a blank notebook/planner to keep you company 😌 (I am guilty of this)

[PARENT_COMMENT_CONTEXT]
Damnit. This PSA came about 2 days too late. But I am certain that THIS planner is going to be the one that makes me a completely different person all together 😂

[CURRENT_RECORD]
Same here. I placed my order and it hasn’t arrived yet but I am totally confident that this year is my year! This past is not about me (even though I did get the stickers and cool pens too)."
"C:\Projects\Web\planner-tdah\research\reddit_data\reddit-adhdwomen-a_new_planner_will_not_change_your_life.json","reddit-adhdwomen-a_new_planner_will_not_change_your_life","1hpa0sk","t3_1hpa0sk","https://www.reddit.com/r/adhdwomen/comments/1hpa0sk/a_new_planner_will_not_change_your_life/","adhdwomen","r/adhdwomen","A NEW PLANNER WILL NOT CHANGE YOUR LIFE!","It's that time of the year...your tiktok fyp is full of people setting up their bullet journals for the new year, your Instagram is full of ads to buy a hobonichi...but wait! It's a trap!!! Take the $50 Moleskine leather bound weekly 2025 planner out of your cart. Do NOT, under any circumstances, go into any bookstores, office supply stores, or stationary stores for the next 3-5 days. Ignore any and all links you see for the ADHD life-changing organizer, designed for people with ADHD by people with ADHD. Remember that you can try a new system whenever you want, reinvention doesn't have to start on January 1st. They are preying on our lust for new notebooks and the dopamine we get from setting up new systems!!! Don't let them win! Edit: Y'all some of these comments are killing me😂 love you guys. Also! I'm not saying planners = bad!! pls it's just a joke!!! it's more a commentary on how we're suckers for the push for productivity that comes from stores and influencers to get us to buy stuff we might not need. also sometimes u just need a blank notebook/planner to keep you company 😌 (I am guilty of this)","General Question/Discussion","1735517699","2024-12-30T00:14:59+00:00","5568","5568","1","818","3e76da9377002588","","reddit-adhdwomen-a_new_planner_will_not_change_your_life:comment:m4hm5xd","comment","m4hm5xd","t1_m4hm5xd","https://www.reddit.com/r/adhdwomen/comments/1hpa0sk/a_new_planner_will_not_change_your_life/m4hm5xd/","/r/adhdwomen/comments/1hpa0sk/a_new_planner_will_not_change_your_life/m4hm5xd/","t1_m4g0d01","comment","m4g0d01","m4g0d01","1","false","m4g0d01 > m4hm5xd","185f7c5acf348523","","","false","false","","6","6","0","0","0","1735541999","2024-12-30T06:59:59+00:00","false","False","","false","false","true","false","It did. I already bought my 2025 planner.... and it does have stickers.","It did. I already bought my 2025 planner.... and it does have stickers.","71","13","Damnit. This PSA came about 2 days too late. But I am certain that THIS planner is going to be the one that makes me a completely different person all together 😂","Damnit. This PSA came about 2 days too late. But I am certain that THIS planner is going to be the one that makes me a completely different person all together 😂","","false","false","planner | plan","","","mentions_planner_or_system","13","[THREAD_TITLE]
A NEW PLANNER WILL NOT CHANGE YOUR LIFE!

[THREAD_BODY]
It's that time of the year...your tiktok fyp is full of people setting up their bullet journals for the new year, your Instagram is full of ads to buy a hobonichi...but wait! It's a trap!!! Take the $50 Moleskine leather bound weekly 2025 planner out of your cart. Do NOT, under any circumstances, go into any bookstores, office supply stores, or stationary stores for the next 3-5 days. Ignore any and all links you see for the ADHD life-changing organizer, designed for people with ADHD by people with ADHD. Remember that you can try a new system whenever you want, reinvention doesn't have to start on January 1st. They are preying on our lust for new notebooks and the dopamine we get from setting up new systems!!! Don't let them win! Edit: Y'all some of these comments are killing me😂 love you guys. Also! I'm not saying planners = bad!! pls it's just a joke!!! it's more a commentary on how we're suckers for the push for productivity that comes from stores and influencers to get us to buy stuff we might not need. also sometimes u just need a blank notebook/planner to keep you company 😌 (I am guilty of this)

[PARENT_COMMENT_CONTEXT]
Damnit. This PSA came about 2 days too late. But I am certain that THIS planner is going to be the one that makes me a completely different person all together 😂

[CURRENT_RECORD]
It did. I already bought my 2025 planner.... and it does have stickers."
"C:\Projects\Web\planner-tdah\research\reddit_data\reddit-adhdwomen-a_new_planner_will_not_change_your_life.json","reddit-adhdwomen-a_new_planner_will_not_change_your_life","1hpa0sk","t3_1hpa0sk","https://www.reddit.com/r/adhdwomen/comments/1hpa0sk/a_new_planner_will_not_change_your_life/","adhdwomen","r/adhdwomen","A NEW PLANNER WILL NOT CHANGE YOUR LIFE!","It's that time of the year...your tiktok fyp is full of people setting up their bullet journals for the new year, your Instagram is full of ads to buy a hobonichi...but wait! It's a trap!!! Take the $50 Moleskine leather bound weekly 2025 planner out of your cart. Do NOT, under any circumstances, go into any bookstores, office supply stores, or stationary stores for the next 3-5 days. Ignore any and all links you see for the ADHD life-changing organizer, designed for people with ADHD by people with ADHD. Remember that you can try a new system whenever you want, reinvention doesn't have to start on January 1st. They are preying on our lust for new notebooks and the dopamine we get from setting up new systems!!! Don't let them win! Edit: Y'all some of these comments are killing me😂 love you guys. Also! I'm not saying planners = bad!! pls it's just a joke!!! it's more a commentary on how we're suckers for the push for productivity that comes from stores and influencers to get us to buy stuff we might not need. also sometimes u just need a blank notebook/planner to keep you company 😌 (I am guilty of this)","General Question/Discussion","1735517699","2024-12-30T00:14:59+00:00","5568","5568","1","818","3e76da9377002588","","reddit-adhdwomen-a_new_planner_will_not_change_your_life:comment:m4g05fh","comment","m4g05fh","t1_m4g05fh","https://www.reddit.com/r/adhdwomen/comments/1hpa0sk/a_new_planner_will_not_change_your_life/m4g05fh/","/r/adhdwomen/comments/1hpa0sk/a_new_planner_will_not_change_your_life/m4g05fh/","t3_1hpa0sk","post","","m4g05fh","0","true","m4g05fh","bb9c040faf9bd4d7","","","false","false","","348","348","0","0","12","1735518770","2024-12-30T00:32:50+00:00","false","False","","false","false","true","false","Funny because just yesterday I made an Excel sheet to maybe (potentially?) track my finances for the next year, did all the color scheme, layout, dropdowns, formulas, and all the fancy stuff. I just know I'll never open it again in my life.","Funny because just yesterday I made an Excel sheet to maybe (potentially?) track my finances for the next year, did all the color scheme, layout, dropdowns, formulas, and all the fancy stuff. I just know I'll never open it again in my life.","240","43","","","","true","false","","","color | layout","contains_question | mentions_feature_or_solution","40","[THREAD_TITLE]
A NEW PLANNER WILL NOT CHANGE YOUR LIFE!

[THREAD_BODY]
It's that time of the year...your tiktok fyp is full of people setting up their bullet journals for the new year, your Instagram is full of ads to buy a hobonichi...but wait! It's a trap!!! Take the $50 Moleskine leather bound weekly 2025 planner out of your cart. Do NOT, under any circumstances, go into any bookstores, office supply stores, or stationary stores for the next 3-5 days. Ignore any and all links you see for the ADHD life-changing organizer, designed for people with ADHD by people with ADHD. Remember that you can try a new system whenever you want, reinvention doesn't have to start on January 1st. They are preying on our lust for new notebooks and the dopamine we get from setting up new systems!!! Don't let them win! Edit: Y'all some of these comments are killing me😂 love you guys. Also! I'm not saying planners = bad!! pls it's just a joke!!! it's more a commentary on how we're suckers for the push for productivity that comes from stores and influencers to get us to buy stuff we might not need. also sometimes u just need a blank notebook/planner to keep you company 😌 (I am guilty of this)

[CURRENT_RECORD]
Funny because just yesterday I made an Excel sheet to maybe (potentially?) track my finances for the next year, did all the color scheme, layout, dropdowns, formulas, and all the fancy stuff. I just know I'll never open it again in my life."
"C:\Projects\Web\planner-tdah\research\reddit_data\reddit-adhdwomen-a_new_planner_will_not_change_your_life.json","reddit-adhdwomen-a_new_planner_will_not_change_your_life","1hpa0sk","t3_1hpa0sk","https://www.reddit.com/r/adhdwomen/comments/1hpa0sk/a_new_planner_will_not_change_your_life/","adhdwomen","r/adhdwomen","A NEW PLANNER WILL NOT CHANGE YOUR LIFE!","It's that time of the year...your tiktok fyp is full of people setting up their bullet journals for the new year, your Instagram is full of ads to buy a hobonichi...but wait! It's a trap!!! Take the $50 Moleskine leather bound weekly 2025 planner out of your cart. Do NOT, under any circumstances, go into any bookstores, office supply stores, or stationary stores for the next 3-5 days. Ignore any and all links you see for the ADHD life-changing organizer, designed for people with ADHD by people with ADHD. Remember that you can try a new system whenever you want, reinvention doesn't have to start on January 1st. They are preying on our lust for new notebooks and the dopamine we get from setting up new systems!!! Don't let them win! Edit: Y'all some of these comments are killing me😂 love you guys. Also! I'm not saying planners = bad!! pls it's just a joke!!! it's more a commentary on how we're suckers for the push for productivity that comes from stores and influencers to get us to buy stuff we might not need. also sometimes u just need a blank notebook/planner to keep you company 😌 (I am guilty of this)","General Question/Discussion","1735517699","2024-12-30T00:14:59+00:00","5568","5568","1","818","3e76da9377002588","","reddit-adhdwomen-a_new_planner_will_not_change_your_life:comment:m4g1mc1","comment","m4g1mc1","t1_m4g1mc1","https://www.reddit.com/r/adhdwomen/comments/1hpa0sk/a_new_planner_will_not_change_your_life/m4g1mc1/","/r/adhdwomen/comments/1hpa0sk/a_new_planner_will_not_change_your_life/m4g1mc1/","t1_m4g05fh","comment","m4g05fh","m4g05fh","1","false","m4g05fh > m4g1mc1","8060f883ea10f088","","","false","false","","103","103","0","0","0","1735519271","2024-12-30T00:41:11+00:00","false","False","","false","false","true","false","Hey twin 😂😂 but it felt good didn’t it?","Hey twin 😂😂 but it felt good didn’t it?","39","9","Funny because just yesterday I made an Excel sheet to maybe (potentially?) track my finances for the next year, did all the color scheme, layout, dropdowns, formulas, and all the fancy stuff. I just know I'll never open it again in my life.","Funny because just yesterday I made an Excel sheet to maybe (potentially?) track my finances for the next year, did all the color scheme, layout, dropdowns, formulas, and all the fancy stuff. I just know I'll never open it again in my life.","","true","false","","","","contains_question","15","[THREAD_TITLE]
A NEW PLANNER WILL NOT CHANGE YOUR LIFE!

[THREAD_BODY]
It's that time of the year...your tiktok fyp is full of people setting up their bullet journals for the new year, your Instagram is full of ads to buy a hobonichi...but wait! It's a trap!!! Take the $50 Moleskine leather bound weekly 2025 planner out of your cart. Do NOT, under any circumstances, go into any bookstores, office supply stores, or stationary stores for the next 3-5 days. Ignore any and all links you see for the ADHD life-changing organizer, designed for people with ADHD by people with ADHD. Remember that you can try a new system whenever you want, reinvention doesn't have to start on January 1st. They are preying on our lust for new notebooks and the dopamine we get from setting up new systems!!! Don't let them win! Edit: Y'all some of these comments are killing me😂 love you guys. Also! I'm not saying planners = bad!! pls it's just a joke!!! it's more a commentary on how we're suckers for the push for productivity that comes from stores and influencers to get us to buy stuff we might not need. also sometimes u just need a blank notebook/planner to keep you company 😌 (I am guilty of this)

[PARENT_COMMENT_CONTEXT]
Funny because just yesterday I made an Excel sheet to maybe (potentially?) track my finances for the next year, did all the color scheme, layout, dropdowns, formulas, and all the fancy stuff. I just know I'll never open it again in my life.

[CURRENT_RECORD]
Hey twin 😂😂 but it felt good didn’t it?"
"C:\Projects\Web\planner-tdah\research\reddit_data\reddit-adhdwomen-a_new_planner_will_not_change_your_life.json","reddit-adhdwomen-a_new_planner_will_not_change_your_life","1hpa0sk","t3_1hpa0sk","https://www.reddit.com/r/adhdwomen/comments/1hpa0sk/a_new_planner_will_not_change_your_life/","adhdwomen","r/adhdwomen","A NEW PLANNER WILL NOT CHANGE YOUR LIFE!","It's that time of the year...your tiktok fyp is full of people setting up their bullet journals for the new year, your Instagram is full of ads to buy a hobonichi...but wait! It's a trap!!! Take the $50 Moleskine leather bound weekly 2025 planner out of your cart. Do NOT, under any circumstances, go into any bookstores, office supply stores, or stationary stores for the next 3-5 days. Ignore any and all links you see for the ADHD life-changing organizer, designed for people with ADHD by people with ADHD. Remember that you can try a new system whenever you want, reinvention doesn't have to start on January 1st. They are preying on our lust for new notebooks and the dopamine we get from setting up new systems!!! Don't let them win! Edit: Y'all some of these comments are killing me😂 love you guys. Also! I'm not saying planners = bad!! pls it's just a joke!!! it's more a commentary on how we're suckers for the push for productivity that comes from stores and influencers to get us to buy stuff we might not need. also sometimes u just need a blank notebook/planner to keep you company 😌 (I am guilty of this)","General Question/Discussion","1735517699","2024-12-30T00:14:59+00:00","5568","5568","1","818","3e76da9377002588","","reddit-adhdwomen-a_new_planner_will_not_change_your_life:comment:m4g3oay","comment","m4g3oay","t1_m4g3oay","https://www.reddit.com/r/adhdwomen/comments/1hpa0sk/a_new_planner_will_not_change_your_life/m4g3oay/","/r/adhdwomen/comments/1hpa0sk/a_new_planner_will_not_change_your_life/m4g3oay/","t1_m4g05fh","comment","m4g05fh","m4g05fh","1","false","m4g05fh > m4g3oay","85342f9f9e91db77","","","false","false","","55","55","0","0","0","1735519972","2024-12-30T00:52:52+00:00","false","False","","false","false","true","false","Stick with it! I started mine a year ago. It took 6 months of forcing myself for the habit to stick, and my finances are in much better shape because of it.","Stick with it! I started mine a year ago. It took 6 months of forcing myself for the habit to stick, and my finances are in much better shape because of it.","156","32","Funny because just yesterday I made an Excel sheet to maybe (potentially?) track my finances for the next year, did all the color scheme, layout, dropdowns, formulas, and all the fancy stuff. I just know I'll never open it again in my life.","Funny because just yesterday I made an Excel sheet to maybe (potentially?) track my finances for the next year, did all the color scheme, layout, dropdowns, formulas, and all the fancy stuff. I just know I'll never open it again in my life.","","false","false","","","","","25","[THREAD_TITLE]
A NEW PLANNER WILL NOT CHANGE YOUR LIFE!

[THREAD_BODY]
It's that time of the year...your tiktok fyp is full of people setting up their bullet journals for the new year, your Instagram is full of ads to buy a hobonichi...but wait! It's a trap!!! Take the $50 Moleskine leather bound weekly 2025 planner out of your cart. Do NOT, under any circumstances, go into any bookstores, office supply stores, or stationary stores for the next 3-5 days. Ignore any and all links you see for the ADHD life-changing organizer, designed for people with ADHD by people with ADHD. Remember that you can try a new system whenever you want, reinvention doesn't have to start on January 1st. They are preying on our lust for new notebooks and the dopamine we get from setting up new systems!!! Don't let them win! Edit: Y'all some of these comments are killing me😂 love you guys. Also! I'm not saying planners = bad!! pls it's just a joke!!! it's more a commentary on how we're suckers for the push for productivity that comes from stores and influencers to get us to buy stuff we might not need. also sometimes u just need a blank notebook/planner to keep you company 😌 (I am guilty of this)

[PARENT_COMMENT_CONTEXT]
Funny because just yesterday I made an Excel sheet to maybe (potentially?) track my finances for the next year, did all the color scheme, layout, dropdowns, formulas, and all the fancy stuff. I just know I'll never open it again in my life.

[CURRENT_RECORD]
Stick with it! I started mine a year ago. It took 6 months of forcing myself for the habit to stick, and my finances are in much better shape because of it."
"C:\Projects\Web\planner-tdah\research\reddit_data\reddit-adhdwomen-a_new_planner_will_not_change_your_life.json","reddit-adhdwomen-a_new_planner_will_not_change_your_life","1hpa0sk","t3_1hpa0sk","https://www.reddit.com/r/adhdwomen/comments/1hpa0sk/a_new_planner_will_not_change_your_life/","adhdwomen","r/adhdwomen","A NEW PLANNER WILL NOT CHANGE YOUR LIFE!","It's that time of the year...your tiktok fyp is full of people setting up their bullet journals for the new year, your Instagram is full of ads to buy a hobonichi...but wait! It's a trap!!! Take the $50 Moleskine leather bound weekly 2025 planner out of your cart. Do NOT, under any circumstances, go into any bookstores, office supply stores, or stationary stores for the next 3-5 days. Ignore any and all links you see for the ADHD life-changing organizer, designed for people with ADHD by people with ADHD. Remember that you can try a new system whenever you want, reinvention doesn't have to start on January 1st. They are preying on our lust for new notebooks and the dopamine we get from setting up new systems!!! Don't let them win! Edit: Y'all some of these comments are killing me😂 love you guys. Also! I'm not saying planners = bad!! pls it's just a joke!!! it's more a commentary on how we're suckers for the push for productivity that comes from stores and influencers to get us to buy stuff we might not need. also sometimes u just need a blank notebook/planner to keep you company 😌 (I am guilty of this)","General Question/Discussion","1735517699","2024-12-30T00:14:59+00:00","5568","5568","1","818","3e76da9377002588","","reddit-adhdwomen-a_new_planner_will_not_change_your_life:comment:m4gah80","comment","m4gah80","t1_m4gah80","https://www.reddit.com/r/adhdwomen/comments/1hpa0sk/a_new_planner_will_not_change_your_life/m4gah80/","/r/adhdwomen/comments/1hpa0sk/a_new_planner_will_not_change_your_life/m4gah80/","t1_m4g05fh","comment","m4g05fh","m4g05fh","1","false","m4g05fh > m4gah80","","","","false","false","","40","40","0","0","1","1735522374","2024-12-30T01:32:54+00:00","false","False","","false","false","true","false","Dang you can use Excel properly?! With the formulas and stuff? You win ADHD!","Dang you can use Excel properly?! With the formulas and stuff? You win ADHD!","76","14","Funny because just yesterday I made an Excel sheet to maybe (potentially?) track my finances for the next year, did all the color scheme, layout, dropdowns, formulas, and all the fancy stuff. I just know I'll never open it again in my life.","Funny because just yesterday I made an Excel sheet to maybe (potentially?) track my finances for the next year, did all the color scheme, layout, dropdowns, formulas, and all the fancy stuff. I just know I'll never open it again in my life.","","true","false","","adhd","","contains_question | mentions_pain_or_friction","18","[THREAD_TITLE]
A NEW PLANNER WILL NOT CHANGE YOUR LIFE!

[THREAD_BODY]
It's that time of the year...your tiktok fyp is full of people setting up their bullet journals for the new year, your Instagram is full of ads to buy a hobonichi...but wait! It's a trap!!! Take the $50 Moleskine leather bound weekly 2025 planner out of your cart. Do NOT, under any circumstances, go into any bookstores, office supply stores, or stationary stores for the next 3-5 days. Ignore any and all links you see for the ADHD life-changing organizer, designed for people with ADHD by people with ADHD. Remember that you can try a new system whenever you want, reinvention doesn't have to start on January 1st. They are preying on our lust for new notebooks and the dopamine we get from setting up new systems!!! Don't let them win! Edit: Y'all some of these comments are killing me😂 love you guys. Also! I'm not saying planners = bad!! pls it's just a joke!!! it's more a commentary on how we're suckers for the push for productivity that comes from stores and influencers to get us to buy stuff we might not need. also sometimes u just need a blank notebook/planner to keep you company 😌 (I am guilty of this)

[PARENT_COMMENT_CONTEXT]
Funny because just yesterday I made an Excel sheet to maybe (potentially?) track my finances for the next year, did all the color scheme, layout, dropdowns, formulas, and all the fancy stuff. I just know I'll never open it again in my life.

[CURRENT_RECORD]
Dang you can use Excel properly?! With the formulas and stuff? You win ADHD!"
"C:\Projects\Web\planner-tdah\research\reddit_data\reddit-adhdwomen-a_new_planner_will_not_change_your_life.json","reddit-adhdwomen-a_new_planner_will_not_change_your_life","1hpa0sk","t3_1hpa0sk","https://www.reddit.com/r/adhdwomen/comments/1hpa0sk/a_new_planner_will_not_change_your_life/","adhdwomen","r/adhdwomen","A NEW PLANNER WILL NOT CHANGE YOUR LIFE!","It's that time of the year...your tiktok fyp is full of people setting up their bullet journals for the new year, your Instagram is full of ads to buy a hobonichi...but wait! It's a trap!!! Take the $50 Moleskine leather bound weekly 2025 planner out of your cart. Do NOT, under any circumstances, go into any bookstores, office supply stores, or stationary stores for the next 3-5 days. Ignore any and all links you see for the ADHD life-changing organizer, designed for people with ADHD by people with ADHD. Remember that you can try a new system whenever you want, reinvention doesn't have to start on January 1st. They are preying on our lust for new notebooks and the dopamine we get from setting up new systems!!! Don't let them win! Edit: Y'all some of these comments are killing me😂 love you guys. Also! I'm not saying planners = bad!! pls it's just a joke!!! it's more a commentary on how we're suckers for the push for productivity that comes from stores and influencers to get us to buy stuff we might not need. also sometimes u just need a blank notebook/planner to keep you company 😌 (I am guilty of this)","General Question/Discussion","1735517699","2024-12-30T00:14:59+00:00","5568","5568","1","818","3e76da9377002588","","reddit-adhdwomen-a_new_planner_will_not_change_your_life:comment:m4kc19e","comment","m4kc19e","t1_m4kc19e","https://www.reddit.com/r/adhdwomen/comments/1hpa0sk/a_new_planner_will_not_change_your_life/m4kc19e/","/r/adhdwomen/comments/1hpa0sk/a_new_planner_will_not_change_your_life/m4kc19e/","t1_m4gah80","comment","m4gah80","m4g05fh","2","false","m4g05fh > m4gah80 > m4kc19e","35bd2c54c0ba9332","","","false","false","","14","14","0","0","0","1735584794","2024-12-30T18:53:14+00:00","false","False","","false","false","true","false","Excel is just like a big logic puzzle! My brain loves those. Now if only I could stop fiddling with my Excel sheets and start doing my real work.....","Excel is just like a big logic puzzle! My brain loves those. Now if only I could stop fiddling with my Excel sheets and start doing my real work.....","149","29","Dang you can use Excel properly?! With the formulas and stuff? You win ADHD!","Funny because just yesterday I made an Excel sheet to maybe (potentially?) track my finances for the next year, did all the color scheme, layout, dropdowns, formulas, and all the fancy stuff. I just know I'll never open it again in my life.","","false","true","","","","mentions_working_solution_or_recommendation","23","[THREAD_TITLE]
A NEW PLANNER WILL NOT CHANGE YOUR LIFE!

[THREAD_BODY]
It's that time of the year...your tiktok fyp is full of people setting up their bullet journals for the new year, your Instagram is full of ads to buy a hobonichi...but wait! It's a trap!!! Take the $50 Moleskine leather bound weekly 2025 planner out of your cart. Do NOT, under any circumstances, go into any bookstores, office supply stores, or stationary stores for the next 3-5 days. Ignore any and all links you see for the ADHD life-changing organizer, designed for people with ADHD by people with ADHD. Remember that you can try a new system whenever you want, reinvention doesn't have to start on January 1st. They are preying on our lust for new notebooks and the dopamine we get from setting up new systems!!! Don't let them win! Edit: Y'all some of these comments are killing me😂 love you guys. Also! I'm not saying planners = bad!! pls it's just a joke!!! it's more a commentary on how we're suckers for the push for productivity that comes from stores and influencers to get us to buy stuff we might not need. also sometimes u just need a blank notebook/planner to keep you company 😌 (I am guilty of this)

[ROOT_COMMENT_CONTEXT]
Funny because just yesterday I made an Excel sheet to maybe (potentially?) track my finances for the next year, did all the color scheme, layout, dropdowns, formulas, and all the fancy stuff. I just know I'll never open it again in my life.

[PARENT_COMMENT_CONTEXT]
Dang you can use Excel properly?! With the formulas and stuff? You win ADHD!

[CURRENT_RECORD]
Excel is just like a big logic puzzle! My brain loves those. Now if only I could stop fiddling with my Excel sheets and start doing my real work....."
"C:\Projects\Web\planner-tdah\research\reddit_data\reddit-adhdwomen-a_new_planner_will_not_change_your_life.json","reddit-adhdwomen-a_new_planner_will_not_change_your_life","1hpa0sk","t3_1hpa0sk","https://www.reddit.com/r/adhdwomen/comments/1hpa0sk/a_new_planner_will_not_change_your_life/","adhdwomen","r/adhdwomen","A NEW PLANNER WILL NOT CHANGE YOUR LIFE!","It's that time of the year...your tiktok fyp is full of people setting up their bullet journals for the new year, your Instagram is full of ads to buy a hobonichi...but wait! It's a trap!!! Take the $50 Moleskine leather bound weekly 2025 planner out of your cart. Do NOT, under any circumstances, go into any bookstores, office supply stores, or stationary stores for the next 3-5 days. Ignore any and all links you see for the ADHD life-changing organizer, designed for people with ADHD by people with ADHD. Remember that you can try a new system whenever you want, reinvention doesn't have to start on January 1st. They are preying on our lust for new notebooks and the dopamine we get from setting up new systems!!! Don't let them win! Edit: Y'all some of these comments are killing me😂 love you guys. Also! I'm not saying planners = bad!! pls it's just a joke!!! it's more a commentary on how we're suckers for the push for productivity that comes from stores and influencers to get us to buy stuff we might not need. also sometimes u just need a blank notebook/planner to keep you company 😌 (I am guilty of this)","General Question/Discussion","1735517699","2024-12-30T00:14:59+00:00","5568","5568","1","818","3e76da9377002588","","reddit-adhdwomen-a_new_planner_will_not_change_your_life:comment:m4g1qby","comment","m4g1qby","t1_m4g1qby","https://www.reddit.com/r/adhdwomen/comments/1hpa0sk/a_new_planner_will_not_change_your_life/m4g1qby/","/r/adhdwomen/comments/1hpa0sk/a_new_planner_will_not_change_your_life/m4g1qby/","t1_m4g05fh","comment","m4g05fh","m4g05fh","1","false","m4g05fh > m4g1qby","162d662d4eb0c0a5","","","false","false","","21","21","0","0","0","1735519307","2024-12-30T00:41:47+00:00","false","False","","false","false","true","false","That last line got me 😂","That last line got me 😂","23","6","Funny because just yesterday I made an Excel sheet to maybe (potentially?) track my finances for the next year, did all the color scheme, layout, dropdowns, formulas, and all the fancy stuff. I just know I'll never open it again in my life.","Funny because just yesterday I made an Excel sheet to maybe (potentially?) track my finances for the next year, did all the color scheme, layout, dropdowns, formulas, and all the fancy stuff. I just know I'll never open it again in my life.","","false","false","","","","","10","[THREAD_TITLE]
A NEW PLANNER WILL NOT CHANGE YOUR LIFE!

[THREAD_BODY]
It's that time of the year...your tiktok fyp is full of people setting up their bullet journals for the new year, your Instagram is full of ads to buy a hobonichi...but wait! It's a trap!!! Take the $50 Moleskine leather bound weekly 2025 planner out of your cart. Do NOT, under any circumstances, go into any bookstores, office supply stores, or stationary stores for the next 3-5 days. Ignore any and all links you see for the ADHD life-changing organizer, designed for people with ADHD by people with ADHD. Remember that you can try a new system whenever you want, reinvention doesn't have to start on January 1st. They are preying on our lust for new notebooks and the dopamine we get from setting up new systems!!! Don't let them win! Edit: Y'all some of these comments are killing me😂 love you guys. Also! I'm not saying planners = bad!! pls it's just a joke!!! it's more a commentary on how we're suckers for the push for productivity that comes from stores and influencers to get us to buy stuff we might not need. also sometimes u just need a blank notebook/planner to keep you company 😌 (I am guilty of this)

[PARENT_COMMENT_CONTEXT]
Funny because just yesterday I made an Excel sheet to maybe (potentially?) track my finances for the next year, did all the color scheme, layout, dropdowns, formulas, and all the fancy stuff. I just know I'll never open it again in my life.

[CURRENT_RECORD]
That last line got me 😂"
"C:\Projects\Web\planner-tdah\research\reddit_data\reddit-adhdwomen-a_new_planner_will_not_change_your_life.json","reddit-adhdwomen-a_new_planner_will_not_change_your_life","1hpa0sk","t3_1hpa0sk","https://www.reddit.com/r/adhdwomen/comments/1hpa0sk/a_new_planner_will_not_change_your_life/","adhdwomen","r/adhdwomen","A NEW PLANNER WILL NOT CHANGE YOUR LIFE!","It's that time of the year...your tiktok fyp is full of people setting up their bullet journals for the new year, your Instagram is full of ads to buy a hobonichi...but wait! It's a trap!!! Take the $50 Moleskine leather bound weekly 2025 planner out of your cart. Do NOT, under any circumstances, go into any bookstores, office supply stores, or stationary stores for the next 3-5 days. Ignore any and all links you see for the ADHD life-changing organizer, designed for people with ADHD by people with ADHD. Remember that you can try a new system whenever you want, reinvention doesn't have to start on January 1st. They are preying on our lust for new notebooks and the dopamine we get from setting up new systems!!! Don't let them win! Edit: Y'all some of these comments are killing me😂 love you guys. Also! I'm not saying planners = bad!! pls it's just a joke!!! it's more a commentary on how we're suckers for the push for productivity that comes from stores and influencers to get us to buy stuff we might not need. also sometimes u just need a blank notebook/planner to keep you company 😌 (I am guilty of this)","General Question/Discussion","1735517699","2024-12-30T00:14:59+00:00","5568","5568","1","818","3e76da9377002588","","reddit-adhdwomen-a_new_planner_will_not_change_your_life:comment:m4gbuav","comment","m4gbuav","t1_m4gbuav","https://www.reddit.com/r/adhdwomen/comments/1hpa0sk/a_new_planner_will_not_change_your_life/m4gbuav/","/r/adhdwomen/comments/1hpa0sk/a_new_planner_will_not_change_your_life/m4gbuav/","t1_m4g05fh","comment","m4g05fh","m4g05fh","1","false","m4g05fh > m4gbuav","27b99fbbfc7b1975","","","false","false","","13","13","0","0","0","1735522853","2024-12-30T01:40:53+00:00","false","False","","false","false","true","false","Man I wish I was an excel person. TEACH ME YOUR WAYS. So I too can never follow through","Man I wish I was an excel person. TEACH ME YOUR WAYS. So I too can never follow through","87","19","Funny because just yesterday I made an Excel sheet to maybe (potentially?) track my finances for the next year, did all the color scheme, layout, dropdowns, formulas, and all the fancy stuff. I just know I'll never open it again in my life.","Funny because just yesterday I made an Excel sheet to maybe (potentially?) track my finances for the next year, did all the color scheme, layout, dropdowns, formulas, and all the fancy stuff. I just know I'll never open it again in my life.","","false","false","","","","","5","[THREAD_TITLE]
A NEW PLANNER WILL NOT CHANGE YOUR LIFE!

[THREAD_BODY]
It's that time of the year...your tiktok fyp is full of people setting up their bullet journals for the new year, your Instagram is full of ads to buy a hobonichi...but wait! It's a trap!!! Take the $50 Moleskine leather bound weekly 2025 planner out of your cart. Do NOT, under any circumstances, go into any bookstores, office supply stores, or stationary stores for the next 3-5 days. Ignore any and all links you see for the ADHD life-changing organizer, designed for people with ADHD by people with ADHD. Remember that you can try a new system whenever you want, reinvention doesn't have to start on January 1st. They are preying on our lust for new notebooks and the dopamine we get from setting up new systems!!! Don't let them win! Edit: Y'all some of these comments are killing me😂 love you guys. Also! I'm not saying planners = bad!! pls it's just a joke!!! it's more a commentary on how we're suckers for the push for productivity that comes from stores and influencers to get us to buy stuff we might not need. also sometimes u just need a blank notebook/planner to keep you company 😌 (I am guilty of this)

[PARENT_COMMENT_CONTEXT]
Funny because just yesterday I made an Excel sheet to maybe (potentially?) track my finances for the next year, did all the color scheme, layout, dropdowns, formulas, and all the fancy stuff. I just know I'll never open it again in my life.

[CURRENT_RECORD]
Man I wish I was an excel person. TEACH ME YOUR WAYS. So I too can never follow through"
"C:\Projects\Web\planner-tdah\research\reddit_data\reddit-adhdwomen-a_new_planner_will_not_change_your_life.json","reddit-adhdwomen-a_new_planner_will_not_change_your_life","1hpa0sk","t3_1hpa0sk","https://www.reddit.com/r/adhdwomen/comments/1hpa0sk/a_new_planner_will_not_change_your_life/","adhdwomen","r/adhdwomen","A NEW PLANNER WILL NOT CHANGE YOUR LIFE!","It's that time of the year...your tiktok fyp is full of people setting up their bullet journals for the new year, your Instagram is full of ads to buy a hobonichi...but wait! It's a trap!!! Take the $50 Moleskine leather bound weekly 2025 planner out of your cart. Do NOT, under any circumstances, go into any bookstores, office supply stores, or stationary stores for the next 3-5 days. Ignore any and all links you see for the ADHD life-changing organizer, designed for people with ADHD by people with ADHD. Remember that you can try a new system whenever you want, reinvention doesn't have to start on January 1st. They are preying on our lust for new notebooks and the dopamine we get from setting up new systems!!! Don't let them win! Edit: Y'all some of these comments are killing me😂 love you guys. Also! I'm not saying planners = bad!! pls it's just a joke!!! it's more a commentary on how we're suckers for the push for productivity that comes from stores and influencers to get us to buy stuff we might not need. also sometimes u just need a blank notebook/planner to keep you company 😌 (I am guilty of this)","General Question/Discussion","1735517699","2024-12-30T00:14:59+00:00","5568","5568","1","818","3e76da9377002588","","reddit-adhdwomen-a_new_planner_will_not_change_your_life:comment:m4g70ri","comment","m4g70ri","t1_m4g70ri","https://www.reddit.com/r/adhdwomen/comments/1hpa0sk/a_new_planner_will_not_change_your_life/m4g70ri/","/r/adhdwomen/comments/1hpa0sk/a_new_planner_will_not_change_your_life/m4g70ri/","t1_m4g05fh","comment","m4g05fh","m4g05fh","1","false","m4g05fh > m4g70ri","14f3ca8f8926decb","","","false","false","","12","12","0","0","1","1735521149","2024-12-30T01:12:29+00:00","false","False","","false","false","true","false","Ugh I wish I was tech savvy enough to do this. I’ve tried so many times in google sheets but I just catch figure it out (and eventually give up)","Ugh I wish I was tech savvy enough to do this. I’ve tried so many times in google sheets but I just catch figure it out (and eventually give up)","144","30","Funny because just yesterday I made an Excel sheet to maybe (potentially?) track my finances for the next year, did all the color scheme, layout, dropdowns, formulas, and all the fancy stuff. I just know I'll never open it again in my life.","Funny because just yesterday I made an Excel sheet to maybe (potentially?) track my finances for the next year, did all the color scheme, layout, dropdowns, formulas, and all the fancy stuff. I just know I'll never open it again in my life.","","false","false","to do","time","","mentions_pain_or_friction | mentions_planner_or_system","27","[THREAD_TITLE]
A NEW PLANNER WILL NOT CHANGE YOUR LIFE!

[THREAD_BODY]
It's that time of the year...your tiktok fyp is full of people setting up their bullet journals for the new year, your Instagram is full of ads to buy a hobonichi...but wait! It's a trap!!! Take the $50 Moleskine leather bound weekly 2025 planner out of your cart. Do NOT, under any circumstances, go into any bookstores, office supply stores, or stationary stores for the next 3-5 days. Ignore any and all links you see for the ADHD life-changing organizer, designed for people with ADHD by people with ADHD. Remember that you can try a new system whenever you want, reinvention doesn't have to start on January 1st. They are preying on our lust for new notebooks and the dopamine we get from setting up new systems!!! Don't let them win! Edit: Y'all some of these comments are killing me😂 love you guys. Also! I'm not saying planners = bad!! pls it's just a joke!!! it's more a commentary on how we're suckers for the push for productivity that comes from stores and influencers to get us to buy stuff we might not need. also sometimes u just need a blank notebook/planner to keep you company 😌 (I am guilty of this)

[PARENT_COMMENT_CONTEXT]
Funny because just yesterday I made an Excel sheet to maybe (potentially?) track my finances for the next year, did all the color scheme, layout, dropdowns, formulas, and all the fancy stuff. I just know I'll never open it again in my life.

[CURRENT_RECORD]
Ugh I wish I was tech savvy enough to do this. I’ve tried so many times in google sheets but I just catch figure it out (and eventually give up)"
"C:\Projects\Web\planner-tdah\research\reddit_data\reddit-adhdwomen-a_new_planner_will_not_change_your_life.json","reddit-adhdwomen-a_new_planner_will_not_change_your_life","1hpa0sk","t3_1hpa0sk","https://www.reddit.com/r/adhdwomen/comments/1hpa0sk/a_new_planner_will_not_change_your_life/","adhdwomen","r/adhdwomen","A NEW PLANNER WILL NOT CHANGE YOUR LIFE!","It's that time of the year...your tiktok fyp is full of people setting up their bullet journals for the new year, your Instagram is full of ads to buy a hobonichi...but wait! It's a trap!!! Take the $50 Moleskine leather bound weekly 2025 planner out of your cart. Do NOT, under any circumstances, go into any bookstores, office supply stores, or stationary stores for the next 3-5 days. Ignore any and all links you see for the ADHD life-changing organizer, designed for people with ADHD by people with ADHD. Remember that you can try a new system whenever you want, reinvention doesn't have to start on January 1st. They are preying on our lust for new notebooks and the dopamine we get from setting up new systems!!! Don't let them win! Edit: Y'all some of these comments are killing me😂 love you guys. Also! I'm not saying planners = bad!! pls it's just a joke!!! it's more a commentary on how we're suckers for the push for productivity that comes from stores and influencers to get us to buy stuff we might not need. also sometimes u just need a blank notebook/planner to keep you company 😌 (I am guilty of this)","General Question/Discussion","1735517699","2024-12-30T00:14:59+00:00","5568","5568","1","818","3e76da9377002588","","reddit-adhdwomen-a_new_planner_will_not_change_your_life:comment:m4gxnrk","comment","m4gxnrk","t1_m4gxnrk","https://www.reddit.com/r/adhdwomen/comments/1hpa0sk/a_new_planner_will_not_change_your_life/m4gxnrk/","/r/adhdwomen/comments/1hpa0sk/a_new_planner_will_not_change_your_life/m4gxnrk/","t1_m4g05fh","comment","m4g05fh","m4g05fh","1","false","m4g05fh > m4gxnrk","ee7c8fdac4dfdfa3","","","false","false","","12","12","0","0","0","1735530891","2024-12-30T03:54:51+00:00","false","False","","false","false","true","false","Make the Excel do as much of the work as possible!! I had a pretty good budget excel that I used for a few years until the damn bank changed their statement excel and I was too lazy to update my excel. What you do is: 1) create a Budget vs Actual tab: put the recurring income and expenses in your spreadsheet for every month 2) add your budget. 3) create a line for your actual expenses 4) Category tab: look at your old statement and create a category list of actual expenses and the category they should be under. 4) Now create tabs for every month, so you can import your bank statements each month to those tab. 5) in each month tab, in an empty column beside where the statement will be, write a vlookup formula for each expense to pull their category. 6) Go back to the Budget vs Actual tab and do a sumif formula on the actual area for each month. The formula should reference the correct monthly statement tab for the category. And voila!! You just need to import your statement and categorize new expenses!","Make the Excel do as much of the work as possible!! I had a pretty good budget excel that I used for a few years until the damn bank changed their statement excel and I was too lazy to update my excel. What you do is: 1) create a Budget vs Actual tab: put the recurring income an…","1016","191","Funny because just yesterday I made an Excel sheet to maybe (potentially?) track my finances for the next year, did all the color scheme, layout, dropdowns, formulas, and all the fancy stuff. I just know I'll never open it again in my life.","Funny because just yesterday I made an Excel sheet to maybe (potentially?) track my finances for the next year, did all the color scheme, layout, dropdowns, formulas, and all the fancy stuff. I just know I'll never open it again in my life.","","false","false","monthly","lazy","expenses | monthly | change","guilt_or_shame_signal | long_form_comment | mentions_feature_or_solution | mentions_pain_or_friction | mentions_planner_or_system","64","[THREAD_TITLE]
A NEW PLANNER WILL NOT CHANGE YOUR LIFE!

[THREAD_BODY]
It's that time of the year...your tiktok fyp is full of people setting up their bullet journals for the new year, your Instagram is full of ads to buy a hobonichi...but wait! It's a trap!!! Take the $50 Moleskine leather bound weekly 2025 planner out of your cart. Do NOT, under any circumstances, go into any bookstores, office supply stores, or stationary stores for the next 3-5 days. Ignore any and all links you see for the ADHD life-changing organizer, designed for people with ADHD by people with ADHD. Remember that you can try a new system whenever you want, reinvention doesn't have to start on January 1st. They are preying on our lust for new notebooks and the dopamine we get from setting up new systems!!! Don't let them win! Edit: Y'all some of these comments are killing me😂 love you guys. Also! I'm not saying planners = bad!! pls it's just a joke!!! it's more a commentary on how we're suckers for the push for productivity that comes from stores and influencers to get us to buy stuff we might not need. also sometimes u just need a blank notebook/planner to keep you company 😌 (I am guilty of this)

[PARENT_COMMENT_CONTEXT]
Funny because just yesterday I made an Excel sheet to maybe (potentially?) track my finances for the next year, did all the color scheme, layout, dropdowns, formulas, and all the fancy stuff. I just know I'll never open it again in my life.

[CURRENT_RECORD]
Make the Excel do as much of the work as possible!! I had a pretty good budget excel that I used for a few years until the damn bank changed their statement excel and I was too lazy to update my excel. What you do is: 1) create a Budget vs Actual tab: put the recurring income and expenses in your spreadsheet for every month 2) add your budget. 3) create a line for your actual expenses 4) Category tab: look at your old statement and create a category list of actual expenses and the category they should be under. 4) Now create tabs for every month, so you can import your bank statements each month to those tab. 5) in each month tab, in an empty column beside where the statement will be, write a vlookup formula for each expense to pull their category. 6) Go back to the Budget vs Actual tab and do a sumif formula on the actual area for each month. The formula should reference the correct monthly statement tab for the category. And voila!! You just need to import your statement and categorize new expenses!"
"C:\Projects\Web\planner-tdah\research\reddit_data\reddit-adhdwomen-a_new_planner_will_not_change_your_life.json","reddit-adhdwomen-a_new_planner_will_not_change_your_life","1hpa0sk","t3_1hpa0sk","https://www.reddit.com/r/adhdwomen/comments/1hpa0sk/a_new_planner_will_not_change_your_life/","adhdwomen","r/adhdwomen","A NEW PLANNER WILL NOT CHANGE YOUR LIFE!","It's that time of the year...your tiktok fyp is full of people setting up their bullet journals for the new year, your Instagram is full of ads to buy a hobonichi...but wait! It's a trap!!! Take the $50 Moleskine leather bound weekly 2025 planner out of your cart. Do NOT, under any circumstances, go into any bookstores, office supply stores, or stationary stores for the next 3-5 days. Ignore any and all links you see for the ADHD life-changing organizer, designed for people with ADHD by people with ADHD. Remember that you can try a new system whenever you want, reinvention doesn't have to start on January 1st. They are preying on our lust for new notebooks and the dopamine we get from setting up new systems!!! Don't let them win! Edit: Y'all some of these comments are killing me😂 love you guys. Also! I'm not saying planners = bad!! pls it's just a joke!!! it's more a commentary on how we're suckers for the push for productivity that comes from stores and influencers to get us to buy stuff we might not need. also sometimes u just need a blank notebook/planner to keep you company 😌 (I am guilty of this)","General Question/Discussion","1735517699","2024-12-30T00:14:59+00:00","5568","5568","1","818","3e76da9377002588","","reddit-adhdwomen-a_new_planner_will_not_change_your_life:comment:m4h045l","comment","m4h045l","t1_m4h045l","https://www.reddit.com/r/adhdwomen/comments/1hpa0sk/a_new_planner_will_not_change_your_life/m4h045l/","/r/adhdwomen/comments/1hpa0sk/a_new_planner_will_not_change_your_life/m4h045l/","t1_m4g05fh","comment","m4g05fh","m4g05fh","1","false","m4g05fh > m4h045l","c5cca74b3a01bbd1","","","false","false","","10","10","0","0","0","1735531832","2024-12-30T04:10:32+00:00","false","False","","false","false","true","false","Hiiiiii would you consider posting the template publicly? I don’t have to motivation to create such a spreadsheet, but maybe this will be the year I use one!!","Hiiiiii would you consider posting the template publicly? I don’t have to motivation to create such a spreadsheet, but maybe this will be the year I use one!!","158","28","Funny because just yesterday I made an Excel sheet to maybe (potentially?) track my finances for the next year, did all the color scheme, layout, dropdowns, formulas, and all the fancy stuff. I just know I'll never open it again in my life.","Funny because just yesterday I made an Excel sheet to maybe (potentially?) track my finances for the next year, did all the color scheme, layout, dropdowns, formulas, and all the fancy stuff. I just know I'll never open it again in my life.","","true","false","template","","","contains_question | mentions_planner_or_system | printable_modular_system_signal","25","[THREAD_TITLE]
A NEW PLANNER WILL NOT CHANGE YOUR LIFE!

[THREAD_BODY]
It's that time of the year...your tiktok fyp is full of people setting up their bullet journals for the new year, your Instagram is full of ads to buy a hobonichi...but wait! It's a trap!!! Take the $50 Moleskine leather bound weekly 2025 planner out of your cart. Do NOT, under any circumstances, go into any bookstores, office supply stores, or stationary stores for the next 3-5 days. Ignore any and all links you see for the ADHD life-changing organizer, designed for people with ADHD by people with ADHD. Remember that you can try a new system whenever you want, reinvention doesn't have to start on January 1st. They are preying on our lust for new notebooks and the dopamine we get from setting up new systems!!! Don't let them win! Edit: Y'all some of these comments are killing me😂 love you guys. Also! I'm not saying planners = bad!! pls it's just a joke!!! it's more a commentary on how we're suckers for the push for productivity that comes from stores and influencers to get us to buy stuff we might not need. also sometimes u just need a blank notebook/planner to keep you company 😌 (I am guilty of this)

[PARENT_COMMENT_CONTEXT]
Funny because just yesterday I made an Excel sheet to maybe (potentially?) track my finances for the next year, did all the color scheme, layout, dropdowns, formulas, and all the fancy stuff. I just know I'll never open it again in my life.

[CURRENT_RECORD]
Hiiiiii would you consider posting the template publicly? I don’t have to motivation to create such a spreadsheet, but maybe this will be the year I use one!!"
"C:\Projects\Web\planner-tdah\research\reddit_data\reddit-adhdwomen-a_new_planner_will_not_change_your_life.json","reddit-adhdwomen-a_new_planner_will_not_change_your_life","1hpa0sk","t3_1hpa0sk","https://www.reddit.com/r/adhdwomen/comments/1hpa0sk/a_new_planner_will_not_change_your_life/","adhdwomen","r/adhdwomen","A NEW PLANNER WILL NOT CHANGE YOUR LIFE!","It's that time of the year...your tiktok fyp is full of people setting up their bullet journals for the new year, your Instagram is full of ads to buy a hobonichi...but wait! It's a trap!!! Take the $50 Moleskine leather bound weekly 2025 planner out of your cart. Do NOT, under any circumstances, go into any bookstores, office supply stores, or stationary stores for the next 3-5 days. Ignore any and all links you see for the ADHD life-changing organizer, designed for people with ADHD by people with ADHD. Remember that you can try a new system whenever you want, reinvention doesn't have to start on January 1st. They are preying on our lust for new notebooks and the dopamine we get from setting up new systems!!! Don't let them win! Edit: Y'all some of these comments are killing me😂 love you guys. Also! I'm not saying planners = bad!! pls it's just a joke!!! it's more a commentary on how we're suckers for the push for productivity that comes from stores and influencers to get us to buy stuff we might not need. also sometimes u just need a blank notebook/planner to keep you company 😌 (I am guilty of this)","General Question/Discussion","1735517699","2024-12-30T00:14:59+00:00","5568","5568","1","818","3e76da9377002588","","reddit-adhdwomen-a_new_planner_will_not_change_your_life:comment:m4gjfov","comment","m4gjfov","t1_m4gjfov","https://www.reddit.com/r/adhdwomen/comments/1hpa0sk/a_new_planner_will_not_change_your_life/m4gjfov/","/r/adhdwomen/comments/1hpa0sk/a_new_planner_will_not_change_your_life/m4gjfov/","t1_m4g05fh","comment","m4g05fh","m4g05fh","1","false","m4g05fh > m4gjfov","f7da0c41c44a7d24","","","false","false","","6","6","0","0","0","1735525584","2024-12-30T02:26:24+00:00","false","False","","false","false","true","false","You might! A finance spreadsheet has been a real game-changer for me. I check it every morning, and I haven't had a late payment or a bounced check ever since.","You might! A finance spreadsheet has been a real game-changer for me. I check it every morning, and I haven't had a late payment or a bounced check ever since.","159","30","Funny because just yesterday I made an Excel sheet to maybe (potentially?) track my finances for the next year, did all the color scheme, layout, dropdowns, formulas, and all the fancy stuff. I just know I'll never open it again in my life.","Funny because just yesterday I made an Excel sheet to maybe (potentially?) track my finances for the next year, did all the color scheme, layout, dropdowns, formulas, and all the fancy stuff. I just know I'll never open it again in my life.","","false","false","","","change","mentions_feature_or_solution","19","[THREAD_TITLE]
A NEW PLANNER WILL NOT CHANGE YOUR LIFE!

[THREAD_BODY]
It's that time of the year...your tiktok fyp is full of people setting up their bullet journals for the new year, your Instagram is full of ads to buy a hobonichi...but wait! It's a trap!!! Take the $50 Moleskine leather bound weekly 2025 planner out of your cart. Do NOT, under any circumstances, go into any bookstores, office supply stores, or stationary stores for the next 3-5 days. Ignore any and all links you see for the ADHD life-changing organizer, designed for people with ADHD by people with ADHD. Remember that you can try a new system whenever you want, reinvention doesn't have to start on January 1st. They are preying on our lust for new notebooks and the dopamine we get from setting up new systems!!! Don't let them win! Edit: Y'all some of these comments are killing me😂 love you guys. Also! I'm not saying planners = bad!! pls it's just a joke!!! it's more a commentary on how we're suckers for the push for productivity that comes from stores and influencers to get us to buy stuff we might not need. also sometimes u just need a blank notebook/planner to keep you company 😌 (I am guilty of this)

[PARENT_COMMENT_CONTEXT]
Funny because just yesterday I made an Excel sheet to maybe (potentially?) track my finances for the next year, did all the color scheme, layout, dropdowns, formulas, and all the fancy stuff. I just know I'll never open it again in my life.

[CURRENT_RECORD]
You might! A finance spreadsheet has been a real game-changer for me. I check it every morning, and I haven't had a late payment or a bounced check ever since."
"C:\Projects\Web\planner-tdah\research\reddit_data\reddit-adhdwomen-a_new_planner_will_not_change_your_life.json","reddit-adhdwomen-a_new_planner_will_not_change_your_life","1hpa0sk","t3_1hpa0sk","https://www.reddit.com/r/adhdwomen/comments/1hpa0sk/a_new_planner_will_not_change_your_life/","adhdwomen","r/adhdwomen","A NEW PLANNER WILL NOT CHANGE YOUR LIFE!","It's that time of the year...your tiktok fyp is full of people setting up their bullet journals for the new year, your Instagram is full of ads to buy a hobonichi...but wait! It's a trap!!! Take the $50 Moleskine leather bound weekly 2025 planner out of your cart. Do NOT, under any circumstances, go into any bookstores, office supply stores, or stationary stores for the next 3-5 days. Ignore any and all links you see for the ADHD life-changing organizer, designed for people with ADHD by people with ADHD. Remember that you can try a new system whenever you want, reinvention doesn't have to start on January 1st. They are preying on our lust for new notebooks and the dopamine we get from setting up new systems!!! Don't let them win! Edit: Y'all some of these comments are killing me😂 love you guys. Also! I'm not saying planners = bad!! pls it's just a joke!!! it's more a commentary on how we're suckers for the push for productivity that comes from stores and influencers to get us to buy stuff we might not need. also sometimes u just need a blank notebook/planner to keep you company 😌 (I am guilty of this)","General Question/Discussion","1735517699","2024-12-30T00:14:59+00:00","5568","5568","1","818","3e76da9377002588","","reddit-adhdwomen-a_new_planner_will_not_change_your_life:comment:m4guhqh","comment","m4guhqh","t1_m4guhqh","https://www.reddit.com/r/adhdwomen/comments/1hpa0sk/a_new_planner_will_not_change_your_life/m4guhqh/","/r/adhdwomen/comments/1hpa0sk/a_new_planner_will_not_change_your_life/m4guhqh/","t1_m4g05fh","comment","m4g05fh","m4g05fh","1","false","m4g05fh > m4guhqh","012ec9145951a4fe","","","false","false","","4","4","0","0","0","1735529679","2024-12-30T03:34:39+00:00","false","False","","false","false","true","false","I have been using a google forms that updates automatically to a Sheets, it's actually so easy since I used a template and then its just filling out a short form on my phone - date, what i bought, how much, what category it belongs in. I recommend seeing if you can move your Excel to google sheets and then linking it to a form!","I have been using a google forms that updates automatically to a Sheets, it's actually so easy since I used a template and then its just filling out a short form on my phone - date, what i bought, how much, what category it belongs in. I recommend seeing if you can move your Exc…","329","65","Funny because just yesterday I made an Excel sheet to maybe (potentially?) track my finances for the next year, did all the color scheme, layout, dropdowns, formulas, and all the fancy stuff. I just know I'll never open it again in my life.","Funny because just yesterday I made an Excel sheet to maybe (potentially?) track my finances for the next year, did all the color scheme, layout, dropdowns, formulas, and all the fancy stuff. I just know I'll never open it again in my life.","","false","true","template","","","mentions_planner_or_system | mentions_working_solution_or_recommendation | printable_modular_system_signal","28","[THREAD_TITLE]
A NEW PLANNER WILL NOT CHANGE YOUR LIFE!

[THREAD_BODY]
It's that time of the year...your tiktok fyp is full of people setting up their bullet journals for the new year, your Instagram is full of ads to buy a hobonichi...but wait! It's a trap!!! Take the $50 Moleskine leather bound weekly 2025 planner out of your cart. Do NOT, under any circumstances, go into any bookstores, office supply stores, or stationary stores for the next 3-5 days. Ignore any and all links you see for the ADHD life-changing organizer, designed for people with ADHD by people with ADHD. Remember that you can try a new system whenever you want, reinvention doesn't have to start on January 1st. They are preying on our lust for new notebooks and the dopamine we get from setting up new systems!!! Don't let them win! Edit: Y'all some of these comments are killing me😂 love you guys. Also! I'm not saying planners = bad!! pls it's just a joke!!! it's more a commentary on how we're suckers for the push for productivity that comes from stores and influencers to get us to buy stuff we might not need. also sometimes u just need a blank notebook/planner to keep you company 😌 (I am guilty of this)

[PARENT_COMMENT_CONTEXT]
Funny because just yesterday I made an Excel sheet to maybe (potentially?) track my finances for the next year, did all the color scheme, layout, dropdowns, formulas, and all the fancy stuff. I just know I'll never open it again in my life.

[CURRENT_RECORD]
I have been using a google forms that updates automatically to a Sheets, it's actually so easy since I used a template and then its just filling out a short form on my phone - date, what i bought, how much, what category it belongs in. I recommend seeing if you can move your Excel to google sheets and then linking it to a form!"
"C:\Projects\Web\planner-tdah\research\reddit_data\reddit-adhdwomen-a_new_planner_will_not_change_your_life.json","reddit-adhdwomen-a_new_planner_will_not_change_your_life","1hpa0sk","t3_1hpa0sk","https://www.reddit.com/r/adhdwomen/comments/1hpa0sk/a_new_planner_will_not_change_your_life/","adhdwomen","r/adhdwomen","A NEW PLANNER WILL NOT CHANGE YOUR LIFE!","It's that time of the year...your tiktok fyp is full of people setting up their bullet journals for the new year, your Instagram is full of ads to buy a hobonichi...but wait! It's a trap!!! Take the $50 Moleskine leather bound weekly 2025 planner out of your cart. Do NOT, under any circumstances, go into any bookstores, office supply stores, or stationary stores for the next 3-5 days. Ignore any and all links you see for the ADHD life-changing organizer, designed for people with ADHD by people with ADHD. Remember that you can try a new system whenever you want, reinvention doesn't have to start on January 1st. They are preying on our lust for new notebooks and the dopamine we get from setting up new systems!!! Don't let them win! Edit: Y'all some of these comments are killing me😂 love you guys. Also! I'm not saying planners = bad!! pls it's just a joke!!! it's more a commentary on how we're suckers for the push for productivity that comes from stores and influencers to get us to buy stuff we might not need. also sometimes u just need a blank notebook/planner to keep you company 😌 (I am guilty of this)","General Question/Discussion","1735517699","2024-12-30T00:14:59+00:00","5568","5568","1","818","3e76da9377002588","","reddit-adhdwomen-a_new_planner_will_not_change_your_life:comment:m4hsm8n","comment","m4hsm8n","t1_m4hsm8n","https://www.reddit.com/r/adhdwomen/comments/1hpa0sk/a_new_planner_will_not_change_your_life/m4hsm8n/","/r/adhdwomen/comments/1hpa0sk/a_new_planner_will_not_change_your_life/m4hsm8n/","t1_m4g05fh","comment","m4g05fh","m4g05fh","1","false","m4g05fh > m4hsm8n","0b75bf86771332ee","","","false","false","","4","4","0","0","0","1735545914","2024-12-30T08:05:14+00:00","false","False","","false","false","true","false","Oh I've been using one for years. And it works. I had to push myself to sit down and do it. But now I know my finances so well, when I forget 3 months, my impulse shopping won't wreck my entire finances, because I know exactly what my margin is after all this time. I hope you can stick to it. I know the beginning is very very hard.","Oh I've been using one for years. And it works. I had to push myself to sit down and do it. But now I know my finances so well, when I forget 3 months, my impulse shopping won't wreck my entire finances, because I know exactly what my margin is after all this time. I hope you ca…","333","69","Funny because just yesterday I made an Excel sheet to maybe (potentially?) track my finances for the next year, did all the color scheme, layout, dropdowns, formulas, and all the fancy stuff. I just know I'll never open it again in my life.","Funny because just yesterday I made an Excel sheet to maybe (potentially?) track my finances for the next year, did all the color scheme, layout, dropdowns, formulas, and all the fancy stuff. I just know I'll never open it again in my life.","","false","false","","forget | time","","forgetfulness_or_time_signal | mentions_pain_or_friction","28","[THREAD_TITLE]
A NEW PLANNER WILL NOT CHANGE YOUR LIFE!

[THREAD_BODY]
It's that time of the year...your tiktok fyp is full of people setting up their bullet journals for the new year, your Instagram is full of ads to buy a hobonichi...but wait! It's a trap!!! Take the $50 Moleskine leather bound weekly 2025 planner out of your cart. Do NOT, under any circumstances, go into any bookstores, office supply stores, or stationary stores for the next 3-5 days. Ignore any and all links you see for the ADHD life-changing organizer, designed for people with ADHD by people with ADHD. Remember that you can try a new system whenever you want, reinvention doesn't have to start on January 1st. They are preying on our lust for new notebooks and the dopamine we get from setting up new systems!!! Don't let them win! Edit: Y'all some of these comments are killing me😂 love you guys. Also! I'm not saying planners = bad!! pls it's just a joke!!! it's more a commentary on how we're suckers for the push for productivity that comes from stores and influencers to get us to buy stuff we might not need. also sometimes u just need a blank notebook/planner to keep you company 😌 (I am guilty of this)

[PARENT_COMMENT_CONTEXT]
Funny because just yesterday I made an Excel sheet to maybe (potentially?) track my finances for the next year, did all the color scheme, layout, dropdowns, formulas, and all the fancy stuff. I just know I'll never open it again in my life.

[CURRENT_RECORD]
Oh I've been using one for years. And it works. I had to push myself to sit down and do it. But now I know my finances so well, when I forget 3 months, my impulse shopping won't wreck my entire finances, because I know exactly what my margin is after all this time. I hope you can stick to it. I know the beginning is very very hard."
"C:\Projects\Web\planner-tdah\research\reddit_data\reddit-adhdwomen-a_new_planner_will_not_change_your_life.json","reddit-adhdwomen-a_new_planner_will_not_change_your_life","1hpa0sk","t3_1hpa0sk","https://www.reddit.com/r/adhdwomen/comments/1hpa0sk/a_new_planner_will_not_change_your_life/","adhdwomen","r/adhdwomen","A NEW PLANNER WILL NOT CHANGE YOUR LIFE!","It's that time of the year...your tiktok fyp is full of people setting up their bullet journals for the new year, your Instagram is full of ads to buy a hobonichi...but wait! It's a trap!!! Take the $50 Moleskine leather bound weekly 2025 planner out of your cart. Do NOT, under any circumstances, go into any bookstores, office supply stores, or stationary stores for the next 3-5 days. Ignore any and all links you see for the ADHD life-changing organizer, designed for people with ADHD by people with ADHD. Remember that you can try a new system whenever you want, reinvention doesn't have to start on January 1st. They are preying on our lust for new notebooks and the dopamine we get from setting up new systems!!! Don't let them win! Edit: Y'all some of these comments are killing me😂 love you guys. Also! I'm not saying planners = bad!! pls it's just a joke!!! it's more a commentary on how we're suckers for the push for productivity that comes from stores and influencers to get us to buy stuff we might not need. also sometimes u just need a blank notebook/planner to keep you company 😌 (I am guilty of this)","General Question/Discussion","1735517699","2024-12-30T00:14:59+00:00","5568","5568","1","818","3e76da9377002588","","reddit-adhdwomen-a_new_planner_will_not_change_your_life:comment:m4fxxl2","comment","m4fxxl2","t1_m4fxxl2","https://www.reddit.com/r/adhdwomen/comments/1hpa0sk/a_new_planner_will_not_change_your_life/m4fxxl2/","/r/adhdwomen/comments/1hpa0sk/a_new_planner_will_not_change_your_life/m4fxxl2/","t3_1hpa0sk","post","","m4fxxl2","0","true","m4fxxl2","","","","false","false","","298","298","0","0","7","1735518037","2024-12-30T00:20:37+00:00","false","False","","false","false","true","false","[excluído]","[excluído]","10","1","","","","false","false","","","","","22","[THREAD_TITLE]
A NEW PLANNER WILL NOT CHANGE YOUR LIFE!

[THREAD_BODY]
It's that time of the year...your tiktok fyp is full of people setting up their bullet journals for the new year, your Instagram is full of ads to buy a hobonichi...but wait! It's a trap!!! Take the $50 Moleskine leather bound weekly 2025 planner out of your cart. Do NOT, under any circumstances, go into any bookstores, office supply stores, or stationary stores for the next 3-5 days. Ignore any and all links you see for the ADHD life-changing organizer, designed for people with ADHD by people with ADHD. Remember that you can try a new system whenever you want, reinvention doesn't have to start on January 1st. They are preying on our lust for new notebooks and the dopamine we get from setting up new systems!!! Don't let them win! Edit: Y'all some of these comments are killing me😂 love you guys. Also! I'm not saying planners = bad!! pls it's just a joke!!! it's more a commentary on how we're suckers for the push for productivity that comes from stores and influencers to get us to buy stuff we might not need. also sometimes u just need a blank notebook/planner to keep you company 😌 (I am guilty of this)

[CURRENT_RECORD]
[excluído]"
"C:\Projects\Web\planner-tdah\research\reddit_data\reddit-adhdwomen-a_new_planner_will_not_change_your_life.json","reddit-adhdwomen-a_new_planner_will_not_change_your_life","1hpa0sk","t3_1hpa0sk","https://www.reddit.com/r/adhdwomen/comments/1hpa0sk/a_new_planner_will_not_change_your_life/","adhdwomen","r/adhdwomen","A NEW PLANNER WILL NOT CHANGE YOUR LIFE!","It's that time of the year...your tiktok fyp is full of people setting up their bullet journals for the new year, your Instagram is full of ads to buy a hobonichi...but wait! It's a trap!!! Take the $50 Moleskine leather bound weekly 2025 planner out of your cart. Do NOT, under any circumstances, go into any bookstores, office supply stores, or stationary stores for the next 3-5 days. Ignore any and all links you see for the ADHD life-changing organizer, designed for people with ADHD by people with ADHD. Remember that you can try a new system whenever you want, reinvention doesn't have to start on January 1st. They are preying on our lust for new notebooks and the dopamine we get from setting up new systems!!! Don't let them win! Edit: Y'all some of these comments are killing me😂 love you guys. Also! I'm not saying planners = bad!! pls it's just a joke!!! it's more a commentary on how we're suckers for the push for productivity that comes from stores and influencers to get us to buy stuff we might not need. also sometimes u just need a blank notebook/planner to keep you company 😌 (I am guilty of this)","General Question/Discussion","1735517699","2024-12-30T00:14:59+00:00","5568","5568","1","818","3e76da9377002588","","reddit-adhdwomen-a_new_planner_will_not_change_your_life:comment:m4fy67s","comment","m4fy67s","t1_m4fy67s","https://www.reddit.com/r/adhdwomen/comments/1hpa0sk/a_new_planner_will_not_change_your_life/m4fy67s/","/r/adhdwomen/comments/1hpa0sk/a_new_planner_will_not_change_your_life/m4fy67s/","t1_m4fxxl2","comment","m4fxxl2","m4fxxl2","1","false","m4fxxl2 > m4fy67s","3e76da9377002588","","ADHD-HI","true","false","","99","99","0","0","2","1735518117","2024-12-30T00:21:57+00:00","false","False","","false","false","true","false","Google cal is my life 🙌","Google cal is my life 🙌","23","6","[excluído]","[excluído]","","false","false","","","","","18","[THREAD_TITLE]
A NEW PLANNER WILL NOT CHANGE YOUR LIFE!

[THREAD_BODY]
It's that time of the year...your tiktok fyp is full of people setting up their bullet journals for the new year, your Instagram is full of ads to buy a hobonichi...but wait! It's a trap!!! Take the $50 Moleskine leather bound weekly 2025 planner out of your cart. Do NOT, under any circumstances, go into any bookstores, office supply stores, or stationary stores for the next 3-5 days. Ignore any and all links you see for the ADHD life-changing organizer, designed for people with ADHD by people with ADHD. Remember that you can try a new system whenever you want, reinvention doesn't have to start on January 1st. They are preying on our lust for new notebooks and the dopamine we get from setting up new systems!!! Don't let them win! Edit: Y'all some of these comments are killing me😂 love you guys. Also! I'm not saying planners = bad!! pls it's just a joke!!! it's more a commentary on how we're suckers for the push for productivity that comes from stores and influencers to get us to buy stuff we might not need. also sometimes u just need a blank notebook/planner to keep you company 😌 (I am guilty of this)

[PARENT_COMMENT_CONTEXT]
[excluído]

[CURRENT_RECORD]
Google cal is my life 🙌"
"C:\Projects\Web\planner-tdah\research\reddit_data\reddit-adhdwomen-a_new_planner_will_not_change_your_life.json","reddit-adhdwomen-a_new_planner_will_not_change_your_life","1hpa0sk","t3_1hpa0sk","https://www.reddit.com/r/adhdwomen/comments/1hpa0sk/a_new_planner_will_not_change_your_life/","adhdwomen","r/adhdwomen","A NEW PLANNER WILL NOT CHANGE YOUR LIFE!","It's that time of the year...your tiktok fyp is full of people setting up their bullet journals for the new year, your Instagram is full of ads to buy a hobonichi...but wait! It's a trap!!! Take the $50 Moleskine leather bound weekly 2025 planner out of your cart. Do NOT, under any circumstances, go into any bookstores, office supply stores, or stationary stores for the next 3-5 days. Ignore any and all links you see for the ADHD life-changing organizer, designed for people with ADHD by people with ADHD. Remember that you can try a new system whenever you want, reinvention doesn't have to start on January 1st. They are preying on our lust for new notebooks and the dopamine we get from setting up new systems!!! Don't let them win! Edit: Y'all some of these comments are killing me😂 love you guys. Also! I'm not saying planners = bad!! pls it's just a joke!!! it's more a commentary on how we're suckers for the push for productivity that comes from stores and influencers to get us to buy stuff we might not need. also sometimes u just need a blank notebook/planner to keep you company 😌 (I am guilty of this)","General Question/Discussion","1735517699","2024-12-30T00:14:59+00:00","5568","5568","1","818","3e76da9377002588","","reddit-adhdwomen-a_new_planner_will_not_change_your_life:comment:m4fzfiw","comment","m4fzfiw","t1_m4fzfiw","https://www.reddit.com/r/adhdwomen/comments/1hpa0sk/a_new_planner_will_not_change_your_life/m4fzfiw/","/r/adhdwomen/comments/1hpa0sk/a_new_planner_will_not_change_your_life/m4fzfiw/","t1_m4fy67s","comment","m4fy67s","m4fxxl2","2","false","m4fxxl2 > m4fy67s > m4fzfiw","","","","false","false","","30","30","0","0","1","1735518531","2024-12-30T00:28:51+00:00","false","False","","false","false","true","false","[excluído]","[excluído]","10","1","Google cal is my life 🙌","[excluído]","","false","false","","","","","13","[THREAD_TITLE]
A NEW PLANNER WILL NOT CHANGE YOUR LIFE!

[THREAD_BODY]
It's that time of the year...your tiktok fyp is full of people setting up their bullet journals for the new year, your Instagram is full of ads to buy a hobonichi...but wait! It's a trap!!! Take the $50 Moleskine leather bound weekly 2025 planner out of your cart. Do NOT, under any circumstances, go into any bookstores, office supply stores, or stationary stores for the next 3-5 days. Ignore any and all links you see for the ADHD life-changing organizer, designed for people with ADHD by people with ADHD. Remember that you can try a new system whenever you want, reinvention doesn't have to start on January 1st. They are preying on our lust for new notebooks and the dopamine we get from setting up new systems!!! Don't let them win! Edit: Y'all some of these comments are killing me😂 love you guys. Also! I'm not saying planners = bad!! pls it's just a joke!!! it's more a commentary on how we're suckers for the push for productivity that comes from stores and influencers to get us to buy stuff we might not need. also sometimes u just need a blank notebook/planner to keep you company 😌 (I am guilty of this)

[ROOT_COMMENT_CONTEXT]
[excluído]

[PARENT_COMMENT_CONTEXT]
Google cal is my life 🙌

[CURRENT_RECORD]
[excluído]"
"C:\Projects\Web\planner-tdah\research\reddit_data\reddit-adhdwomen-a_new_planner_will_not_change_your_life.json","reddit-adhdwomen-a_new_planner_will_not_change_your_life","1hpa0sk","t3_1hpa0sk","https://www.reddit.com/r/adhdwomen/comments/1hpa0sk/a_new_planner_will_not_change_your_life/","adhdwomen","r/adhdwomen","A NEW PLANNER WILL NOT CHANGE YOUR LIFE!","It's that time of the year...your tiktok fyp is full of people setting up their bullet journals for the new year, your Instagram is full of ads to buy a hobonichi...but wait! It's a trap!!! Take the $50 Moleskine leather bound weekly 2025 planner out of your cart. Do NOT, under any circumstances, go into any bookstores, office supply stores, or stationary stores for the next 3-5 days. Ignore any and all links you see for the ADHD life-changing organizer, designed for people with ADHD by people with ADHD. Remember that you can try a new system whenever you want, reinvention doesn't have to start on January 1st. They are preying on our lust for new notebooks and the dopamine we get from setting up new systems!!! Don't let them win! Edit: Y'all some of these comments are killing me😂 love you guys. Also! I'm not saying planners = bad!! pls it's just a joke!!! it's more a commentary on how we're suckers for the push for productivity that comes from stores and influencers to get us to buy stuff we might not need. also sometimes u just need a blank notebook/planner to keep you company 😌 (I am guilty of this)","General Question/Discussion","1735517699","2024-12-30T00:14:59+00:00","5568","5568","1","818","3e76da9377002588","","reddit-adhdwomen-a_new_planner_will_not_change_your_life:comment:m4gine1","comment","m4gine1","t1_m4gine1","https://www.reddit.com/r/adhdwomen/comments/1hpa0sk/a_new_planner_will_not_change_your_life/m4gine1/","/r/adhdwomen/comments/1hpa0sk/a_new_planner_will_not_change_your_life/m4gine1/","t1_m4fzfiw","comment","m4fzfiw","m4fxxl2","3","false","m4fxxl2 > m4fy67s > m4fzfiw > m4gine1","65def98a1c1dc1f6","","","false","false","","8","8","0","0","0","1735525298","2024-12-30T02:21:38+00:00","false","False","","false","false","true","false","I never got a handle on Keep. It doesn’t make sense with my brain","I never got a handle on Keep. It doesn’t make sense with my brain","65","14","[excluído]","[excluído]","","false","false","","","","","5","[THREAD_TITLE]
A NEW PLANNER WILL NOT CHANGE YOUR LIFE!

[THREAD_BODY]
It's that time of the year...your tiktok fyp is full of people setting up their bullet journals for the new year, your Instagram is full of ads to buy a hobonichi...but wait! It's a trap!!! Take the $50 Moleskine leather bound weekly 2025 planner out of your cart. Do NOT, under any circumstances, go into any bookstores, office supply stores, or stationary stores for the next 3-5 days. Ignore any and all links you see for the ADHD life-changing organizer, designed for people with ADHD by people with ADHD. Remember that you can try a new system whenever you want, reinvention doesn't have to start on January 1st. They are preying on our lust for new notebooks and the dopamine we get from setting up new systems!!! Don't let them win! Edit: Y'all some of these comments are killing me😂 love you guys. Also! I'm not saying planners = bad!! pls it's just a joke!!! it's more a commentary on how we're suckers for the push for productivity that comes from stores and influencers to get us to buy stuff we might not need. also sometimes u just need a blank notebook/planner to keep you company 😌 (I am guilty of this)

[PARENT_COMMENT_CONTEXT]
[excluído]

[CURRENT_RECORD]
I never got a handle on Keep. It doesn’t make sense with my brain"
"C:\Projects\Web\planner-tdah\research\reddit_data\reddit-adhdwomen-a_new_planner_will_not_change_your_life.json","reddit-adhdwomen-a_new_planner_will_not_change_your_life","1hpa0sk","t3_1hpa0sk","https://www.reddit.com/r/adhdwomen/comments/1hpa0sk/a_new_planner_will_not_change_your_life/","adhdwomen","r/adhdwomen","A NEW PLANNER WILL NOT CHANGE YOUR LIFE!","It's that time of the year...your tiktok fyp is full of people setting up their bullet journals for the new year, your Instagram is full of ads to buy a hobonichi...but wait! It's a trap!!! Take the $50 Moleskine leather bound weekly 2025 planner out of your cart. Do NOT, under any circumstances, go into any bookstores, office supply stores, or stationary stores for the next 3-5 days. Ignore any and all links you see for the ADHD life-changing organizer, designed for people with ADHD by people with ADHD. Remember that you can try a new system whenever you want, reinvention doesn't have to start on January 1st. They are preying on our lust for new notebooks and the dopamine we get from setting up new systems!!! Don't let them win! Edit: Y'all some of these comments are killing me😂 love you guys. Also! I'm not saying planners = bad!! pls it's just a joke!!! it's more a commentary on how we're suckers for the push for productivity that comes from stores and influencers to get us to buy stuff we might not need. also sometimes u just need a blank notebook/planner to keep you company 😌 (I am guilty of this)","General Question/Discussion","1735517699","2024-12-30T00:14:59+00:00","5568","5568","1","818","3e76da9377002588","","reddit-adhdwomen-a_new_planner_will_not_change_your_life:comment:m4gf8hv","comment","m4gf8hv","t1_m4gf8hv","https://www.reddit.com/r/adhdwomen/comments/1hpa0sk/a_new_planner_will_not_change_your_life/m4gf8hv/","/r/adhdwomen/comments/1hpa0sk/a_new_planner_will_not_change_your_life/m4gf8hv/","t1_m4fxxl2","comment","m4fxxl2","m4fxxl2","1","false","m4fxxl2 > m4gf8hv","acf571e18ca7798a","","","false","false","","19","19","0","0","0","1735524060","2024-12-30T02:01:00+00:00","false","False","","false","false","true","false","Forgot about Google keep! Installing it now to replace Microsoft To-Do. Thanks 😊","Forgot about Google keep! Installing it now to replace Microsoft To-Do. Thanks 😊","80","13","[excluído]","[excluído]","","false","false","to-do","forgot","","forgetfulness_or_time_signal | mentions_pain_or_friction | mentions_planner_or_system","22","[THREAD_TITLE]
A NEW PLANNER WILL NOT CHANGE YOUR LIFE!

[THREAD_BODY]
It's that time of the year...your tiktok fyp is full of people setting up their bullet journals for the new year, your Instagram is full of ads to buy a hobonichi...but wait! It's a trap!!! Take the $50 Moleskine leather bound weekly 2025 planner out of your cart. Do NOT, under any circumstances, go into any bookstores, office supply stores, or stationary stores for the next 3-5 days. Ignore any and all links you see for the ADHD life-changing organizer, designed for people with ADHD by people with ADHD. Remember that you can try a new system whenever you want, reinvention doesn't have to start on January 1st. They are preying on our lust for new notebooks and the dopamine we get from setting up new systems!!! Don't let them win! Edit: Y'all some of these comments are killing me😂 love you guys. Also! I'm not saying planners = bad!! pls it's just a joke!!! it's more a commentary on how we're suckers for the push for productivity that comes from stores and influencers to get us to buy stuff we might not need. also sometimes u just need a blank notebook/planner to keep you company 😌 (I am guilty of this)

[PARENT_COMMENT_CONTEXT]
[excluído]

[CURRENT_RECORD]
Forgot about Google keep! Installing it now to replace Microsoft To-Do. Thanks 😊"
"C:\Projects\Web\planner-tdah\research\reddit_data\reddit-adhdwomen-a_new_planner_will_not_change_your_life.json","reddit-adhdwomen-a_new_planner_will_not_change_your_life","1hpa0sk","t3_1hpa0sk","https://www.reddit.com/r/adhdwomen/comments/1hpa0sk/a_new_planner_will_not_change_your_life/","adhdwomen","r/adhdwomen","A NEW PLANNER WILL NOT CHANGE YOUR LIFE!","It's that time of the year...your tiktok fyp is full of people setting up their bullet journals for the new year, your Instagram is full of ads to buy a hobonichi...but wait! It's a trap!!! Take the $50 Moleskine leather bound weekly 2025 planner out of your cart. Do NOT, under any circumstances, go into any bookstores, office supply stores, or stationary stores for the next 3-5 days. Ignore any and all links you see for the ADHD life-changing organizer, designed for people with ADHD by people with ADHD. Remember that you can try a new system whenever you want, reinvention doesn't have to start on January 1st. They are preying on our lust for new notebooks and the dopamine we get from setting up new systems!!! Don't let them win! Edit: Y'all some of these comments are killing me😂 love you guys. Also! I'm not saying planners = bad!! pls it's just a joke!!! it's more a commentary on how we're suckers for the push for productivity that comes from stores and influencers to get us to buy stuff we might not need. also sometimes u just need a blank notebook/planner to keep you company 😌 (I am guilty of this)","General Question/Discussion","1735517699","2024-12-30T00:14:59+00:00","5568","5568","1","818","3e76da9377002588","","reddit-adhdwomen-a_new_planner_will_not_change_your_life:comment:m4glmsa","comment","m4glmsa","t1_m4glmsa","https://www.reddit.com/r/adhdwomen/comments/1hpa0sk/a_new_planner_will_not_change_your_life/m4glmsa/","/r/adhdwomen/comments/1hpa0sk/a_new_planner_will_not_change_your_life/m4glmsa/","t1_m4fxxl2","comment","m4fxxl2","m4fxxl2","1","false","m4fxxl2 > m4glmsa","eef298edf0b7d6c7","","","false","false","","16","16","0","0","0","1735526377","2024-12-30T02:39:37+00:00","false","False","","false","false","true","false","This. Except I use Google Keep for serious notes and Notes for non-serious notes (it makes sense in my brain).","This. Except I use Google Keep for serious notes and Notes for non-serious notes (it makes sense in my brain).","110","20","[excluído]","[excluído]","","false","false","","","notes","mentions_feature_or_solution","19","[THREAD_TITLE]
A NEW PLANNER WILL NOT CHANGE YOUR LIFE!

[THREAD_BODY]
It's that time of the year...your tiktok fyp is full of people setting up their bullet journals for the new year, your Instagram is full of ads to buy a hobonichi...but wait! It's a trap!!! Take the $50 Moleskine leather bound weekly 2025 planner out of your cart. Do NOT, under any circumstances, go into any bookstores, office supply stores, or stationary stores for the next 3-5 days. Ignore any and all links you see for the ADHD life-changing organizer, designed for people with ADHD by people with ADHD. Remember that you can try a new system whenever you want, reinvention doesn't have to start on January 1st. They are preying on our lust for new notebooks and the dopamine we get from setting up new systems!!! Don't let them win! Edit: Y'all some of these comments are killing me😂 love you guys. Also! I'm not saying planners = bad!! pls it's just a joke!!! it's more a commentary on how we're suckers for the push for productivity that comes from stores and influencers to get us to buy stuff we might not need. also sometimes u just need a blank notebook/planner to keep you company 😌 (I am guilty of this)

[PARENT_COMMENT_CONTEXT]
[excluído]

[CURRENT_RECORD]
This. Except I use Google Keep for serious notes and Notes for non-serious notes (it makes sense in my brain)."
"C:\Projects\Web\planner-tdah\research\reddit_data\reddit-adhdwomen-a_new_planner_will_not_change_your_life.json","reddit-adhdwomen-a_new_planner_will_not_change_your_life","1hpa0sk","t3_1hpa0sk","https://www.reddit.com/r/adhdwomen/comments/1hpa0sk/a_new_planner_will_not_change_your_life/","adhdwomen","r/adhdwomen","A NEW PLANNER WILL NOT CHANGE YOUR LIFE!","It's that time of the year...your tiktok fyp is full of people setting up their bullet journals for the new year, your Instagram is full of ads to buy a hobonichi...but wait! It's a trap!!! Take the $50 Moleskine leather bound weekly 2025 planner out of your cart. Do NOT, under any circumstances, go into any bookstores, office supply stores, or stationary stores for the next 3-5 days. Ignore any and all links you see for the ADHD life-changing organizer, designed for people with ADHD by people with ADHD. Remember that you can try a new system whenever you want, reinvention doesn't have to start on January 1st. They are preying on our lust for new notebooks and the dopamine we get from setting up new systems!!! Don't let them win! Edit: Y'all some of these comments are killing me😂 love you guys. Also! I'm not saying planners = bad!! pls it's just a joke!!! it's more a commentary on how we're suckers for the push for productivity that comes from stores and influencers to get us to buy stuff we might not need. also sometimes u just need a blank notebook/planner to keep you company 😌 (I am guilty of this)","General Question/Discussion","1735517699","2024-12-30T00:14:59+00:00","5568","5568","1","818","3e76da9377002588","","reddit-adhdwomen-a_new_planner_will_not_change_your_life:comment:m4gjy4g","comment","m4gjy4g","t1_m4gjy4g","https://www.reddit.com/r/adhdwomen/comments/1hpa0sk/a_new_planner_will_not_change_your_life/m4gjy4g/","/r/adhdwomen/comments/1hpa0sk/a_new_planner_will_not_change_your_life/m4gjy4g/","t1_m4fxxl2","comment","m4fxxl2","m4fxxl2","1","false","m4fxxl2 > m4gjy4g","d9204463b337d865","","","false","false","","26","26","0","0","1","1735525769","2024-12-30T02:29:29+00:00","false","False","","false","false","true","false","I really hate that Google calendar is what works for me. I want it to be cute planners so bad, Google calendar isn’t cute!!","I really hate that Google calendar is what works for me. I want it to be cute planners so bad, Google calendar isn’t cute!!","123","24","[excluído]","[excluído]","","false","true","planner | planners | plan | calendar","","","mentions_planner_or_system | mentions_working_solution_or_recommendation","47","[THREAD_TITLE]
A NEW PLANNER WILL NOT CHANGE YOUR LIFE!

[THREAD_BODY]
It's that time of the year...your tiktok fyp is full of people setting up their bullet journals for the new year, your Instagram is full of ads to buy a hobonichi...but wait! It's a trap!!! Take the $50 Moleskine leather bound weekly 2025 planner out of your cart. Do NOT, under any circumstances, go into any bookstores, office supply stores, or stationary stores for the next 3-5 days. Ignore any and all links you see for the ADHD life-changing organizer, designed for people with ADHD by people with ADHD. Remember that you can try a new system whenever you want, reinvention doesn't have to start on January 1st. They are preying on our lust for new notebooks and the dopamine we get from setting up new systems!!! Don't let them win! Edit: Y'all some of these comments are killing me😂 love you guys. Also! I'm not saying planners = bad!! pls it's just a joke!!! it's more a commentary on how we're suckers for the push for productivity that comes from stores and influencers to get us to buy stuff we might not need. also sometimes u just need a blank notebook/planner to keep you company 😌 (I am guilty of this)

[PARENT_COMMENT_CONTEXT]
[excluído]

[CURRENT_RECORD]
I really hate that Google calendar is what works for me. I want it to be cute planners so bad, Google calendar isn’t cute!!"
"C:\Projects\Web\planner-tdah\research\reddit_data\reddit-adhdwomen-a_new_planner_will_not_change_your_life.json","reddit-adhdwomen-a_new_planner_will_not_change_your_life","1hpa0sk","t3_1hpa0sk","https://www.reddit.com/r/adhdwomen/comments/1hpa0sk/a_new_planner_will_not_change_your_life/","adhdwomen","r/adhdwomen","A NEW PLANNER WILL NOT CHANGE YOUR LIFE!","It's that time of the year...your tiktok fyp is full of people setting up their bullet journals for the new year, your Instagram is full of ads to buy a hobonichi...but wait! It's a trap!!! Take the $50 Moleskine leather bound weekly 2025 planner out of your cart. Do NOT, under any circumstances, go into any bookstores, office supply stores, or stationary stores for the next 3-5 days. Ignore any and all links you see for the ADHD life-changing organizer, designed for people with ADHD by people with ADHD. Remember that you can try a new system whenever you want, reinvention doesn't have to start on January 1st. They are preying on our lust for new notebooks and the dopamine we get from setting up new systems!!! Don't let them win! Edit: Y'all some of these comments are killing me😂 love you guys. Also! I'm not saying planners = bad!! pls it's just a joke!!! it's more a commentary on how we're suckers for the push for productivity that comes from stores and influencers to get us to buy stuff we might not need. also sometimes u just need a blank notebook/planner to keep you company 😌 (I am guilty of this)","General Question/Discussion","1735517699","2024-12-30T00:14:59+00:00","5568","5568","1","818","3e76da9377002588","","reddit-adhdwomen-a_new_planner_will_not_change_your_life:comment:m4gu9d6","comment","m4gu9d6","t1_m4gu9d6","https://www.reddit.com/r/adhdwomen/comments/1hpa0sk/a_new_planner_will_not_change_your_life/m4gu9d6/","/r/adhdwomen/comments/1hpa0sk/a_new_planner_will_not_change_your_life/m4gu9d6/","t1_m4fxxl2","comment","m4fxxl2","m4fxxl2","1","false","m4fxxl2 > m4gu9d6","012ec9145951a4fe","","","false","false","","12","12","0","0","1","1735529594","2024-12-30T03:33:14+00:00","false","False","","false","false","true","false","I just wrote a similar comment. And now they added an ""appointments"" feature that I'm going to start using soon. So much easier than paper planners, except I just hand over more and more data to google which they can then sell so the highest bidder, but...","I just wrote a similar comment. And now they added an ""appointments"" feature that I'm going to start using soon. So much easier than paper planners, except I just hand over more and more data to google which they can then sell so the highest bidder, but...","256","47","[excluído]","[excluído]","","false","false","planner | planners | plan | app","","appointments","mentions_feature_or_solution | mentions_planner_or_system","38","[THREAD_TITLE]
A NEW PLANNER WILL NOT CHANGE YOUR LIFE!

[THREAD_BODY]
It's that time of the year...your tiktok fyp is full of people setting up their bullet journals for the new year, your Instagram is full of ads to buy a hobonichi...but wait! It's a trap!!! Take the $50 Moleskine leather bound weekly 2025 planner out of your cart. Do NOT, under any circumstances, go into any bookstores, office supply stores, or stationary stores for the next 3-5 days. Ignore any and all links you see for the ADHD life-changing organizer, designed for people with ADHD by people with ADHD. Remember that you can try a new system whenever you want, reinvention doesn't have to start on January 1st. They are preying on our lust for new notebooks and the dopamine we get from setting up new systems!!! Don't let them win! Edit: Y'all some of these comments are killing me😂 love you guys. Also! I'm not saying planners = bad!! pls it's just a joke!!! it's more a commentary on how we're suckers for the push for productivity that comes from stores and influencers to get us to buy stuff we might not need. also sometimes u just need a blank notebook/planner to keep you company 😌 (I am guilty of this)

[PARENT_COMMENT_CONTEXT]
[excluído]

[CURRENT_RECORD]
I just wrote a similar comment. And now they added an ""appointments"" feature that I'm going to start using soon. So much easier than paper planners, except I just hand over more and more data to google which they can then sell so the highest bidder, but..."
"C:\Projects\Web\planner-tdah\research\reddit_data\reddit-adhdwomen-a_new_planner_will_not_change_your_life.json","reddit-adhdwomen-a_new_planner_will_not_change_your_life","1hpa0sk","t3_1hpa0sk","https://www.reddit.com/r/adhdwomen/comments/1hpa0sk/a_new_planner_will_not_change_your_life/","adhdwomen","r/adhdwomen","A NEW PLANNER WILL NOT CHANGE YOUR LIFE!","It's that time of the year...your tiktok fyp is full of people setting up their bullet journals for the new year, your Instagram is full of ads to buy a hobonichi...but wait! It's a trap!!! Take the $50 Moleskine leather bound weekly 2025 planner out of your cart. Do NOT, under any circumstances, go into any bookstores, office supply stores, or stationary stores for the next 3-5 days. Ignore any and all links you see for the ADHD life-changing organizer, designed for people with ADHD by people with ADHD. Remember that you can try a new system whenever you want, reinvention doesn't have to start on January 1st. They are preying on our lust for new notebooks and the dopamine we get from setting up new systems!!! Don't let them win! Edit: Y'all some of these comments are killing me😂 love you guys. Also! I'm not saying planners = bad!! pls it's just a joke!!! it's more a commentary on how we're suckers for the push for productivity that comes from stores and influencers to get us to buy stuff we might not need. also sometimes u just need a blank notebook/planner to keep you company 😌 (I am guilty of this)","General Question/Discussion","1735517699","2024-12-30T00:14:59+00:00","5568","5568","1","818","3e76da9377002588","","reddit-adhdwomen-a_new_planner_will_not_change_your_life:comment:m4gj60a","comment","m4gj60a","t1_m4gj60a","https://www.reddit.com/r/adhdwomen/comments/1hpa0sk/a_new_planner_will_not_change_your_life/m4gj60a/","/r/adhdwomen/comments/1hpa0sk/a_new_planner_will_not_change_your_life/m4gj60a/","t1_m4fxxl2","comment","m4fxxl2","m4fxxl2","1","false","m4fxxl2 > m4gj60a","fab0aa5465ce7a8d","","","false","false","","7","7","0","0","1","1735525486","2024-12-30T02:24:46+00:00","false","False","","false","false","true","false","exactly my system lol. and pinning To-Do emails to the top in Gmail. keep it simple ¯\(ツ)/¯","exactly my system lol. and pinning To-Do emails to the top in Gmail. keep it simple ¯\(ツ)/¯","91","17","[excluído]","[excluído]","","false","false","to-do","","simple","mentions_feature_or_solution | mentions_planner_or_system","16","[THREAD_TITLE]
A NEW PLANNER WILL NOT CHANGE YOUR LIFE!

[THREAD_BODY]
It's that time of the year...your tiktok fyp is full of people setting up their bullet journals for the new year, your Instagram is full of ads to buy a hobonichi...but wait! It's a trap!!! Take the $50 Moleskine leather bound weekly 2025 planner out of your cart. Do NOT, under any circumstances, go into any bookstores, office supply stores, or stationary stores for the next 3-5 days. Ignore any and all links you see for the ADHD life-changing organizer, designed for people with ADHD by people with ADHD. Remember that you can try a new system whenever you want, reinvention doesn't have to start on January 1st. They are preying on our lust for new notebooks and the dopamine we get from setting up new systems!!! Don't let them win! Edit: Y'all some of these comments are killing me😂 love you guys. Also! I'm not saying planners = bad!! pls it's just a joke!!! it's more a commentary on how we're suckers for the push for productivity that comes from stores and influencers to get us to buy stuff we might not need. also sometimes u just need a blank notebook/planner to keep you company 😌 (I am guilty of this)

[PARENT_COMMENT_CONTEXT]
[excluído]

[CURRENT_RECORD]
exactly my system lol. and pinning To-Do emails to the top in Gmail. keep it simple ¯\(ツ)/¯"
"C:\Projects\Web\planner-tdah\research\reddit_data\reddit-adhdwomen-a_new_planner_will_not_change_your_life.json","reddit-adhdwomen-a_new_planner_will_not_change_your_life","1hpa0sk","t3_1hpa0sk","https://www.reddit.com/r/adhdwomen/comments/1hpa0sk/a_new_planner_will_not_change_your_life/","adhdwomen","r/adhdwomen","A NEW PLANNER WILL NOT CHANGE YOUR LIFE!","It's that time of the year...your tiktok fyp is full of people setting up their bullet journals for the new year, your Instagram is full of ads to buy a hobonichi...but wait! It's a trap!!! Take the $50 Moleskine leather bound weekly 2025 planner out of your cart. Do NOT, under any circumstances, go into any bookstores, office supply stores, or stationary stores for the next 3-5 days. Ignore any and all links you see for the ADHD life-changing organizer, designed for people with ADHD by people with ADHD. Remember that you can try a new system whenever you want, reinvention doesn't have to start on January 1st. They are preying on our lust for new notebooks and the dopamine we get from setting up new systems!!! Don't let them win! Edit: Y'all some of these comments are killing me😂 love you guys. Also! I'm not saying planners = bad!! pls it's just a joke!!! it's more a commentary on how we're suckers for the push for productivity that comes from stores and influencers to get us to buy stuff we might not need. also sometimes u just need a blank notebook/planner to keep you company 😌 (I am guilty of this)","General Question/Discussion","1735517699","2024-12-30T00:14:59+00:00","5568","5568","1","818","3e76da9377002588","","reddit-adhdwomen-a_new_planner_will_not_change_your_life:comment:m4fzr17","comment","m4fzr17","t1_m4fzr17","https://www.reddit.com/r/adhdwomen/comments/1hpa0sk/a_new_planner_will_not_change_your_life/m4fzr17/","/r/adhdwomen/comments/1hpa0sk/a_new_planner_will_not_change_your_life/m4fzr17/","t3_1hpa0sk","post","","m4fzr17","0","true","m4fzr17","6f6c5f6c53a7006a","","","false","false","","183","183","0","0","4","1735518635","2024-12-30T00:30:35+00:00","false","False","","false","false","true","false","Tips for planner FOMO: - Sales. Some places are clearing stock now, others will be come Feb or March. Make a wishlist, don't pull the trigger yet. Chances are by then you'll have emotionally moved on anyway, and if you haven't, now they're on sale. - Some places still have 18 month 24/25 stock on deep discount. You can still use it for a whole year! The fools! - Undated. You've put it down and forgotten it existed for three months? No problem! - Mock-ups. Some brands (like Passion Planner) will let you print out pages for free to try them out. In other cases, you may have to draw up a mock-up yourself to see how the page might work for you. - Buy second hand. Someone (probably alsonwith ADHD) bought a Hobonichi last year and used it for a week. It's still good! Redate where necessary and give it a go. - Use the planners you already have that you bought three years ago and forgot about. The planner people call this ""shop your stash"" lol. Redate a month, watch some set-up vids to inspire you, and give it another try.","Tips for planner FOMO: - Sales. Some places are clearing stock now, others will be come Feb or March. Make a wishlist, don't pull the trigger yet. Chances are by then you'll have emotionally moved on anyway, and if you haven't, now they're on sale. - Some places still have 18 mo…","1030","193","","","","true","false","planner | planners | plan","adhd | forgot | forgotten","print","contains_question | forgetfulness_or_time_signal | long_form_comment | mentions_feature_or_solution | mentions_pain_or_friction | mentions_planner_or_system","87","[THREAD_TITLE]
A NEW PLANNER WILL NOT CHANGE YOUR LIFE!

[THREAD_BODY]
It's that time of the year...your tiktok fyp is full of people setting up their bullet journals for the new year, your Instagram is full of ads to buy a hobonichi...but wait! It's a trap!!! Take the $50 Moleskine leather bound weekly 2025 planner out of your cart. Do NOT, under any circumstances, go into any bookstores, office supply stores, or stationary stores for the next 3-5 days. Ignore any and all links you see for the ADHD life-changing organizer, designed for people with ADHD by people with ADHD. Remember that you can try a new system whenever you want, reinvention doesn't have to start on January 1st. They are preying on our lust for new notebooks and the dopamine we get from setting up new systems!!! Don't let them win! Edit: Y'all some of these comments are killing me😂 love you guys. Also! I'm not saying planners = bad!! pls it's just a joke!!! it's more a commentary on how we're suckers for the push for productivity that comes from stores and influencers to get us to buy stuff we might not need. also sometimes u just need a blank notebook/planner to keep you company 😌 (I am guilty of this)

[CURRENT_RECORD]
Tips for planner FOMO: - Sales. Some places are clearing stock now, others will be come Feb or March. Make a wishlist, don't pull the trigger yet. Chances are by then you'll have emotionally moved on anyway, and if you haven't, now they're on sale. - Some places still have 18 month 24/25 stock on deep discount. You can still use it for a whole year! The fools! - Undated. You've put it down and forgotten it existed for three months? No problem! - Mock-ups. Some brands (like Passion Planner) will let you print out pages for free to try them out. In other cases, you may have to draw up a mock-up yourself to see how the page might work for you. - Buy second hand. Someone (probably alsonwith ADHD) bought a Hobonichi last year and used it for a week. It's still good! Redate where necessary and give it a go. - Use the planners you already have that you bought three years ago and forgot about. The planner people call this ""shop your stash"" lol. Redate a month, watch some set-up vids to inspire you, and give it another try."
"C:\Projects\Web\planner-tdah\research\reddit_data\reddit-adhdwomen-a_new_planner_will_not_change_your_life.json","reddit-adhdwomen-a_new_planner_will_not_change_your_life","1hpa0sk","t3_1hpa0sk","https://www.reddit.com/r/adhdwomen/comments/1hpa0sk/a_new_planner_will_not_change_your_life/","adhdwomen","r/adhdwomen","A NEW PLANNER WILL NOT CHANGE YOUR LIFE!","It's that time of the year...your tiktok fyp is full of people setting up their bullet journals for the new year, your Instagram is full of ads to buy a hobonichi...but wait! It's a trap!!! Take the $50 Moleskine leather bound weekly 2025 planner out of your cart. Do NOT, under any circumstances, go into any bookstores, office supply stores, or stationary stores for the next 3-5 days. Ignore any and all links you see for the ADHD life-changing organizer, designed for people with ADHD by people with ADHD. Remember that you can try a new system whenever you want, reinvention doesn't have to start on January 1st. They are preying on our lust for new notebooks and the dopamine we get from setting up new systems!!! Don't let them win! Edit: Y'all some of these comments are killing me😂 love you guys. Also! I'm not saying planners = bad!! pls it's just a joke!!! it's more a commentary on how we're suckers for the push for productivity that comes from stores and influencers to get us to buy stuff we might not need. also sometimes u just need a blank notebook/planner to keep you company 😌 (I am guilty of this)","General Question/Discussion","1735517699","2024-12-30T00:14:59+00:00","5568","5568","1","818","3e76da9377002588","","reddit-adhdwomen-a_new_planner_will_not_change_your_life:comment:m4g6ue4","comment","m4g6ue4","t1_m4g6ue4","https://www.reddit.com/r/adhdwomen/comments/1hpa0sk/a_new_planner_will_not_change_your_life/m4g6ue4/","/r/adhdwomen/comments/1hpa0sk/a_new_planner_will_not_change_your_life/m4g6ue4/","t1_m4fzr17","comment","m4fzr17","m4fzr17","1","false","m4fzr17 > m4g6ue4","c7765039414cd85f","","","false","false","","60","60","0","0","1","1735521087","2024-12-30T01:11:27+00:00","false","False","","false","false","true","false","I do undated now for that very purpose lol. Haven't used it for two weeks! No problem and no empty pages to guilt me lol","I do undated now for that very purpose lol. Haven't used it for two weeks! No problem and no empty pages to guilt me lol","120","25","Tips for planner FOMO: - Sales. Some places are clearing stock now, others will be come Feb or March. Make a wishlist, don't pull the trigger yet. Chances are by then you'll have emotionally moved on anyway, and if you haven't, now they're on sale. - Some places still have 18 month 24/25 stock on deep discount. You can still use it for a whole year! The fools! - Undated. You've put it down and forgotten it existed for three months? No problem! - Mock-ups. Some brands (like Passion Planner) will let you print out pages for free to try them out. In other cases, you may have to draw up a mock-up yourself to see how the page might work for you. - Buy second hand. Someone (probably alsonwith ADH…","Tips for planner FOMO: - Sales. Some places are clearing stock now, others will be come Feb or March. Make a wishlist, don't pull the trigger yet. Chances are by then you'll have emotionally moved on anyway, and if you haven't, now they're on sale. - Some places still have 18 month 24/25 stock on deep discount. You can still use it for a whole year! The fools! - Undated. You've put it down and forgotten it existed for three months? No problem! - Mock-ups. Some brands (like Passion Planner) will let you print out pages for free to try them out. In other cases, you may have to draw up a mock-up yourself to see how the page might work for you. - Buy second hand. Someone (probably alsonwith ADH…","","false","false","","guilt","","guilt_or_shame_signal | mentions_pain_or_friction","41","[THREAD_TITLE]
A NEW PLANNER WILL NOT CHANGE YOUR LIFE!

[THREAD_BODY]
It's that time of the year...your tiktok fyp is full of people setting up their bullet journals for the new year, your Instagram is full of ads to buy a hobonichi...but wait! It's a trap!!! Take the $50 Moleskine leather bound weekly 2025 planner out of your cart. Do NOT, under any circumstances, go into any bookstores, office supply stores, or stationary stores for the next 3-5 days. Ignore any and all links you see for the ADHD life-changing organizer, designed for people with ADHD by people with ADHD. Remember that you can try a new system whenever you want, reinvention doesn't have to start on January 1st. They are preying on our lust for new notebooks and the dopamine we get from setting up new systems!!! Don't let them win! Edit: Y'all some of these comments are killing me😂 love you guys. Also! I'm not saying planners = bad!! pls it's just a joke!!! it's more a commentary on how we're suckers for the push for productivity that comes from stores and influencers to get us to buy stuff we might not need. also sometimes u just need a blank notebook/planner to keep you company 😌 (I am guilty of this)

[PARENT_COMMENT_CONTEXT]
Tips for planner FOMO: - Sales. Some places are clearing stock now, others will be come Feb or March. Make a wishlist, don't pull the trigger yet. Chances are by then you'll have emotionally moved on anyway, and if you haven't, now they're on sale. - Some places still have 18 month 24/25 stock on deep discount. You can still use it for a whole year! The fools! - Undated. You've put it down and forgotten it existed for three months? No problem! - Mock-ups. Some brands (like Passion Planner) will let you print out pages for free to try them out. In other cases, you may have to draw up a mock-up yourself to see how the page might work for you. - Buy second hand. Someone (probably alsonwith ADH…

[CURRENT_RECORD]
I do undated now for that very purpose lol. Haven't used it for two weeks! No problem and no empty pages to guilt me lol"
"C:\Projects\Web\planner-tdah\research\reddit_data\reddit-adhdwomen-a_new_planner_will_not_change_your_life.json","reddit-adhdwomen-a_new_planner_will_not_change_your_life","1hpa0sk","t3_1hpa0sk","https://www.reddit.com/r/adhdwomen/comments/1hpa0sk/a_new_planner_will_not_change_your_life/","adhdwomen","r/adhdwomen","A NEW PLANNER WILL NOT CHANGE YOUR LIFE!","It's that time of the year...your tiktok fyp is full of people setting up their bullet journals for the new year, your Instagram is full of ads to buy a hobonichi...but wait! It's a trap!!! Take the $50 Moleskine leather bound weekly 2025 planner out of your cart. Do NOT, under any circumstances, go into any bookstores, office supply stores, or stationary stores for the next 3-5 days. Ignore any and all links you see for the ADHD life-changing organizer, designed for people with ADHD by people with ADHD. Remember that you can try a new system whenever you want, reinvention doesn't have to start on January 1st. They are preying on our lust for new notebooks and the dopamine we get from setting up new systems!!! Don't let them win! Edit: Y'all some of these comments are killing me😂 love you guys. Also! I'm not saying planners = bad!! pls it's just a joke!!! it's more a commentary on how we're suckers for the push for productivity that comes from stores and influencers to get us to buy stuff we might not need. also sometimes u just need a blank notebook/planner to keep you company 😌 (I am guilty of this)","General Question/Discussion","1735517699","2024-12-30T00:14:59+00:00","5568","5568","1","818","3e76da9377002588","","reddit-adhdwomen-a_new_planner_will_not_change_your_life:comment:m4gf8d3","comment","m4gf8d3","t1_m4gf8d3","https://www.reddit.com/r/adhdwomen/comments/1hpa0sk/a_new_planner_will_not_change_your_life/m4gf8d3/","/r/adhdwomen/comments/1hpa0sk/a_new_planner_will_not_change_your_life/m4gf8d3/","t1_m4fzr17","comment","m4fzr17","m4fzr17","1","false","m4fzr17 > m4gf8d3","5513b4d221b330dc","","","false","false","","16","16","0","0","0","1735524059","2024-12-30T02:00:59+00:00","false","False","","false","false","true","false","All of this and get a planner that has a spring binder and interchangeable pages so you can take out and place exactly what you need","All of this and get a planner that has a spring binder and interchangeable pages so you can take out and place exactly what you need","132","26","Tips for planner FOMO: - Sales. Some places are clearing stock now, others will be come Feb or March. Make a wishlist, don't pull the trigger yet. Chances are by then you'll have emotionally moved on anyway, and if you haven't, now they're on sale. - Some places still have 18 month 24/25 stock on deep discount. You can still use it for a whole year! The fools! - Undated. You've put it down and forgotten it existed for three months? No problem! - Mock-ups. Some brands (like Passion Planner) will let you print out pages for free to try them out. In other cases, you may have to draw up a mock-up yourself to see how the page might work for you. - Buy second hand. Someone (probably alsonwith ADH…","Tips for planner FOMO: - Sales. Some places are clearing stock now, others will be come Feb or March. Make a wishlist, don't pull the trigger yet. Chances are by then you'll have emotionally moved on anyway, and if you haven't, now they're on sale. - Some places still have 18 month 24/25 stock on deep discount. You can still use it for a whole year! The fools! - Undated. You've put it down and forgotten it existed for three months? No problem! - Mock-ups. Some brands (like Passion Planner) will let you print out pages for free to try them out. In other cases, you may have to draw up a mock-up yourself to see how the page might work for you. - Buy second hand. Someone (probably alsonwith ADH…","","false","false","planner | plan | binder","","change | binder","mentions_feature_or_solution | mentions_planner_or_system | printable_modular_system_signal","41","[THREAD_TITLE]
A NEW PLANNER WILL NOT CHANGE YOUR LIFE!

[THREAD_BODY]
It's that time of the year...your tiktok fyp is full of people setting up their bullet journals for the new year, your Instagram is full of ads to buy a hobonichi...but wait! It's a trap!!! Take the $50 Moleskine leather bound weekly 2025 planner out of your cart. Do NOT, under any circumstances, go into any bookstores, office supply stores, or stationary stores for the next 3-5 days. Ignore any and all links you see for the ADHD life-changing organizer, designed for people with ADHD by people with ADHD. Remember that you can try a new system whenever you want, reinvention doesn't have to start on January 1st. They are preying on our lust for new notebooks and the dopamine we get from setting up new systems!!! Don't let them win! Edit: Y'all some of these comments are killing me😂 love you guys. Also! I'm not saying planners = bad!! pls it's just a joke!!! it's more a commentary on how we're suckers for the push for productivity that comes from stores and influencers to get us to buy stuff we might not need. also sometimes u just need a blank notebook/planner to keep you company 😌 (I am guilty of this)

[PARENT_COMMENT_CONTEXT]
Tips for planner FOMO: - Sales. Some places are clearing stock now, others will be come Feb or March. Make a wishlist, don't pull the trigger yet. Chances are by then you'll have emotionally moved on anyway, and if you haven't, now they're on sale. - Some places still have 18 month 24/25 stock on deep discount. You can still use it for a whole year! The fools! - Undated. You've put it down and forgotten it existed for three months? No problem! - Mock-ups. Some brands (like Passion Planner) will let you print out pages for free to try them out. In other cases, you may have to draw up a mock-up yourself to see how the page might work for you. - Buy second hand. Someone (probably alsonwith ADH…

[CURRENT_RECORD]
All of this and get a planner that has a spring binder and interchangeable pages so you can take out and place exactly what you need"
"C:\Projects\Web\planner-tdah\research\reddit_data\reddit-adhdwomen-a_new_planner_will_not_change_your_life.json","reddit-adhdwomen-a_new_planner_will_not_change_your_life","1hpa0sk","t3_1hpa0sk","https://www.reddit.com/r/adhdwomen/comments/1hpa0sk/a_new_planner_will_not_change_your_life/","adhdwomen","r/adhdwomen","A NEW PLANNER WILL NOT CHANGE YOUR LIFE!","It's that time of the year...your tiktok fyp is full of people setting up their bullet journals for the new year, your Instagram is full of ads to buy a hobonichi...but wait! It's a trap!!! Take the $50 Moleskine leather bound weekly 2025 planner out of your cart. Do NOT, under any circumstances, go into any bookstores, office supply stores, or stationary stores for the next 3-5 days. Ignore any and all links you see for the ADHD life-changing organizer, designed for people with ADHD by people with ADHD. Remember that you can try a new system whenever you want, reinvention doesn't have to start on January 1st. They are preying on our lust for new notebooks and the dopamine we get from setting up new systems!!! Don't let them win! Edit: Y'all some of these comments are killing me😂 love you guys. Also! I'm not saying planners = bad!! pls it's just a joke!!! it's more a commentary on how we're suckers for the push for productivity that comes from stores and influencers to get us to buy stuff we might not need. also sometimes u just need a blank notebook/planner to keep you company 😌 (I am guilty of this)","General Question/Discussion","1735517699","2024-12-30T00:14:59+00:00","5568","5568","1","818","3e76da9377002588","","reddit-adhdwomen-a_new_planner_will_not_change_your_life:comment:m4gnqaj","comment","m4gnqaj","t1_m4gnqaj","https://www.reddit.com/r/adhdwomen/comments/1hpa0sk/a_new_planner_will_not_change_your_life/m4gnqaj/","/r/adhdwomen/comments/1hpa0sk/a_new_planner_will_not_change_your_life/m4gnqaj/","t1_m4fzr17","comment","m4fzr17","m4fzr17","1","false","m4fzr17 > m4gnqaj","a1de9781e2c7b2cd","","","false","false","","7","7","0","0","0","1735527147","2024-12-30T02:52:27+00:00","false","False","","false","false","true","false","Undated is a game changer for me. Although dating a bunch of weeks in one sitting is a must, because the act of dating the planner can be a barrier to using it 😅","Undated is a game changer for me. Although dating a bunch of weeks in one sitting is a must, because the act of dating the planner can be a barrier to using it 😅","161","34","Tips for planner FOMO: - Sales. Some places are clearing stock now, others will be come Feb or March. Make a wishlist, don't pull the trigger yet. Chances are by then you'll have emotionally moved on anyway, and if you haven't, now they're on sale. - Some places still have 18 month 24/25 stock on deep discount. You can still use it for a whole year! The fools! - Undated. You've put it down and forgotten it existed for three months? No problem! - Mock-ups. Some brands (like Passion Planner) will let you print out pages for free to try them out. In other cases, you may have to draw up a mock-up yourself to see how the page might work for you. - Buy second hand. Someone (probably alsonwith ADH…","Tips for planner FOMO: - Sales. Some places are clearing stock now, others will be come Feb or March. Make a wishlist, don't pull the trigger yet. Chances are by then you'll have emotionally moved on anyway, and if you haven't, now they're on sale. - Some places still have 18 month 24/25 stock on deep discount. You can still use it for a whole year! The fools! - Undated. You've put it down and forgotten it existed for three months? No problem! - Mock-ups. Some brands (like Passion Planner) will let you print out pages for free to try them out. In other cases, you may have to draw up a mock-up yourself to see how the page might work for you. - Buy second hand. Someone (probably alsonwith ADH…","","false","false","planner | plan","","change","mentions_feature_or_solution | mentions_planner_or_system","27","[THREAD_TITLE]
A NEW PLANNER WILL NOT CHANGE YOUR LIFE!

[THREAD_BODY]
It's that time of the year...your tiktok fyp is full of people setting up their bullet journals for the new year, your Instagram is full of ads to buy a hobonichi...but wait! It's a trap!!! Take the $50 Moleskine leather bound weekly 2025 planner out of your cart. Do NOT, under any circumstances, go into any bookstores, office supply stores, or stationary stores for the next 3-5 days. Ignore any and all links you see for the ADHD life-changing organizer, designed for people with ADHD by people with ADHD. Remember that you can try a new system whenever you want, reinvention doesn't have to start on January 1st. They are preying on our lust for new notebooks and the dopamine we get from setting up new systems!!! Don't let them win! Edit: Y'all some of these comments are killing me😂 love you guys. Also! I'm not saying planners = bad!! pls it's just a joke!!! it's more a commentary on how we're suckers for the push for productivity that comes from stores and influencers to get us to buy stuff we might not need. also sometimes u just need a blank notebook/planner to keep you company 😌 (I am guilty of this)

[PARENT_COMMENT_CONTEXT]
Tips for planner FOMO: - Sales. Some places are clearing stock now, others will be come Feb or March. Make a wishlist, don't pull the trigger yet. Chances are by then you'll have emotionally moved on anyway, and if you haven't, now they're on sale. - Some places still have 18 month 24/25 stock on deep discount. You can still use it for a whole year! The fools! - Undated. You've put it down and forgotten it existed for three months? No problem! - Mock-ups. Some brands (like Passion Planner) will let you print out pages for free to try them out. In other cases, you may have to draw up a mock-up yourself to see how the page might work for you. - Buy second hand. Someone (probably alsonwith ADH…

[CURRENT_RECORD]
Undated is a game changer for me. Although dating a bunch of weeks in one sitting is a must, because the act of dating the planner can be a barrier to using it 😅"
"C:\Projects\Web\planner-tdah\research\reddit_data\reddit-adhdwomen-a_new_planner_will_not_change_your_life.json","reddit-adhdwomen-a_new_planner_will_not_change_your_life","1hpa0sk","t3_1hpa0sk","https://www.reddit.com/r/adhdwomen/comments/1hpa0sk/a_new_planner_will_not_change_your_life/","adhdwomen","r/adhdwomen","A NEW PLANNER WILL NOT CHANGE YOUR LIFE!","It's that time of the year...your tiktok fyp is full of people setting up their bullet journals for the new year, your Instagram is full of ads to buy a hobonichi...but wait! It's a trap!!! Take the $50 Moleskine leather bound weekly 2025 planner out of your cart. Do NOT, under any circumstances, go into any bookstores, office supply stores, or stationary stores for the next 3-5 days. Ignore any and all links you see for the ADHD life-changing organizer, designed for people with ADHD by people with ADHD. Remember that you can try a new system whenever you want, reinvention doesn't have to start on January 1st. They are preying on our lust for new notebooks and the dopamine we get from setting up new systems!!! Don't let them win! Edit: Y'all some of these comments are killing me😂 love you guys. Also! I'm not saying planners = bad!! pls it's just a joke!!! it's more a commentary on how we're suckers for the push for productivity that comes from stores and influencers to get us to buy stuff we might not need. also sometimes u just need a blank notebook/planner to keep you company 😌 (I am guilty of this)","General Question/Discussion","1735517699","2024-12-30T00:14:59+00:00","5568","5568","1","818","3e76da9377002588","","reddit-adhdwomen-a_new_planner_will_not_change_your_life:comment:m4g0lam","comment","m4g0lam","t1_m4g0lam","https://www.reddit.com/r/adhdwomen/comments/1hpa0sk/a_new_planner_will_not_change_your_life/m4g0lam/","/r/adhdwomen/comments/1hpa0sk/a_new_planner_will_not_change_your_life/m4g0lam/","t3_1hpa0sk","post","","m4g0lam","0","true","m4g0lam","607b0d12849465a9","","","false","false","","80","80","0","0","4","1735518921","2024-12-30T00:35:21+00:00","false","False","","false","false","true","false","The only thing that worked for me is a basic bullet journal, and I started my first one randomly in November of 2018. I avoided complicated spreads and really thought about what I needed it to do for me. I experimented with it a bit for the first few years, but now I am dialed in with the collections I need to keep my life functioning, and don't change things up unless a new need arises or an older need goes away. But before that, I would constantly try new planners or apps that were going to magically change my life. None did.","The only thing that worked for me is a basic bullet journal, and I started my first one randomly in November of 2018. I avoided complicated spreads and really thought about what I needed it to do for me. I experimented with it a bit for the first few years, but now I am dialed i…","533","103","","","","false","true","planner | planners | plan | bullet journal | journal | app | to do","complicated","change","long_form_comment | mentions_feature_or_solution | mentions_pain_or_friction | mentions_planner_or_system | mentions_working_solution_or_recommendation | novelty_or_format_change_signal | overwhelm_or_complexity_signal","83","[THREAD_TITLE]
A NEW PLANNER WILL NOT CHANGE YOUR LIFE!

[THREAD_BODY]
It's that time of the year...your tiktok fyp is full of people setting up their bullet journals for the new year, your Instagram is full of ads to buy a hobonichi...but wait! It's a trap!!! Take the $50 Moleskine leather bound weekly 2025 planner out of your cart. Do NOT, under any circumstances, go into any bookstores, office supply stores, or stationary stores for the next 3-5 days. Ignore any and all links you see for the ADHD life-changing organizer, designed for people with ADHD by people with ADHD. Remember that you can try a new system whenever you want, reinvention doesn't have to start on January 1st. They are preying on our lust for new notebooks and the dopamine we get from setting up new systems!!! Don't let them win! Edit: Y'all some of these comments are killing me😂 love you guys. Also! I'm not saying planners = bad!! pls it's just a joke!!! it's more a commentary on how we're suckers for the push for productivity that comes from stores and influencers to get us to buy stuff we might not need. also sometimes u just need a blank notebook/planner to keep you company 😌 (I am guilty of this)

[CURRENT_RECORD]
The only thing that worked for me is a basic bullet journal, and I started my first one randomly in November of 2018. I avoided complicated spreads and really thought about what I needed it to do for me. I experimented with it a bit for the first few years, but now I am dialed in with the collections I need to keep my life functioning, and don't change things up unless a new need arises or an older need goes away. But before that, I would constantly try new planners or apps that were going to magically change my life. None did."
"C:\Projects\Web\planner-tdah\research\reddit_data\reddit-adhdwomen-a_new_planner_will_not_change_your_life.json","reddit-adhdwomen-a_new_planner_will_not_change_your_life","1hpa0sk","t3_1hpa0sk","https://www.reddit.com/r/adhdwomen/comments/1hpa0sk/a_new_planner_will_not_change_your_life/","adhdwomen","r/adhdwomen","A NEW PLANNER WILL NOT CHANGE YOUR LIFE!","It's that time of the year...your tiktok fyp is full of people setting up their bullet journals for the new year, your Instagram is full of ads to buy a hobonichi...but wait! It's a trap!!! Take the $50 Moleskine leather bound weekly 2025 planner out of your cart. Do NOT, under any circumstances, go into any bookstores, office supply stores, or stationary stores for the next 3-5 days. Ignore any and all links you see for the ADHD life-changing organizer, designed for people with ADHD by people with ADHD. Remember that you can try a new system whenever you want, reinvention doesn't have to start on January 1st. They are preying on our lust for new notebooks and the dopamine we get from setting up new systems!!! Don't let them win! Edit: Y'all some of these comments are killing me😂 love you guys. Also! I'm not saying planners = bad!! pls it's just a joke!!! it's more a commentary on how we're suckers for the push for productivity that comes from stores and influencers to get us to buy stuff we might not need. also sometimes u just need a blank notebook/planner to keep you company 😌 (I am guilty of this)","General Question/Discussion","1735517699","2024-12-30T00:14:59+00:00","5568","5568","1","818","3e76da9377002588","","reddit-adhdwomen-a_new_planner_will_not_change_your_life:comment:m4g4xx4","comment","m4g4xx4","t1_m4g4xx4","https://www.reddit.com/r/adhdwomen/comments/1hpa0sk/a_new_planner_will_not_change_your_life/m4g4xx4/","/r/adhdwomen/comments/1hpa0sk/a_new_planner_will_not_change_your_life/m4g4xx4/","t1_m4g0lam","comment","m4g0lam","m4g0lam","1","false","m4g0lam > m4g4xx4","b1b57e938884c6fc","","","false","false","","20","20","0","0","1","1735520415","2024-12-30T01:00:15+00:00","false","False","","false","false","true","false","I started my first one in 2022, but it is the one system I have been able to stick with. Like you, I don't get too fancy with it either. I also don't start a new journal at the beginning of the year. I didn't start a new one until the old one is full.","I started my first one in 2022, but it is the one system I have been able to stick with. Like you, I don't get too fancy with it either. I also don't start a new journal at the beginning of the year. I didn't start a new one until the old one is full.","251","55","The only thing that worked for me is a basic bullet journal, and I started my first one randomly in November of 2018. I avoided complicated spreads and really thought about what I needed it to do for me. I experimented with it a bit for the first few years, but now I am dialed in with the collections I need to keep my life functioning, and don't change things up unless a new need arises or an older need goes away. But before that, I would constantly try new planners or apps that were going to magically change my life. None did.","The only thing that worked for me is a basic bullet journal, and I started my first one randomly in November of 2018. I avoided complicated spreads and really thought about what I needed it to do for me. I experimented with it a bit for the first few years, but now I am dialed in with the collections I need to keep my life functioning, and don't change things up unless a new need arises or an older need goes away. But before that, I would constantly try new planners or apps that were going to magically change my life. None did.","","false","false","journal","","","mentions_planner_or_system | novelty_or_format_change_signal","27","[THREAD_TITLE]
A NEW PLANNER WILL NOT CHANGE YOUR LIFE!

[THREAD_BODY]
It's that time of the year...your tiktok fyp is full of people setting up their bullet journals for the new year, your Instagram is full of ads to buy a hobonichi...but wait! It's a trap!!! Take the $50 Moleskine leather bound weekly 2025 planner out of your cart. Do NOT, under any circumstances, go into any bookstores, office supply stores, or stationary stores for the next 3-5 days. Ignore any and all links you see for the ADHD life-changing organizer, designed for people with ADHD by people with ADHD. Remember that you can try a new system whenever you want, reinvention doesn't have to start on January 1st. They are preying on our lust for new notebooks and the dopamine we get from setting up new systems!!! Don't let them win! Edit: Y'all some of these comments are killing me😂 love you guys. Also! I'm not saying planners = bad!! pls it's just a joke!!! it's more a commentary on how we're suckers for the push for productivity that comes from stores and influencers to get us to buy stuff we might not need. also sometimes u just need a blank notebook/planner to keep you company 😌 (I am guilty of this)

[PARENT_COMMENT_CONTEXT]
The only thing that worked for me is a basic bullet journal, and I started my first one randomly in November of 2018. I avoided complicated spreads and really thought about what I needed it to do for me. I experimented with it a bit for the first few years, but now I am dialed in with the collections I need to keep my life functioning, and don't change things up unless a new need arises or an older need goes away. But before that, I would constantly try new planners or apps that were going to magically change my life. None did.

[CURRENT_RECORD]
I started my first one in 2022, but it is the one system I have been able to stick with. Like you, I don't get too fancy with it either. I also don't start a new journal at the beginning of the year. I didn't start a new one until the old one is full."
"C:\Projects\Web\planner-tdah\research\reddit_data\reddit-adhdwomen-a_new_planner_will_not_change_your_life.json","reddit-adhdwomen-a_new_planner_will_not_change_your_life","1hpa0sk","t3_1hpa0sk","https://www.reddit.com/r/adhdwomen/comments/1hpa0sk/a_new_planner_will_not_change_your_life/","adhdwomen","r/adhdwomen","A NEW PLANNER WILL NOT CHANGE YOUR LIFE!","It's that time of the year...your tiktok fyp is full of people setting up their bullet journals for the new year, your Instagram is full of ads to buy a hobonichi...but wait! It's a trap!!! Take the $50 Moleskine leather bound weekly 2025 planner out of your cart. Do NOT, under any circumstances, go into any bookstores, office supply stores, or stationary stores for the next 3-5 days. Ignore any and all links you see for the ADHD life-changing organizer, designed for people with ADHD by people with ADHD. Remember that you can try a new system whenever you want, reinvention doesn't have to start on January 1st. They are preying on our lust for new notebooks and the dopamine we get from setting up new systems!!! Don't let them win! Edit: Y'all some of these comments are killing me😂 love you guys. Also! I'm not saying planners = bad!! pls it's just a joke!!! it's more a commentary on how we're suckers for the push for productivity that comes from stores and influencers to get us to buy stuff we might not need. also sometimes u just need a blank notebook/planner to keep you company 😌 (I am guilty of this)","General Question/Discussion","1735517699","2024-12-30T00:14:59+00:00","5568","5568","1","818","3e76da9377002588","","reddit-adhdwomen-a_new_planner_will_not_change_your_life:comment:m4gr8q9","comment","m4gr8q9","t1_m4gr8q9","https://www.reddit.com/r/adhdwomen/comments/1hpa0sk/a_new_planner_will_not_change_your_life/m4gr8q9/","/r/adhdwomen/comments/1hpa0sk/a_new_planner_will_not_change_your_life/m4gr8q9/","t1_m4g0lam","comment","m4g0lam","m4g0lam","1","false","m4g0lam > m4gr8q9","2d567e8597344c19","","","false","false","","11","11","0","0","0","1735528449","2024-12-30T03:14:09+00:00","false","False","","false","false","true","false","I tried bullet journal and it turns out that I have been doing that basic stuff for years, I use my google calendar for appointments and incorporated indexing to my list of lists (what I have called it since before bujo was a thing) and now I finish notebooks where I gave up halfway before because I couldn't find anything. I still love new planners.","I tried bullet journal and it turns out that I have been doing that basic stuff for years, I use my google calendar for appointments and incorporated indexing to my list of lists (what I have called it since before bujo was a thing) and now I finish notebooks where I gave up hal…","351","65","The only thing that worked for me is a basic bullet journal, and I started my first one randomly in November of 2018. I avoided complicated spreads and really thought about what I needed it to do for me. I experimented with it a bit for the first few years, but now I am dialed in with the collections I need to keep my life functioning, and don't change things up unless a new need arises or an older need goes away. But before that, I would constantly try new planners or apps that were going to magically change my life. None did.","The only thing that worked for me is a basic bullet journal, and I started my first one randomly in November of 2018. I avoided complicated spreads and really thought about what I needed it to do for me. I experimented with it a bit for the first few years, but now I am dialed in with the collections I need to keep my life functioning, and don't change things up unless a new need arises or an older need goes away. But before that, I would constantly try new planners or apps that were going to magically change my life. None did.","","false","true","planner | planners | plan | calendar | bullet journal | bujo | journal | app","","appointments","mentions_feature_or_solution | mentions_planner_or_system | mentions_working_solution_or_recommendation","47","[THREAD_TITLE]
A NEW PLANNER WILL NOT CHANGE YOUR LIFE!

[THREAD_BODY]
It's that time of the year...your tiktok fyp is full of people setting up their bullet journals for the new year, your Instagram is full of ads to buy a hobonichi...but wait! It's a trap!!! Take the $50 Moleskine leather bound weekly 2025 planner out of your cart. Do NOT, under any circumstances, go into any bookstores, office supply stores, or stationary stores for the next 3-5 days. Ignore any and all links you see for the ADHD life-changing organizer, designed for people with ADHD by people with ADHD. Remember that you can try a new system whenever you want, reinvention doesn't have to start on January 1st. They are preying on our lust for new notebooks and the dopamine we get from setting up new systems!!! Don't let them win! Edit: Y'all some of these comments are killing me😂 love you guys. Also! I'm not saying planners = bad!! pls it's just a joke!!! it's more a commentary on how we're suckers for the push for productivity that comes from stores and influencers to get us to buy stuff we might not need. also sometimes u just need a blank notebook/planner to keep you company 😌 (I am guilty of this)

[PARENT_COMMENT_CONTEXT]
The only thing that worked for me is a basic bullet journal, and I started my first one randomly in November of 2018. I avoided complicated spreads and really thought about what I needed it to do for me. I experimented with it a bit for the first few years, but now I am dialed in with the collections I need to keep my life functioning, and don't change things up unless a new need arises or an older need goes away. But before that, I would constantly try new planners or apps that were going to magically change my life. None did.

[CURRENT_RECORD]
I tried bullet journal and it turns out that I have been doing that basic stuff for years, I use my google calendar for appointments and incorporated indexing to my list of lists (what I have called it since before bujo was a thing) and now I finish notebooks where I gave up halfway before because I couldn't find anything. I still love new planners."
"C:\Projects\Web\planner-tdah\research\reddit_data\reddit-adhdwomen-a_new_planner_will_not_change_your_life.json","reddit-adhdwomen-a_new_planner_will_not_change_your_life","1hpa0sk","t3_1hpa0sk","https://www.reddit.com/r/adhdwomen/comments/1hpa0sk/a_new_planner_will_not_change_your_life/","adhdwomen","r/adhdwomen","A NEW PLANNER WILL NOT CHANGE YOUR LIFE!","It's that time of the year...your tiktok fyp is full of people setting up their bullet journals for the new year, your Instagram is full of ads to buy a hobonichi...but wait! It's a trap!!! Take the $50 Moleskine leather bound weekly 2025 planner out of your cart. Do NOT, under any circumstances, go into any bookstores, office supply stores, or stationary stores for the next 3-5 days. Ignore any and all links you see for the ADHD life-changing organizer, designed for people with ADHD by people with ADHD. Remember that you can try a new system whenever you want, reinvention doesn't have to start on January 1st. They are preying on our lust for new notebooks and the dopamine we get from setting up new systems!!! Don't let them win! Edit: Y'all some of these comments are killing me😂 love you guys. Also! I'm not saying planners = bad!! pls it's just a joke!!! it's more a commentary on how we're suckers for the push for productivity that comes from stores and influencers to get us to buy stuff we might not need. also sometimes u just need a blank notebook/planner to keep you company 😌 (I am guilty of this)","General Question/Discussion","1735517699","2024-12-30T00:14:59+00:00","5568","5568","1","818","3e76da9377002588","","reddit-adhdwomen-a_new_planner_will_not_change_your_life:comment:m4l95m3","comment","m4l95m3","t1_m4l95m3","https://www.reddit.com/r/adhdwomen/comments/1hpa0sk/a_new_planner_will_not_change_your_life/m4l95m3/","/r/adhdwomen/comments/1hpa0sk/a_new_planner_will_not_change_your_life/m4l95m3/","t1_m4g0lam","comment","m4g0lam","m4g0lam","1","false","m4g0lam > m4l95m3","5099c54ae4524c81","","","false","false","","3","3","0","0","1","1735594927","2024-12-30T21:42:07+00:00","false","False","","false","false","true","false","My problem is that I really really want to track my entire life and so when I make my bullet journal setup I add a bunch of stuff but then I don't have the executive function to actually write down every podcast episode I listen to and every time I have sex and the calories in each of my meals.","My problem is that I really really want to track my entire life and so when I make my bullet journal setup I add a bunch of stuff but then I don't have the executive function to actually write down every podcast episode I listen to and every time I have sex and the calories in e…","295","60","The only thing that worked for me is a basic bullet journal, and I started my first one randomly in November of 2018. I avoided complicated spreads and really thought about what I needed it to do for me. I experimented with it a bit for the first few years, but now I am dialed in with the collections I need to keep my life functioning, and don't change things up unless a new need arises or an older need goes away. But before that, I would constantly try new planners or apps that were going to magically change my life. None did.","The only thing that worked for me is a basic bullet journal, and I started my first one randomly in November of 2018. I avoided complicated spreads and really thought about what I needed it to do for me. I experimented with it a bit for the first few years, but now I am dialed in with the collections I need to keep my life functioning, and don't change things up unless a new need arises or an older need goes away. But before that, I would constantly try new planners or apps that were going to magically change my life. None did.","","false","false","bullet journal | journal","executive function | time","","forgetfulness_or_time_signal | mentions_pain_or_friction | mentions_planner_or_system","39","[THREAD_TITLE]
A NEW PLANNER WILL NOT CHANGE YOUR LIFE!

[THREAD_BODY]
It's that time of the year...your tiktok fyp is full of people setting up their bullet journals for the new year, your Instagram is full of ads to buy a hobonichi...but wait! It's a trap!!! Take the $50 Moleskine leather bound weekly 2025 planner out of your cart. Do NOT, under any circumstances, go into any bookstores, office supply stores, or stationary stores for the next 3-5 days. Ignore any and all links you see for the ADHD life-changing organizer, designed for people with ADHD by people with ADHD. Remember that you can try a new system whenever you want, reinvention doesn't have to start on January 1st. They are preying on our lust for new notebooks and the dopamine we get from setting up new systems!!! Don't let them win! Edit: Y'all some of these comments are killing me😂 love you guys. Also! I'm not saying planners = bad!! pls it's just a joke!!! it's more a commentary on how we're suckers for the push for productivity that comes from stores and influencers to get us to buy stuff we might not need. also sometimes u just need a blank notebook/planner to keep you company 😌 (I am guilty of this)

[PARENT_COMMENT_CONTEXT]
The only thing that worked for me is a basic bullet journal, and I started my first one randomly in November of 2018. I avoided complicated spreads and really thought about what I needed it to do for me. I experimented with it a bit for the first few years, but now I am dialed in with the collections I need to keep my life functioning, and don't change things up unless a new need arises or an older need goes away. But before that, I would constantly try new planners or apps that were going to magically change my life. None did.

[CURRENT_RECORD]
My problem is that I really really want to track my entire life and so when I make my bullet journal setup I add a bunch of stuff but then I don't have the executive function to actually write down every podcast episode I listen to and every time I have sex and the calories in each of my meals."
"C:\Projects\Web\planner-tdah\research\reddit_data\reddit-adhdwomen-a_new_planner_will_not_change_your_life.json","reddit-adhdwomen-a_new_planner_will_not_change_your_life","1hpa0sk","t3_1hpa0sk","https://www.reddit.com/r/adhdwomen/comments/1hpa0sk/a_new_planner_will_not_change_your_life/","adhdwomen","r/adhdwomen","A NEW PLANNER WILL NOT CHANGE YOUR LIFE!","It's that time of the year...your tiktok fyp is full of people setting up their bullet journals for the new year, your Instagram is full of ads to buy a hobonichi...but wait! It's a trap!!! Take the $50 Moleskine leather bound weekly 2025 planner out of your cart. Do NOT, under any circumstances, go into any bookstores, office supply stores, or stationary stores for the next 3-5 days. Ignore any and all links you see for the ADHD life-changing organizer, designed for people with ADHD by people with ADHD. Remember that you can try a new system whenever you want, reinvention doesn't have to start on January 1st. They are preying on our lust for new notebooks and the dopamine we get from setting up new systems!!! Don't let them win! Edit: Y'all some of these comments are killing me😂 love you guys. Also! I'm not saying planners = bad!! pls it's just a joke!!! it's more a commentary on how we're suckers for the push for productivity that comes from stores and influencers to get us to buy stuff we might not need. also sometimes u just need a blank notebook/planner to keep you company 😌 (I am guilty of this)","General Question/Discussion","1735517699","2024-12-30T00:14:59+00:00","5568","5568","1","818","3e76da9377002588","","reddit-adhdwomen-a_new_planner_will_not_change_your_life:comment:m4g4xql","comment","m4g4xql","t1_m4g4xql","https://www.reddit.com/r/adhdwomen/comments/1hpa0sk/a_new_planner_will_not_change_your_life/m4g4xql/","/r/adhdwomen/comments/1hpa0sk/a_new_planner_will_not_change_your_life/m4g4xql/","t3_1hpa0sk","post","","m4g4xql","0","true","m4g4xql","a09ac62a9a45dee1","","","false","false","","76","76","0","0","3","1735520413","2024-12-30T01:00:13+00:00","false","False","","false","false","true","false","THIS POST MADE ME BUY A NEW PLANNER 🤬🤣🫶","THIS POST MADE ME BUY A NEW PLANNER 🤬🤣🫶","39","9","","","","false","false","planner | plan","","","mentions_planner_or_system","26","[THREAD_TITLE]
A NEW PLANNER WILL NOT CHANGE YOUR LIFE!

[THREAD_BODY]
It's that time of the year...your tiktok fyp is full of people setting up their bullet journals for the new year, your Instagram is full of ads to buy a hobonichi...but wait! It's a trap!!! Take the $50 Moleskine leather bound weekly 2025 planner out of your cart. Do NOT, under any circumstances, go into any bookstores, office supply stores, or stationary stores for the next 3-5 days. Ignore any and all links you see for the ADHD life-changing organizer, designed for people with ADHD by people with ADHD. Remember that you can try a new system whenever you want, reinvention doesn't have to start on January 1st. They are preying on our lust for new notebooks and the dopamine we get from setting up new systems!!! Don't let them win! Edit: Y'all some of these comments are killing me😂 love you guys. Also! I'm not saying planners = bad!! pls it's just a joke!!! it's more a commentary on how we're suckers for the push for productivity that comes from stores and influencers to get us to buy stuff we might not need. also sometimes u just need a blank notebook/planner to keep you company 😌 (I am guilty of this)

[CURRENT_RECORD]
THIS POST MADE ME BUY A NEW PLANNER 🤬🤣🫶"
"C:\Projects\Web\planner-tdah\research\reddit_data\reddit-adhdwomen-a_new_planner_will_not_change_your_life.json","reddit-adhdwomen-a_new_planner_will_not_change_your_life","1hpa0sk","t3_1hpa0sk","https://www.reddit.com/r/adhdwomen/comments/1hpa0sk/a_new_planner_will_not_change_your_life/","adhdwomen","r/adhdwomen","A NEW PLANNER WILL NOT CHANGE YOUR LIFE!","It's that time of the year...your tiktok fyp is full of people setting up their bullet journals for the new year, your Instagram is full of ads to buy a hobonichi...but wait! It's a trap!!! Take the $50 Moleskine leather bound weekly 2025 planner out of your cart. Do NOT, under any circumstances, go into any bookstores, office supply stores, or stationary stores for the next 3-5 days. Ignore any and all links you see for the ADHD life-changing organizer, designed for people with ADHD by people with ADHD. Remember that you can try a new system whenever you want, reinvention doesn't have to start on January 1st. They are preying on our lust for new notebooks and the dopamine we get from setting up new systems!!! Don't let them win! Edit: Y'all some of these comments are killing me😂 love you guys. Also! I'm not saying planners = bad!! pls it's just a joke!!! it's more a commentary on how we're suckers for the push for productivity that comes from stores and influencers to get us to buy stuff we might not need. also sometimes u just need a blank notebook/planner to keep you company 😌 (I am guilty of this)","General Question/Discussion","1735517699","2024-12-30T00:14:59+00:00","5568","5568","1","818","3e76da9377002588","","reddit-adhdwomen-a_new_planner_will_not_change_your_life:comment:m4h0e9i","comment","m4h0e9i","t1_m4h0e9i","https://www.reddit.com/r/adhdwomen/comments/1hpa0sk/a_new_planner_will_not_change_your_life/m4h0e9i/","/r/adhdwomen/comments/1hpa0sk/a_new_planner_will_not_change_your_life/m4h0e9i/","t1_m4g4xql","comment","m4g4xql","m4g4xql","1","false","m4g4xql > m4h0e9i","ea1633e5ec161a5c","","","false","false","","20","20","0","0","0","1735531937","2024-12-30T04:12:17+00:00","false","False","","false","false","true","false","Same thought! 😂 like ooh this reminds me I haven’t shopped them yet this year! Off to the races!","Same thought! 😂 like ooh this reminds me I haven’t shopped them yet this year! Off to the races!","96","19","THIS POST MADE ME BUY A NEW PLANNER 🤬🤣🫶","THIS POST MADE ME BUY A NEW PLANNER 🤬🤣🫶","","false","false","","","","","10","[THREAD_TITLE]
A NEW PLANNER WILL NOT CHANGE YOUR LIFE!

[THREAD_BODY]
It's that time of the year...your tiktok fyp is full of people setting up their bullet journals for the new year, your Instagram is full of ads to buy a hobonichi...but wait! It's a trap!!! Take the $50 Moleskine leather bound weekly 2025 planner out of your cart. Do NOT, under any circumstances, go into any bookstores, office supply stores, or stationary stores for the next 3-5 days. Ignore any and all links you see for the ADHD life-changing organizer, designed for people with ADHD by people with ADHD. Remember that you can try a new system whenever you want, reinvention doesn't have to start on January 1st. They are preying on our lust for new notebooks and the dopamine we get from setting up new systems!!! Don't let them win! Edit: Y'all some of these comments are killing me😂 love you guys. Also! I'm not saying planners = bad!! pls it's just a joke!!! it's more a commentary on how we're suckers for the push for productivity that comes from stores and influencers to get us to buy stuff we might not need. also sometimes u just need a blank notebook/planner to keep you company 😌 (I am guilty of this)

[PARENT_COMMENT_CONTEXT]
THIS POST MADE ME BUY A NEW PLANNER 🤬🤣🫶

[CURRENT_RECORD]
Same thought! 😂 like ooh this reminds me I haven’t shopped them yet this year! Off to the races!"
"C:\Projects\Web\planner-tdah\research\reddit_data\reddit-adhdwomen-a_new_planner_will_not_change_your_life.json","reddit-adhdwomen-a_new_planner_will_not_change_your_life","1hpa0sk","t3_1hpa0sk","https://www.reddit.com/r/adhdwomen/comments/1hpa0sk/a_new_planner_will_not_change_your_life/","adhdwomen","r/adhdwomen","A NEW PLANNER WILL NOT CHANGE YOUR LIFE!","It's that time of the year...your tiktok fyp is full of people setting up their bullet journals for the new year, your Instagram is full of ads to buy a hobonichi...but wait! It's a trap!!! Take the $50 Moleskine leather bound weekly 2025 planner out of your cart. Do NOT, under any circumstances, go into any bookstores, office supply stores, or stationary stores for the next 3-5 days. Ignore any and all links you see for the ADHD life-changing organizer, designed for people with ADHD by people with ADHD. Remember that you can try a new system whenever you want, reinvention doesn't have to start on January 1st. They are preying on our lust for new notebooks and the dopamine we get from setting up new systems!!! Don't let them win! Edit: Y'all some of these comments are killing me😂 love you guys. Also! I'm not saying planners = bad!! pls it's just a joke!!! it's more a commentary on how we're suckers for the push for productivity that comes from stores and influencers to get us to buy stuff we might not need. also sometimes u just need a blank notebook/planner to keep you company 😌 (I am guilty of this)","General Question/Discussion","1735517699","2024-12-30T00:14:59+00:00","5568","5568","1","818","3e76da9377002588","","reddit-adhdwomen-a_new_planner_will_not_change_your_life:comment:m4gich7","comment","m4gich7","t1_m4gich7","https://www.reddit.com/r/adhdwomen/comments/1hpa0sk/a_new_planner_will_not_change_your_life/m4gich7/","/r/adhdwomen/comments/1hpa0sk/a_new_planner_will_not_change_your_life/m4gich7/","t1_m4g4xql","comment","m4g4xql","m4g4xql","1","false","m4g4xql > m4gich7","3e76da9377002588","","ADHD-HI","true","false","","32","32","0","0","0","1735525187","2024-12-30T02:19:47+00:00","false","False","","false","false","true","false","nooooooo!!!","nooooooo!!!","11","1","THIS POST MADE ME BUY A NEW PLANNER 🤬🤣🫶","THIS POST MADE ME BUY A NEW PLANNER 🤬🤣🫶","","false","false","","","","","10","[THREAD_TITLE]
A NEW PLANNER WILL NOT CHANGE YOUR LIFE!

[THREAD_BODY]
It's that time of the year...your tiktok fyp is full of people setting up their bullet journals for the new year, your Instagram is full of ads to buy a hobonichi...but wait! It's a trap!!! Take the $50 Moleskine leather bound weekly 2025 planner out of your cart. Do NOT, under any circumstances, go into any bookstores, office supply stores, or stationary stores for the next 3-5 days. Ignore any and all links you see for the ADHD life-changing organizer, designed for people with ADHD by people with ADHD. Remember that you can try a new system whenever you want, reinvention doesn't have to start on January 1st. They are preying on our lust for new notebooks and the dopamine we get from setting up new systems!!! Don't let them win! Edit: Y'all some of these comments are killing me😂 love you guys. Also! I'm not saying planners = bad!! pls it's just a joke!!! it's more a commentary on how we're suckers for the push for productivity that comes from stores and influencers to get us to buy stuff we might not need. also sometimes u just need a blank notebook/planner to keep you company 😌 (I am guilty of this)

[PARENT_COMMENT_CONTEXT]
THIS POST MADE ME BUY A NEW PLANNER 🤬🤣🫶

[CURRENT_RECORD]
nooooooo!!!"
"C:\Projects\Web\planner-tdah\research\reddit_data\reddit-adhdwomen-a_new_planner_will_not_change_your_life.json","reddit-adhdwomen-a_new_planner_will_not_change_your_life","1hpa0sk","t3_1hpa0sk","https://www.reddit.com/r/adhdwomen/comments/1hpa0sk/a_new_planner_will_not_change_your_life/","adhdwomen","r/adhdwomen","A NEW PLANNER WILL NOT CHANGE YOUR LIFE!","It's that time of the year...your tiktok fyp is full of people setting up their bullet journals for the new year, your Instagram is full of ads to buy a hobonichi...but wait! It's a trap!!! Take the $50 Moleskine leather bound weekly 2025 planner out of your cart. Do NOT, under any circumstances, go into any bookstores, office supply stores, or stationary stores for the next 3-5 days. Ignore any and all links you see for the ADHD life-changing organizer, designed for people with ADHD by people with ADHD. Remember that you can try a new system whenever you want, reinvention doesn't have to start on January 1st. They are preying on our lust for new notebooks and the dopamine we get from setting up new systems!!! Don't let them win! Edit: Y'all some of these comments are killing me😂 love you guys. Also! I'm not saying planners = bad!! pls it's just a joke!!! it's more a commentary on how we're suckers for the push for productivity that comes from stores and influencers to get us to buy stuff we might not need. also sometimes u just need a blank notebook/planner to keep you company 😌 (I am guilty of this)","General Question/Discussion","1735517699","2024-12-30T00:14:59+00:00","5568","5568","1","818","3e76da9377002588","","reddit-adhdwomen-a_new_planner_will_not_change_your_life:comment:m4hqinw","comment","m4hqinw","t1_m4hqinw","https://www.reddit.com/r/adhdwomen/comments/1hpa0sk/a_new_planner_will_not_change_your_life/m4hqinw/","/r/adhdwomen/comments/1hpa0sk/a_new_planner_will_not_change_your_life/m4hqinw/","t1_m4g4xql","comment","m4g4xql","m4g4xql","1","false","m4g4xql > m4hqinw","4426507f6165eb75","","","false","false","","4","4","0","0","0","1735544613","2024-12-30T07:43:33+00:00","false","False","","false","false","true","false","Same! But I got an undated one with removable pages so at least if I fail or write something incorrectly I can try again?","Same! But I got an undated one with removable pages so at least if I fail or write something incorrectly I can try again?","121","24","THIS POST MADE ME BUY A NEW PLANNER 🤬🤣🫶","THIS POST MADE ME BUY A NEW PLANNER 🤬🤣🫶","","true","false","","","","contains_question","10","[THREAD_TITLE]
A NEW PLANNER WILL NOT CHANGE YOUR LIFE!

[THREAD_BODY]
It's that time of the year...your tiktok fyp is full of people setting up their bullet journals for the new year, your Instagram is full of ads to buy a hobonichi...but wait! It's a trap!!! Take the $50 Moleskine leather bound weekly 2025 planner out of your cart. Do NOT, under any circumstances, go into any bookstores, office supply stores, or stationary stores for the next 3-5 days. Ignore any and all links you see for the ADHD life-changing organizer, designed for people with ADHD by people with ADHD. Remember that you can try a new system whenever you want, reinvention doesn't have to start on January 1st. They are preying on our lust for new notebooks and the dopamine we get from setting up new systems!!! Don't let them win! Edit: Y'all some of these comments are killing me😂 love you guys. Also! I'm not saying planners = bad!! pls it's just a joke!!! it's more a commentary on how we're suckers for the push for productivity that comes from stores and influencers to get us to buy stuff we might not need. also sometimes u just need a blank notebook/planner to keep you company 😌 (I am guilty of this)

[PARENT_COMMENT_CONTEXT]
THIS POST MADE ME BUY A NEW PLANNER 🤬🤣🫶

[CURRENT_RECORD]
Same! But I got an undated one with removable pages so at least if I fail or write something incorrectly I can try again?"
"C:\Projects\Web\planner-tdah\research\reddit_data\reddit-adhdwomen-a_new_planner_will_not_change_your_life.json","reddit-adhdwomen-a_new_planner_will_not_change_your_life","1hpa0sk","t3_1hpa0sk","https://www.reddit.com/r/adhdwomen/comments/1hpa0sk/a_new_planner_will_not_change_your_life/","adhdwomen","r/adhdwomen","A NEW PLANNER WILL NOT CHANGE YOUR LIFE!","It's that time of the year...your tiktok fyp is full of people setting up their bullet journals for the new year, your Instagram is full of ads to buy a hobonichi...but wait! It's a trap!!! Take the $50 Moleskine leather bound weekly 2025 planner out of your cart. Do NOT, under any circumstances, go into any bookstores, office supply stores, or stationary stores for the next 3-5 days. Ignore any and all links you see for the ADHD life-changing organizer, designed for people with ADHD by people with ADHD. Remember that you can try a new system whenever you want, reinvention doesn't have to start on January 1st. They are preying on our lust for new notebooks and the dopamine we get from setting up new systems!!! Don't let them win! Edit: Y'all some of these comments are killing me😂 love you guys. Also! I'm not saying planners = bad!! pls it's just a joke!!! it's more a commentary on how we're suckers for the push for productivity that comes from stores and influencers to get us to buy stuff we might not need. also sometimes u just need a blank notebook/planner to keep you company 😌 (I am guilty of this)","General Question/Discussion","1735517699","2024-12-30T00:14:59+00:00","5568","5568","1","818","3e76da9377002588","","reddit-adhdwomen-a_new_planner_will_not_change_your_life:comment:m4g05el","comment","m4g05el","t1_m4g05el","https://www.reddit.com/r/adhdwomen/comments/1hpa0sk/a_new_planner_will_not_change_your_life/m4g05el/","/r/adhdwomen/comments/1hpa0sk/a_new_planner_will_not_change_your_life/m4g05el/","t3_1hpa0sk","post","","m4g05el","0","true","m4g05el","27e1a551a6c9115a","","","false","false","","120","120","0","0","1","1735518770","2024-12-30T00:32:50+00:00","false","False","","false","false","true","false","Stop it, my shelf of empty planners will be so sad and confused 😭","Stop it, my shelf of empty planners will be so sad and confused 😭","65","14","","","","false","false","planner | planners | plan","","","mentions_planner_or_system","30","[THREAD_TITLE]
A NEW PLANNER WILL NOT CHANGE YOUR LIFE!

[THREAD_BODY]
It's that time of the year...your tiktok fyp is full of people setting up their bullet journals for the new year, your Instagram is full of ads to buy a hobonichi...but wait! It's a trap!!! Take the $50 Moleskine leather bound weekly 2025 planner out of your cart. Do NOT, under any circumstances, go into any bookstores, office supply stores, or stationary stores for the next 3-5 days. Ignore any and all links you see for the ADHD life-changing organizer, designed for people with ADHD by people with ADHD. Remember that you can try a new system whenever you want, reinvention doesn't have to start on January 1st. They are preying on our lust for new notebooks and the dopamine we get from setting up new systems!!! Don't let them win! Edit: Y'all some of these comments are killing me😂 love you guys. Also! I'm not saying planners = bad!! pls it's just a joke!!! it's more a commentary on how we're suckers for the push for productivity that comes from stores and influencers to get us to buy stuff we might not need. also sometimes u just need a blank notebook/planner to keep you company 😌 (I am guilty of this)

[CURRENT_RECORD]
Stop it, my shelf of empty planners will be so sad and confused 😭"
"C:\Projects\Web\planner-tdah\research\reddit_data\reddit-adhdwomen-a_new_planner_will_not_change_your_life.json","reddit-adhdwomen-a_new_planner_will_not_change_your_life","1hpa0sk","t3_1hpa0sk","https://www.reddit.com/r/adhdwomen/comments/1hpa0sk/a_new_planner_will_not_change_your_life/","adhdwomen","r/adhdwomen","A NEW PLANNER WILL NOT CHANGE YOUR LIFE!","It's that time of the year...your tiktok fyp is full of people setting up their bullet journals for the new year, your Instagram is full of ads to buy a hobonichi...but wait! It's a trap!!! Take the $50 Moleskine leather bound weekly 2025 planner out of your cart. Do NOT, under any circumstances, go into any bookstores, office supply stores, or stationary stores for the next 3-5 days. Ignore any and all links you see for the ADHD life-changing organizer, designed for people with ADHD by people with ADHD. Remember that you can try a new system whenever you want, reinvention doesn't have to start on January 1st. They are preying on our lust for new notebooks and the dopamine we get from setting up new systems!!! Don't let them win! Edit: Y'all some of these comments are killing me😂 love you guys. Also! I'm not saying planners = bad!! pls it's just a joke!!! it's more a commentary on how we're suckers for the push for productivity that comes from stores and influencers to get us to buy stuff we might not need. also sometimes u just need a blank notebook/planner to keep you company 😌 (I am guilty of this)","General Question/Discussion","1735517699","2024-12-30T00:14:59+00:00","5568","5568","1","818","3e76da9377002588","","reddit-adhdwomen-a_new_planner_will_not_change_your_life:comment:m4gh2hg","comment","m4gh2hg","t1_m4gh2hg","https://www.reddit.com/r/adhdwomen/comments/1hpa0sk/a_new_planner_will_not_change_your_life/m4gh2hg/","/r/adhdwomen/comments/1hpa0sk/a_new_planner_will_not_change_your_life/m4gh2hg/","t1_m4g05el","comment","m4g05el","m4g05el","1","false","m4g05el > m4gh2hg","5f936dba1ce310c6","","","false","false","","16","16","0","0","0","1735524726","2024-12-30T02:12:06+00:00","false","False","","false","false","true","false","Take all of your old scrap paper notes and post its and tape them into the planners! It's like a fun scrapbook to remind yourself of the shit you might have needed to do. Such as buying tape!","Take all of your old scrap paper notes and post its and tape them into the planners! It's like a fun scrapbook to remind yourself of the shit you might have needed to do. Such as buying tape!","191","38","Stop it, my shelf of empty planners will be so sad and confused 😭","Stop it, my shelf of empty planners will be so sad and confused 😭","","false","false","planner | planners | plan | to do","","notes","mentions_feature_or_solution | mentions_planner_or_system","35","[THREAD_TITLE]
A NEW PLANNER WILL NOT CHANGE YOUR LIFE!

[THREAD_BODY]
It's that time of the year...your tiktok fyp is full of people setting up their bullet journals for the new year, your Instagram is full of ads to buy a hobonichi...but wait! It's a trap!!! Take the $50 Moleskine leather bound weekly 2025 planner out of your cart. Do NOT, under any circumstances, go into any bookstores, office supply stores, or stationary stores for the next 3-5 days. Ignore any and all links you see for the ADHD life-changing organizer, designed for people with ADHD by people with ADHD. Remember that you can try a new system whenever you want, reinvention doesn't have to start on January 1st. They are preying on our lust for new notebooks and the dopamine we get from setting up new systems!!! Don't let them win! Edit: Y'all some of these comments are killing me😂 love you guys. Also! I'm not saying planners = bad!! pls it's just a joke!!! it's more a commentary on how we're suckers for the push for productivity that comes from stores and influencers to get us to buy stuff we might not need. also sometimes u just need a blank notebook/planner to keep you company 😌 (I am guilty of this)

[PARENT_COMMENT_CONTEXT]
Stop it, my shelf of empty planners will be so sad and confused 😭

[CURRENT_RECORD]
Take all of your old scrap paper notes and post its and tape them into the planners! It's like a fun scrapbook to remind yourself of the shit you might have needed to do. Such as buying tape!"
"C:\Projects\Web\planner-tdah\research\reddit_data\reddit-adhdwomen-a_new_planner_will_not_change_your_life.json","reddit-adhdwomen-a_new_planner_will_not_change_your_life","1hpa0sk","t3_1hpa0sk","https://www.reddit.com/r/adhdwomen/comments/1hpa0sk/a_new_planner_will_not_change_your_life/","adhdwomen","r/adhdwomen","A NEW PLANNER WILL NOT CHANGE YOUR LIFE!","It's that time of the year...your tiktok fyp is full of people setting up their bullet journals for the new year, your Instagram is full of ads to buy a hobonichi...but wait! It's a trap!!! Take the $50 Moleskine leather bound weekly 2025 planner out of your cart. Do NOT, under any circumstances, go into any bookstores, office supply stores, or stationary stores for the next 3-5 days. Ignore any and all links you see for the ADHD life-changing organizer, designed for people with ADHD by people with ADHD. Remember that you can try a new system whenever you want, reinvention doesn't have to start on January 1st. They are preying on our lust for new notebooks and the dopamine we get from setting up new systems!!! Don't let them win! Edit: Y'all some of these comments are killing me😂 love you guys. Also! I'm not saying planners = bad!! pls it's just a joke!!! it's more a commentary on how we're suckers for the push for productivity that comes from stores and influencers to get us to buy stuff we might not need. also sometimes u just need a blank notebook/planner to keep you company 😌 (I am guilty of this)","General Question/Discussion","1735517699","2024-12-30T00:14:59+00:00","5568","5568","1","818","3e76da9377002588","","reddit-adhdwomen-a_new_planner_will_not_change_your_life:comment:m4g2h0u","comment","m4g2h0u","t1_m4g2h0u","https://www.reddit.com/r/adhdwomen/comments/1hpa0sk/a_new_planner_will_not_change_your_life/m4g2h0u/","/r/adhdwomen/comments/1hpa0sk/a_new_planner_will_not_change_your_life/m4g2h0u/","t3_1hpa0sk","post","","m4g2h0u","0","true","m4g2h0u","750ced65fb6c8de7","","","false","false","","53","53","0","0","0","1735519560","2024-12-30T00:46:00+00:00","false","False","","false","false","true","false","Ahhhh found my planner loving people right here in these comments 😂 If only I loved sticking to plans as much as I loved the planners themselves","Ahhhh found my planner loving people right here in these comments 😂 If only I loved sticking to plans as much as I loved the planners themselves","144","27","","","","false","true","planner | planners | plan","","","mentions_planner_or_system | mentions_working_solution_or_recommendation","45","[THREAD_TITLE]
A NEW PLANNER WILL NOT CHANGE YOUR LIFE!

[THREAD_BODY]
It's that time of the year...your tiktok fyp is full of people setting up their bullet journals for the new year, your Instagram is full of ads to buy a hobonichi...but wait! It's a trap!!! Take the $50 Moleskine leather bound weekly 2025 planner out of your cart. Do NOT, under any circumstances, go into any bookstores, office supply stores, or stationary stores for the next 3-5 days. Ignore any and all links you see for the ADHD life-changing organizer, designed for people with ADHD by people with ADHD. Remember that you can try a new system whenever you want, reinvention doesn't have to start on January 1st. They are preying on our lust for new notebooks and the dopamine we get from setting up new systems!!! Don't let them win! Edit: Y'all some of these comments are killing me😂 love you guys. Also! I'm not saying planners = bad!! pls it's just a joke!!! it's more a commentary on how we're suckers for the push for productivity that comes from stores and influencers to get us to buy stuff we might not need. also sometimes u just need a blank notebook/planner to keep you company 😌 (I am guilty of this)

[CURRENT_RECORD]
Ahhhh found my planner loving people right here in these comments 😂 If only I loved sticking to plans as much as I loved the planners themselves"
"C:\Projects\Web\planner-tdah\research\reddit_data\reddit-adhdwomen-a_new_planner_will_not_change_your_life.json","reddit-adhdwomen-a_new_planner_will_not_change_your_life","1hpa0sk","t3_1hpa0sk","https://www.reddit.com/r/adhdwomen/comments/1hpa0sk/a_new_planner_will_not_change_your_life/","adhdwomen","r/adhdwomen","A NEW PLANNER WILL NOT CHANGE YOUR LIFE!","It's that time of the year...your tiktok fyp is full of people setting up their bullet journals for the new year, your Instagram is full of ads to buy a hobonichi...but wait! It's a trap!!! Take the $50 Moleskine leather bound weekly 2025 planner out of your cart. Do NOT, under any circumstances, go into any bookstores, office supply stores, or stationary stores for the next 3-5 days. Ignore any and all links you see for the ADHD life-changing organizer, designed for people with ADHD by people with ADHD. Remember that you can try a new system whenever you want, reinvention doesn't have to start on January 1st. They are preying on our lust for new notebooks and the dopamine we get from setting up new systems!!! Don't let them win! Edit: Y'all some of these comments are killing me😂 love you guys. Also! I'm not saying planners = bad!! pls it's just a joke!!! it's more a commentary on how we're suckers for the push for productivity that comes from stores and influencers to get us to buy stuff we might not need. also sometimes u just need a blank notebook/planner to keep you company 😌 (I am guilty of this)","General Question/Discussion","1735517699","2024-12-30T00:14:59+00:00","5568","5568","1","818","3e76da9377002588","","reddit-adhdwomen-a_new_planner_will_not_change_your_life:comment:m4g713p","comment","m4g713p","t1_m4g713p","https://www.reddit.com/r/adhdwomen/comments/1hpa0sk/a_new_planner_will_not_change_your_life/m4g713p/","/r/adhdwomen/comments/1hpa0sk/a_new_planner_will_not_change_your_life/m4g713p/","t3_1hpa0sk","post","","m4g713p","0","true","m4g713p","fa79786b1d255ed3","","","false","false","","47","47","0","0","1","1735521153","2024-12-30T01:12:33+00:00","false","False","","false","false","true","false","Go “shop” your stationery stash for a planner or notebook you bought in years past and completely forgot you had. I KNOW YOU HAVE ONE. (Personally, I found three.)","Go “shop” your stationery stash for a planner or notebook you bought in years past and completely forgot you had. I KNOW YOU HAVE ONE. (Personally, I found three.)","163","29","","","","false","false","planner | plan","forgot","","forgetfulness_or_time_signal | mentions_pain_or_friction | mentions_planner_or_system","44","[THREAD_TITLE]
A NEW PLANNER WILL NOT CHANGE YOUR LIFE!

[THREAD_BODY]
It's that time of the year...your tiktok fyp is full of people setting up their bullet journals for the new year, your Instagram is full of ads to buy a hobonichi...but wait! It's a trap!!! Take the $50 Moleskine leather bound weekly 2025 planner out of your cart. Do NOT, under any circumstances, go into any bookstores, office supply stores, or stationary stores for the next 3-5 days. Ignore any and all links you see for the ADHD life-changing organizer, designed for people with ADHD by people with ADHD. Remember that you can try a new system whenever you want, reinvention doesn't have to start on January 1st. They are preying on our lust for new notebooks and the dopamine we get from setting up new systems!!! Don't let them win! Edit: Y'all some of these comments are killing me😂 love you guys. Also! I'm not saying planners = bad!! pls it's just a joke!!! it's more a commentary on how we're suckers for the push for productivity that comes from stores and influencers to get us to buy stuff we might not need. also sometimes u just need a blank notebook/planner to keep you company 😌 (I am guilty of this)

[CURRENT_RECORD]
Go “shop” your stationery stash for a planner or notebook you bought in years past and completely forgot you had. I KNOW YOU HAVE ONE. (Personally, I found three.)"
"C:\Projects\Web\planner-tdah\research\reddit_data\reddit-adhdwomen-a_new_planner_will_not_change_your_life.json","reddit-adhdwomen-a_new_planner_will_not_change_your_life","1hpa0sk","t3_1hpa0sk","https://www.reddit.com/r/adhdwomen/comments/1hpa0sk/a_new_planner_will_not_change_your_life/","adhdwomen","r/adhdwomen","A NEW PLANNER WILL NOT CHANGE YOUR LIFE!","It's that time of the year...your tiktok fyp is full of people setting up their bullet journals for the new year, your Instagram is full of ads to buy a hobonichi...but wait! It's a trap!!! Take the $50 Moleskine leather bound weekly 2025 planner out of your cart. Do NOT, under any circumstances, go into any bookstores, office supply stores, or stationary stores for the next 3-5 days. Ignore any and all links you see for the ADHD life-changing organizer, designed for people with ADHD by people with ADHD. Remember that you can try a new system whenever you want, reinvention doesn't have to start on January 1st. They are preying on our lust for new notebooks and the dopamine we get from setting up new systems!!! Don't let them win! Edit: Y'all some of these comments are killing me😂 love you guys. Also! I'm not saying planners = bad!! pls it's just a joke!!! it's more a commentary on how we're suckers for the push for productivity that comes from stores and influencers to get us to buy stuff we might not need. also sometimes u just need a blank notebook/planner to keep you company 😌 (I am guilty of this)","General Question/Discussion","1735517699","2024-12-30T00:14:59+00:00","5568","5568","1","818","3e76da9377002588","","reddit-adhdwomen-a_new_planner_will_not_change_your_life:comment:m4gozqq","comment","m4gozqq","t1_m4gozqq","https://www.reddit.com/r/adhdwomen/comments/1hpa0sk/a_new_planner_will_not_change_your_life/m4gozqq/","/r/adhdwomen/comments/1hpa0sk/a_new_planner_will_not_change_your_life/m4gozqq/","t1_m4g713p","comment","m4g713p","m4g713p","1","false","m4g713p > m4gozqq","4426507f6165eb75","","","false","false","","22","22","0","0","1","1735527611","2024-12-30T03:00:11+00:00","false","False","","false","false","true","false","If you buy enough of them eventually the dates and days of the week match up again right?","If you buy enough of them eventually the dates and days of the week match up again right?","89","18","Go “shop” your stationery stash for a planner or notebook you bought in years past and completely forgot you had. I KNOW YOU HAVE ONE. (Personally, I found three.)","Go “shop” your stationery stash for a planner or notebook you bought in years past and completely forgot you had. I KNOW YOU HAVE ONE. (Personally, I found three.)","","true","false","","","","contains_question","13","[THREAD_TITLE]
A NEW PLANNER WILL NOT CHANGE YOUR LIFE!

[THREAD_BODY]
It's that time of the year...your tiktok fyp is full of people setting up their bullet journals for the new year, your Instagram is full of ads to buy a hobonichi...but wait! It's a trap!!! Take the $50 Moleskine leather bound weekly 2025 planner out of your cart. Do NOT, under any circumstances, go into any bookstores, office supply stores, or stationary stores for the next 3-5 days. Ignore any and all links you see for the ADHD life-changing organizer, designed for people with ADHD by people with ADHD. Remember that you can try a new system whenever you want, reinvention doesn't have to start on January 1st. They are preying on our lust for new notebooks and the dopamine we get from setting up new systems!!! Don't let them win! Edit: Y'all some of these comments are killing me😂 love you guys. Also! I'm not saying planners = bad!! pls it's just a joke!!! it's more a commentary on how we're suckers for the push for productivity that comes from stores and influencers to get us to buy stuff we might not need. also sometimes u just need a blank notebook/planner to keep you company 😌 (I am guilty of this)

[PARENT_COMMENT_CONTEXT]
Go “shop” your stationery stash for a planner or notebook you bought in years past and completely forgot you had. I KNOW YOU HAVE ONE. (Personally, I found three.)

[CURRENT_RECORD]
If you buy enough of them eventually the dates and days of the week match up again right?"
"C:\Projects\Web\planner-tdah\research\reddit_data\reddit-adhdwomen-a_new_planner_will_not_change_your_life.json","reddit-adhdwomen-a_new_planner_will_not_change_your_life","1hpa0sk","t3_1hpa0sk","https://www.reddit.com/r/adhdwomen/comments/1hpa0sk/a_new_planner_will_not_change_your_life/","adhdwomen","r/adhdwomen","A NEW PLANNER WILL NOT CHANGE YOUR LIFE!","It's that time of the year...your tiktok fyp is full of people setting up their bullet journals for the new year, your Instagram is full of ads to buy a hobonichi...but wait! It's a trap!!! Take the $50 Moleskine leather bound weekly 2025 planner out of your cart. Do NOT, under any circumstances, go into any bookstores, office supply stores, or stationary stores for the next 3-5 days. Ignore any and all links you see for the ADHD life-changing organizer, designed for people with ADHD by people with ADHD. Remember that you can try a new system whenever you want, reinvention doesn't have to start on January 1st. They are preying on our lust for new notebooks and the dopamine we get from setting up new systems!!! Don't let them win! Edit: Y'all some of these comments are killing me😂 love you guys. Also! I'm not saying planners = bad!! pls it's just a joke!!! it's more a commentary on how we're suckers for the push for productivity that comes from stores and influencers to get us to buy stuff we might not need. also sometimes u just need a blank notebook/planner to keep you company 😌 (I am guilty of this)","General Question/Discussion","1735517699","2024-12-30T00:14:59+00:00","5568","5568","1","818","3e76da9377002588","","reddit-adhdwomen-a_new_planner_will_not_change_your_life:comment:m4gs4qw","comment","m4gs4qw","t1_m4gs4qw","https://www.reddit.com/r/adhdwomen/comments/1hpa0sk/a_new_planner_will_not_change_your_life/m4gs4qw/","/r/adhdwomen/comments/1hpa0sk/a_new_planner_will_not_change_your_life/m4gs4qw/","t1_m4gozqq","comment","m4gozqq","m4g713p","2","false","m4g713p > m4gozqq > m4gs4qw","fa79786b1d255ed3","","","false","false","","18","18","0","0","0","1735528788","2024-12-30T03:19:48+00:00","false","False","","false","false","true","false","After learning from past mistakes, I now only buy the ones where you fill in the date yourself!","After learning from past mistakes, I now only buy the ones where you fill in the date yourself!","95","18","If you buy enough of them eventually the dates and days of the week match up again right?","Go “shop” your stationery stash for a planner or notebook you bought in years past and completely forgot you had. I KNOW YOU HAVE ONE. (Personally, I found three.)","","false","false","","","","","5","[THREAD_TITLE]
A NEW PLANNER WILL NOT CHANGE YOUR LIFE!

[THREAD_BODY]
It's that time of the year...your tiktok fyp is full of people setting up their bullet journals for the new year, your Instagram is full of ads to buy a hobonichi...but wait! It's a trap!!! Take the $50 Moleskine leather bound weekly 2025 planner out of your cart. Do NOT, under any circumstances, go into any bookstores, office supply stores, or stationary stores for the next 3-5 days. Ignore any and all links you see for the ADHD life-changing organizer, designed for people with ADHD by people with ADHD. Remember that you can try a new system whenever you want, reinvention doesn't have to start on January 1st. They are preying on our lust for new notebooks and the dopamine we get from setting up new systems!!! Don't let them win! Edit: Y'all some of these comments are killing me😂 love you guys. Also! I'm not saying planners = bad!! pls it's just a joke!!! it's more a commentary on how we're suckers for the push for productivity that comes from stores and influencers to get us to buy stuff we might not need. also sometimes u just need a blank notebook/planner to keep you company 😌 (I am guilty of this)

[ROOT_COMMENT_CONTEXT]
Go “shop” your stationery stash for a planner or notebook you bought in years past and completely forgot you had. I KNOW YOU HAVE ONE. (Personally, I found three.)

[PARENT_COMMENT_CONTEXT]
If you buy enough of them eventually the dates and days of the week match up again right?

[CURRENT_RECORD]
After learning from past mistakes, I now only buy the ones where you fill in the date yourself!"
"C:\Projects\Web\planner-tdah\research\reddit_data\reddit-adhdwomen-a_new_planner_will_not_change_your_life.json","reddit-adhdwomen-a_new_planner_will_not_change_your_life","1hpa0sk","t3_1hpa0sk","https://www.reddit.com/r/adhdwomen/comments/1hpa0sk/a_new_planner_will_not_change_your_life/","adhdwomen","r/adhdwomen","A NEW PLANNER WILL NOT CHANGE YOUR LIFE!","It's that time of the year...your tiktok fyp is full of people setting up their bullet journals for the new year, your Instagram is full of ads to buy a hobonichi...but wait! It's a trap!!! Take the $50 Moleskine leather bound weekly 2025 planner out of your cart. Do NOT, under any circumstances, go into any bookstores, office supply stores, or stationary stores for the next 3-5 days. Ignore any and all links you see for the ADHD life-changing organizer, designed for people with ADHD by people with ADHD. Remember that you can try a new system whenever you want, reinvention doesn't have to start on January 1st. They are preying on our lust for new notebooks and the dopamine we get from setting up new systems!!! Don't let them win! Edit: Y'all some of these comments are killing me😂 love you guys. Also! I'm not saying planners = bad!! pls it's just a joke!!! it's more a commentary on how we're suckers for the push for productivity that comes from stores and influencers to get us to buy stuff we might not need. also sometimes u just need a blank notebook/planner to keep you company 😌 (I am guilty of this)","General Question/Discussion","1735517699","2024-12-30T00:14:59+00:00","5568","5568","1","818","3e76da9377002588","","reddit-adhdwomen-a_new_planner_will_not_change_your_life:comment:m4fy3bg","comment","m4fy3bg","t1_m4fy3bg","https://www.reddit.com/r/adhdwomen/comments/1hpa0sk/a_new_planner_will_not_change_your_life/m4fy3bg/","/r/adhdwomen/comments/1hpa0sk/a_new_planner_will_not_change_your_life/m4fy3bg/","t1_m4fxqdp","comment","m4fxqdp","m4fxqdp","1","false","m4fxqdp > m4fy3bg","3e76da9377002588","","ADHD-HI","true","false","","142","142","0","0","1","1735518090","2024-12-30T00:21:30+00:00","false","False","","false","false","true","false","Oh absolutely, this is very tongue in cheek, I also was a big bullet journal person in uni and it worked super well for me! moreso a commentary on how I find the pressure to switch to a new expensive life planning medium is put on high during the week before 2025 starts, very much a joke sorry!","Oh absolutely, this is very tongue in cheek, I also was a big bullet journal person in uni and it worked super well for me! moreso a commentary on how I find the pressure to switch to a new expensive life planning medium is put on high during the week before 2025 starts, very mu…","295","58","[removed]","[removed]","","false","false","plan | planning | bullet journal | journal","","","mentions_planner_or_system","44","[THREAD_TITLE]
A NEW PLANNER WILL NOT CHANGE YOUR LIFE!

[THREAD_BODY]
It's that time of the year...your tiktok fyp is full of people setting up their bullet journals for the new year, your Instagram is full of ads to buy a hobonichi...but wait! It's a trap!!! Take the $50 Moleskine leather bound weekly 2025 planner out of your cart. Do NOT, under any circumstances, go into any bookstores, office supply stores, or stationary stores for the next 3-5 days. Ignore any and all links you see for the ADHD life-changing organizer, designed for people with ADHD by people with ADHD. Remember that you can try a new system whenever you want, reinvention doesn't have to start on January 1st. They are preying on our lust for new notebooks and the dopamine we get from setting up new systems!!! Don't let them win! Edit: Y'all some of these comments are killing me😂 love you guys. Also! I'm not saying planners = bad!! pls it's just a joke!!! it's more a commentary on how we're suckers for the push for productivity that comes from stores and influencers to get us to buy stuff we might not need. also sometimes u just need a blank notebook/planner to keep you company 😌 (I am guilty of this)

[PARENT_COMMENT_CONTEXT]
[removed]

[CURRENT_RECORD]
Oh absolutely, this is very tongue in cheek, I also was a big bullet journal person in uni and it worked super well for me! moreso a commentary on how I find the pressure to switch to a new expensive life planning medium is put on high during the week before 2025 starts, very much a joke sorry!"
"C:\Projects\Web\planner-tdah\research\reddit_data\reddit-adhdwomen-a_new_planner_will_not_change_your_life.json","reddit-adhdwomen-a_new_planner_will_not_change_your_life","1hpa0sk","t3_1hpa0sk","https://www.reddit.com/r/adhdwomen/comments/1hpa0sk/a_new_planner_will_not_change_your_life/","adhdwomen","r/adhdwomen","A NEW PLANNER WILL NOT CHANGE YOUR LIFE!","It's that time of the year...your tiktok fyp is full of people setting up their bullet journals for the new year, your Instagram is full of ads to buy a hobonichi...but wait! It's a trap!!! Take the $50 Moleskine leather bound weekly 2025 planner out of your cart. Do NOT, under any circumstances, go into any bookstores, office supply stores, or stationary stores for the next 3-5 days. Ignore any and all links you see for the ADHD life-changing organizer, designed for people with ADHD by people with ADHD. Remember that you can try a new system whenever you want, reinvention doesn't have to start on January 1st. They are preying on our lust for new notebooks and the dopamine we get from setting up new systems!!! Don't let them win! Edit: Y'all some of these comments are killing me😂 love you guys. Also! I'm not saying planners = bad!! pls it's just a joke!!! it's more a commentary on how we're suckers for the push for productivity that comes from stores and influencers to get us to buy stuff we might not need. also sometimes u just need a blank notebook/planner to keep you company 😌 (I am guilty of this)","General Question/Discussion","1735517699","2024-12-30T00:14:59+00:00","5568","5568","1","818","3e76da9377002588","","reddit-adhdwomen-a_new_planner_will_not_change_your_life:comment:m4g4lha","comment","m4g4lha","t1_m4g4lha","https://www.reddit.com/r/adhdwomen/comments/1hpa0sk/a_new_planner_will_not_change_your_life/m4g4lha/","/r/adhdwomen/comments/1hpa0sk/a_new_planner_will_not_change_your_life/m4g4lha/","t1_m4fy3bg","comment","m4fy3bg","m4fxqdp","2","false","m4fxqdp > m4fy3bg > m4g4lha","317ad2a242e3c113","","","false","false","","79","79","0","0","0","1735520294","2024-12-30T00:58:14+00:00","false","False","","false","false","true","false","so you’re telling me that new patterned washi tape is NOT going to fix my time management skills???? what the hell man","so you’re telling me that new patterned washi tape is NOT going to fix my time management skills???? what the hell man","118","22","Oh absolutely, this is very tongue in cheek, I also was a big bullet journal person in uni and it worked super well for me! moreso a commentary on how I find the pressure to switch to a new expensive life planning medium is put on high during the week before 2025 starts, very much a joke sorry!","[removed]","","true","false","","time","","contains_question | forgetfulness_or_time_signal | mentions_pain_or_friction","38","[THREAD_TITLE]
A NEW PLANNER WILL NOT CHANGE YOUR LIFE!

[THREAD_BODY]
It's that time of the year...your tiktok fyp is full of people setting up their bullet journals for the new year, your Instagram is full of ads to buy a hobonichi...but wait! It's a trap!!! Take the $50 Moleskine leather bound weekly 2025 planner out of your cart. Do NOT, under any circumstances, go into any bookstores, office supply stores, or stationary stores for the next 3-5 days. Ignore any and all links you see for the ADHD life-changing organizer, designed for people with ADHD by people with ADHD. Remember that you can try a new system whenever you want, reinvention doesn't have to start on January 1st. They are preying on our lust for new notebooks and the dopamine we get from setting up new systems!!! Don't let them win! Edit: Y'all some of these comments are killing me😂 love you guys. Also! I'm not saying planners = bad!! pls it's just a joke!!! it's more a commentary on how we're suckers for the push for productivity that comes from stores and influencers to get us to buy stuff we might not need. also sometimes u just need a blank notebook/planner to keep you company 😌 (I am guilty of this)

[ROOT_COMMENT_CONTEXT]
[removed]

[PARENT_COMMENT_CONTEXT]
Oh absolutely, this is very tongue in cheek, I also was a big bullet journal person in uni and it worked super well for me! moreso a commentary on how I find the pressure to switch to a new expensive life planning medium is put on high during the week before 2025 starts, very much a joke sorry!

[CURRENT_RECORD]
so you’re telling me that new patterned washi tape is NOT going to fix my time management skills???? what the hell man"
"C:\Projects\Web\planner-tdah\research\reddit_data\reddit-adhdwomen-a_new_planner_will_not_change_your_life.json","reddit-adhdwomen-a_new_planner_will_not_change_your_life","1hpa0sk","t3_1hpa0sk","https://www.reddit.com/r/adhdwomen/comments/1hpa0sk/a_new_planner_will_not_change_your_life/","adhdwomen","r/adhdwomen","A NEW PLANNER WILL NOT CHANGE YOUR LIFE!","It's that time of the year...your tiktok fyp is full of people setting up their bullet journals for the new year, your Instagram is full of ads to buy a hobonichi...but wait! It's a trap!!! Take the $50 Moleskine leather bound weekly 2025 planner out of your cart. Do NOT, under any circumstances, go into any bookstores, office supply stores, or stationary stores for the next 3-5 days. Ignore any and all links you see for the ADHD life-changing organizer, designed for people with ADHD by people with ADHD. Remember that you can try a new system whenever you want, reinvention doesn't have to start on January 1st. They are preying on our lust for new notebooks and the dopamine we get from setting up new systems!!! Don't let them win! Edit: Y'all some of these comments are killing me😂 love you guys. Also! I'm not saying planners = bad!! pls it's just a joke!!! it's more a commentary on how we're suckers for the push for productivity that comes from stores and influencers to get us to buy stuff we might not need. also sometimes u just need a blank notebook/planner to keep you company 😌 (I am guilty of this)","General Question/Discussion","1735517699","2024-12-30T00:14:59+00:00","5568","5568","1","818","3e76da9377002588","","reddit-adhdwomen-a_new_planner_will_not_change_your_life:comment:m4g4tgz","comment","m4g4tgz","t1_m4g4tgz","https://www.reddit.com/r/adhdwomen/comments/1hpa0sk/a_new_planner_will_not_change_your_life/m4g4tgz/","/r/adhdwomen/comments/1hpa0sk/a_new_planner_will_not_change_your_life/m4g4tgz/","t1_m4fxqdp","comment","m4fxqdp","m4fxqdp","1","false","m4fxqdp > m4g4tgz","cebbf1627a0d69fe","","","false","false","","29","29","0","0","2","1735520371","2024-12-30T00:59:31+00:00","false","False","","false","false","true","false","I bought a massive desk plotter calendar and it’s a game changer! I can’t ignore it because it’s already out! It’s right there!","I bought a massive desk plotter calendar and it’s a game changer! I can’t ignore it because it’s already out! It’s right there!","127","23","[removed]","[removed]","","false","false","calendar","","change","mentions_feature_or_solution | mentions_planner_or_system","31","[THREAD_TITLE]
A NEW PLANNER WILL NOT CHANGE YOUR LIFE!

[THREAD_BODY]
It's that time of the year...your tiktok fyp is full of people setting up their bullet journals for the new year, your Instagram is full of ads to buy a hobonichi...but wait! It's a trap!!! Take the $50 Moleskine leather bound weekly 2025 planner out of your cart. Do NOT, under any circumstances, go into any bookstores, office supply stores, or stationary stores for the next 3-5 days. Ignore any and all links you see for the ADHD life-changing organizer, designed for people with ADHD by people with ADHD. Remember that you can try a new system whenever you want, reinvention doesn't have to start on January 1st. They are preying on our lust for new notebooks and the dopamine we get from setting up new systems!!! Don't let them win! Edit: Y'all some of these comments are killing me😂 love you guys. Also! I'm not saying planners = bad!! pls it's just a joke!!! it's more a commentary on how we're suckers for the push for productivity that comes from stores and influencers to get us to buy stuff we might not need. also sometimes u just need a blank notebook/planner to keep you company 😌 (I am guilty of this)

[PARENT_COMMENT_CONTEXT]
[removed]

[CURRENT_RECORD]
I bought a massive desk plotter calendar and it’s a game changer! I can’t ignore it because it’s already out! It’s right there!"
"C:\Projects\Web\planner-tdah\research\reddit_data\reddit-adhdwomen-a_new_planner_will_not_change_your_life.json","reddit-adhdwomen-a_new_planner_will_not_change_your_life","1hpa0sk","t3_1hpa0sk","https://www.reddit.com/r/adhdwomen/comments/1hpa0sk/a_new_planner_will_not_change_your_life/","adhdwomen","r/adhdwomen","A NEW PLANNER WILL NOT CHANGE YOUR LIFE!","It's that time of the year...your tiktok fyp is full of people setting up their bullet journals for the new year, your Instagram is full of ads to buy a hobonichi...but wait! It's a trap!!! Take the $50 Moleskine leather bound weekly 2025 planner out of your cart. Do NOT, under any circumstances, go into any bookstores, office supply stores, or stationary stores for the next 3-5 days. Ignore any and all links you see for the ADHD life-changing organizer, designed for people with ADHD by people with ADHD. Remember that you can try a new system whenever you want, reinvention doesn't have to start on January 1st. They are preying on our lust for new notebooks and the dopamine we get from setting up new systems!!! Don't let them win! Edit: Y'all some of these comments are killing me😂 love you guys. Also! I'm not saying planners = bad!! pls it's just a joke!!! it's more a commentary on how we're suckers for the push for productivity that comes from stores and influencers to get us to buy stuff we might not need. also sometimes u just need a blank notebook/planner to keep you company 😌 (I am guilty of this)","General Question/Discussion","1735517699","2024-12-30T00:14:59+00:00","5568","5568","1","818","3e76da9377002588","","reddit-adhdwomen-a_new_planner_will_not_change_your_life:comment:m4g91m7","comment","m4g91m7","t1_m4g91m7","https://www.reddit.com/r/adhdwomen/comments/1hpa0sk/a_new_planner_will_not_change_your_life/m4g91m7/","/r/adhdwomen/comments/1hpa0sk/a_new_planner_will_not_change_your_life/m4g91m7/","t1_m4g4tgz","comment","m4g4tgz","m4fxqdp","2","false","m4fxqdp > m4g4tgz > m4g91m7","20f883c76579bacd","","","false","false","","37","37","0","0","1","1735521870","2024-12-30T01:24:30+00:00","false","False","","false","false","true","false","I use mine as a giant coaster so I don’t get coffee rings on my desk 😂","I use mine as a giant coaster so I don’t get coffee rings on my desk 😂","70","17","I bought a massive desk plotter calendar and it’s a game changer! I can’t ignore it because it’s already out! It’s right there!","[removed]","","false","false","","","","","13","[THREAD_TITLE]
A NEW PLANNER WILL NOT CHANGE YOUR LIFE!

[THREAD_BODY]
It's that time of the year...your tiktok fyp is full of people setting up their bullet journals for the new year, your Instagram is full of ads to buy a hobonichi...but wait! It's a trap!!! Take the $50 Moleskine leather bound weekly 2025 planner out of your cart. Do NOT, under any circumstances, go into any bookstores, office supply stores, or stationary stores for the next 3-5 days. Ignore any and all links you see for the ADHD life-changing organizer, designed for people with ADHD by people with ADHD. Remember that you can try a new system whenever you want, reinvention doesn't have to start on January 1st. They are preying on our lust for new notebooks and the dopamine we get from setting up new systems!!! Don't let them win! Edit: Y'all some of these comments are killing me😂 love you guys. Also! I'm not saying planners = bad!! pls it's just a joke!!! it's more a commentary on how we're suckers for the push for productivity that comes from stores and influencers to get us to buy stuff we might not need. also sometimes u just need a blank notebook/planner to keep you company 😌 (I am guilty of this)

[ROOT_COMMENT_CONTEXT]
[removed]

[PARENT_COMMENT_CONTEXT]
I bought a massive desk plotter calendar and it’s a game changer! I can’t ignore it because it’s already out! It’s right there!

[CURRENT_RECORD]
I use mine as a giant coaster so I don’t get coffee rings on my desk 😂"
"C:\Projects\Web\planner-tdah\research\reddit_data\reddit-adhdwomen-a_new_planner_will_not_change_your_life.json","reddit-adhdwomen-a_new_planner_will_not_change_your_life","1hpa0sk","t3_1hpa0sk","https://www.reddit.com/r/adhdwomen/comments/1hpa0sk/a_new_planner_will_not_change_your_life/","adhdwomen","r/adhdwomen","A NEW PLANNER WILL NOT CHANGE YOUR LIFE!","It's that time of the year...your tiktok fyp is full of people setting up their bullet journals for the new year, your Instagram is full of ads to buy a hobonichi...but wait! It's a trap!!! Take the $50 Moleskine leather bound weekly 2025 planner out of your cart. Do NOT, under any circumstances, go into any bookstores, office supply stores, or stationary stores for the next 3-5 days. Ignore any and all links you see for the ADHD life-changing organizer, designed for people with ADHD by people with ADHD. Remember that you can try a new system whenever you want, reinvention doesn't have to start on January 1st. They are preying on our lust for new notebooks and the dopamine we get from setting up new systems!!! Don't let them win! Edit: Y'all some of these comments are killing me😂 love you guys. Also! I'm not saying planners = bad!! pls it's just a joke!!! it's more a commentary on how we're suckers for the push for productivity that comes from stores and influencers to get us to buy stuff we might not need. also sometimes u just need a blank notebook/planner to keep you company 😌 (I am guilty of this)","General Question/Discussion","1735517699","2024-12-30T00:14:59+00:00","5568","5568","1","818","3e76da9377002588","","reddit-adhdwomen-a_new_planner_will_not_change_your_life:comment:m4gdaax","comment","m4gdaax","t1_m4gdaax","https://www.reddit.com/r/adhdwomen/comments/1hpa0sk/a_new_planner_will_not_change_your_life/m4gdaax/","/r/adhdwomen/comments/1hpa0sk/a_new_planner_will_not_change_your_life/m4gdaax/","t1_m4fxqdp","comment","m4fxqdp","m4fxqdp","1","false","m4fxqdp > m4gdaax","5fec4e102cbb3edc","","","false","false","","10","10","0","0","0","1735523361","2024-12-30T01:49:21+00:00","false","False","","false","false","true","false","And it definitely has to be one you'll fall in love with Sarah Scribbles makes me laugh, and the layout is very useful for me. Sarah's Scribbles 16-Month 2023-2024 Weekly/Monthly Planner Calendar: Get It Together! https://a.co/d/84Nlv4K","And it definitely has to be one you'll fall in love with Sarah Scribbles makes me laugh, and the layout is very useful for me. Sarah's Scribbles 16-Month 2023-2024 Weekly/Monthly Planner Calendar: Get It Together! https://a.co/d/84Nlv4K","236","36","[removed]","[removed]","https://a.co/d/84Nlv4K","false","true","planner | plan | calendar | weekly | monthly","","layout | weekly | monthly","mentions_feature_or_solution | mentions_planner_or_system | mentions_working_solution_or_recommendation","55","[THREAD_TITLE]
A NEW PLANNER WILL NOT CHANGE YOUR LIFE!

[THREAD_BODY]
It's that time of the year...your tiktok fyp is full of people setting up their bullet journals for the new year, your Instagram is full of ads to buy a hobonichi...but wait! It's a trap!!! Take the $50 Moleskine leather bound weekly 2025 planner out of your cart. Do NOT, under any circumstances, go into any bookstores, office supply stores, or stationary stores for the next 3-5 days. Ignore any and all links you see for the ADHD life-changing organizer, designed for people with ADHD by people with ADHD. Remember that you can try a new system whenever you want, reinvention doesn't have to start on January 1st. They are preying on our lust for new notebooks and the dopamine we get from setting up new systems!!! Don't let them win! Edit: Y'all some of these comments are killing me😂 love you guys. Also! I'm not saying planners = bad!! pls it's just a joke!!! it's more a commentary on how we're suckers for the push for productivity that comes from stores and influencers to get us to buy stuff we might not need. also sometimes u just need a blank notebook/planner to keep you company 😌 (I am guilty of this)

[PARENT_COMMENT_CONTEXT]
[removed]

[CURRENT_RECORD]
And it definitely has to be one you'll fall in love with Sarah Scribbles makes me laugh, and the layout is very useful for me. Sarah's Scribbles 16-Month 2023-2024 Weekly/Monthly Planner Calendar: Get It Together! https://a.co/d/84Nlv4K"
"C:\Projects\Web\planner-tdah\research\reddit_data\reddit-adhdwomen-a_new_planner_will_not_change_your_life.json","reddit-adhdwomen-a_new_planner_will_not_change_your_life","1hpa0sk","t3_1hpa0sk","https://www.reddit.com/r/adhdwomen/comments/1hpa0sk/a_new_planner_will_not_change_your_life/","adhdwomen","r/adhdwomen","A NEW PLANNER WILL NOT CHANGE YOUR LIFE!","It's that time of the year...your tiktok fyp is full of people setting up their bullet journals for the new year, your Instagram is full of ads to buy a hobonichi...but wait! It's a trap!!! Take the $50 Moleskine leather bound weekly 2025 planner out of your cart. Do NOT, under any circumstances, go into any bookstores, office supply stores, or stationary stores for the next 3-5 days. Ignore any and all links you see for the ADHD life-changing organizer, designed for people with ADHD by people with ADHD. Remember that you can try a new system whenever you want, reinvention doesn't have to start on January 1st. They are preying on our lust for new notebooks and the dopamine we get from setting up new systems!!! Don't let them win! Edit: Y'all some of these comments are killing me😂 love you guys. Also! I'm not saying planners = bad!! pls it's just a joke!!! it's more a commentary on how we're suckers for the push for productivity that comes from stores and influencers to get us to buy stuff we might not need. also sometimes u just need a blank notebook/planner to keep you company 😌 (I am guilty of this)","General Question/Discussion","1735517699","2024-12-30T00:14:59+00:00","5568","5568","1","818","3e76da9377002588","","reddit-adhdwomen-a_new_planner_will_not_change_your_life:comment:m4g0ccy","comment","m4g0ccy","t1_m4g0ccy","https://www.reddit.com/r/adhdwomen/comments/1hpa0sk/a_new_planner_will_not_change_your_life/m4g0ccy/","/r/adhdwomen/comments/1hpa0sk/a_new_planner_will_not_change_your_life/m4g0ccy/","t3_1hpa0sk","post","","m4g0ccy","0","true","m4g0ccy","71ba94f5056dba86","","","false","false","","35","35","0","0","1","1735518836","2024-12-30T00:33:56+00:00","false","False","","false","false","true","false","You just saved me so much money on loose sheets of A5 and a smart little binder, not to mention all those new pens I had in the cart (5mm nibs! That's what's been missing from my life all these years! And erasable, coloured mechanical pencils!)","You just saved me so much money on loose sheets of A5 and a smart little binder, not to mention all those new pens I had in the cart (5mm nibs! That's what's been missing from my life all these years! And erasable, coloured mechanical pencils!)","244","46","","","","false","false","binder","","colour | binder","mentions_feature_or_solution | mentions_planner_or_system | printable_modular_system_signal","41","[THREAD_TITLE]
A NEW PLANNER WILL NOT CHANGE YOUR LIFE!

[THREAD_BODY]
It's that time of the year...your tiktok fyp is full of people setting up their bullet journals for the new year, your Instagram is full of ads to buy a hobonichi...but wait! It's a trap!!! Take the $50 Moleskine leather bound weekly 2025 planner out of your cart. Do NOT, under any circumstances, go into any bookstores, office supply stores, or stationary stores for the next 3-5 days. Ignore any and all links you see for the ADHD life-changing organizer, designed for people with ADHD by people with ADHD. Remember that you can try a new system whenever you want, reinvention doesn't have to start on January 1st. They are preying on our lust for new notebooks and the dopamine we get from setting up new systems!!! Don't let them win! Edit: Y'all some of these comments are killing me😂 love you guys. Also! I'm not saying planners = bad!! pls it's just a joke!!! it's more a commentary on how we're suckers for the push for productivity that comes from stores and influencers to get us to buy stuff we might not need. also sometimes u just need a blank notebook/planner to keep you company 😌 (I am guilty of this)

[CURRENT_RECORD]
You just saved me so much money on loose sheets of A5 and a smart little binder, not to mention all those new pens I had in the cart (5mm nibs! That's what's been missing from my life all these years! And erasable, coloured mechanical pencils!)"
"C:\Projects\Web\planner-tdah\research\reddit_data\reddit-adhdwomen-a_new_planner_will_not_change_your_life.json","reddit-adhdwomen-a_new_planner_will_not_change_your_life","1hpa0sk","t3_1hpa0sk","https://www.reddit.com/r/adhdwomen/comments/1hpa0sk/a_new_planner_will_not_change_your_life/","adhdwomen","r/adhdwomen","A NEW PLANNER WILL NOT CHANGE YOUR LIFE!","It's that time of the year...your tiktok fyp is full of people setting up their bullet journals for the new year, your Instagram is full of ads to buy a hobonichi...but wait! It's a trap!!! Take the $50 Moleskine leather bound weekly 2025 planner out of your cart. Do NOT, under any circumstances, go into any bookstores, office supply stores, or stationary stores for the next 3-5 days. Ignore any and all links you see for the ADHD life-changing organizer, designed for people with ADHD by people with ADHD. Remember that you can try a new system whenever you want, reinvention doesn't have to start on January 1st. They are preying on our lust for new notebooks and the dopamine we get from setting up new systems!!! Don't let them win! Edit: Y'all some of these comments are killing me😂 love you guys. Also! I'm not saying planners = bad!! pls it's just a joke!!! it's more a commentary on how we're suckers for the push for productivity that comes from stores and influencers to get us to buy stuff we might not need. also sometimes u just need a blank notebook/planner to keep you company 😌 (I am guilty of this)","General Question/Discussion","1735517699","2024-12-30T00:14:59+00:00","5568","5568","1","818","3e76da9377002588","","reddit-adhdwomen-a_new_planner_will_not_change_your_life:comment:m4g2083","comment","m4g2083","t1_m4g2083","https://www.reddit.com/r/adhdwomen/comments/1hpa0sk/a_new_planner_will_not_change_your_life/m4g2083/","/r/adhdwomen/comments/1hpa0sk/a_new_planner_will_not_change_your_life/m4g2083/","t3_1hpa0sk","post","","m4g2083","0","true","m4g2083","d76af005c6d92aa3","","","false","false","","30","30","0","0","0","1735519402","2024-12-30T00:43:22+00:00","false","False","","false","false","true","false","How dare you call out my delusions!!!","How dare you call out my delusions!!!","37","7","","","","false","false","","","","","10","[THREAD_TITLE]
A NEW PLANNER WILL NOT CHANGE YOUR LIFE!

[THREAD_BODY]
It's that time of the year...your tiktok fyp is full of people setting up their bullet journals for the new year, your Instagram is full of ads to buy a hobonichi...but wait! It's a trap!!! Take the $50 Moleskine leather bound weekly 2025 planner out of your cart. Do NOT, under any circumstances, go into any bookstores, office supply stores, or stationary stores for the next 3-5 days. Ignore any and all links you see for the ADHD life-changing organizer, designed for people with ADHD by people with ADHD. Remember that you can try a new system whenever you want, reinvention doesn't have to start on January 1st. They are preying on our lust for new notebooks and the dopamine we get from setting up new systems!!! Don't let them win! Edit: Y'all some of these comments are killing me😂 love you guys. Also! I'm not saying planners = bad!! pls it's just a joke!!! it's more a commentary on how we're suckers for the push for productivity that comes from stores and influencers to get us to buy stuff we might not need. also sometimes u just need a blank notebook/planner to keep you company 😌 (I am guilty of this)

[CURRENT_RECORD]
How dare you call out my delusions!!!"
"C:\Projects\Web\planner-tdah\research\reddit_data\reddit-adhdwomen-a_new_planner_will_not_change_your_life.json","reddit-adhdwomen-a_new_planner_will_not_change_your_life","1hpa0sk","t3_1hpa0sk","https://www.reddit.com/r/adhdwomen/comments/1hpa0sk/a_new_planner_will_not_change_your_life/","adhdwomen","r/adhdwomen","A NEW PLANNER WILL NOT CHANGE YOUR LIFE!","It's that time of the year...your tiktok fyp is full of people setting up their bullet journals for the new year, your Instagram is full of ads to buy a hobonichi...but wait! It's a trap!!! Take the $50 Moleskine leather bound weekly 2025 planner out of your cart. Do NOT, under any circumstances, go into any bookstores, office supply stores, or stationary stores for the next 3-5 days. Ignore any and all links you see for the ADHD life-changing organizer, designed for people with ADHD by people with ADHD. Remember that you can try a new system whenever you want, reinvention doesn't have to start on January 1st. They are preying on our lust for new notebooks and the dopamine we get from setting up new systems!!! Don't let them win! Edit: Y'all some of these comments are killing me😂 love you guys. Also! I'm not saying planners = bad!! pls it's just a joke!!! it's more a commentary on how we're suckers for the push for productivity that comes from stores and influencers to get us to buy stuff we might not need. also sometimes u just need a blank notebook/planner to keep you company 😌 (I am guilty of this)","General Question/Discussion","1735517699","2024-12-30T00:14:59+00:00","5568","5568","1","818","3e76da9377002588","","reddit-adhdwomen-a_new_planner_will_not_change_your_life:comment:m4g8o0w","comment","m4g8o0w","t1_m4g8o0w","https://www.reddit.com/r/adhdwomen/comments/1hpa0sk/a_new_planner_will_not_change_your_life/m4g8o0w/","/r/adhdwomen/comments/1hpa0sk/a_new_planner_will_not_change_your_life/m4g8o0w/","t3_1hpa0sk","post","","m4g8o0w","0","true","m4g8o0w","ecf87c570af6dc55","","","false","false","","34","34","0","0","1","1735521735","2024-12-30T01:22:15+00:00","1735522504","1735522504","2024-12-30T01:35:04+00:00","false","false","true","false","I don't know about you guys, but I've found more success just by making my own silly systems?? For 2024 I set my year's goals using the free version of Milanote to create colorful boards. I work better with digital stuff that's always on my phone, not a book that I may or may not have on me or misplaced for the umpteenth time. Nerd that I am, I made a category for each of the Eevee evolutions with themes and goals that made sense to me (Vaporeon for creativity \[flow\], Espeon for meditation, etc). It worked better than any system I've ever used!! The only goals I didn't end up meeting were a yoga goal I added to the pile in March when I was on a roll because I didn't have anything good for Sylveon, and an international trip that had to be postponed to next year. I normally struggle with even one new year's resolution, but instead I managed to tackle like a dozen. And since I've been writing down my progress, I now can see all the things I did this year. For the first time I'm not ending my year wondering what the hell I did all year because of weak working memory!! It's more solid in my brain. Because of silly little Pokemon. The best system is the one that works for you. Don't just buy the same damn neurotypical planners year after year. Figure out what's going to spark joy for YOU. And yes, don't feel like January 1st is the only day of the year you're allowed to start fresh! But if the new year inspires you to go at your goals, I say ride that wave while it's good.","I don't know about you guys, but I've found more success just by making my own silly systems?? For 2024 I set my year's goals using the free version of Milanote to create colorful boards. I work better with digital stuff that's always on my phone, not a book that I may or may no…","1493","288","","","","true","false","planner | planners | plan","time","color","contains_question | forgetfulness_or_time_signal | long_form_comment | mentions_feature_or_solution | mentions_pain_or_friction | mentions_planner_or_system","72","[THREAD_TITLE]
A NEW PLANNER WILL NOT CHANGE YOUR LIFE!

[THREAD_BODY]
It's that time of the year...your tiktok fyp is full of people setting up their bullet journals for the new year, your Instagram is full of ads to buy a hobonichi...but wait! It's a trap!!! Take the $50 Moleskine leather bound weekly 2025 planner out of your cart. Do NOT, under any circumstances, go into any bookstores, office supply stores, or stationary stores for the next 3-5 days. Ignore any and all links you see for the ADHD life-changing organizer, designed for people with ADHD by people with ADHD. Remember that you can try a new system whenever you want, reinvention doesn't have to start on January 1st. They are preying on our lust for new notebooks and the dopamine we get from setting up new systems!!! Don't let them win! Edit: Y'all some of these comments are killing me😂 love you guys. Also! I'm not saying planners = bad!! pls it's just a joke!!! it's more a commentary on how we're suckers for the push for productivity that comes from stores and influencers to get us to buy stuff we might not need. also sometimes u just need a blank notebook/planner to keep you company 😌 (I am guilty of this)

[CURRENT_RECORD]
I don't know about you guys, but I've found more success just by making my own silly systems?? For 2024 I set my year's goals using the free version of Milanote to create colorful boards. I work better with digital stuff that's always on my phone, not a book that I may or may not have on me or misplaced for the umpteenth time. Nerd that I am, I made a category for each of the Eevee evolutions with themes and goals that made sense to me (Vaporeon for creativity \[flow\], Espeon for meditation, etc). It worked better than any system I've ever used!! The only goals I didn't end up meeting were a yoga goal I added to the pile in March when I was on a roll because I didn't have anything good for Sylveon, and an international trip that had to be postponed to next year. I normally struggle with even one new year's resolution, but instead I managed to tackle like a dozen. And since I've been writing down my progress, I now can see all the things I did this year. For the first time I'm not ending my year wondering what the hell I did all year because of weak working memory!! It's more solid in my brain. Because of silly little Pokemon. The best system is the one that works for you. Don't just buy the same damn neurotypical planners year after year. Figure out what's going to spark joy for YOU. And yes, don't feel like January 1st is the only day of the year you're allowed to start fresh! But if the new year inspires you to go at your goals, I say ride that wave while it's good."
"C:\Projects\Web\planner-tdah\research\reddit_data\reddit-adhdwomen-a_new_planner_will_not_change_your_life.json","reddit-adhdwomen-a_new_planner_will_not_change_your_life","1hpa0sk","t3_1hpa0sk","https://www.reddit.com/r/adhdwomen/comments/1hpa0sk/a_new_planner_will_not_change_your_life/","adhdwomen","r/adhdwomen","A NEW PLANNER WILL NOT CHANGE YOUR LIFE!","It's that time of the year...your tiktok fyp is full of people setting up their bullet journals for the new year, your Instagram is full of ads to buy a hobonichi...but wait! It's a trap!!! Take the $50 Moleskine leather bound weekly 2025 planner out of your cart. Do NOT, under any circumstances, go into any bookstores, office supply stores, or stationary stores for the next 3-5 days. Ignore any and all links you see for the ADHD life-changing organizer, designed for people with ADHD by people with ADHD. Remember that you can try a new system whenever you want, reinvention doesn't have to start on January 1st. They are preying on our lust for new notebooks and the dopamine we get from setting up new systems!!! Don't let them win! Edit: Y'all some of these comments are killing me😂 love you guys. Also! I'm not saying planners = bad!! pls it's just a joke!!! it's more a commentary on how we're suckers for the push for productivity that comes from stores and influencers to get us to buy stuff we might not need. also sometimes u just need a blank notebook/planner to keep you company 😌 (I am guilty of this)","General Question/Discussion","1735517699","2024-12-30T00:14:59+00:00","5568","5568","1","818","3e76da9377002588","","reddit-adhdwomen-a_new_planner_will_not_change_your_life:comment:m4gik0g","comment","m4gik0g","t1_m4gik0g","https://www.reddit.com/r/adhdwomen/comments/1hpa0sk/a_new_planner_will_not_change_your_life/m4gik0g/","/r/adhdwomen/comments/1hpa0sk/a_new_planner_will_not_change_your_life/m4gik0g/","t1_m4g8o0w","comment","m4g8o0w","m4g8o0w","1","false","m4g8o0w > m4gik0g","6a231b9ac63b509b","","","false","false","","6","6","0","0","2","1735525264","2024-12-30T02:21:04+00:00","false","False","","false","false","true","false","I am... Very interested in what this might have looked like for you 👀","I am... Very interested in what this might have looked like for you 👀","69","14","I don't know about you guys, but I've found more success just by making my own silly systems?? For 2024 I set my year's goals using the free version of Milanote to create colorful boards. I work better with digital stuff that's always on my phone, not a book that I may or may not have on me or misplaced for the umpteenth time. Nerd that I am, I made a category for each of the Eevee evolutions with themes and goals that made sense to me (Vaporeon for creativity \[flow\], Espeon for meditation, etc). It worked better than any system I've ever used!! The only goals I didn't end up meeting were a yoga goal I added to the pile in March when I was on a roll because I didn't have anything good for…","I don't know about you guys, but I've found more success just by making my own silly systems?? For 2024 I set my year's goals using the free version of Milanote to create colorful boards. I work better with digital stuff that's always on my phone, not a book that I may or may not have on me or misplaced for the umpteenth time. Nerd that I am, I made a category for each of the Eevee evolutions with themes and goals that made sense to me (Vaporeon for creativity \[flow\], Espeon for meditation, etc). It worked better than any system I've ever used!! The only goals I didn't end up meeting were a yoga goal I added to the pile in March when I was on a roll because I didn't have anything good for…","","false","false","","","","","8","[THREAD_TITLE]
A NEW PLANNER WILL NOT CHANGE YOUR LIFE!

[THREAD_BODY]
It's that time of the year...your tiktok fyp is full of people setting up their bullet journals for the new year, your Instagram is full of ads to buy a hobonichi...but wait! It's a trap!!! Take the $50 Moleskine leather bound weekly 2025 planner out of your cart. Do NOT, under any circumstances, go into any bookstores, office supply stores, or stationary stores for the next 3-5 days. Ignore any and all links you see for the ADHD life-changing organizer, designed for people with ADHD by people with ADHD. Remember that you can try a new system whenever you want, reinvention doesn't have to start on January 1st. They are preying on our lust for new notebooks and the dopamine we get from setting up new systems!!! Don't let them win! Edit: Y'all some of these comments are killing me😂 love you guys. Also! I'm not saying planners = bad!! pls it's just a joke!!! it's more a commentary on how we're suckers for the push for productivity that comes from stores and influencers to get us to buy stuff we might not need. also sometimes u just need a blank notebook/planner to keep you company 😌 (I am guilty of this)

[PARENT_COMMENT_CONTEXT]
I don't know about you guys, but I've found more success just by making my own silly systems?? For 2024 I set my year's goals using the free version of Milanote to create colorful boards. I work better with digital stuff that's always on my phone, not a book that I may or may not have on me or misplaced for the umpteenth time. Nerd that I am, I made a category for each of the Eevee evolutions with themes and goals that made sense to me (Vaporeon for creativity \[flow\], Espeon for meditation, etc). It worked better than any system I've ever used!! The only goals I didn't end up meeting were a yoga goal I added to the pile in March when I was on a roll because I didn't have anything good for…

[CURRENT_RECORD]
I am... Very interested in what this might have looked like for you 👀"
"C:\Projects\Web\planner-tdah\research\reddit_data\reddit-adhdwomen-a_new_planner_will_not_change_your_life.json","reddit-adhdwomen-a_new_planner_will_not_change_your_life","1hpa0sk","t3_1hpa0sk","https://www.reddit.com/r/adhdwomen/comments/1hpa0sk/a_new_planner_will_not_change_your_life/","adhdwomen","r/adhdwomen","A NEW PLANNER WILL NOT CHANGE YOUR LIFE!","It's that time of the year...your tiktok fyp is full of people setting up their bullet journals for the new year, your Instagram is full of ads to buy a hobonichi...but wait! It's a trap!!! Take the $50 Moleskine leather bound weekly 2025 planner out of your cart. Do NOT, under any circumstances, go into any bookstores, office supply stores, or stationary stores for the next 3-5 days. Ignore any and all links you see for the ADHD life-changing organizer, designed for people with ADHD by people with ADHD. Remember that you can try a new system whenever you want, reinvention doesn't have to start on January 1st. They are preying on our lust for new notebooks and the dopamine we get from setting up new systems!!! Don't let them win! Edit: Y'all some of these comments are killing me😂 love you guys. Also! I'm not saying planners = bad!! pls it's just a joke!!! it's more a commentary on how we're suckers for the push for productivity that comes from stores and influencers to get us to buy stuff we might not need. also sometimes u just need a blank notebook/planner to keep you company 😌 (I am guilty of this)","General Question/Discussion","1735517699","2024-12-30T00:14:59+00:00","5568","5568","1","818","3e76da9377002588","","reddit-adhdwomen-a_new_planner_will_not_change_your_life:comment:m4heymx","comment","m4heymx","t1_m4heymx","https://www.reddit.com/r/adhdwomen/comments/1hpa0sk/a_new_planner_will_not_change_your_life/m4heymx/","/r/adhdwomen/comments/1hpa0sk/a_new_planner_will_not_change_your_life/m4heymx/","t1_m4gik0g","comment","m4gik0g","m4g8o0w","2","false","m4g8o0w > m4gik0g > m4heymx","ecf87c570af6dc55","","","false","false","","7","7","0","0","1","1735538217","2024-12-30T05:56:57+00:00","1735547126","1735547126","2024-12-30T08:25:26+00:00","false","false","true","false","https://imgur.com/a/zfQm6K0 It’s silly, but it’s my kind of silly. So it works. Edit: just went through revamping them for the new year, so sharing a prettier one: https://imgur.com/a/k6dnloD","https://imgur.com/a/zfQm6K0 It’s silly, but it’s my kind of silly. So it works. Edit: just went through revamping them for the new year, so sharing a prettier one: https://imgur.com/a/k6dnloD","191","28","I am... Very interested in what this might have looked like for you 👀","I don't know about you guys, but I've found more success just by making my own silly systems?? For 2024 I set my year's goals using the free version of Milanote to create colorful boards. I work better with digital stuff that's always on my phone, not a book that I may or may not have on me or misplaced for the umpteenth time. Nerd that I am, I made a category for each of the Eevee evolutions with themes and goals that made sense to me (Vaporeon for creativity \[flow\], Espeon for meditation, etc). It worked better than any system I've ever used!! The only goals I didn't end up meeting were a yoga goal I added to the pile in March when I was on a roll because I didn't have anything good for…","https://imgur.com/a/zfQm6K0 | https://imgur.com/a/k6dnloD","false","false","","","","","18","[THREAD_TITLE]
A NEW PLANNER WILL NOT CHANGE YOUR LIFE!

[THREAD_BODY]
It's that time of the year...your tiktok fyp is full of people setting up their bullet journals for the new year, your Instagram is full of ads to buy a hobonichi...but wait! It's a trap!!! Take the $50 Moleskine leather bound weekly 2025 planner out of your cart. Do NOT, under any circumstances, go into any bookstores, office supply stores, or stationary stores for the next 3-5 days. Ignore any and all links you see for the ADHD life-changing organizer, designed for people with ADHD by people with ADHD. Remember that you can try a new system whenever you want, reinvention doesn't have to start on January 1st. They are preying on our lust for new notebooks and the dopamine we get from setting up new systems!!! Don't let them win! Edit: Y'all some of these comments are killing me😂 love you guys. Also! I'm not saying planners = bad!! pls it's just a joke!!! it's more a commentary on how we're suckers for the push for productivity that comes from stores and influencers to get us to buy stuff we might not need. also sometimes u just need a blank notebook/planner to keep you company 😌 (I am guilty of this)

[ROOT_COMMENT_CONTEXT]
I don't know about you guys, but I've found more success just by making my own silly systems?? For 2024 I set my year's goals using the free version of Milanote to create colorful boards. I work better with digital stuff that's always on my phone, not a book that I may or may not have on me or misplaced for the umpteenth time. Nerd that I am, I made a category for each of the Eevee evolutions with themes and goals that made sense to me (Vaporeon for creativity \[flow\], Espeon for meditation, etc). It worked better than any system I've ever used!! The only goals I didn't end up meeting were a yoga goal I added to the pile in March when I was on a roll because I didn't have anything good for…

[PARENT_COMMENT_CONTEXT]
I am... Very interested in what this might have looked like for you 👀

[CURRENT_RECORD]
https://imgur.com/a/zfQm6K0 It’s silly, but it’s my kind of silly. So it works. Edit: just went through revamping them for the new year, so sharing a prettier one: https://imgur.com/a/k6dnloD"
"C:\Projects\Web\planner-tdah\research\reddit_data\reddit-adhdwomen-a_new_planner_will_not_change_your_life.json","reddit-adhdwomen-a_new_planner_will_not_change_your_life","1hpa0sk","t3_1hpa0sk","https://www.reddit.com/r/adhdwomen/comments/1hpa0sk/a_new_planner_will_not_change_your_life/","adhdwomen","r/adhdwomen","A NEW PLANNER WILL NOT CHANGE YOUR LIFE!","It's that time of the year...your tiktok fyp is full of people setting up their bullet journals for the new year, your Instagram is full of ads to buy a hobonichi...but wait! It's a trap!!! Take the $50 Moleskine leather bound weekly 2025 planner out of your cart. Do NOT, under any circumstances, go into any bookstores, office supply stores, or stationary stores for the next 3-5 days. Ignore any and all links you see for the ADHD life-changing organizer, designed for people with ADHD by people with ADHD. Remember that you can try a new system whenever you want, reinvention doesn't have to start on January 1st. They are preying on our lust for new notebooks and the dopamine we get from setting up new systems!!! Don't let them win! Edit: Y'all some of these comments are killing me😂 love you guys. Also! I'm not saying planners = bad!! pls it's just a joke!!! it's more a commentary on how we're suckers for the push for productivity that comes from stores and influencers to get us to buy stuff we might not need. also sometimes u just need a blank notebook/planner to keep you company 😌 (I am guilty of this)","General Question/Discussion","1735517699","2024-12-30T00:14:59+00:00","5568","5568","1","818","3e76da9377002588","","reddit-adhdwomen-a_new_planner_will_not_change_your_life:comment:m4g4a3q","comment","m4g4a3q","t1_m4g4a3q","https://www.reddit.com/r/adhdwomen/comments/1hpa0sk/a_new_planner_will_not_change_your_life/m4g4a3q/","/r/adhdwomen/comments/1hpa0sk/a_new_planner_will_not_change_your_life/m4g4a3q/","t3_1hpa0sk","post","","m4g4a3q","0","true","m4g4a3q","9094fc9a4b4718cc","","","false","false","","60","60","0","0","0","1735520183","2024-12-30T00:56:23+00:00","false","False","","false","false","true","false","shhhhh! \ strokes hair \ shhh, shh, yes it will. THIS planner is different.","shhhhh! \ strokes hair \ shhh, shh, yes it will. THIS planner is different.","75","14","","","","false","false","planner | plan","","","mentions_planner_or_system","23","[THREAD_TITLE]
A NEW PLANNER WILL NOT CHANGE YOUR LIFE!

[THREAD_BODY]
It's that time of the year...your tiktok fyp is full of people setting up their bullet journals for the new year, your Instagram is full of ads to buy a hobonichi...but wait! It's a trap!!! Take the $50 Moleskine leather bound weekly 2025 planner out of your cart. Do NOT, under any circumstances, go into any bookstores, office supply stores, or stationary stores for the next 3-5 days. Ignore any and all links you see for the ADHD life-changing organizer, designed for people with ADHD by people with ADHD. Remember that you can try a new system whenever you want, reinvention doesn't have to start on January 1st. They are preying on our lust for new notebooks and the dopamine we get from setting up new systems!!! Don't let them win! Edit: Y'all some of these comments are killing me😂 love you guys. Also! I'm not saying planners = bad!! pls it's just a joke!!! it's more a commentary on how we're suckers for the push for productivity that comes from stores and influencers to get us to buy stuff we might not need. also sometimes u just need a blank notebook/planner to keep you company 😌 (I am guilty of this)

[CURRENT_RECORD]
shhhhh! \ strokes hair \ shhh, shh, yes it will. THIS planner is different."
"C:\Projects\Web\planner-tdah\research\reddit_data\reddit-adhdwomen-a_new_planner_will_not_change_your_life.json","reddit-adhdwomen-a_new_planner_will_not_change_your_life","1hpa0sk","t3_1hpa0sk","https://www.reddit.com/r/adhdwomen/comments/1hpa0sk/a_new_planner_will_not_change_your_life/","adhdwomen","r/adhdwomen","A NEW PLANNER WILL NOT CHANGE YOUR LIFE!","It's that time of the year...your tiktok fyp is full of people setting up their bullet journals for the new year, your Instagram is full of ads to buy a hobonichi...but wait! It's a trap!!! Take the $50 Moleskine leather bound weekly 2025 planner out of your cart. Do NOT, under any circumstances, go into any bookstores, office supply stores, or stationary stores for the next 3-5 days. Ignore any and all links you see for the ADHD life-changing organizer, designed for people with ADHD by people with ADHD. Remember that you can try a new system whenever you want, reinvention doesn't have to start on January 1st. They are preying on our lust for new notebooks and the dopamine we get from setting up new systems!!! Don't let them win! Edit: Y'all some of these comments are killing me😂 love you guys. Also! I'm not saying planners = bad!! pls it's just a joke!!! it's more a commentary on how we're suckers for the push for productivity that comes from stores and influencers to get us to buy stuff we might not need. also sometimes u just need a blank notebook/planner to keep you company 😌 (I am guilty of this)","General Question/Discussion","1735517699","2024-12-30T00:14:59+00:00","5568","5568","1","818","3e76da9377002588","","reddit-adhdwomen-a_new_planner_will_not_change_your_life:comment:m4g1ij1","comment","m4g1ij1","t1_m4g1ij1","https://www.reddit.com/r/adhdwomen/comments/1hpa0sk/a_new_planner_will_not_change_your_life/m4g1ij1/","/r/adhdwomen/comments/1hpa0sk/a_new_planner_will_not_change_your_life/m4g1ij1/","t3_1hpa0sk","post","","m4g1ij1","0","true","m4g1ij1","fa9f67698b6e0f8b","","","false","false","","28","28","0","0","1","1735519235","2024-12-30T00:40:35+00:00","false","False","","false","false","true","false","I didn't get a planner... Just a handy dandy little 6 ring A6 notebook with blank removable papers so I can move them around instead of getting anxious about organizing my notebook non-optimally. I always loved the feel of the moleskines, but I never got one for myself because I just knew I'd write two pages and never touch it again because I'd be worried about running out of pages 😆","I didn't get a planner... Just a handy dandy little 6 ring A6 notebook with blank removable papers so I can move them around instead of getting anxious about organizing my notebook non-optimally. I always loved the feel of the moleskines, but I never got one for myself because I…","386","71","","","","false","true","planner | plan | organizing","anxious","","mentions_pain_or_friction | mentions_planner_or_system | mentions_working_solution_or_recommendation","48","[THREAD_TITLE]
A NEW PLANNER WILL NOT CHANGE YOUR LIFE!

[THREAD_BODY]
It's that time of the year...your tiktok fyp is full of people setting up their bullet journals for the new year, your Instagram is full of ads to buy a hobonichi...but wait! It's a trap!!! Take the $50 Moleskine leather bound weekly 2025 planner out of your cart. Do NOT, under any circumstances, go into any bookstores, office supply stores, or stationary stores for the next 3-5 days. Ignore any and all links you see for the ADHD life-changing organizer, designed for people with ADHD by people with ADHD. Remember that you can try a new system whenever you want, reinvention doesn't have to start on January 1st. They are preying on our lust for new notebooks and the dopamine we get from setting up new systems!!! Don't let them win! Edit: Y'all some of these comments are killing me😂 love you guys. Also! I'm not saying planners = bad!! pls it's just a joke!!! it's more a commentary on how we're suckers for the push for productivity that comes from stores and influencers to get us to buy stuff we might not need. also sometimes u just need a blank notebook/planner to keep you company 😌 (I am guilty of this)

[CURRENT_RECORD]
I didn't get a planner... Just a handy dandy little 6 ring A6 notebook with blank removable papers so I can move them around instead of getting anxious about organizing my notebook non-optimally. I always loved the feel of the moleskines, but I never got one for myself because I just knew I'd write two pages and never touch it again because I'd be worried about running out of pages 😆"
"C:\Projects\Web\planner-tdah\research\reddit_data\reddit-adhdwomen-a_new_planner_will_not_change_your_life.json","reddit-adhdwomen-a_new_planner_will_not_change_your_life","1hpa0sk","t3_1hpa0sk","https://www.reddit.com/r/adhdwomen/comments/1hpa0sk/a_new_planner_will_not_change_your_life/","adhdwomen","r/adhdwomen","A NEW PLANNER WILL NOT CHANGE YOUR LIFE!","It's that time of the year...your tiktok fyp is full of people setting up their bullet journals for the new year, your Instagram is full of ads to buy a hobonichi...but wait! It's a trap!!! Take the $50 Moleskine leather bound weekly 2025 planner out of your cart. Do NOT, under any circumstances, go into any bookstores, office supply stores, or stationary stores for the next 3-5 days. Ignore any and all links you see for the ADHD life-changing organizer, designed for people with ADHD by people with ADHD. Remember that you can try a new system whenever you want, reinvention doesn't have to start on January 1st. They are preying on our lust for new notebooks and the dopamine we get from setting up new systems!!! Don't let them win! Edit: Y'all some of these comments are killing me😂 love you guys. Also! I'm not saying planners = bad!! pls it's just a joke!!! it's more a commentary on how we're suckers for the push for productivity that comes from stores and influencers to get us to buy stuff we might not need. also sometimes u just need a blank notebook/planner to keep you company 😌 (I am guilty of this)","General Question/Discussion","1735517699","2024-12-30T00:14:59+00:00","5568","5568","1","818","3e76da9377002588","","reddit-adhdwomen-a_new_planner_will_not_change_your_life:comment:m4g0wzx","comment","m4g0wzx","t1_m4g0wzx","https://www.reddit.com/r/adhdwomen/comments/1hpa0sk/a_new_planner_will_not_change_your_life/m4g0wzx/","/r/adhdwomen/comments/1hpa0sk/a_new_planner_will_not_change_your_life/m4g0wzx/","t3_1hpa0sk","post","","m4g0wzx","0","true","m4g0wzx","e603776152298edd","","","false","false","","21","21","0","0","2","1735519032","2024-12-30T00:37:12+00:00","false","False","","false","false","true","false","…. but if you decide to…. i’ve been using the ban.do planner for 4 years now and it’s been a huge help, esp because i decorate it with a ton of stickers and bright colors so i like to look at it 🙇🏻‍♀️and it’s like $20","…. but if you decide to…. i’ve been using the ban.do planner for 4 years now and it’s been a huge help, esp because i decorate it with a ton of stickers and bright colors so i like to look at it 🙇🏻‍♀️and it’s like $20","217","46","","","","false","false","planner | plan","","color","mentions_feature_or_solution | mentions_planner_or_system","35","[THREAD_TITLE]
A NEW PLANNER WILL NOT CHANGE YOUR LIFE!

[THREAD_BODY]
It's that time of the year...your tiktok fyp is full of people setting up their bullet journals for the new year, your Instagram is full of ads to buy a hobonichi...but wait! It's a trap!!! Take the $50 Moleskine leather bound weekly 2025 planner out of your cart. Do NOT, under any circumstances, go into any bookstores, office supply stores, or stationary stores for the next 3-5 days. Ignore any and all links you see for the ADHD life-changing organizer, designed for people with ADHD by people with ADHD. Remember that you can try a new system whenever you want, reinvention doesn't have to start on January 1st. They are preying on our lust for new notebooks and the dopamine we get from setting up new systems!!! Don't let them win! Edit: Y'all some of these comments are killing me😂 love you guys. Also! I'm not saying planners = bad!! pls it's just a joke!!! it's more a commentary on how we're suckers for the push for productivity that comes from stores and influencers to get us to buy stuff we might not need. also sometimes u just need a blank notebook/planner to keep you company 😌 (I am guilty of this)

[CURRENT_RECORD]
…. but if you decide to…. i’ve been using the ban.do planner for 4 years now and it’s been a huge help, esp because i decorate it with a ton of stickers and bright colors so i like to look at it 🙇🏻‍♀️and it’s like $20"
"C:\Projects\Web\planner-tdah\research\reddit_data\reddit-adhdwomen-a_new_planner_will_not_change_your_life.json","reddit-adhdwomen-a_new_planner_will_not_change_your_life","1hpa0sk","t3_1hpa0sk","https://www.reddit.com/r/adhdwomen/comments/1hpa0sk/a_new_planner_will_not_change_your_life/","adhdwomen","r/adhdwomen","A NEW PLANNER WILL NOT CHANGE YOUR LIFE!","It's that time of the year...your tiktok fyp is full of people setting up their bullet journals for the new year, your Instagram is full of ads to buy a hobonichi...but wait! It's a trap!!! Take the $50 Moleskine leather bound weekly 2025 planner out of your cart. Do NOT, under any circumstances, go into any bookstores, office supply stores, or stationary stores for the next 3-5 days. Ignore any and all links you see for the ADHD life-changing organizer, designed for people with ADHD by people with ADHD. Remember that you can try a new system whenever you want, reinvention doesn't have to start on January 1st. They are preying on our lust for new notebooks and the dopamine we get from setting up new systems!!! Don't let them win! Edit: Y'all some of these comments are killing me😂 love you guys. Also! I'm not saying planners = bad!! pls it's just a joke!!! it's more a commentary on how we're suckers for the push for productivity that comes from stores and influencers to get us to buy stuff we might not need. also sometimes u just need a blank notebook/planner to keep you company 😌 (I am guilty of this)","General Question/Discussion","1735517699","2024-12-30T00:14:59+00:00","5568","5568","1","818","3e76da9377002588","","reddit-adhdwomen-a_new_planner_will_not_change_your_life:comment:m4g1st6","comment","m4g1st6","t1_m4g1st6","https://www.reddit.com/r/adhdwomen/comments/1hpa0sk/a_new_planner_will_not_change_your_life/m4g1st6/","/r/adhdwomen/comments/1hpa0sk/a_new_planner_will_not_change_your_life/m4g1st6/","t1_m4g0wzx","comment","m4g0wzx","m4g0wzx","1","false","m4g0wzx > m4g1st6","750ced65fb6c8de7","","","false","false","","46","46","0","0","3","1735519332","2024-12-30T00:42:12+00:00","false","False","","false","false","true","false","Me reading OP post: yes I agree soo much! enough planners they are not working! Me reading first comment: hmm let’s google ban.do planners I could use a planner with stickers","Me reading OP post: yes I agree soo much! enough planners they are not working! Me reading first comment: hmm let’s google ban.do planners I could use a planner with stickers","174","31","…. but if you decide to…. i’ve been using the ban.do planner for 4 years now and it’s been a huge help, esp because i decorate it with a ton of stickers and bright colors so i like to look at it 🙇🏻‍♀️and it’s like $20","…. but if you decide to…. i’ve been using the ban.do planner for 4 years now and it’s been a huge help, esp because i decorate it with a ton of stickers and bright colors so i like to look at it 🙇🏻‍♀️and it’s like $20","","false","false","planner | planners | plan","not working","","mentions_pain_or_friction | mentions_planner_or_system","40","[THREAD_TITLE]
A NEW PLANNER WILL NOT CHANGE YOUR LIFE!

[THREAD_BODY]
It's that time of the year...your tiktok fyp is full of people setting up their bullet journals for the new year, your Instagram is full of ads to buy a hobonichi...but wait! It's a trap!!! Take the $50 Moleskine leather bound weekly 2025 planner out of your cart. Do NOT, under any circumstances, go into any bookstores, office supply stores, or stationary stores for the next 3-5 days. Ignore any and all links you see for the ADHD life-changing organizer, designed for people with ADHD by people with ADHD. Remember that you can try a new system whenever you want, reinvention doesn't have to start on January 1st. They are preying on our lust for new notebooks and the dopamine we get from setting up new systems!!! Don't let them win! Edit: Y'all some of these comments are killing me😂 love you guys. Also! I'm not saying planners = bad!! pls it's just a joke!!! it's more a commentary on how we're suckers for the push for productivity that comes from stores and influencers to get us to buy stuff we might not need. also sometimes u just need a blank notebook/planner to keep you company 😌 (I am guilty of this)

[PARENT_COMMENT_CONTEXT]
…. but if you decide to…. i’ve been using the ban.do planner for 4 years now and it’s been a huge help, esp because i decorate it with a ton of stickers and bright colors so i like to look at it 🙇🏻‍♀️and it’s like $20

[CURRENT_RECORD]
Me reading OP post: yes I agree soo much! enough planners they are not working! Me reading first comment: hmm let’s google ban.do planners I could use a planner with stickers"
"C:\Projects\Web\planner-tdah\research\reddit_data\reddit-adhdwomen-a_new_planner_will_not_change_your_life.json","reddit-adhdwomen-a_new_planner_will_not_change_your_life","1hpa0sk","t3_1hpa0sk","https://www.reddit.com/r/adhdwomen/comments/1hpa0sk/a_new_planner_will_not_change_your_life/","adhdwomen","r/adhdwomen","A NEW PLANNER WILL NOT CHANGE YOUR LIFE!","It's that time of the year...your tiktok fyp is full of people setting up their bullet journals for the new year, your Instagram is full of ads to buy a hobonichi...but wait! It's a trap!!! Take the $50 Moleskine leather bound weekly 2025 planner out of your cart. Do NOT, under any circumstances, go into any bookstores, office supply stores, or stationary stores for the next 3-5 days. Ignore any and all links you see for the ADHD life-changing organizer, designed for people with ADHD by people with ADHD. Remember that you can try a new system whenever you want, reinvention doesn't have to start on January 1st. They are preying on our lust for new notebooks and the dopamine we get from setting up new systems!!! Don't let them win! Edit: Y'all some of these comments are killing me😂 love you guys. Also! I'm not saying planners = bad!! pls it's just a joke!!! it's more a commentary on how we're suckers for the push for productivity that comes from stores and influencers to get us to buy stuff we might not need. also sometimes u just need a blank notebook/planner to keep you company 😌 (I am guilty of this)","General Question/Discussion","1735517699","2024-12-30T00:14:59+00:00","5568","5568","1","818","3e76da9377002588","","reddit-adhdwomen-a_new_planner_will_not_change_your_life:comment:m4gduvq","comment","m4gduvq","t1_m4gduvq","https://www.reddit.com/r/adhdwomen/comments/1hpa0sk/a_new_planner_will_not_change_your_life/m4gduvq/","/r/adhdwomen/comments/1hpa0sk/a_new_planner_will_not_change_your_life/m4gduvq/","t1_m4g1st6","comment","m4g1st6","m4g0wzx","2","false","m4g0wzx > m4g1st6 > m4gduvq","e603776152298edd","","","false","false","","6","6","0","0","0","1735523561","2024-12-30T01:52:41+00:00","false","False","","false","false","true","false","HELP LOL RIGHT 😭 OP is correct lowkey i just personally found this to be the planner that fixed me 👹 it comes with stickers in the front and you can get a bunch of sticker packs that are soooo cute… it’s just something i’m always excited to play with and update :’) hehe. once i got markers and pens and stickers in the mix, i became a planning machine! plus, the one they put out for this year has a monthly meal planner, daily mood tracker, a chore chart, a bunch of little things.","HELP LOL RIGHT 😭 OP is correct lowkey i just personally found this to be the planner that fixed me 👹 it comes with stickers in the front and you can get a bunch of sticker packs that are soooo cute… it’s just something i’m always excited to play with and update :’) hehe. once i…","483","95","Me reading OP post: yes I agree soo much! enough planners they are not working! Me reading first comment: hmm let’s google ban.do planners I could use a planner with stickers","…. but if you decide to…. i’ve been using the ban.do planner for 4 years now and it’s been a huge help, esp because i decorate it with a ton of stickers and bright colors so i like to look at it 🙇🏻‍♀️and it’s like $20","","false","false","planner | plan | planning | tracker | monthly | daily","","monthly | daily","mentions_feature_or_solution | mentions_planner_or_system","53","[THREAD_TITLE]
A NEW PLANNER WILL NOT CHANGE YOUR LIFE!

[THREAD_BODY]
It's that time of the year...your tiktok fyp is full of people setting up their bullet journals for the new year, your Instagram is full of ads to buy a hobonichi...but wait! It's a trap!!! Take the $50 Moleskine leather bound weekly 2025 planner out of your cart. Do NOT, under any circumstances, go into any bookstores, office supply stores, or stationary stores for the next 3-5 days. Ignore any and all links you see for the ADHD life-changing organizer, designed for people with ADHD by people with ADHD. Remember that you can try a new system whenever you want, reinvention doesn't have to start on January 1st. They are preying on our lust for new notebooks and the dopamine we get from setting up new systems!!! Don't let them win! Edit: Y'all some of these comments are killing me😂 love you guys. Also! I'm not saying planners = bad!! pls it's just a joke!!! it's more a commentary on how we're suckers for the push for productivity that comes from stores and influencers to get us to buy stuff we might not need. also sometimes u just need a blank notebook/planner to keep you company 😌 (I am guilty of this)

[ROOT_COMMENT_CONTEXT]
…. but if you decide to…. i’ve been using the ban.do planner for 4 years now and it’s been a huge help, esp because i decorate it with a ton of stickers and bright colors so i like to look at it 🙇🏻‍♀️and it’s like $20

[PARENT_COMMENT_CONTEXT]
Me reading OP post: yes I agree soo much! enough planners they are not working! Me reading first comment: hmm let’s google ban.do planners I could use a planner with stickers

[CURRENT_RECORD]
HELP LOL RIGHT 😭 OP is correct lowkey i just personally found this to be the planner that fixed me 👹 it comes with stickers in the front and you can get a bunch of sticker packs that are soooo cute… it’s just something i’m always excited to play with and update :’) hehe. once i got markers and pens and stickers in the mix, i became a planning machine! plus, the one they put out for this year has a monthly meal planner, daily mood tracker, a chore chart, a bunch of little things."
"C:\Projects\Web\planner-tdah\research\reddit_data\reddit-adhdwomen-a_new_planner_will_not_change_your_life.json","reddit-adhdwomen-a_new_planner_will_not_change_your_life","1hpa0sk","t3_1hpa0sk","https://www.reddit.com/r/adhdwomen/comments/1hpa0sk/a_new_planner_will_not_change_your_life/","adhdwomen","r/adhdwomen","A NEW PLANNER WILL NOT CHANGE YOUR LIFE!","It's that time of the year...your tiktok fyp is full of people setting up their bullet journals for the new year, your Instagram is full of ads to buy a hobonichi...but wait! It's a trap!!! Take the $50 Moleskine leather bound weekly 2025 planner out of your cart. Do NOT, under any circumstances, go into any bookstores, office supply stores, or stationary stores for the next 3-5 days. Ignore any and all links you see for the ADHD life-changing organizer, designed for people with ADHD by people with ADHD. Remember that you can try a new system whenever you want, reinvention doesn't have to start on January 1st. They are preying on our lust for new notebooks and the dopamine we get from setting up new systems!!! Don't let them win! Edit: Y'all some of these comments are killing me😂 love you guys. Also! I'm not saying planners = bad!! pls it's just a joke!!! it's more a commentary on how we're suckers for the push for productivity that comes from stores and influencers to get us to buy stuff we might not need. also sometimes u just need a blank notebook/planner to keep you company 😌 (I am guilty of this)","General Question/Discussion","1735517699","2024-12-30T00:14:59+00:00","5568","5568","1","818","3e76da9377002588","","reddit-adhdwomen-a_new_planner_will_not_change_your_life:comment:m4id79g","comment","m4id79g","t1_m4id79g","https://www.reddit.com/r/adhdwomen/comments/1hpa0sk/a_new_planner_will_not_change_your_life/m4id79g/","/r/adhdwomen/comments/1hpa0sk/a_new_planner_will_not_change_your_life/m4id79g/","t1_m4g1st6","comment","m4g1st6","m4g0wzx","2","false","m4g0wzx > m4g1st6 > m4id79g","346068f104b19521","","","false","false","","5","5","0","0","0","1735559017","2024-12-30T11:43:37+00:00","false","False","","false","false","true","false","Why are we like this? 💀","Why are we like this? 💀","23","6","Me reading OP post: yes I agree soo much! enough planners they are not working! Me reading first comment: hmm let’s google ban.do planners I could use a planner with stickers","…. but if you decide to…. i’ve been using the ban.do planner for 4 years now and it’s been a huge help, esp because i decorate it with a ton of stickers and bright colors so i like to look at it 🙇🏻‍♀️and it’s like $20","","true","false","","","","contains_question","5","[THREAD_TITLE]
A NEW PLANNER WILL NOT CHANGE YOUR LIFE!

[THREAD_BODY]
It's that time of the year...your tiktok fyp is full of people setting up their bullet journals for the new year, your Instagram is full of ads to buy a hobonichi...but wait! It's a trap!!! Take the $50 Moleskine leather bound weekly 2025 planner out of your cart. Do NOT, under any circumstances, go into any bookstores, office supply stores, or stationary stores for the next 3-5 days. Ignore any and all links you see for the ADHD life-changing organizer, designed for people with ADHD by people with ADHD. Remember that you can try a new system whenever you want, reinvention doesn't have to start on January 1st. They are preying on our lust for new notebooks and the dopamine we get from setting up new systems!!! Don't let them win! Edit: Y'all some of these comments are killing me😂 love you guys. Also! I'm not saying planners = bad!! pls it's just a joke!!! it's more a commentary on how we're suckers for the push for productivity that comes from stores and influencers to get us to buy stuff we might not need. also sometimes u just need a blank notebook/planner to keep you company 😌 (I am guilty of this)

[ROOT_COMMENT_CONTEXT]
…. but if you decide to…. i’ve been using the ban.do planner for 4 years now and it’s been a huge help, esp because i decorate it with a ton of stickers and bright colors so i like to look at it 🙇🏻‍♀️and it’s like $20

[PARENT_COMMENT_CONTEXT]
Me reading OP post: yes I agree soo much! enough planners they are not working! Me reading first comment: hmm let’s google ban.do planners I could use a planner with stickers

[CURRENT_RECORD]
Why are we like this? 💀"
"C:\Projects\Web\planner-tdah\research\reddit_data\reddit-adhdwomen-a_new_planner_will_not_change_your_life.json","reddit-adhdwomen-a_new_planner_will_not_change_your_life","1hpa0sk","t3_1hpa0sk","https://www.reddit.com/r/adhdwomen/comments/1hpa0sk/a_new_planner_will_not_change_your_life/","adhdwomen","r/adhdwomen","A NEW PLANNER WILL NOT CHANGE YOUR LIFE!","It's that time of the year...your tiktok fyp is full of people setting up their bullet journals for the new year, your Instagram is full of ads to buy a hobonichi...but wait! It's a trap!!! Take the $50 Moleskine leather bound weekly 2025 planner out of your cart. Do NOT, under any circumstances, go into any bookstores, office supply stores, or stationary stores for the next 3-5 days. Ignore any and all links you see for the ADHD life-changing organizer, designed for people with ADHD by people with ADHD. Remember that you can try a new system whenever you want, reinvention doesn't have to start on January 1st. They are preying on our lust for new notebooks and the dopamine we get from setting up new systems!!! Don't let them win! Edit: Y'all some of these comments are killing me😂 love you guys. Also! I'm not saying planners = bad!! pls it's just a joke!!! it's more a commentary on how we're suckers for the push for productivity that comes from stores and influencers to get us to buy stuff we might not need. also sometimes u just need a blank notebook/planner to keep you company 😌 (I am guilty of this)","General Question/Discussion","1735517699","2024-12-30T00:14:59+00:00","5568","5568","1","818","3e76da9377002588","","reddit-adhdwomen-a_new_planner_will_not_change_your_life:comment:m4gigml","comment","m4gigml","t1_m4gigml","https://www.reddit.com/r/adhdwomen/comments/1hpa0sk/a_new_planner_will_not_change_your_life/m4gigml/","/r/adhdwomen/comments/1hpa0sk/a_new_planner_will_not_change_your_life/m4gigml/","t1_m4g0wzx","comment","m4g0wzx","m4g0wzx","1","false","m4g0wzx > m4gigml","67538c3213ca3116","","","false","false","","6","6","0","0","0","1735525229","2024-12-30T02:20:29+00:00","false","False","","false","false","true","false","Decorating my planner for the entire year when I have the hyperfocus has been a lovely little gift to myself 😂 I tried a Laurel Denise planner this year and it’s the only one that has truly worked for my brain… but they ain’t cheap 😭","Decorating my planner for the entire year when I have the hyperfocus has been a lovely little gift to myself 😂 I tried a Laurel Denise planner this year and it’s the only one that has truly worked for my brain… but they ain’t cheap 😭","233","46","…. but if you decide to…. i’ve been using the ban.do planner for 4 years now and it’s been a huge help, esp because i decorate it with a ton of stickers and bright colors so i like to look at it 🙇🏻‍♀️and it’s like $20","…. but if you decide to…. i’ve been using the ban.do planner for 4 years now and it’s been a huge help, esp because i decorate it with a ton of stickers and bright colors so i like to look at it 🙇🏻‍♀️and it’s like $20","","false","true","planner | plan","","","mentions_planner_or_system | mentions_working_solution_or_recommendation","31","[THREAD_TITLE]
A NEW PLANNER WILL NOT CHANGE YOUR LIFE!

[THREAD_BODY]
It's that time of the year...your tiktok fyp is full of people setting up their bullet journals for the new year, your Instagram is full of ads to buy a hobonichi...but wait! It's a trap!!! Take the $50 Moleskine leather bound weekly 2025 planner out of your cart. Do NOT, under any circumstances, go into any bookstores, office supply stores, or stationary stores for the next 3-5 days. Ignore any and all links you see for the ADHD life-changing organizer, designed for people with ADHD by people with ADHD. Remember that you can try a new system whenever you want, reinvention doesn't have to start on January 1st. They are preying on our lust for new notebooks and the dopamine we get from setting up new systems!!! Don't let them win! Edit: Y'all some of these comments are killing me😂 love you guys. Also! I'm not saying planners = bad!! pls it's just a joke!!! it's more a commentary on how we're suckers for the push for productivity that comes from stores and influencers to get us to buy stuff we might not need. also sometimes u just need a blank notebook/planner to keep you company 😌 (I am guilty of this)

[PARENT_COMMENT_CONTEXT]
…. but if you decide to…. i’ve been using the ban.do planner for 4 years now and it’s been a huge help, esp because i decorate it with a ton of stickers and bright colors so i like to look at it 🙇🏻‍♀️and it’s like $20

[CURRENT_RECORD]
Decorating my planner for the entire year when I have the hyperfocus has been a lovely little gift to myself 😂 I tried a Laurel Denise planner this year and it’s the only one that has truly worked for my brain… but they ain’t cheap 😭"
"C:\Projects\Web\planner-tdah\research\reddit_data\reddit-adhdwomen-a_new_planner_will_not_change_your_life.json","reddit-adhdwomen-a_new_planner_will_not_change_your_life","1hpa0sk","t3_1hpa0sk","https://www.reddit.com/r/adhdwomen/comments/1hpa0sk/a_new_planner_will_not_change_your_life/","adhdwomen","r/adhdwomen","A NEW PLANNER WILL NOT CHANGE YOUR LIFE!","It's that time of the year...your tiktok fyp is full of people setting up their bullet journals for the new year, your Instagram is full of ads to buy a hobonichi...but wait! It's a trap!!! Take the $50 Moleskine leather bound weekly 2025 planner out of your cart. Do NOT, under any circumstances, go into any bookstores, office supply stores, or stationary stores for the next 3-5 days. Ignore any and all links you see for the ADHD life-changing organizer, designed for people with ADHD by people with ADHD. Remember that you can try a new system whenever you want, reinvention doesn't have to start on January 1st. They are preying on our lust for new notebooks and the dopamine we get from setting up new systems!!! Don't let them win! Edit: Y'all some of these comments are killing me😂 love you guys. Also! I'm not saying planners = bad!! pls it's just a joke!!! it's more a commentary on how we're suckers for the push for productivity that comes from stores and influencers to get us to buy stuff we might not need. also sometimes u just need a blank notebook/planner to keep you company 😌 (I am guilty of this)","General Question/Discussion","1735517699","2024-12-30T00:14:59+00:00","5568","5568","1","818","3e76da9377002588","","reddit-adhdwomen-a_new_planner_will_not_change_your_life:comment:m4g1vz0","comment","m4g1vz0","t1_m4g1vz0","https://www.reddit.com/r/adhdwomen/comments/1hpa0sk/a_new_planner_will_not_change_your_life/m4g1vz0/","/r/adhdwomen/comments/1hpa0sk/a_new_planner_will_not_change_your_life/m4g1vz0/","t3_1hpa0sk","post","","m4g1vz0","0","true","m4g1vz0","4c910e94786c4533","","","false","false","","24","24","0","0","0","1735519362","2024-12-30T00:42:42+00:00","false","False","","false","false","true","false","I read this out to my ADHD bf who said 'too late' and showed me his brand new 2025 journal. Luckily it cost about £3 max","I read this out to my ADHD bf who said 'too late' and showed me his brand new 2025 journal. Luckily it cost about £3 max","120","26","","","","false","false","journal","adhd","","mentions_pain_or_friction | mentions_planner_or_system","29","[THREAD_TITLE]
A NEW PLANNER WILL NOT CHANGE YOUR LIFE!

[THREAD_BODY]
It's that time of the year...your tiktok fyp is full of people setting up their bullet journals for the new year, your Instagram is full of ads to buy a hobonichi...but wait! It's a trap!!! Take the $50 Moleskine leather bound weekly 2025 planner out of your cart. Do NOT, under any circumstances, go into any bookstores, office supply stores, or stationary stores for the next 3-5 days. Ignore any and all links you see for the ADHD life-changing organizer, designed for people with ADHD by people with ADHD. Remember that you can try a new system whenever you want, reinvention doesn't have to start on January 1st. They are preying on our lust for new notebooks and the dopamine we get from setting up new systems!!! Don't let them win! Edit: Y'all some of these comments are killing me😂 love you guys. Also! I'm not saying planners = bad!! pls it's just a joke!!! it's more a commentary on how we're suckers for the push for productivity that comes from stores and influencers to get us to buy stuff we might not need. also sometimes u just need a blank notebook/planner to keep you company 😌 (I am guilty of this)

[CURRENT_RECORD]
I read this out to my ADHD bf who said 'too late' and showed me his brand new 2025 journal. Luckily it cost about £3 max"
"C:\Projects\Web\planner-tdah\research\reddit_data\reddit-adhdwomen-a_new_planner_will_not_change_your_life.json","reddit-adhdwomen-a_new_planner_will_not_change_your_life","1hpa0sk","t3_1hpa0sk","https://www.reddit.com/r/adhdwomen/comments/1hpa0sk/a_new_planner_will_not_change_your_life/","adhdwomen","r/adhdwomen","A NEW PLANNER WILL NOT CHANGE YOUR LIFE!","It's that time of the year...your tiktok fyp is full of people setting up their bullet journals for the new year, your Instagram is full of ads to buy a hobonichi...but wait! It's a trap!!! Take the $50 Moleskine leather bound weekly 2025 planner out of your cart. Do NOT, under any circumstances, go into any bookstores, office supply stores, or stationary stores for the next 3-5 days. Ignore any and all links you see for the ADHD life-changing organizer, designed for people with ADHD by people with ADHD. Remember that you can try a new system whenever you want, reinvention doesn't have to start on January 1st. They are preying on our lust for new notebooks and the dopamine we get from setting up new systems!!! Don't let them win! Edit: Y'all some of these comments are killing me😂 love you guys. Also! I'm not saying planners = bad!! pls it's just a joke!!! it's more a commentary on how we're suckers for the push for productivity that comes from stores and influencers to get us to buy stuff we might not need. also sometimes u just need a blank notebook/planner to keep you company 😌 (I am guilty of this)","General Question/Discussion","1735517699","2024-12-30T00:14:59+00:00","5568","5568","1","818","3e76da9377002588","","reddit-adhdwomen-a_new_planner_will_not_change_your_life:comment:m4g3xnl","comment","m4g3xnl","t1_m4g3xnl","https://www.reddit.com/r/adhdwomen/comments/1hpa0sk/a_new_planner_will_not_change_your_life/m4g3xnl/","/r/adhdwomen/comments/1hpa0sk/a_new_planner_will_not_change_your_life/m4g3xnl/","t3_1hpa0sk","post","","m4g3xnl","0","true","m4g3xnl","09a2ace269c10e3f","","","false","false","","22","22","0","0","2","1735520062","2024-12-30T00:54:22+00:00","false","False","","false","false","true","false","Buy the undated ones! Then, every time the urge hits, you can go back to it.","Buy the undated ones! Then, every time the urge hits, you can go back to it.","76","16","","","","false","false","","time","","forgetfulness_or_time_signal | mentions_pain_or_friction","26","[THREAD_TITLE]
A NEW PLANNER WILL NOT CHANGE YOUR LIFE!

[THREAD_BODY]
It's that time of the year...your tiktok fyp is full of people setting up their bullet journals for the new year, your Instagram is full of ads to buy a hobonichi...but wait! It's a trap!!! Take the $50 Moleskine leather bound weekly 2025 planner out of your cart. Do NOT, under any circumstances, go into any bookstores, office supply stores, or stationary stores for the next 3-5 days. Ignore any and all links you see for the ADHD life-changing organizer, designed for people with ADHD by people with ADHD. Remember that you can try a new system whenever you want, reinvention doesn't have to start on January 1st. They are preying on our lust for new notebooks and the dopamine we get from setting up new systems!!! Don't let them win! Edit: Y'all some of these comments are killing me😂 love you guys. Also! I'm not saying planners = bad!! pls it's just a joke!!! it's more a commentary on how we're suckers for the push for productivity that comes from stores and influencers to get us to buy stuff we might not need. also sometimes u just need a blank notebook/planner to keep you company 😌 (I am guilty of this)

[CURRENT_RECORD]
Buy the undated ones! Then, every time the urge hits, you can go back to it."
"C:\Projects\Web\planner-tdah\research\reddit_data\reddit-adhdwomen-a_new_planner_will_not_change_your_life.json","reddit-adhdwomen-a_new_planner_will_not_change_your_life","1hpa0sk","t3_1hpa0sk","https://www.reddit.com/r/adhdwomen/comments/1hpa0sk/a_new_planner_will_not_change_your_life/","adhdwomen","r/adhdwomen","A NEW PLANNER WILL NOT CHANGE YOUR LIFE!","It's that time of the year...your tiktok fyp is full of people setting up their bullet journals for the new year, your Instagram is full of ads to buy a hobonichi...but wait! It's a trap!!! Take the $50 Moleskine leather bound weekly 2025 planner out of your cart. Do NOT, under any circumstances, go into any bookstores, office supply stores, or stationary stores for the next 3-5 days. Ignore any and all links you see for the ADHD life-changing organizer, designed for people with ADHD by people with ADHD. Remember that you can try a new system whenever you want, reinvention doesn't have to start on January 1st. They are preying on our lust for new notebooks and the dopamine we get from setting up new systems!!! Don't let them win! Edit: Y'all some of these comments are killing me😂 love you guys. Also! I'm not saying planners = bad!! pls it's just a joke!!! it's more a commentary on how we're suckers for the push for productivity that comes from stores and influencers to get us to buy stuff we might not need. also sometimes u just need a blank notebook/planner to keep you company 😌 (I am guilty of this)","General Question/Discussion","1735517699","2024-12-30T00:14:59+00:00","5568","5568","1","818","3e76da9377002588","","reddit-adhdwomen-a_new_planner_will_not_change_your_life:comment:m4hr75w","comment","m4hr75w","t1_m4hr75w","https://www.reddit.com/r/adhdwomen/comments/1hpa0sk/a_new_planner_will_not_change_your_life/m4hr75w/","/r/adhdwomen/comments/1hpa0sk/a_new_planner_will_not_change_your_life/m4hr75w/","t1_m4g3xnl","comment","m4g3xnl","m4g3xnl","1","false","m4g3xnl > m4hr75w","0658f6950fbd1229","","","false","false","","6","6","0","0","0","1735545034","2024-12-30T07:50:34+00:00","false","False","","false","false","true","false","This is the way. I buy plain old dot grid Leuchtturm A5s and make layouts in them.","This is the way. I buy plain old dot grid Leuchtturm A5s and make layouts in them.","82","17","Buy the undated ones! Then, every time the urge hits, you can go back to it.","Buy the undated ones! Then, every time the urge hits, you can go back to it.","","false","false","","","layout | layouts","mentions_feature_or_solution","13","[THREAD_TITLE]
A NEW PLANNER WILL NOT CHANGE YOUR LIFE!

[THREAD_BODY]
It's that time of the year...your tiktok fyp is full of people setting up their bullet journals for the new year, your Instagram is full of ads to buy a hobonichi...but wait! It's a trap!!! Take the $50 Moleskine leather bound weekly 2025 planner out of your cart. Do NOT, under any circumstances, go into any bookstores, office supply stores, or stationary stores for the next 3-5 days. Ignore any and all links you see for the ADHD life-changing organizer, designed for people with ADHD by people with ADHD. Remember that you can try a new system whenever you want, reinvention doesn't have to start on January 1st. They are preying on our lust for new notebooks and the dopamine we get from setting up new systems!!! Don't let them win! Edit: Y'all some of these comments are killing me😂 love you guys. Also! I'm not saying planners = bad!! pls it's just a joke!!! it's more a commentary on how we're suckers for the push for productivity that comes from stores and influencers to get us to buy stuff we might not need. also sometimes u just need a blank notebook/planner to keep you company 😌 (I am guilty of this)

[PARENT_COMMENT_CONTEXT]
Buy the undated ones! Then, every time the urge hits, you can go back to it.

[CURRENT_RECORD]
This is the way. I buy plain old dot grid Leuchtturm A5s and make layouts in them."
"C:\Projects\Web\planner-tdah\research\reddit_data\reddit-adhdwomen-a_new_planner_will_not_change_your_life.json","reddit-adhdwomen-a_new_planner_will_not_change_your_life","1hpa0sk","t3_1hpa0sk","https://www.reddit.com/r/adhdwomen/comments/1hpa0sk/a_new_planner_will_not_change_your_life/","adhdwomen","r/adhdwomen","A NEW PLANNER WILL NOT CHANGE YOUR LIFE!","It's that time of the year...your tiktok fyp is full of people setting up their bullet journals for the new year, your Instagram is full of ads to buy a hobonichi...but wait! It's a trap!!! Take the $50 Moleskine leather bound weekly 2025 planner out of your cart. Do NOT, under any circumstances, go into any bookstores, office supply stores, or stationary stores for the next 3-5 days. Ignore any and all links you see for the ADHD life-changing organizer, designed for people with ADHD by people with ADHD. Remember that you can try a new system whenever you want, reinvention doesn't have to start on January 1st. They are preying on our lust for new notebooks and the dopamine we get from setting up new systems!!! Don't let them win! Edit: Y'all some of these comments are killing me😂 love you guys. Also! I'm not saying planners = bad!! pls it's just a joke!!! it's more a commentary on how we're suckers for the push for productivity that comes from stores and influencers to get us to buy stuff we might not need. also sometimes u just need a blank notebook/planner to keep you company 😌 (I am guilty of this)","General Question/Discussion","1735517699","2024-12-30T00:14:59+00:00","5568","5568","1","818","3e76da9377002588","","reddit-adhdwomen-a_new_planner_will_not_change_your_life:comment:m4g89r9","comment","m4g89r9","t1_m4g89r9","https://www.reddit.com/r/adhdwomen/comments/1hpa0sk/a_new_planner_will_not_change_your_life/m4g89r9/","/r/adhdwomen/comments/1hpa0sk/a_new_planner_will_not_change_your_life/m4g89r9/","t3_1hpa0sk","post","","m4g89r9","0","true","m4g89r9","14bf3d33cc68fb12","","ADHD","false","false","","23","23","0","0","3","1735521594","2024-12-30T01:19:54+00:00","false","False","","false","false","true","false","Don't buy a planner and never buy yourself a first year baby scrapbook if you're going to be a parent! Guilt fuel for years.","Don't buy a planner and never buy yourself a first year baby scrapbook if you're going to be a parent! Guilt fuel for years.","124","24","","","","false","false","planner | plan","guilt","","guilt_or_shame_signal | mentions_pain_or_friction | mentions_planner_or_system","44","[THREAD_TITLE]
A NEW PLANNER WILL NOT CHANGE YOUR LIFE!

[THREAD_BODY]
It's that time of the year...your tiktok fyp is full of people setting up their bullet journals for the new year, your Instagram is full of ads to buy a hobonichi...but wait! It's a trap!!! Take the $50 Moleskine leather bound weekly 2025 planner out of your cart. Do NOT, under any circumstances, go into any bookstores, office supply stores, or stationary stores for the next 3-5 days. Ignore any and all links you see for the ADHD life-changing organizer, designed for people with ADHD by people with ADHD. Remember that you can try a new system whenever you want, reinvention doesn't have to start on January 1st. They are preying on our lust for new notebooks and the dopamine we get from setting up new systems!!! Don't let them win! Edit: Y'all some of these comments are killing me😂 love you guys. Also! I'm not saying planners = bad!! pls it's just a joke!!! it's more a commentary on how we're suckers for the push for productivity that comes from stores and influencers to get us to buy stuff we might not need. also sometimes u just need a blank notebook/planner to keep you company 😌 (I am guilty of this)

[CURRENT_RECORD]
Don't buy a planner and never buy yourself a first year baby scrapbook if you're going to be a parent! Guilt fuel for years."
"C:\Projects\Web\planner-tdah\research\reddit_data\reddit-adhdwomen-a_new_planner_will_not_change_your_life.json","reddit-adhdwomen-a_new_planner_will_not_change_your_life","1hpa0sk","t3_1hpa0sk","https://www.reddit.com/r/adhdwomen/comments/1hpa0sk/a_new_planner_will_not_change_your_life/","adhdwomen","r/adhdwomen","A NEW PLANNER WILL NOT CHANGE YOUR LIFE!","It's that time of the year...your tiktok fyp is full of people setting up their bullet journals for the new year, your Instagram is full of ads to buy a hobonichi...but wait! It's a trap!!! Take the $50 Moleskine leather bound weekly 2025 planner out of your cart. Do NOT, under any circumstances, go into any bookstores, office supply stores, or stationary stores for the next 3-5 days. Ignore any and all links you see for the ADHD life-changing organizer, designed for people with ADHD by people with ADHD. Remember that you can try a new system whenever you want, reinvention doesn't have to start on January 1st. They are preying on our lust for new notebooks and the dopamine we get from setting up new systems!!! Don't let them win! Edit: Y'all some of these comments are killing me😂 love you guys. Also! I'm not saying planners = bad!! pls it's just a joke!!! it's more a commentary on how we're suckers for the push for productivity that comes from stores and influencers to get us to buy stuff we might not need. also sometimes u just need a blank notebook/planner to keep you company 😌 (I am guilty of this)","General Question/Discussion","1735517699","2024-12-30T00:14:59+00:00","5568","5568","1","818","3e76da9377002588","","reddit-adhdwomen-a_new_planner_will_not_change_your_life:comment:m4gd8kn","comment","m4gd8kn","t1_m4gd8kn","https://www.reddit.com/r/adhdwomen/comments/1hpa0sk/a_new_planner_will_not_change_your_life/m4gd8kn/","/r/adhdwomen/comments/1hpa0sk/a_new_planner_will_not_change_your_life/m4gd8kn/","t1_m4g89r9","comment","m4g89r9","m4g89r9","1","false","m4g89r9 > m4gd8kn","f620cf2b2c5e23c7","","","false","false","","9","9","0","0","1","1735523344","2024-12-30T01:49:04+00:00","false","False","","false","false","true","false","My son is 8 and I still have 5/12 months baby photo frame I thought was sooo cute when he was a baby. 😂","My son is 8 and I still have 5/12 months baby photo frame I thought was sooo cute when he was a baby. 😂","103","24","Don't buy a planner and never buy yourself a first year baby scrapbook if you're going to be a parent! Guilt fuel for years.","Don't buy a planner and never buy yourself a first year baby scrapbook if you're going to be a parent! Guilt fuel for years.","","false","false","","","","","18","[THREAD_TITLE]
A NEW PLANNER WILL NOT CHANGE YOUR LIFE!

[THREAD_BODY]
It's that time of the year...your tiktok fyp is full of people setting up their bullet journals for the new year, your Instagram is full of ads to buy a hobonichi...but wait! It's a trap!!! Take the $50 Moleskine leather bound weekly 2025 planner out of your cart. Do NOT, under any circumstances, go into any bookstores, office supply stores, or stationary stores for the next 3-5 days. Ignore any and all links you see for the ADHD life-changing organizer, designed for people with ADHD by people with ADHD. Remember that you can try a new system whenever you want, reinvention doesn't have to start on January 1st. They are preying on our lust for new notebooks and the dopamine we get from setting up new systems!!! Don't let them win! Edit: Y'all some of these comments are killing me😂 love you guys. Also! I'm not saying planners = bad!! pls it's just a joke!!! it's more a commentary on how we're suckers for the push for productivity that comes from stores and influencers to get us to buy stuff we might not need. also sometimes u just need a blank notebook/planner to keep you company 😌 (I am guilty of this)

[PARENT_COMMENT_CONTEXT]
Don't buy a planner and never buy yourself a first year baby scrapbook if you're going to be a parent! Guilt fuel for years.

[CURRENT_RECORD]
My son is 8 and I still have 5/12 months baby photo frame I thought was sooo cute when he was a baby. 😂"
"C:\Projects\Web\planner-tdah\research\reddit_data\reddit-adhdwomen-a_new_planner_will_not_change_your_life.json","reddit-adhdwomen-a_new_planner_will_not_change_your_life","1hpa0sk","t3_1hpa0sk","https://www.reddit.com/r/adhdwomen/comments/1hpa0sk/a_new_planner_will_not_change_your_life/","adhdwomen","r/adhdwomen","A NEW PLANNER WILL NOT CHANGE YOUR LIFE!","It's that time of the year...your tiktok fyp is full of people setting up their bullet journals for the new year, your Instagram is full of ads to buy a hobonichi...but wait! It's a trap!!! Take the $50 Moleskine leather bound weekly 2025 planner out of your cart. Do NOT, under any circumstances, go into any bookstores, office supply stores, or stationary stores for the next 3-5 days. Ignore any and all links you see for the ADHD life-changing organizer, designed for people with ADHD by people with ADHD. Remember that you can try a new system whenever you want, reinvention doesn't have to start on January 1st. They are preying on our lust for new notebooks and the dopamine we get from setting up new systems!!! Don't let them win! Edit: Y'all some of these comments are killing me😂 love you guys. Also! I'm not saying planners = bad!! pls it's just a joke!!! it's more a commentary on how we're suckers for the push for productivity that comes from stores and influencers to get us to buy stuff we might not need. also sometimes u just need a blank notebook/planner to keep you company 😌 (I am guilty of this)","General Question/Discussion","1735517699","2024-12-30T00:14:59+00:00","5568","5568","1","818","3e76da9377002588","","reddit-adhdwomen-a_new_planner_will_not_change_your_life:comment:m4ijw4h","comment","m4ijw4h","t1_m4ijw4h","https://www.reddit.com/r/adhdwomen/comments/1hpa0sk/a_new_planner_will_not_change_your_life/m4ijw4h/","/r/adhdwomen/comments/1hpa0sk/a_new_planner_will_not_change_your_life/m4ijw4h/","t1_m4g89r9","comment","m4g89r9","m4g89r9","1","false","m4g89r9 > m4ijw4h","","","","false","false","","4","4","0","0","1","1735562642","2024-12-30T12:44:02+00:00","false","False","","false","false","true","false","[excluído]","[excluído]","10","1","Don't buy a planner and never buy yourself a first year baby scrapbook if you're going to be a parent! Guilt fuel for years.","Don't buy a planner and never buy yourself a first year baby scrapbook if you're going to be a parent! Guilt fuel for years.","","false","false","","","","","3","[THREAD_TITLE]
A NEW PLANNER WILL NOT CHANGE YOUR LIFE!

[THREAD_BODY]
It's that time of the year...your tiktok fyp is full of people setting up their bullet journals for the new year, your Instagram is full of ads to buy a hobonichi...but wait! It's a trap!!! Take the $50 Moleskine leather bound weekly 2025 planner out of your cart. Do NOT, under any circumstances, go into any bookstores, office supply stores, or stationary stores for the next 3-5 days. Ignore any and all links you see for the ADHD life-changing organizer, designed for people with ADHD by people with ADHD. Remember that you can try a new system whenever you want, reinvention doesn't have to start on January 1st. They are preying on our lust for new notebooks and the dopamine we get from setting up new systems!!! Don't let them win! Edit: Y'all some of these comments are killing me😂 love you guys. Also! I'm not saying planners = bad!! pls it's just a joke!!! it's more a commentary on how we're suckers for the push for productivity that comes from stores and influencers to get us to buy stuff we might not need. also sometimes u just need a blank notebook/planner to keep you company 😌 (I am guilty of this)

[PARENT_COMMENT_CONTEXT]
Don't buy a planner and never buy yourself a first year baby scrapbook if you're going to be a parent! Guilt fuel for years.

[CURRENT_RECORD]
[excluído]"
"C:\Projects\Web\planner-tdah\research\reddit_data\reddit-adhdwomen-a_new_planner_will_not_change_your_life.json","reddit-adhdwomen-a_new_planner_will_not_change_your_life","1hpa0sk","t3_1hpa0sk","https://www.reddit.com/r/adhdwomen/comments/1hpa0sk/a_new_planner_will_not_change_your_life/","adhdwomen","r/adhdwomen","A NEW PLANNER WILL NOT CHANGE YOUR LIFE!","It's that time of the year...your tiktok fyp is full of people setting up their bullet journals for the new year, your Instagram is full of ads to buy a hobonichi...but wait! It's a trap!!! Take the $50 Moleskine leather bound weekly 2025 planner out of your cart. Do NOT, under any circumstances, go into any bookstores, office supply stores, or stationary stores for the next 3-5 days. Ignore any and all links you see for the ADHD life-changing organizer, designed for people with ADHD by people with ADHD. Remember that you can try a new system whenever you want, reinvention doesn't have to start on January 1st. They are preying on our lust for new notebooks and the dopamine we get from setting up new systems!!! Don't let them win! Edit: Y'all some of these comments are killing me😂 love you guys. Also! I'm not saying planners = bad!! pls it's just a joke!!! it's more a commentary on how we're suckers for the push for productivity that comes from stores and influencers to get us to buy stuff we might not need. also sometimes u just need a blank notebook/planner to keep you company 😌 (I am guilty of this)","General Question/Discussion","1735517699","2024-12-30T00:14:59+00:00","5568","5568","1","818","3e76da9377002588","","reddit-adhdwomen-a_new_planner_will_not_change_your_life:comment:m4g3dpa","comment","m4g3dpa","t1_m4g3dpa","https://www.reddit.com/r/adhdwomen/comments/1hpa0sk/a_new_planner_will_not_change_your_life/m4g3dpa/","/r/adhdwomen/comments/1hpa0sk/a_new_planner_will_not_change_your_life/m4g3dpa/","t3_1hpa0sk","post","","m4g3dpa","0","true","m4g3dpa","74b8ac2f5aa9d780","","","false","false","","20","20","0","0","0","1735519871","2024-12-30T00:51:11+00:00","false","False","","false","false","true","false","I thought a perk of adhd was all the cute planners we get to buy? 🤣","I thought a perk of adhd was all the cute planners we get to buy? 🤣","67","16","","","","true","false","planner | planners | plan","adhd","","contains_question | mentions_pain_or_friction | mentions_planner_or_system","27","[THREAD_TITLE]
A NEW PLANNER WILL NOT CHANGE YOUR LIFE!

[THREAD_BODY]
It's that time of the year...your tiktok fyp is full of people setting up their bullet journals for the new year, your Instagram is full of ads to buy a hobonichi...but wait! It's a trap!!! Take the $50 Moleskine leather bound weekly 2025 planner out of your cart. Do NOT, under any circumstances, go into any bookstores, office supply stores, or stationary stores for the next 3-5 days. Ignore any and all links you see for the ADHD life-changing organizer, designed for people with ADHD by people with ADHD. Remember that you can try a new system whenever you want, reinvention doesn't have to start on January 1st. They are preying on our lust for new notebooks and the dopamine we get from setting up new systems!!! Don't let them win! Edit: Y'all some of these comments are killing me😂 love you guys. Also! I'm not saying planners = bad!! pls it's just a joke!!! it's more a commentary on how we're suckers for the push for productivity that comes from stores and influencers to get us to buy stuff we might not need. also sometimes u just need a blank notebook/planner to keep you company 😌 (I am guilty of this)

[CURRENT_RECORD]
I thought a perk of adhd was all the cute planners we get to buy? 🤣"
"C:\Projects\Web\planner-tdah\research\reddit_data\reddit-adhdwomen-a_new_planner_will_not_change_your_life.json","reddit-adhdwomen-a_new_planner_will_not_change_your_life","1hpa0sk","t3_1hpa0sk","https://www.reddit.com/r/adhdwomen/comments/1hpa0sk/a_new_planner_will_not_change_your_life/","adhdwomen","r/adhdwomen","A NEW PLANNER WILL NOT CHANGE YOUR LIFE!","It's that time of the year...your tiktok fyp is full of people setting up their bullet journals for the new year, your Instagram is full of ads to buy a hobonichi...but wait! It's a trap!!! Take the $50 Moleskine leather bound weekly 2025 planner out of your cart. Do NOT, under any circumstances, go into any bookstores, office supply stores, or stationary stores for the next 3-5 days. Ignore any and all links you see for the ADHD life-changing organizer, designed for people with ADHD by people with ADHD. Remember that you can try a new system whenever you want, reinvention doesn't have to start on January 1st. They are preying on our lust for new notebooks and the dopamine we get from setting up new systems!!! Don't let them win! Edit: Y'all some of these comments are killing me😂 love you guys. Also! I'm not saying planners = bad!! pls it's just a joke!!! it's more a commentary on how we're suckers for the push for productivity that comes from stores and influencers to get us to buy stuff we might not need. also sometimes u just need a blank notebook/planner to keep you company 😌 (I am guilty of this)","General Question/Discussion","1735517699","2024-12-30T00:14:59+00:00","5568","5568","1","818","3e76da9377002588","","reddit-adhdwomen-a_new_planner_will_not_change_your_life:comment:m4gczh6","comment","m4gczh6","t1_m4gczh6","https://www.reddit.com/r/adhdwomen/comments/1hpa0sk/a_new_planner_will_not_change_your_life/m4gczh6/","/r/adhdwomen/comments/1hpa0sk/a_new_planner_will_not_change_your_life/m4gczh6/","t3_1hpa0sk","post","","m4gczh6","0","true","m4gczh6","00a6aceae41ed78e","","","false","false","","19","19","0","0","1","1735523254","2024-12-30T01:47:34+00:00","false","False","","false","false","true","false","I agree buuuuut - - it can change how you LOOK BACK on your life! ✨✨ I decided to create MY OWN CUSTOM journal/planner. 📒 Surprisingly less work than I thought, but definitely an ongoing obsession... I realised my stupid brain doesn't remember the GOOD/FUNNY things that happen - like the feelings yes, but not the good memories on its own/reliably/unprompted by someone's specific story. But I DEFINITELY REMEMBER THE SHIT TIMES. All of them. Wtf. It's not fair 😭 I thought it was just my anxiety blocking it all out but, now that I'm on ADHD meds I can confirm it's just my brain not thinking that is EVER a priority. Like, now it's just idle old error reports.. But with no crushing urgency/guilt/shame and a lot more upbeat. 🤣 I will say, the Planner part definitely makes me feel - TEMPORARILY - more organised for my week. 😆 I print out enough pages for a month or two, so that if anything isn't working for me/novelty has worn off, I can change it on my computer and print new Designs. I stick these in a blank dotted journal, usually with space around to write any extra thoughts in. Been using mine like this for about 5+ months so far - not beating myself up over it if I don't use it everyday, but making sure I check back in with it a couple of times a week. -- STATIONERY -- - Stickers - Washi tape - Grey/neon Gel Pens + pencil - A5 ish dotted blank journal (not too many pages - being able to complete a book/a thing more frequently feels great) - Mini Thermal Bluetooth printer. (all my fav phone photos /screenshots for the week) -- CUSTOM PAGES -- - Monthly overview - Weekly Hobonichi style x5 - Monthly review sections: Physical / PMS Vent / Saving For / Wants / Needs - Photo dump page. Also trying to think of other fun things to track... Eg. I'm in customer service so CRAZY OF THE MONTH would be hilarious to look back on. 😜 Its made me excited about looking back on it in future to see what hilarious crap me and my friends have gotten up to 😆","I agree buuuuut - - it can change how you LOOK BACK on your life! ✨✨ I decided to create MY OWN CUSTOM journal/planner. 📒 Surprisingly less work than I thought, but definitely an ongoing obsession... I realised my stupid brain doesn't remember the GOOD/FUNNY things that happen -…","1968","373","","","","false","true","planner | plan | journal | app | weekly | monthly","adhd | anxiety | guilt | shame | time | novelty","print | weekly | monthly | change | custom | review | overview","guilt_or_shame_signal | long_form_comment | mentions_feature_or_solution | mentions_pain_or_friction | mentions_planner_or_system | mentions_working_solution_or_recommendation | novelty_or_format_change_signal","100","[THREAD_TITLE]
A NEW PLANNER WILL NOT CHANGE YOUR LIFE!

[THREAD_BODY]
It's that time of the year...your tiktok fyp is full of people setting up their bullet journals for the new year, your Instagram is full of ads to buy a hobonichi...but wait! It's a trap!!! Take the $50 Moleskine leather bound weekly 2025 planner out of your cart. Do NOT, under any circumstances, go into any bookstores, office supply stores, or stationary stores for the next 3-5 days. Ignore any and all links you see for the ADHD life-changing organizer, designed for people with ADHD by people with ADHD. Remember that you can try a new system whenever you want, reinvention doesn't have to start on January 1st. They are preying on our lust for new notebooks and the dopamine we get from setting up new systems!!! Don't let them win! Edit: Y'all some of these comments are killing me😂 love you guys. Also! I'm not saying planners = bad!! pls it's just a joke!!! it's more a commentary on how we're suckers for the push for productivity that comes from stores and influencers to get us to buy stuff we might not need. also sometimes u just need a blank notebook/planner to keep you company 😌 (I am guilty of this)

[CURRENT_RECORD]
I agree buuuuut - - it can change how you LOOK BACK on your life! ✨✨ I decided to create MY OWN CUSTOM journal/planner. 📒 Surprisingly less work than I thought, but definitely an ongoing obsession... I realised my stupid brain doesn't remember the GOOD/FUNNY things that happen - like the feelings yes, but not the good memories on its own/reliably/unprompted by someone's specific story. But I DEFINITELY REMEMBER THE SHIT TIMES. All of them. Wtf. It's not fair 😭 I thought it was just my anxiety blocking it all out but, now that I'm on ADHD meds I can confirm it's just my brain not thinking that is EVER a priority. Like, now it's just idle old error reports.. But with no crushing urgency/guilt/shame and a lot more upbeat. 🤣 I will say, the Planner part definitely makes me feel - TEMPORARILY - more organised for my week. 😆 I print out enough pages for a month or two, so that if anything isn't working for me/novelty has worn off, I can change it on my computer and print new Designs. I stick these in a blank dotted journal, usually with space around to write any extra thoughts in. Been using mine like this for about 5+ months so far - not beating myself up over it if I don't use it everyday, but making sure I check back in with it a couple of times a week. -- STATIONERY -- - Stickers - Washi tape - Grey/neon Gel Pens + pencil - A5 ish dotted blank journal (not too many pages - being able to complete a book/a thing more frequently feels great) - Mini Thermal Bluetooth printer. (all my fav phone photos /screenshots for the week) -- CUSTOM PAGES -- - Monthly overview - Weekly Hobonichi style x5 - Monthly review sections: Physical / PMS Vent / Saving For / Wants / Needs - Photo dump page. Also trying to think of other fun things to track... Eg. I'm in customer service so CRAZY OF THE MONTH would be hilarious to look back on. 😜 Its made me excited about looking back on it in future to see what hilarious crap me and my friends have gotten up to 😆"
"C:\Projects\Web\planner-tdah\research\reddit_data\reddit-adhdwomen-a_new_planner_will_not_change_your_life.json","reddit-adhdwomen-a_new_planner_will_not_change_your_life","1hpa0sk","t3_1hpa0sk","https://www.reddit.com/r/adhdwomen/comments/1hpa0sk/a_new_planner_will_not_change_your_life/","adhdwomen","r/adhdwomen","A NEW PLANNER WILL NOT CHANGE YOUR LIFE!","It's that time of the year...your tiktok fyp is full of people setting up their bullet journals for the new year, your Instagram is full of ads to buy a hobonichi...but wait! It's a trap!!! Take the $50 Moleskine leather bound weekly 2025 planner out of your cart. Do NOT, under any circumstances, go into any bookstores, office supply stores, or stationary stores for the next 3-5 days. Ignore any and all links you see for the ADHD life-changing organizer, designed for people with ADHD by people with ADHD. Remember that you can try a new system whenever you want, reinvention doesn't have to start on January 1st. They are preying on our lust for new notebooks and the dopamine we get from setting up new systems!!! Don't let them win! Edit: Y'all some of these comments are killing me😂 love you guys. Also! I'm not saying planners = bad!! pls it's just a joke!!! it's more a commentary on how we're suckers for the push for productivity that comes from stores and influencers to get us to buy stuff we might not need. also sometimes u just need a blank notebook/planner to keep you company 😌 (I am guilty of this)","General Question/Discussion","1735517699","2024-12-30T00:14:59+00:00","5568","5568","1","818","3e76da9377002588","","reddit-adhdwomen-a_new_planner_will_not_change_your_life:comment:m4fzi9b","comment","m4fzi9b","t1_m4fzi9b","https://www.reddit.com/r/adhdwomen/comments/1hpa0sk/a_new_planner_will_not_change_your_life/m4fzi9b/","/r/adhdwomen/comments/1hpa0sk/a_new_planner_will_not_change_your_life/m4fzi9b/","t3_1hpa0sk","post","","m4fzi9b","0","true","m4fzi9b","","","","false","false","","39","39","0","0","1","1735518555","2024-12-30T00:29:15+00:00","false","False","","false","false","true","false","Too late! Despite my track record with planners, 2025 is gonna be the year and this planner is gonna be the thing (right?). It is pretty lol","Too late! Despite my track record with planners, 2025 is gonna be the year and this planner is gonna be the thing (right?). It is pretty lol","140","27","","","","true","false","planner | planners | plan","","","contains_question | mentions_planner_or_system","35","[THREAD_TITLE]
A NEW PLANNER WILL NOT CHANGE YOUR LIFE!

[THREAD_BODY]
It's that time of the year...your tiktok fyp is full of people setting up their bullet journals for the new year, your Instagram is full of ads to buy a hobonichi...but wait! It's a trap!!! Take the $50 Moleskine leather bound weekly 2025 planner out of your cart. Do NOT, under any circumstances, go into any bookstores, office supply stores, or stationary stores for the next 3-5 days. Ignore any and all links you see for the ADHD life-changing organizer, designed for people with ADHD by people with ADHD. Remember that you can try a new system whenever you want, reinvention doesn't have to start on January 1st. They are preying on our lust for new notebooks and the dopamine we get from setting up new systems!!! Don't let them win! Edit: Y'all some of these comments are killing me😂 love you guys. Also! I'm not saying planners = bad!! pls it's just a joke!!! it's more a commentary on how we're suckers for the push for productivity that comes from stores and influencers to get us to buy stuff we might not need. also sometimes u just need a blank notebook/planner to keep you company 😌 (I am guilty of this)

[CURRENT_RECORD]
Too late! Despite my track record with planners, 2025 is gonna be the year and this planner is gonna be the thing (right?). It is pretty lol"
"C:\Projects\Web\planner-tdah\research\reddit_data\reddit-adhdwomen-a_new_planner_will_not_change_your_life.json","reddit-adhdwomen-a_new_planner_will_not_change_your_life","1hpa0sk","t3_1hpa0sk","https://www.reddit.com/r/adhdwomen/comments/1hpa0sk/a_new_planner_will_not_change_your_life/","adhdwomen","r/adhdwomen","A NEW PLANNER WILL NOT CHANGE YOUR LIFE!","It's that time of the year...your tiktok fyp is full of people setting up their bullet journals for the new year, your Instagram is full of ads to buy a hobonichi...but wait! It's a trap!!! Take the $50 Moleskine leather bound weekly 2025 planner out of your cart. Do NOT, under any circumstances, go into any bookstores, office supply stores, or stationary stores for the next 3-5 days. Ignore any and all links you see for the ADHD life-changing organizer, designed for people with ADHD by people with ADHD. Remember that you can try a new system whenever you want, reinvention doesn't have to start on January 1st. They are preying on our lust for new notebooks and the dopamine we get from setting up new systems!!! Don't let them win! Edit: Y'all some of these comments are killing me😂 love you guys. Also! I'm not saying planners = bad!! pls it's just a joke!!! it's more a commentary on how we're suckers for the push for productivity that comes from stores and influencers to get us to buy stuff we might not need. also sometimes u just need a blank notebook/planner to keep you company 😌 (I am guilty of this)","General Question/Discussion","1735517699","2024-12-30T00:14:59+00:00","5568","5568","1","818","3e76da9377002588","","reddit-adhdwomen-a_new_planner_will_not_change_your_life:comment:m4g1me6","comment","m4g1me6","t1_m4g1me6","https://www.reddit.com/r/adhdwomen/comments/1hpa0sk/a_new_planner_will_not_change_your_life/m4g1me6/","/r/adhdwomen/comments/1hpa0sk/a_new_planner_will_not_change_your_life/m4g1me6/","t1_m4fzi9b","comment","m4fzi9b","m4fzi9b","1","false","m4fzi9b > m4g1me6","162d662d4eb0c0a5","","","false","false","","19","19","0","0","1","1735519271","2024-12-30T00:41:11+00:00","false","False","","false","false","true","false","I'm about to throw away my gorgeous 2024 unused planner, but this comment has convinced me that all I need is to buy a NEW one for 2025!! 🫡","I'm about to throw away my gorgeous 2024 unused planner, but this comment has convinced me that all I need is to buy a NEW one for 2025!! 🫡","139","29","Too late! Despite my track record with planners, 2025 is gonna be the year and this planner is gonna be the thing (right?). It is pretty lol","Too late! Despite my track record with planners, 2025 is gonna be the year and this planner is gonna be the thing (right?). It is pretty lol","","false","false","planner | plan","","","mentions_planner_or_system | novelty_or_format_change_signal","26","[THREAD_TITLE]
A NEW PLANNER WILL NOT CHANGE YOUR LIFE!

[THREAD_BODY]
It's that time of the year...your tiktok fyp is full of people setting up their bullet journals for the new year, your Instagram is full of ads to buy a hobonichi...but wait! It's a trap!!! Take the $50 Moleskine leather bound weekly 2025 planner out of your cart. Do NOT, under any circumstances, go into any bookstores, office supply stores, or stationary stores for the next 3-5 days. Ignore any and all links you see for the ADHD life-changing organizer, designed for people with ADHD by people with ADHD. Remember that you can try a new system whenever you want, reinvention doesn't have to start on January 1st. They are preying on our lust for new notebooks and the dopamine we get from setting up new systems!!! Don't let them win! Edit: Y'all some of these comments are killing me😂 love you guys. Also! I'm not saying planners = bad!! pls it's just a joke!!! it's more a commentary on how we're suckers for the push for productivity that comes from stores and influencers to get us to buy stuff we might not need. also sometimes u just need a blank notebook/planner to keep you company 😌 (I am guilty of this)

[PARENT_COMMENT_CONTEXT]
Too late! Despite my track record with planners, 2025 is gonna be the year and this planner is gonna be the thing (right?). It is pretty lol

[CURRENT_RECORD]
I'm about to throw away my gorgeous 2024 unused planner, but this comment has convinced me that all I need is to buy a NEW one for 2025!! 🫡"
"C:\Projects\Web\planner-tdah\research\reddit_data\reddit-adhdwomen-a_new_planner_will_not_change_your_life.json","reddit-adhdwomen-a_new_planner_will_not_change_your_life","1hpa0sk","t3_1hpa0sk","https://www.reddit.com/r/adhdwomen/comments/1hpa0sk/a_new_planner_will_not_change_your_life/","adhdwomen","r/adhdwomen","A NEW PLANNER WILL NOT CHANGE YOUR LIFE!","It's that time of the year...your tiktok fyp is full of people setting up their bullet journals for the new year, your Instagram is full of ads to buy a hobonichi...but wait! It's a trap!!! Take the $50 Moleskine leather bound weekly 2025 planner out of your cart. Do NOT, under any circumstances, go into any bookstores, office supply stores, or stationary stores for the next 3-5 days. Ignore any and all links you see for the ADHD life-changing organizer, designed for people with ADHD by people with ADHD. Remember that you can try a new system whenever you want, reinvention doesn't have to start on January 1st. They are preying on our lust for new notebooks and the dopamine we get from setting up new systems!!! Don't let them win! Edit: Y'all some of these comments are killing me😂 love you guys. Also! I'm not saying planners = bad!! pls it's just a joke!!! it's more a commentary on how we're suckers for the push for productivity that comes from stores and influencers to get us to buy stuff we might not need. also sometimes u just need a blank notebook/planner to keep you company 😌 (I am guilty of this)","General Question/Discussion","1735517699","2024-12-30T00:14:59+00:00","5568","5568","1","818","3e76da9377002588","","reddit-adhdwomen-a_new_planner_will_not_change_your_life:comment:m4g1l9u","comment","m4g1l9u","t1_m4g1l9u","https://www.reddit.com/r/adhdwomen/comments/1hpa0sk/a_new_planner_will_not_change_your_life/m4g1l9u/","/r/adhdwomen/comments/1hpa0sk/a_new_planner_will_not_change_your_life/m4g1l9u/","t3_1hpa0sk","post","","m4g1l9u","0","true","m4g1l9u","0e7114634d31dee4","","","false","false","","15","15","0","0","0","1735519261","2024-12-30T00:41:01+00:00","false","False","","false","false","true","false","Girl where were you yesterday 🥲 But seriously I bled to get into the planner habit if I let it go now I’ll lose it forever 😂","Girl where were you yesterday 🥲 But seriously I bled to get into the planner habit if I let it go now I’ll lose it forever 😂","124","27","","","","false","false","planner | plan","","","mentions_planner_or_system","23","[THREAD_TITLE]
A NEW PLANNER WILL NOT CHANGE YOUR LIFE!

[THREAD_BODY]
It's that time of the year...your tiktok fyp is full of people setting up their bullet journals for the new year, your Instagram is full of ads to buy a hobonichi...but wait! It's a trap!!! Take the $50 Moleskine leather bound weekly 2025 planner out of your cart. Do NOT, under any circumstances, go into any bookstores, office supply stores, or stationary stores for the next 3-5 days. Ignore any and all links you see for the ADHD life-changing organizer, designed for people with ADHD by people with ADHD. Remember that you can try a new system whenever you want, reinvention doesn't have to start on January 1st. They are preying on our lust for new notebooks and the dopamine we get from setting up new systems!!! Don't let them win! Edit: Y'all some of these comments are killing me😂 love you guys. Also! I'm not saying planners = bad!! pls it's just a joke!!! it's more a commentary on how we're suckers for the push for productivity that comes from stores and influencers to get us to buy stuff we might not need. also sometimes u just need a blank notebook/planner to keep you company 😌 (I am guilty of this)

[CURRENT_RECORD]
Girl where were you yesterday 🥲 But seriously I bled to get into the planner habit if I let it go now I’ll lose it forever 😂"
"C:\Projects\Web\planner-tdah\research\reddit_data\reddit-adhdwomen-a_new_planner_will_not_change_your_life.json","reddit-adhdwomen-a_new_planner_will_not_change_your_life","1hpa0sk","t3_1hpa0sk","https://www.reddit.com/r/adhdwomen/comments/1hpa0sk/a_new_planner_will_not_change_your_life/","adhdwomen","r/adhdwomen","A NEW PLANNER WILL NOT CHANGE YOUR LIFE!","It's that time of the year...your tiktok fyp is full of people setting up their bullet journals for the new year, your Instagram is full of ads to buy a hobonichi...but wait! It's a trap!!! Take the $50 Moleskine leather bound weekly 2025 planner out of your cart. Do NOT, under any circumstances, go into any bookstores, office supply stores, or stationary stores for the next 3-5 days. Ignore any and all links you see for the ADHD life-changing organizer, designed for people with ADHD by people with ADHD. Remember that you can try a new system whenever you want, reinvention doesn't have to start on January 1st. They are preying on our lust for new notebooks and the dopamine we get from setting up new systems!!! Don't let them win! Edit: Y'all some of these comments are killing me😂 love you guys. Also! I'm not saying planners = bad!! pls it's just a joke!!! it's more a commentary on how we're suckers for the push for productivity that comes from stores and influencers to get us to buy stuff we might not need. also sometimes u just need a blank notebook/planner to keep you company 😌 (I am guilty of this)","General Question/Discussion","1735517699","2024-12-30T00:14:59+00:00","5568","5568","1","818","3e76da9377002588","","reddit-adhdwomen-a_new_planner_will_not_change_your_life:comment:m4g4s1k","comment","m4g4s1k","t1_m4g4s1k","https://www.reddit.com/r/adhdwomen/comments/1hpa0sk/a_new_planner_will_not_change_your_life/m4g4s1k/","/r/adhdwomen/comments/1hpa0sk/a_new_planner_will_not_change_your_life/m4g4s1k/","t3_1hpa0sk","post","","m4g4s1k","0","true","m4g4s1k","bd4a93d32759c8a1","","","false","false","","16","16","0","0","0","1735520357","2024-12-30T00:59:17+00:00","false","False","","false","false","true","false","Pro tip: stop using your planner in mid January and then just save it for next year because you will definitely use it next year on Jan 1 (to 15)","Pro tip: stop using your planner in mid January and then just save it for next year because you will definitely use it next year on Jan 1 (to 15)","145","30","","","","false","false","planner | plan","","","mentions_planner_or_system","23","[THREAD_TITLE]
A NEW PLANNER WILL NOT CHANGE YOUR LIFE!

[THREAD_BODY]
It's that time of the year...your tiktok fyp is full of people setting up their bullet journals for the new year, your Instagram is full of ads to buy a hobonichi...but wait! It's a trap!!! Take the $50 Moleskine leather bound weekly 2025 planner out of your cart. Do NOT, under any circumstances, go into any bookstores, office supply stores, or stationary stores for the next 3-5 days. Ignore any and all links you see for the ADHD life-changing organizer, designed for people with ADHD by people with ADHD. Remember that you can try a new system whenever you want, reinvention doesn't have to start on January 1st. They are preying on our lust for new notebooks and the dopamine we get from setting up new systems!!! Don't let them win! Edit: Y'all some of these comments are killing me😂 love you guys. Also! I'm not saying planners = bad!! pls it's just a joke!!! it's more a commentary on how we're suckers for the push for productivity that comes from stores and influencers to get us to buy stuff we might not need. also sometimes u just need a blank notebook/planner to keep you company 😌 (I am guilty of this)

[CURRENT_RECORD]
Pro tip: stop using your planner in mid January and then just save it for next year because you will definitely use it next year on Jan 1 (to 15)"
"C:\Projects\Web\planner-tdah\research\reddit_data\reddit-adhdwomen-a_new_planner_will_not_change_your_life.json","reddit-adhdwomen-a_new_planner_will_not_change_your_life","1hpa0sk","t3_1hpa0sk","https://www.reddit.com/r/adhdwomen/comments/1hpa0sk/a_new_planner_will_not_change_your_life/","adhdwomen","r/adhdwomen","A NEW PLANNER WILL NOT CHANGE YOUR LIFE!","It's that time of the year...your tiktok fyp is full of people setting up their bullet journals for the new year, your Instagram is full of ads to buy a hobonichi...but wait! It's a trap!!! Take the $50 Moleskine leather bound weekly 2025 planner out of your cart. Do NOT, under any circumstances, go into any bookstores, office supply stores, or stationary stores for the next 3-5 days. Ignore any and all links you see for the ADHD life-changing organizer, designed for people with ADHD by people with ADHD. Remember that you can try a new system whenever you want, reinvention doesn't have to start on January 1st. They are preying on our lust for new notebooks and the dopamine we get from setting up new systems!!! Don't let them win! Edit: Y'all some of these comments are killing me😂 love you guys. Also! I'm not saying planners = bad!! pls it's just a joke!!! it's more a commentary on how we're suckers for the push for productivity that comes from stores and influencers to get us to buy stuff we might not need. also sometimes u just need a blank notebook/planner to keep you company 😌 (I am guilty of this)","General Question/Discussion","1735517699","2024-12-30T00:14:59+00:00","5568","5568","1","818","3e76da9377002588","","reddit-adhdwomen-a_new_planner_will_not_change_your_life:comment:m4g6wp9","comment","m4g6wp9","t1_m4g6wp9","https://www.reddit.com/r/adhdwomen/comments/1hpa0sk/a_new_planner_will_not_change_your_life/m4g6wp9/","/r/adhdwomen/comments/1hpa0sk/a_new_planner_will_not_change_your_life/m4g6wp9/","t3_1hpa0sk","post","","m4g6wp9","0","true","m4g6wp9","","","","false","false","","13","13","0","0","1","1735521110","2024-12-30T01:11:50+00:00","1735521338","1735521338","2024-12-30T01:15:38+00:00","false","false","true","false","[excluído]","[excluído]","10","1","","","","false","false","","","","","8","[THREAD_TITLE]
A NEW PLANNER WILL NOT CHANGE YOUR LIFE!

[THREAD_BODY]
It's that time of the year...your tiktok fyp is full of people setting up their bullet journals for the new year, your Instagram is full of ads to buy a hobonichi...but wait! It's a trap!!! Take the $50 Moleskine leather bound weekly 2025 planner out of your cart. Do NOT, under any circumstances, go into any bookstores, office supply stores, or stationary stores for the next 3-5 days. Ignore any and all links you see for the ADHD life-changing organizer, designed for people with ADHD by people with ADHD. Remember that you can try a new system whenever you want, reinvention doesn't have to start on January 1st. They are preying on our lust for new notebooks and the dopamine we get from setting up new systems!!! Don't let them win! Edit: Y'all some of these comments are killing me😂 love you guys. Also! I'm not saying planners = bad!! pls it's just a joke!!! it's more a commentary on how we're suckers for the push for productivity that comes from stores and influencers to get us to buy stuff we might not need. also sometimes u just need a blank notebook/planner to keep you company 😌 (I am guilty of this)

[CURRENT_RECORD]
[excluído]"
"C:\Projects\Web\planner-tdah\research\reddit_data\reddit-adhdwomen-a_new_planner_will_not_change_your_life.json","reddit-adhdwomen-a_new_planner_will_not_change_your_life","1hpa0sk","t3_1hpa0sk","https://www.reddit.com/r/adhdwomen/comments/1hpa0sk/a_new_planner_will_not_change_your_life/","adhdwomen","r/adhdwomen","A NEW PLANNER WILL NOT CHANGE YOUR LIFE!","It's that time of the year...your tiktok fyp is full of people setting up their bullet journals for the new year, your Instagram is full of ads to buy a hobonichi...but wait! It's a trap!!! Take the $50 Moleskine leather bound weekly 2025 planner out of your cart. Do NOT, under any circumstances, go into any bookstores, office supply stores, or stationary stores for the next 3-5 days. Ignore any and all links you see for the ADHD life-changing organizer, designed for people with ADHD by people with ADHD. Remember that you can try a new system whenever you want, reinvention doesn't have to start on January 1st. They are preying on our lust for new notebooks and the dopamine we get from setting up new systems!!! Don't let them win! Edit: Y'all some of these comments are killing me😂 love you guys. Also! I'm not saying planners = bad!! pls it's just a joke!!! it's more a commentary on how we're suckers for the push for productivity that comes from stores and influencers to get us to buy stuff we might not need. also sometimes u just need a blank notebook/planner to keep you company 😌 (I am guilty of this)","General Question/Discussion","1735517699","2024-12-30T00:14:59+00:00","5568","5568","1","818","3e76da9377002588","","reddit-adhdwomen-a_new_planner_will_not_change_your_life:comment:m4g2sal","comment","m4g2sal","t1_m4g2sal","https://www.reddit.com/r/adhdwomen/comments/1hpa0sk/a_new_planner_will_not_change_your_life/m4g2sal/","/r/adhdwomen/comments/1hpa0sk/a_new_planner_will_not_change_your_life/m4g2sal/","t3_1hpa0sk","post","","m4g2sal","0","true","m4g2sal","","","","false","false","","13","13","0","0","0","1735519669","2024-12-30T00:47:49+00:00","false","False","","false","false","true","false","I'm pretty sure it will tho. I got it with my new totes. I'm going to be the most organized person ever!","I'm pretty sure it will tho. I got it with my new totes. I'm going to be the most organized person ever!","104","22","","","","false","false","organize","","","mentions_planner_or_system","19","[THREAD_TITLE]
A NEW PLANNER WILL NOT CHANGE YOUR LIFE!

[THREAD_BODY]
It's that time of the year...your tiktok fyp is full of people setting up their bullet journals for the new year, your Instagram is full of ads to buy a hobonichi...but wait! It's a trap!!! Take the $50 Moleskine leather bound weekly 2025 planner out of your cart. Do NOT, under any circumstances, go into any bookstores, office supply stores, or stationary stores for the next 3-5 days. Ignore any and all links you see for the ADHD life-changing organizer, designed for people with ADHD by people with ADHD. Remember that you can try a new system whenever you want, reinvention doesn't have to start on January 1st. They are preying on our lust for new notebooks and the dopamine we get from setting up new systems!!! Don't let them win! Edit: Y'all some of these comments are killing me😂 love you guys. Also! I'm not saying planners = bad!! pls it's just a joke!!! it's more a commentary on how we're suckers for the push for productivity that comes from stores and influencers to get us to buy stuff we might not need. also sometimes u just need a blank notebook/planner to keep you company 😌 (I am guilty of this)

[CURRENT_RECORD]
I'm pretty sure it will tho. I got it with my new totes. I'm going to be the most organized person ever!"
"C:\Projects\Web\planner-tdah\research\reddit_data\reddit-adhdwomen-a_new_planner_will_not_change_your_life.json","reddit-adhdwomen-a_new_planner_will_not_change_your_life","1hpa0sk","t3_1hpa0sk","https://www.reddit.com/r/adhdwomen/comments/1hpa0sk/a_new_planner_will_not_change_your_life/","adhdwomen","r/adhdwomen","A NEW PLANNER WILL NOT CHANGE YOUR LIFE!","It's that time of the year...your tiktok fyp is full of people setting up their bullet journals for the new year, your Instagram is full of ads to buy a hobonichi...but wait! It's a trap!!! Take the $50 Moleskine leather bound weekly 2025 planner out of your cart. Do NOT, under any circumstances, go into any bookstores, office supply stores, or stationary stores for the next 3-5 days. Ignore any and all links you see for the ADHD life-changing organizer, designed for people with ADHD by people with ADHD. Remember that you can try a new system whenever you want, reinvention doesn't have to start on January 1st. They are preying on our lust for new notebooks and the dopamine we get from setting up new systems!!! Don't let them win! Edit: Y'all some of these comments are killing me😂 love you guys. Also! I'm not saying planners = bad!! pls it's just a joke!!! it's more a commentary on how we're suckers for the push for productivity that comes from stores and influencers to get us to buy stuff we might not need. also sometimes u just need a blank notebook/planner to keep you company 😌 (I am guilty of this)","General Question/Discussion","1735517699","2024-12-30T00:14:59+00:00","5568","5568","1","818","3e76da9377002588","","reddit-adhdwomen-a_new_planner_will_not_change_your_life:comment:m4fz98t","comment","m4fz98t","t1_m4fz98t","https://www.reddit.com/r/adhdwomen/comments/1hpa0sk/a_new_planner_will_not_change_your_life/m4fz98t/","/r/adhdwomen/comments/1hpa0sk/a_new_planner_will_not_change_your_life/m4fz98t/","t3_1hpa0sk","post","","m4fz98t","0","true","m4fz98t","c6a743e7332a1c29","","","false","false","","13","13","0","0","0","1735518474","2024-12-30T00:27:54+00:00","false","False","","false","false","true","false","Ha, the ads are out of control! WHY are there so many apps for this","Ha, the ads are out of control! WHY are there so many apps for this","67","15","","","","false","false","app","","","mentions_planner_or_system","9","[THREAD_TITLE]
A NEW PLANNER WILL NOT CHANGE YOUR LIFE!

[THREAD_BODY]
It's that time of the year...your tiktok fyp is full of people setting up their bullet journals for the new year, your Instagram is full of ads to buy a hobonichi...but wait! It's a trap!!! Take the $50 Moleskine leather bound weekly 2025 planner out of your cart. Do NOT, under any circumstances, go into any bookstores, office supply stores, or stationary stores for the next 3-5 days. Ignore any and all links you see for the ADHD life-changing organizer, designed for people with ADHD by people with ADHD. Remember that you can try a new system whenever you want, reinvention doesn't have to start on January 1st. They are preying on our lust for new notebooks and the dopamine we get from setting up new systems!!! Don't let them win! Edit: Y'all some of these comments are killing me😂 love you guys. Also! I'm not saying planners = bad!! pls it's just a joke!!! it's more a commentary on how we're suckers for the push for productivity that comes from stores and influencers to get us to buy stuff we might not need. also sometimes u just need a blank notebook/planner to keep you company 😌 (I am guilty of this)

[CURRENT_RECORD]
Ha, the ads are out of control! WHY are there so many apps for this"
"C:\Projects\Web\planner-tdah\research\reddit_data\reddit-adhdwomen-a_new_planner_will_not_change_your_life.json","reddit-adhdwomen-a_new_planner_will_not_change_your_life","1hpa0sk","t3_1hpa0sk","https://www.reddit.com/r/adhdwomen/comments/1hpa0sk/a_new_planner_will_not_change_your_life/","adhdwomen","r/adhdwomen","A NEW PLANNER WILL NOT CHANGE YOUR LIFE!","It's that time of the year...your tiktok fyp is full of people setting up their bullet journals for the new year, your Instagram is full of ads to buy a hobonichi...but wait! It's a trap!!! Take the $50 Moleskine leather bound weekly 2025 planner out of your cart. Do NOT, under any circumstances, go into any bookstores, office supply stores, or stationary stores for the next 3-5 days. Ignore any and all links you see for the ADHD life-changing organizer, designed for people with ADHD by people with ADHD. Remember that you can try a new system whenever you want, reinvention doesn't have to start on January 1st. They are preying on our lust for new notebooks and the dopamine we get from setting up new systems!!! Don't let them win! Edit: Y'all some of these comments are killing me😂 love you guys. Also! I'm not saying planners = bad!! pls it's just a joke!!! it's more a commentary on how we're suckers for the push for productivity that comes from stores and influencers to get us to buy stuff we might not need. also sometimes u just need a blank notebook/planner to keep you company 😌 (I am guilty of this)","General Question/Discussion","1735517699","2024-12-30T00:14:59+00:00","5568","5568","1","818","3e76da9377002588","","reddit-adhdwomen-a_new_planner_will_not_change_your_life:comment:m4gd0yp","comment","m4gd0yp","t1_m4gd0yp","https://www.reddit.com/r/adhdwomen/comments/1hpa0sk/a_new_planner_will_not_change_your_life/m4gd0yp/","/r/adhdwomen/comments/1hpa0sk/a_new_planner_will_not_change_your_life/m4gd0yp/","t3_1hpa0sk","post","","m4gd0yp","0","true","m4gd0yp","a5294eb281bd2a16","","","false","false","","12","12","0","0","0","1735523269","2024-12-30T01:47:49+00:00","false","False","","false","false","true","false","Hahahahaha I thought I was on /r/BulletJournal for a second and got VERY confused at all the updoots.","Hahahahaha I thought I was on /r/BulletJournal for a second and got VERY confused at all the updoots.","101","18","","","","false","false","journal","","","mentions_planner_or_system","9","[THREAD_TITLE]
A NEW PLANNER WILL NOT CHANGE YOUR LIFE!

[THREAD_BODY]
It's that time of the year...your tiktok fyp is full of people setting up their bullet journals for the new year, your Instagram is full of ads to buy a hobonichi...but wait! It's a trap!!! Take the $50 Moleskine leather bound weekly 2025 planner out of your cart. Do NOT, under any circumstances, go into any bookstores, office supply stores, or stationary stores for the next 3-5 days. Ignore any and all links you see for the ADHD life-changing organizer, designed for people with ADHD by people with ADHD. Remember that you can try a new system whenever you want, reinvention doesn't have to start on January 1st. They are preying on our lust for new notebooks and the dopamine we get from setting up new systems!!! Don't let them win! Edit: Y'all some of these comments are killing me😂 love you guys. Also! I'm not saying planners = bad!! pls it's just a joke!!! it's more a commentary on how we're suckers for the push for productivity that comes from stores and influencers to get us to buy stuff we might not need. also sometimes u just need a blank notebook/planner to keep you company 😌 (I am guilty of this)

[CURRENT_RECORD]
Hahahahaha I thought I was on /r/BulletJournal for a second and got VERY confused at all the updoots."
"C:\Projects\Web\planner-tdah\research\reddit_data\reddit-adhdwomen-a_new_planner_will_not_change_your_life.json","reddit-adhdwomen-a_new_planner_will_not_change_your_life","1hpa0sk","t3_1hpa0sk","https://www.reddit.com/r/adhdwomen/comments/1hpa0sk/a_new_planner_will_not_change_your_life/","adhdwomen","r/adhdwomen","A NEW PLANNER WILL NOT CHANGE YOUR LIFE!","It's that time of the year...your tiktok fyp is full of people setting up their bullet journals for the new year, your Instagram is full of ads to buy a hobonichi...but wait! It's a trap!!! Take the $50 Moleskine leather bound weekly 2025 planner out of your cart. Do NOT, under any circumstances, go into any bookstores, office supply stores, or stationary stores for the next 3-5 days. Ignore any and all links you see for the ADHD life-changing organizer, designed for people with ADHD by people with ADHD. Remember that you can try a new system whenever you want, reinvention doesn't have to start on January 1st. They are preying on our lust for new notebooks and the dopamine we get from setting up new systems!!! Don't let them win! Edit: Y'all some of these comments are killing me😂 love you guys. Also! I'm not saying planners = bad!! pls it's just a joke!!! it's more a commentary on how we're suckers for the push for productivity that comes from stores and influencers to get us to buy stuff we might not need. also sometimes u just need a blank notebook/planner to keep you company 😌 (I am guilty of this)","General Question/Discussion","1735517699","2024-12-30T00:14:59+00:00","5568","5568","1","818","3e76da9377002588","","reddit-adhdwomen-a_new_planner_will_not_change_your_life:comment:m4g8azh","comment","m4g8azh","t1_m4g8azh","https://www.reddit.com/r/adhdwomen/comments/1hpa0sk/a_new_planner_will_not_change_your_life/m4g8azh/","/r/adhdwomen/comments/1hpa0sk/a_new_planner_will_not_change_your_life/m4g8azh/","t3_1hpa0sk","post","","m4g8azh","0","true","m4g8azh","17e52eecdc3df0fa","","","false","false","","9","9","0","0","1","1735521605","2024-12-30T01:20:05+00:00","false","False","","false","false","true","false","I bought a hobonichi 🫠 I feel ok about it though despite having a graveyard of planners. I don't expect it to change my life and become magically perfectly organized. But I'm hoping the fact that it's small will make it less glaring on days where I don't have much going on. Undated planners didn't help with that aspect, nor did weekly. Trying to view it as more of a logbook than a planner Obv this is not the type of thing you're referring to in your title 😅 but I'm excited to see if I can actually use it in a more relaxed way","I bought a hobonichi 🫠 I feel ok about it though despite having a graveyard of planners. I don't expect it to change my life and become magically perfectly organized. But I'm hoping the fact that it's small will make it less glaring on days where I don't have much going on. Unda…","531","105","","","","false","false","planner | planners | plan | weekly | organize","","weekly | change","long_form_comment | mentions_feature_or_solution | mentions_planner_or_system | novelty_or_format_change_signal","56","[THREAD_TITLE]
A NEW PLANNER WILL NOT CHANGE YOUR LIFE!

[THREAD_BODY]
It's that time of the year...your tiktok fyp is full of people setting up their bullet journals for the new year, your Instagram is full of ads to buy a hobonichi...but wait! It's a trap!!! Take the $50 Moleskine leather bound weekly 2025 planner out of your cart. Do NOT, under any circumstances, go into any bookstores, office supply stores, or stationary stores for the next 3-5 days. Ignore any and all links you see for the ADHD life-changing organizer, designed for people with ADHD by people with ADHD. Remember that you can try a new system whenever you want, reinvention doesn't have to start on January 1st. They are preying on our lust for new notebooks and the dopamine we get from setting up new systems!!! Don't let them win! Edit: Y'all some of these comments are killing me😂 love you guys. Also! I'm not saying planners = bad!! pls it's just a joke!!! it's more a commentary on how we're suckers for the push for productivity that comes from stores and influencers to get us to buy stuff we might not need. also sometimes u just need a blank notebook/planner to keep you company 😌 (I am guilty of this)

[CURRENT_RECORD]
I bought a hobonichi 🫠 I feel ok about it though despite having a graveyard of planners. I don't expect it to change my life and become magically perfectly organized. But I'm hoping the fact that it's small will make it less glaring on days where I don't have much going on. Undated planners didn't help with that aspect, nor did weekly. Trying to view it as more of a logbook than a planner Obv this is not the type of thing you're referring to in your title 😅 but I'm excited to see if I can actually use it in a more relaxed way"
"C:\Projects\Web\planner-tdah\research\reddit_data\reddit-adhdwomen-a_new_planner_will_not_change_your_life.json","reddit-adhdwomen-a_new_planner_will_not_change_your_life","1hpa0sk","t3_1hpa0sk","https://www.reddit.com/r/adhdwomen/comments/1hpa0sk/a_new_planner_will_not_change_your_life/","adhdwomen","r/adhdwomen","A NEW PLANNER WILL NOT CHANGE YOUR LIFE!","It's that time of the year...your tiktok fyp is full of people setting up their bullet journals for the new year, your Instagram is full of ads to buy a hobonichi...but wait! It's a trap!!! Take the $50 Moleskine leather bound weekly 2025 planner out of your cart. Do NOT, under any circumstances, go into any bookstores, office supply stores, or stationary stores for the next 3-5 days. Ignore any and all links you see for the ADHD life-changing organizer, designed for people with ADHD by people with ADHD. Remember that you can try a new system whenever you want, reinvention doesn't have to start on January 1st. They are preying on our lust for new notebooks and the dopamine we get from setting up new systems!!! Don't let them win! Edit: Y'all some of these comments are killing me😂 love you guys. Also! I'm not saying planners = bad!! pls it's just a joke!!! it's more a commentary on how we're suckers for the push for productivity that comes from stores and influencers to get us to buy stuff we might not need. also sometimes u just need a blank notebook/planner to keep you company 😌 (I am guilty of this)","General Question/Discussion","1735517699","2024-12-30T00:14:59+00:00","5568","5568","1","818","3e76da9377002588","","reddit-adhdwomen-a_new_planner_will_not_change_your_life:comment:m4gcfku","comment","m4gcfku","t1_m4gcfku","https://www.reddit.com/r/adhdwomen/comments/1hpa0sk/a_new_planner_will_not_change_your_life/m4gcfku/","/r/adhdwomen/comments/1hpa0sk/a_new_planner_will_not_change_your_life/m4gcfku/","t3_1hpa0sk","post","","m4gcfku","0","true","m4gcfku","a088ec46534e5942","","","false","false","","10","10","0","0","1","1735523060","2024-12-30T01:44:20+00:00","false","False","","false","false","true","false","Actually, finding a planner that had each day as a full page and broken down by the half hour really was a game changer for me. It’s like 2 inches thick but it’s my entire life and covered in stickers and I love it.","Actually, finding a planner that had each day as a full page and broken down by the half hour really was a game changer for me. It’s like 2 inches thick but it’s my entire life and covered in stickers and I love it.","215","44","","","","false","true","planner | plan","","change","mentions_feature_or_solution | mentions_planner_or_system | mentions_working_solution_or_recommendation","38","[THREAD_TITLE]
A NEW PLANNER WILL NOT CHANGE YOUR LIFE!

[THREAD_BODY]
It's that time of the year...your tiktok fyp is full of people setting up their bullet journals for the new year, your Instagram is full of ads to buy a hobonichi...but wait! It's a trap!!! Take the $50 Moleskine leather bound weekly 2025 planner out of your cart. Do NOT, under any circumstances, go into any bookstores, office supply stores, or stationary stores for the next 3-5 days. Ignore any and all links you see for the ADHD life-changing organizer, designed for people with ADHD by people with ADHD. Remember that you can try a new system whenever you want, reinvention doesn't have to start on January 1st. They are preying on our lust for new notebooks and the dopamine we get from setting up new systems!!! Don't let them win! Edit: Y'all some of these comments are killing me😂 love you guys. Also! I'm not saying planners = bad!! pls it's just a joke!!! it's more a commentary on how we're suckers for the push for productivity that comes from stores and influencers to get us to buy stuff we might not need. also sometimes u just need a blank notebook/planner to keep you company 😌 (I am guilty of this)

[CURRENT_RECORD]
Actually, finding a planner that had each day as a full page and broken down by the half hour really was a game changer for me. It’s like 2 inches thick but it’s my entire life and covered in stickers and I love it."
"C:\Projects\Web\planner-tdah\research\reddit_data\reddit-adhdwomen-a_new_planner_will_not_change_your_life.json","reddit-adhdwomen-a_new_planner_will_not_change_your_life","1hpa0sk","t3_1hpa0sk","https://www.reddit.com/r/adhdwomen/comments/1hpa0sk/a_new_planner_will_not_change_your_life/","adhdwomen","r/adhdwomen","A NEW PLANNER WILL NOT CHANGE YOUR LIFE!","It's that time of the year...your tiktok fyp is full of people setting up their bullet journals for the new year, your Instagram is full of ads to buy a hobonichi...but wait! It's a trap!!! Take the $50 Moleskine leather bound weekly 2025 planner out of your cart. Do NOT, under any circumstances, go into any bookstores, office supply stores, or stationary stores for the next 3-5 days. Ignore any and all links you see for the ADHD life-changing organizer, designed for people with ADHD by people with ADHD. Remember that you can try a new system whenever you want, reinvention doesn't have to start on January 1st. They are preying on our lust for new notebooks and the dopamine we get from setting up new systems!!! Don't let them win! Edit: Y'all some of these comments are killing me😂 love you guys. Also! I'm not saying planners = bad!! pls it's just a joke!!! it's more a commentary on how we're suckers for the push for productivity that comes from stores and influencers to get us to buy stuff we might not need. also sometimes u just need a blank notebook/planner to keep you company 😌 (I am guilty of this)","General Question/Discussion","1735517699","2024-12-30T00:14:59+00:00","5568","5568","1","818","3e76da9377002588","","reddit-adhdwomen-a_new_planner_will_not_change_your_life:comment:m4gdp4s","comment","m4gdp4s","t1_m4gdp4s","https://www.reddit.com/r/adhdwomen/comments/1hpa0sk/a_new_planner_will_not_change_your_life/m4gdp4s/","/r/adhdwomen/comments/1hpa0sk/a_new_planner_will_not_change_your_life/m4gdp4s/","t3_1hpa0sk","post","","m4gdp4s","0","true","m4gdp4s","f66cf41830758dc0","","","false","false","","11","11","0","0","0","1735523505","2024-12-30T01:51:45+00:00","false","False","","false","false","true","false","Honestly though, I’ve kept up my bullet journal for like 8 years now, and I find it really helpful, and it got me back into sketching when I had made myself take a break to do grad school.","Honestly though, I’ve kept up my bullet journal for like 8 years now, and I find it really helpful, and it got me back into sketching when I had made myself take a break to do grad school.","188","38","","","","false","false","bullet journal | journal | to do","","","mentions_planner_or_system","27","[THREAD_TITLE]
A NEW PLANNER WILL NOT CHANGE YOUR LIFE!

[THREAD_BODY]
It's that time of the year...your tiktok fyp is full of people setting up their bullet journals for the new year, your Instagram is full of ads to buy a hobonichi...but wait! It's a trap!!! Take the $50 Moleskine leather bound weekly 2025 planner out of your cart. Do NOT, under any circumstances, go into any bookstores, office supply stores, or stationary stores for the next 3-5 days. Ignore any and all links you see for the ADHD life-changing organizer, designed for people with ADHD by people with ADHD. Remember that you can try a new system whenever you want, reinvention doesn't have to start on January 1st. They are preying on our lust for new notebooks and the dopamine we get from setting up new systems!!! Don't let them win! Edit: Y'all some of these comments are killing me😂 love you guys. Also! I'm not saying planners = bad!! pls it's just a joke!!! it's more a commentary on how we're suckers for the push for productivity that comes from stores and influencers to get us to buy stuff we might not need. also sometimes u just need a blank notebook/planner to keep you company 😌 (I am guilty of this)

[CURRENT_RECORD]
Honestly though, I’ve kept up my bullet journal for like 8 years now, and I find it really helpful, and it got me back into sketching when I had made myself take a break to do grad school."
"C:\Projects\Web\planner-tdah\research\reddit_data\reddit-adhdwomen-a_new_planner_will_not_change_your_life.json","reddit-adhdwomen-a_new_planner_will_not_change_your_life","1hpa0sk","t3_1hpa0sk","https://www.reddit.com/r/adhdwomen/comments/1hpa0sk/a_new_planner_will_not_change_your_life/","adhdwomen","r/adhdwomen","A NEW PLANNER WILL NOT CHANGE YOUR LIFE!","It's that time of the year...your tiktok fyp is full of people setting up their bullet journals for the new year, your Instagram is full of ads to buy a hobonichi...but wait! It's a trap!!! Take the $50 Moleskine leather bound weekly 2025 planner out of your cart. Do NOT, under any circumstances, go into any bookstores, office supply stores, or stationary stores for the next 3-5 days. Ignore any and all links you see for the ADHD life-changing organizer, designed for people with ADHD by people with ADHD. Remember that you can try a new system whenever you want, reinvention doesn't have to start on January 1st. They are preying on our lust for new notebooks and the dopamine we get from setting up new systems!!! Don't let them win! Edit: Y'all some of these comments are killing me😂 love you guys. Also! I'm not saying planners = bad!! pls it's just a joke!!! it's more a commentary on how we're suckers for the push for productivity that comes from stores and influencers to get us to buy stuff we might not need. also sometimes u just need a blank notebook/planner to keep you company 😌 (I am guilty of this)","General Question/Discussion","1735517699","2024-12-30T00:14:59+00:00","5568","5568","1","818","3e76da9377002588","","reddit-adhdwomen-a_new_planner_will_not_change_your_life:comment:m4g0qym","comment","m4g0qym","t1_m4g0qym","https://www.reddit.com/r/adhdwomen/comments/1hpa0sk/a_new_planner_will_not_change_your_life/m4g0qym/","/r/adhdwomen/comments/1hpa0sk/a_new_planner_will_not_change_your_life/m4g0qym/","t3_1hpa0sk","post","","m4g0qym","0","true","m4g0qym","e3fc33b475534903","","","false","false","","15","15","0","0","0","1735518975","2024-12-30T00:36:15+00:00","false","False","","false","false","true","false","I got one half off AND it has a pencil/pen holder. I couldnt say no. I only track my daily gratitude, mantra and workouts in it. The rest of my life is still a mess.","I got one half off AND it has a pencil/pen holder. I couldnt say no. I only track my daily gratitude, mantra and workouts in it. The rest of my life is still a mess.","165","35","","","","false","false","daily","","daily","mentions_feature_or_solution | mentions_planner_or_system","23","[THREAD_TITLE]
A NEW PLANNER WILL NOT CHANGE YOUR LIFE!

[THREAD_BODY]
It's that time of the year...your tiktok fyp is full of people setting up their bullet journals for the new year, your Instagram is full of ads to buy a hobonichi...but wait! It's a trap!!! Take the $50 Moleskine leather bound weekly 2025 planner out of your cart. Do NOT, under any circumstances, go into any bookstores, office supply stores, or stationary stores for the next 3-5 days. Ignore any and all links you see for the ADHD life-changing organizer, designed for people with ADHD by people with ADHD. Remember that you can try a new system whenever you want, reinvention doesn't have to start on January 1st. They are preying on our lust for new notebooks and the dopamine we get from setting up new systems!!! Don't let them win! Edit: Y'all some of these comments are killing me😂 love you guys. Also! I'm not saying planners = bad!! pls it's just a joke!!! it's more a commentary on how we're suckers for the push for productivity that comes from stores and influencers to get us to buy stuff we might not need. also sometimes u just need a blank notebook/planner to keep you company 😌 (I am guilty of this)

[CURRENT_RECORD]
I got one half off AND it has a pencil/pen holder. I couldnt say no. I only track my daily gratitude, mantra and workouts in it. The rest of my life is still a mess."
"C:\Projects\Web\planner-tdah\research\reddit_data\reddit-adhdwomen-a_new_planner_will_not_change_your_life.json","reddit-adhdwomen-a_new_planner_will_not_change_your_life","1hpa0sk","t3_1hpa0sk","https://www.reddit.com/r/adhdwomen/comments/1hpa0sk/a_new_planner_will_not_change_your_life/","adhdwomen","r/adhdwomen","A NEW PLANNER WILL NOT CHANGE YOUR LIFE!","It's that time of the year...your tiktok fyp is full of people setting up their bullet journals for the new year, your Instagram is full of ads to buy a hobonichi...but wait! It's a trap!!! Take the $50 Moleskine leather bound weekly 2025 planner out of your cart. Do NOT, under any circumstances, go into any bookstores, office supply stores, or stationary stores for the next 3-5 days. Ignore any and all links you see for the ADHD life-changing organizer, designed for people with ADHD by people with ADHD. Remember that you can try a new system whenever you want, reinvention doesn't have to start on January 1st. They are preying on our lust for new notebooks and the dopamine we get from setting up new systems!!! Don't let them win! Edit: Y'all some of these comments are killing me😂 love you guys. Also! I'm not saying planners = bad!! pls it's just a joke!!! it's more a commentary on how we're suckers for the push for productivity that comes from stores and influencers to get us to buy stuff we might not need. also sometimes u just need a blank notebook/planner to keep you company 😌 (I am guilty of this)","General Question/Discussion","1735517699","2024-12-30T00:14:59+00:00","5568","5568","1","818","3e76da9377002588","","reddit-adhdwomen-a_new_planner_will_not_change_your_life:comment:m4g4d3x","comment","m4g4d3x","t1_m4g4d3x","https://www.reddit.com/r/adhdwomen/comments/1hpa0sk/a_new_planner_will_not_change_your_life/m4g4d3x/","/r/adhdwomen/comments/1hpa0sk/a_new_planner_will_not_change_your_life/m4g4d3x/","t3_1hpa0sk","post","","m4g4d3x","0","true","m4g4d3x","3d6239e74b5fb02e","","A.D.D. Type II - Unattentive","false","false","","7","7","0","0","0","1735520212","2024-12-30T00:56:52+00:00","false","False","","false","false","true","false","Jokes on them. I buy 6 year planners now and use it in spurts. I now feel less guilty about my life lol.","Jokes on them. I buy 6 year planners now and use it in spurts. I now feel less guilty about my life lol.","104","23","","","","false","false","planner | planners | plan","guilt | guilty","","guilt_or_shame_signal | mentions_pain_or_friction | mentions_planner_or_system","45","[THREAD_TITLE]
A NEW PLANNER WILL NOT CHANGE YOUR LIFE!

[THREAD_BODY]
It's that time of the year...your tiktok fyp is full of people setting up their bullet journals for the new year, your Instagram is full of ads to buy a hobonichi...but wait! It's a trap!!! Take the $50 Moleskine leather bound weekly 2025 planner out of your cart. Do NOT, under any circumstances, go into any bookstores, office supply stores, or stationary stores for the next 3-5 days. Ignore any and all links you see for the ADHD life-changing organizer, designed for people with ADHD by people with ADHD. Remember that you can try a new system whenever you want, reinvention doesn't have to start on January 1st. They are preying on our lust for new notebooks and the dopamine we get from setting up new systems!!! Don't let them win! Edit: Y'all some of these comments are killing me😂 love you guys. Also! I'm not saying planners = bad!! pls it's just a joke!!! it's more a commentary on how we're suckers for the push for productivity that comes from stores and influencers to get us to buy stuff we might not need. also sometimes u just need a blank notebook/planner to keep you company 😌 (I am guilty of this)

[CURRENT_RECORD]
Jokes on them. I buy 6 year planners now and use it in spurts. I now feel less guilty about my life lol."
"C:\Projects\Web\planner-tdah\research\reddit_data\reddit-adhdwomen-a_new_planner_will_not_change_your_life.json","reddit-adhdwomen-a_new_planner_will_not_change_your_life","1hpa0sk","t3_1hpa0sk","https://www.reddit.com/r/adhdwomen/comments/1hpa0sk/a_new_planner_will_not_change_your_life/","adhdwomen","r/adhdwomen","A NEW PLANNER WILL NOT CHANGE YOUR LIFE!","It's that time of the year...your tiktok fyp is full of people setting up their bullet journals for the new year, your Instagram is full of ads to buy a hobonichi...but wait! It's a trap!!! Take the $50 Moleskine leather bound weekly 2025 planner out of your cart. Do NOT, under any circumstances, go into any bookstores, office supply stores, or stationary stores for the next 3-5 days. Ignore any and all links you see for the ADHD life-changing organizer, designed for people with ADHD by people with ADHD. Remember that you can try a new system whenever you want, reinvention doesn't have to start on January 1st. They are preying on our lust for new notebooks and the dopamine we get from setting up new systems!!! Don't let them win! Edit: Y'all some of these comments are killing me😂 love you guys. Also! I'm not saying planners = bad!! pls it's just a joke!!! it's more a commentary on how we're suckers for the push for productivity that comes from stores and influencers to get us to buy stuff we might not need. also sometimes u just need a blank notebook/planner to keep you company 😌 (I am guilty of this)","General Question/Discussion","1735517699","2024-12-30T00:14:59+00:00","5568","5568","1","818","3e76da9377002588","","reddit-adhdwomen-a_new_planner_will_not_change_your_life:comment:m4gbtpb","comment","m4gbtpb","t1_m4gbtpb","https://www.reddit.com/r/adhdwomen/comments/1hpa0sk/a_new_planner_will_not_change_your_life/m4gbtpb/","/r/adhdwomen/comments/1hpa0sk/a_new_planner_will_not_change_your_life/m4gbtpb/","t3_1hpa0sk","post","","m4gbtpb","0","true","m4gbtpb","7c030c7048d81c6a","","","false","false","","8","8","0","0","1","1735522847","2024-12-30T01:40:47+00:00","false","False","","false","false","true","false","Bold of you to think refraining for the next few days will stop me from picking up a 2025 Agenda in March thinking it’s going to change my LIFE!","Bold of you to think refraining for the next few days will stop me from picking up a 2025 Agenda in March thinking it’s going to change my LIFE!","144","29","","","","false","false","agenda","","change","mentions_feature_or_solution | mentions_planner_or_system | novelty_or_format_change_signal","26","[THREAD_TITLE]
A NEW PLANNER WILL NOT CHANGE YOUR LIFE!

[THREAD_BODY]
It's that time of the year...your tiktok fyp is full of people setting up their bullet journals for the new year, your Instagram is full of ads to buy a hobonichi...but wait! It's a trap!!! Take the $50 Moleskine leather bound weekly 2025 planner out of your cart. Do NOT, under any circumstances, go into any bookstores, office supply stores, or stationary stores for the next 3-5 days. Ignore any and all links you see for the ADHD life-changing organizer, designed for people with ADHD by people with ADHD. Remember that you can try a new system whenever you want, reinvention doesn't have to start on January 1st. They are preying on our lust for new notebooks and the dopamine we get from setting up new systems!!! Don't let them win! Edit: Y'all some of these comments are killing me😂 love you guys. Also! I'm not saying planners = bad!! pls it's just a joke!!! it's more a commentary on how we're suckers for the push for productivity that comes from stores and influencers to get us to buy stuff we might not need. also sometimes u just need a blank notebook/planner to keep you company 😌 (I am guilty of this)

[CURRENT_RECORD]
Bold of you to think refraining for the next few days will stop me from picking up a 2025 Agenda in March thinking it’s going to change my LIFE!"
"C:\Projects\Web\planner-tdah\research\reddit_data\reddit-adhdwomen-a_new_planner_will_not_change_your_life.json","reddit-adhdwomen-a_new_planner_will_not_change_your_life","1hpa0sk","t3_1hpa0sk","https://www.reddit.com/r/adhdwomen/comments/1hpa0sk/a_new_planner_will_not_change_your_life/","adhdwomen","r/adhdwomen","A NEW PLANNER WILL NOT CHANGE YOUR LIFE!","It's that time of the year...your tiktok fyp is full of people setting up their bullet journals for the new year, your Instagram is full of ads to buy a hobonichi...but wait! It's a trap!!! Take the $50 Moleskine leather bound weekly 2025 planner out of your cart. Do NOT, under any circumstances, go into any bookstores, office supply stores, or stationary stores for the next 3-5 days. Ignore any and all links you see for the ADHD life-changing organizer, designed for people with ADHD by people with ADHD. Remember that you can try a new system whenever you want, reinvention doesn't have to start on January 1st. They are preying on our lust for new notebooks and the dopamine we get from setting up new systems!!! Don't let them win! Edit: Y'all some of these comments are killing me😂 love you guys. Also! I'm not saying planners = bad!! pls it's just a joke!!! it's more a commentary on how we're suckers for the push for productivity that comes from stores and influencers to get us to buy stuff we might not need. also sometimes u just need a blank notebook/planner to keep you company 😌 (I am guilty of this)","General Question/Discussion","1735517699","2024-12-30T00:14:59+00:00","5568","5568","1","818","3e76da9377002588","","reddit-adhdwomen-a_new_planner_will_not_change_your_life:comment:m4g1fz7","comment","m4g1fz7","t1_m4g1fz7","https://www.reddit.com/r/adhdwomen/comments/1hpa0sk/a_new_planner_will_not_change_your_life/m4g1fz7/","/r/adhdwomen/comments/1hpa0sk/a_new_planner_will_not_change_your_life/m4g1fz7/","t3_1hpa0sk","post","","m4g1fz7","0","true","m4g1fz7","","","","false","false","","6","6","0","0","0","1735519212","2024-12-30T00:40:12+00:00","false","False","","false","false","true","false","I almost bought a planner yesterday. Pretty proud that I didn’t buy it and let it rot lol","I almost bought a planner yesterday. Pretty proud that I didn’t buy it and let it rot lol","89","18","","","","false","false","planner | plan","","","mentions_planner_or_system","13","[THREAD_TITLE]
A NEW PLANNER WILL NOT CHANGE YOUR LIFE!

[THREAD_BODY]
It's that time of the year...your tiktok fyp is full of people setting up their bullet journals for the new year, your Instagram is full of ads to buy a hobonichi...but wait! It's a trap!!! Take the $50 Moleskine leather bound weekly 2025 planner out of your cart. Do NOT, under any circumstances, go into any bookstores, office supply stores, or stationary stores for the next 3-5 days. Ignore any and all links you see for the ADHD life-changing organizer, designed for people with ADHD by people with ADHD. Remember that you can try a new system whenever you want, reinvention doesn't have to start on January 1st. They are preying on our lust for new notebooks and the dopamine we get from setting up new systems!!! Don't let them win! Edit: Y'all some of these comments are killing me😂 love you guys. Also! I'm not saying planners = bad!! pls it's just a joke!!! it's more a commentary on how we're suckers for the push for productivity that comes from stores and influencers to get us to buy stuff we might not need. also sometimes u just need a blank notebook/planner to keep you company 😌 (I am guilty of this)

[CURRENT_RECORD]
I almost bought a planner yesterday. Pretty proud that I didn’t buy it and let it rot lol"
"C:\Projects\Web\planner-tdah\research\reddit_data\reddit-adhdwomen-a_new_planner_will_not_change_your_life.json","reddit-adhdwomen-a_new_planner_will_not_change_your_life","1hpa0sk","t3_1hpa0sk","https://www.reddit.com/r/adhdwomen/comments/1hpa0sk/a_new_planner_will_not_change_your_life/","adhdwomen","r/adhdwomen","A NEW PLANNER WILL NOT CHANGE YOUR LIFE!","It's that time of the year...your tiktok fyp is full of people setting up their bullet journals for the new year, your Instagram is full of ads to buy a hobonichi...but wait! It's a trap!!! Take the $50 Moleskine leather bound weekly 2025 planner out of your cart. Do NOT, under any circumstances, go into any bookstores, office supply stores, or stationary stores for the next 3-5 days. Ignore any and all links you see for the ADHD life-changing organizer, designed for people with ADHD by people with ADHD. Remember that you can try a new system whenever you want, reinvention doesn't have to start on January 1st. They are preying on our lust for new notebooks and the dopamine we get from setting up new systems!!! Don't let them win! Edit: Y'all some of these comments are killing me😂 love you guys. Also! I'm not saying planners = bad!! pls it's just a joke!!! it's more a commentary on how we're suckers for the push for productivity that comes from stores and influencers to get us to buy stuff we might not need. also sometimes u just need a blank notebook/planner to keep you company 😌 (I am guilty of this)","General Question/Discussion","1735517699","2024-12-30T00:14:59+00:00","5568","5568","1","818","3e76da9377002588","","reddit-adhdwomen-a_new_planner_will_not_change_your_life:comment:m4g1nzy","comment","m4g1nzy","t1_m4g1nzy","https://www.reddit.com/r/adhdwomen/comments/1hpa0sk/a_new_planner_will_not_change_your_life/m4g1nzy/","/r/adhdwomen/comments/1hpa0sk/a_new_planner_will_not_change_your_life/m4g1nzy/","t3_1hpa0sk","post","","m4g1nzy","0","true","m4g1nzy","0be76978f8245aed","","","false","false","","6","6","0","0","0","1735519286","2024-12-30T00:41:26+00:00","false","False","","false","false","true","false","OK, but what if I just know that 2025 will finally be my year to get organized and I know that I'll use it more than 3 days???","OK, but what if I just know that 2025 will finally be my year to get organized and I know that I'll use it more than 3 days???","126","28","","","","true","false","organize","","","contains_question | mentions_planner_or_system","19","[THREAD_TITLE]
A NEW PLANNER WILL NOT CHANGE YOUR LIFE!

[THREAD_BODY]
It's that time of the year...your tiktok fyp is full of people setting up their bullet journals for the new year, your Instagram is full of ads to buy a hobonichi...but wait! It's a trap!!! Take the $50 Moleskine leather bound weekly 2025 planner out of your cart. Do NOT, under any circumstances, go into any bookstores, office supply stores, or stationary stores for the next 3-5 days. Ignore any and all links you see for the ADHD life-changing organizer, designed for people with ADHD by people with ADHD. Remember that you can try a new system whenever you want, reinvention doesn't have to start on January 1st. They are preying on our lust for new notebooks and the dopamine we get from setting up new systems!!! Don't let them win! Edit: Y'all some of these comments are killing me😂 love you guys. Also! I'm not saying planners = bad!! pls it's just a joke!!! it's more a commentary on how we're suckers for the push for productivity that comes from stores and influencers to get us to buy stuff we might not need. also sometimes u just need a blank notebook/planner to keep you company 😌 (I am guilty of this)

[CURRENT_RECORD]
OK, but what if I just know that 2025 will finally be my year to get organized and I know that I'll use it more than 3 days???"
"C:\Projects\Web\planner-tdah\research\reddit_data\reddit-adhdwomen-a_new_planner_will_not_change_your_life.json","reddit-adhdwomen-a_new_planner_will_not_change_your_life","1hpa0sk","t3_1hpa0sk","https://www.reddit.com/r/adhdwomen/comments/1hpa0sk/a_new_planner_will_not_change_your_life/","adhdwomen","r/adhdwomen","A NEW PLANNER WILL NOT CHANGE YOUR LIFE!","It's that time of the year...your tiktok fyp is full of people setting up their bullet journals for the new year, your Instagram is full of ads to buy a hobonichi...but wait! It's a trap!!! Take the $50 Moleskine leather bound weekly 2025 planner out of your cart. Do NOT, under any circumstances, go into any bookstores, office supply stores, or stationary stores for the next 3-5 days. Ignore any and all links you see for the ADHD life-changing organizer, designed for people with ADHD by people with ADHD. Remember that you can try a new system whenever you want, reinvention doesn't have to start on January 1st. They are preying on our lust for new notebooks and the dopamine we get from setting up new systems!!! Don't let them win! Edit: Y'all some of these comments are killing me😂 love you guys. Also! I'm not saying planners = bad!! pls it's just a joke!!! it's more a commentary on how we're suckers for the push for productivity that comes from stores and influencers to get us to buy stuff we might not need. also sometimes u just need a blank notebook/planner to keep you company 😌 (I am guilty of this)","General Question/Discussion","1735517699","2024-12-30T00:14:59+00:00","5568","5568","1","818","3e76da9377002588","","reddit-adhdwomen-a_new_planner_will_not_change_your_life:comment:m4g3gwo","comment","m4g3gwo","t1_m4g3gwo","https://www.reddit.com/r/adhdwomen/comments/1hpa0sk/a_new_planner_will_not_change_your_life/m4g3gwo/","/r/adhdwomen/comments/1hpa0sk/a_new_planner_will_not_change_your_life/m4g3gwo/","t3_1hpa0sk","post","","m4g3gwo","0","true","m4g3gwo","bded7e63459dd162","","","false","false","","5","5","0","0","0","1735519901","2024-12-30T00:51:41+00:00","false","False","","false","false","true","false","Noooo this can’t possibly apply to my new journal that I bought on sale :’D","Noooo this can’t possibly apply to my new journal that I bought on sale :’D","75","15","","","","false","false","journal | app","","","mentions_planner_or_system","13","[THREAD_TITLE]
A NEW PLANNER WILL NOT CHANGE YOUR LIFE!

[THREAD_BODY]
It's that time of the year...your tiktok fyp is full of people setting up their bullet journals for the new year, your Instagram is full of ads to buy a hobonichi...but wait! It's a trap!!! Take the $50 Moleskine leather bound weekly 2025 planner out of your cart. Do NOT, under any circumstances, go into any bookstores, office supply stores, or stationary stores for the next 3-5 days. Ignore any and all links you see for the ADHD life-changing organizer, designed for people with ADHD by people with ADHD. Remember that you can try a new system whenever you want, reinvention doesn't have to start on January 1st. They are preying on our lust for new notebooks and the dopamine we get from setting up new systems!!! Don't let them win! Edit: Y'all some of these comments are killing me😂 love you guys. Also! I'm not saying planners = bad!! pls it's just a joke!!! it's more a commentary on how we're suckers for the push for productivity that comes from stores and influencers to get us to buy stuff we might not need. also sometimes u just need a blank notebook/planner to keep you company 😌 (I am guilty of this)

[CURRENT_RECORD]
Noooo this can’t possibly apply to my new journal that I bought on sale :’D"
"C:\Projects\Web\planner-tdah\research\reddit_data\reddit-adhdwomen-a_new_planner_will_not_change_your_life.json","reddit-adhdwomen-a_new_planner_will_not_change_your_life","1hpa0sk","t3_1hpa0sk","https://www.reddit.com/r/adhdwomen/comments/1hpa0sk/a_new_planner_will_not_change_your_life/","adhdwomen","r/adhdwomen","A NEW PLANNER WILL NOT CHANGE YOUR LIFE!","It's that time of the year...your tiktok fyp is full of people setting up their bullet journals for the new year, your Instagram is full of ads to buy a hobonichi...but wait! It's a trap!!! Take the $50 Moleskine leather bound weekly 2025 planner out of your cart. Do NOT, under any circumstances, go into any bookstores, office supply stores, or stationary stores for the next 3-5 days. Ignore any and all links you see for the ADHD life-changing organizer, designed for people with ADHD by people with ADHD. Remember that you can try a new system whenever you want, reinvention doesn't have to start on January 1st. They are preying on our lust for new notebooks and the dopamine we get from setting up new systems!!! Don't let them win! Edit: Y'all some of these comments are killing me😂 love you guys. Also! I'm not saying planners = bad!! pls it's just a joke!!! it's more a commentary on how we're suckers for the push for productivity that comes from stores and influencers to get us to buy stuff we might not need. also sometimes u just need a blank notebook/planner to keep you company 😌 (I am guilty of this)","General Question/Discussion","1735517699","2024-12-30T00:14:59+00:00","5568","5568","1","818","3e76da9377002588","","reddit-adhdwomen-a_new_planner_will_not_change_your_life:comment:m4g5dl0","comment","m4g5dl0","t1_m4g5dl0","https://www.reddit.com/r/adhdwomen/comments/1hpa0sk/a_new_planner_will_not_change_your_life/m4g5dl0/","/r/adhdwomen/comments/1hpa0sk/a_new_planner_will_not_change_your_life/m4g5dl0/","t3_1hpa0sk","post","","m4g5dl0","0","true","m4g5dl0","9bcbe0415e7ee8bd","","","false","false","","6","6","0","0","0","1735520568","2024-12-30T01:02:48+00:00","false","False","","false","false","true","false","Wise one. I almost bought one but then forgot","Wise one. I almost bought one but then forgot","45","9","","","","false","false","","forgot","","forgetfulness_or_time_signal | mentions_pain_or_friction","18","[THREAD_TITLE]
A NEW PLANNER WILL NOT CHANGE YOUR LIFE!

[THREAD_BODY]
It's that time of the year...your tiktok fyp is full of people setting up their bullet journals for the new year, your Instagram is full of ads to buy a hobonichi...but wait! It's a trap!!! Take the $50 Moleskine leather bound weekly 2025 planner out of your cart. Do NOT, under any circumstances, go into any bookstores, office supply stores, or stationary stores for the next 3-5 days. Ignore any and all links you see for the ADHD life-changing organizer, designed for people with ADHD by people with ADHD. Remember that you can try a new system whenever you want, reinvention doesn't have to start on January 1st. They are preying on our lust for new notebooks and the dopamine we get from setting up new systems!!! Don't let them win! Edit: Y'all some of these comments are killing me😂 love you guys. Also! I'm not saying planners = bad!! pls it's just a joke!!! it's more a commentary on how we're suckers for the push for productivity that comes from stores and influencers to get us to buy stuff we might not need. also sometimes u just need a blank notebook/planner to keep you company 😌 (I am guilty of this)

[CURRENT_RECORD]
Wise one. I almost bought one but then forgot"
"C:\Projects\Web\planner-tdah\research\reddit_data\reddit-adhdwomen-a_new_planner_will_not_change_your_life.json","reddit-adhdwomen-a_new_planner_will_not_change_your_life","1hpa0sk","t3_1hpa0sk","https://www.reddit.com/r/adhdwomen/comments/1hpa0sk/a_new_planner_will_not_change_your_life/","adhdwomen","r/adhdwomen","A NEW PLANNER WILL NOT CHANGE YOUR LIFE!","It's that time of the year...your tiktok fyp is full of people setting up their bullet journals for the new year, your Instagram is full of ads to buy a hobonichi...but wait! It's a trap!!! Take the $50 Moleskine leather bound weekly 2025 planner out of your cart. Do NOT, under any circumstances, go into any bookstores, office supply stores, or stationary stores for the next 3-5 days. Ignore any and all links you see for the ADHD life-changing organizer, designed for people with ADHD by people with ADHD. Remember that you can try a new system whenever you want, reinvention doesn't have to start on January 1st. They are preying on our lust for new notebooks and the dopamine we get from setting up new systems!!! Don't let them win! Edit: Y'all some of these comments are killing me😂 love you guys. Also! I'm not saying planners = bad!! pls it's just a joke!!! it's more a commentary on how we're suckers for the push for productivity that comes from stores and influencers to get us to buy stuff we might not need. also sometimes u just need a blank notebook/planner to keep you company 😌 (I am guilty of this)","General Question/Discussion","1735517699","2024-12-30T00:14:59+00:00","5568","5568","1","818","3e76da9377002588","","reddit-adhdwomen-a_new_planner_will_not_change_your_life:comment:m4g5ty7","comment","m4g5ty7","t1_m4g5ty7","https://www.reddit.com/r/adhdwomen/comments/1hpa0sk/a_new_planner_will_not_change_your_life/m4g5ty7/","/r/adhdwomen/comments/1hpa0sk/a_new_planner_will_not_change_your_life/m4g5ty7/","t3_1hpa0sk","post","","m4g5ty7","0","true","m4g5ty7","ab3ecb84c15f076c","","","false","false","","7","7","0","0","0","1735520728","2024-12-30T01:05:28+00:00","false","False","","false","false","true","false","Dopamine from setting up new systems 🫣 me thinking about the chore list I set up the other day and then didn’t do 🫣","Dopamine from setting up new systems 🫣 me thinking about the chore list I set up the other day and then didn’t do 🫣","115","24","","","","false","false","","","","","15","[THREAD_TITLE]
A NEW PLANNER WILL NOT CHANGE YOUR LIFE!

[THREAD_BODY]
It's that time of the year...your tiktok fyp is full of people setting up their bullet journals for the new year, your Instagram is full of ads to buy a hobonichi...but wait! It's a trap!!! Take the $50 Moleskine leather bound weekly 2025 planner out of your cart. Do NOT, under any circumstances, go into any bookstores, office supply stores, or stationary stores for the next 3-5 days. Ignore any and all links you see for the ADHD life-changing organizer, designed for people with ADHD by people with ADHD. Remember that you can try a new system whenever you want, reinvention doesn't have to start on January 1st. They are preying on our lust for new notebooks and the dopamine we get from setting up new systems!!! Don't let them win! Edit: Y'all some of these comments are killing me😂 love you guys. Also! I'm not saying planners = bad!! pls it's just a joke!!! it's more a commentary on how we're suckers for the push for productivity that comes from stores and influencers to get us to buy stuff we might not need. also sometimes u just need a blank notebook/planner to keep you company 😌 (I am guilty of this)

[CURRENT_RECORD]
Dopamine from setting up new systems 🫣 me thinking about the chore list I set up the other day and then didn’t do 🫣"
"C:\Projects\Web\planner-tdah\research\reddit_data\reddit-adhdwomen-a_new_planner_will_not_change_your_life.json","reddit-adhdwomen-a_new_planner_will_not_change_your_life","1hpa0sk","t3_1hpa0sk","https://www.reddit.com/r/adhdwomen/comments/1hpa0sk/a_new_planner_will_not_change_your_life/","adhdwomen","r/adhdwomen","A NEW PLANNER WILL NOT CHANGE YOUR LIFE!","It's that time of the year...your tiktok fyp is full of people setting up their bullet journals for the new year, your Instagram is full of ads to buy a hobonichi...but wait! It's a trap!!! Take the $50 Moleskine leather bound weekly 2025 planner out of your cart. Do NOT, under any circumstances, go into any bookstores, office supply stores, or stationary stores for the next 3-5 days. Ignore any and all links you see for the ADHD life-changing organizer, designed for people with ADHD by people with ADHD. Remember that you can try a new system whenever you want, reinvention doesn't have to start on January 1st. They are preying on our lust for new notebooks and the dopamine we get from setting up new systems!!! Don't let them win! Edit: Y'all some of these comments are killing me😂 love you guys. Also! I'm not saying planners = bad!! pls it's just a joke!!! it's more a commentary on how we're suckers for the push for productivity that comes from stores and influencers to get us to buy stuff we might not need. also sometimes u just need a blank notebook/planner to keep you company 😌 (I am guilty of this)","General Question/Discussion","1735517699","2024-12-30T00:14:59+00:00","5568","5568","1","818","3e76da9377002588","","reddit-adhdwomen-a_new_planner_will_not_change_your_life:comment:m4g8vo5","comment","m4g8vo5","t1_m4g8vo5","https://www.reddit.com/r/adhdwomen/comments/1hpa0sk/a_new_planner_will_not_change_your_life/m4g8vo5/","/r/adhdwomen/comments/1hpa0sk/a_new_planner_will_not_change_your_life/m4g8vo5/","t3_1hpa0sk","post","","m4g8vo5","0","true","m4g8vo5","","","","false","false","","6","6","0","0","0","1735521811","2024-12-30T01:23:31+00:00","false","False","","false","false","true","false","Pfft. You don't know me...","Pfft. You don't know me...","26","5","","","","false","false","","","","","5","[THREAD_TITLE]
A NEW PLANNER WILL NOT CHANGE YOUR LIFE!

[THREAD_BODY]
It's that time of the year...your tiktok fyp is full of people setting up their bullet journals for the new year, your Instagram is full of ads to buy a hobonichi...but wait! It's a trap!!! Take the $50 Moleskine leather bound weekly 2025 planner out of your cart. Do NOT, under any circumstances, go into any bookstores, office supply stores, or stationary stores for the next 3-5 days. Ignore any and all links you see for the ADHD life-changing organizer, designed for people with ADHD by people with ADHD. Remember that you can try a new system whenever you want, reinvention doesn't have to start on January 1st. They are preying on our lust for new notebooks and the dopamine we get from setting up new systems!!! Don't let them win! Edit: Y'all some of these comments are killing me😂 love you guys. Also! I'm not saying planners = bad!! pls it's just a joke!!! it's more a commentary on how we're suckers for the push for productivity that comes from stores and influencers to get us to buy stuff we might not need. also sometimes u just need a blank notebook/planner to keep you company 😌 (I am guilty of this)

[CURRENT_RECORD]
Pfft. You don't know me..."
"C:\Projects\Web\planner-tdah\research\reddit_data\reddit-adhdwomen-a_new_planner_will_not_change_your_life.json","reddit-adhdwomen-a_new_planner_will_not_change_your_life","1hpa0sk","t3_1hpa0sk","https://www.reddit.com/r/adhdwomen/comments/1hpa0sk/a_new_planner_will_not_change_your_life/","adhdwomen","r/adhdwomen","A NEW PLANNER WILL NOT CHANGE YOUR LIFE!","It's that time of the year...your tiktok fyp is full of people setting up their bullet journals for the new year, your Instagram is full of ads to buy a hobonichi...but wait! It's a trap!!! Take the $50 Moleskine leather bound weekly 2025 planner out of your cart. Do NOT, under any circumstances, go into any bookstores, office supply stores, or stationary stores for the next 3-5 days. Ignore any and all links you see for the ADHD life-changing organizer, designed for people with ADHD by people with ADHD. Remember that you can try a new system whenever you want, reinvention doesn't have to start on January 1st. They are preying on our lust for new notebooks and the dopamine we get from setting up new systems!!! Don't let them win! Edit: Y'all some of these comments are killing me😂 love you guys. Also! I'm not saying planners = bad!! pls it's just a joke!!! it's more a commentary on how we're suckers for the push for productivity that comes from stores and influencers to get us to buy stuff we might not need. also sometimes u just need a blank notebook/planner to keep you company 😌 (I am guilty of this)","General Question/Discussion","1735517699","2024-12-30T00:14:59+00:00","5568","5568","1","818","3e76da9377002588","","reddit-adhdwomen-a_new_planner_will_not_change_your_life:comment:m4g9ye7","comment","m4g9ye7","t1_m4g9ye7","https://www.reddit.com/r/adhdwomen/comments/1hpa0sk/a_new_planner_will_not_change_your_life/m4g9ye7/","/r/adhdwomen/comments/1hpa0sk/a_new_planner_will_not_change_your_life/m4g9ye7/","t3_1hpa0sk","post","","m4g9ye7","0","true","m4g9ye7","bf3e6e9d1c3b29c1","","","false","false","","5","5","0","0","0","1735522191","2024-12-30T01:29:51+00:00","false","False","","false","false","true","false","Even if I get the pink glittery one?","Even if I get the pink glittery one?","36","8","","","","true","false","","","","contains_question","5","[THREAD_TITLE]
A NEW PLANNER WILL NOT CHANGE YOUR LIFE!

[THREAD_BODY]
It's that time of the year...your tiktok fyp is full of people setting up their bullet journals for the new year, your Instagram is full of ads to buy a hobonichi...but wait! It's a trap!!! Take the $50 Moleskine leather bound weekly 2025 planner out of your cart. Do NOT, under any circumstances, go into any bookstores, office supply stores, or stationary stores for the next 3-5 days. Ignore any and all links you see for the ADHD life-changing organizer, designed for people with ADHD by people with ADHD. Remember that you can try a new system whenever you want, reinvention doesn't have to start on January 1st. They are preying on our lust for new notebooks and the dopamine we get from setting up new systems!!! Don't let them win! Edit: Y'all some of these comments are killing me😂 love you guys. Also! I'm not saying planners = bad!! pls it's just a joke!!! it's more a commentary on how we're suckers for the push for productivity that comes from stores and influencers to get us to buy stuff we might not need. also sometimes u just need a blank notebook/planner to keep you company 😌 (I am guilty of this)

[CURRENT_RECORD]
Even if I get the pink glittery one?"
"C:\Projects\Web\planner-tdah\research\reddit_data\reddit-adhdwomen-a_new_planner_will_not_change_your_life.json","reddit-adhdwomen-a_new_planner_will_not_change_your_life","1hpa0sk","t3_1hpa0sk","https://www.reddit.com/r/adhdwomen/comments/1hpa0sk/a_new_planner_will_not_change_your_life/","adhdwomen","r/adhdwomen","A NEW PLANNER WILL NOT CHANGE YOUR LIFE!","It's that time of the year...your tiktok fyp is full of people setting up their bullet journals for the new year, your Instagram is full of ads to buy a hobonichi...but wait! It's a trap!!! Take the $50 Moleskine leather bound weekly 2025 planner out of your cart. Do NOT, under any circumstances, go into any bookstores, office supply stores, or stationary stores for the next 3-5 days. Ignore any and all links you see for the ADHD life-changing organizer, designed for people with ADHD by people with ADHD. Remember that you can try a new system whenever you want, reinvention doesn't have to start on January 1st. They are preying on our lust for new notebooks and the dopamine we get from setting up new systems!!! Don't let them win! Edit: Y'all some of these comments are killing me😂 love you guys. Also! I'm not saying planners = bad!! pls it's just a joke!!! it's more a commentary on how we're suckers for the push for productivity that comes from stores and influencers to get us to buy stuff we might not need. also sometimes u just need a blank notebook/planner to keep you company 😌 (I am guilty of this)","General Question/Discussion","1735517699","2024-12-30T00:14:59+00:00","5568","5568","1","818","3e76da9377002588","","reddit-adhdwomen-a_new_planner_will_not_change_your_life:comment:m4gepkl","comment","m4gepkl","t1_m4gepkl","https://www.reddit.com/r/adhdwomen/comments/1hpa0sk/a_new_planner_will_not_change_your_life/m4gepkl/","/r/adhdwomen/comments/1hpa0sk/a_new_planner_will_not_change_your_life/m4gepkl/","t3_1hpa0sk","post","","m4gepkl","0","true","m4gepkl","","","","false","false","","6","6","0","0","0","1735523870","2024-12-30T01:57:50+00:00","false","False","","false","false","true","false","I got a Rocket book, so I can wipe my sins free and start over after I fail. Real talk though having the one reusable notebook that I can upload at will is hella handy and I love it. I'm just not great at the calendar part.","I got a Rocket book, so I can wipe my sins free and start over after I fail. Real talk though having the one reusable notebook that I can upload at will is hella handy and I love it. I'm just not great at the calendar part.","223","47","","","","false","true","calendar","","","mentions_planner_or_system | mentions_working_solution_or_recommendation","27","[THREAD_TITLE]
A NEW PLANNER WILL NOT CHANGE YOUR LIFE!

[THREAD_BODY]
It's that time of the year...your tiktok fyp is full of people setting up their bullet journals for the new year, your Instagram is full of ads to buy a hobonichi...but wait! It's a trap!!! Take the $50 Moleskine leather bound weekly 2025 planner out of your cart. Do NOT, under any circumstances, go into any bookstores, office supply stores, or stationary stores for the next 3-5 days. Ignore any and all links you see for the ADHD life-changing organizer, designed for people with ADHD by people with ADHD. Remember that you can try a new system whenever you want, reinvention doesn't have to start on January 1st. They are preying on our lust for new notebooks and the dopamine we get from setting up new systems!!! Don't let them win! Edit: Y'all some of these comments are killing me😂 love you guys. Also! I'm not saying planners = bad!! pls it's just a joke!!! it's more a commentary on how we're suckers for the push for productivity that comes from stores and influencers to get us to buy stuff we might not need. also sometimes u just need a blank notebook/planner to keep you company 😌 (I am guilty of this)

[CURRENT_RECORD]
I got a Rocket book, so I can wipe my sins free and start over after I fail. Real talk though having the one reusable notebook that I can upload at will is hella handy and I love it. I'm just not great at the calendar part."
"C:\Projects\Web\planner-tdah\research\reddit_data\reddit-adhdwomen-a_new_planner_will_not_change_your_life.json","reddit-adhdwomen-a_new_planner_will_not_change_your_life","1hpa0sk","t3_1hpa0sk","https://www.reddit.com/r/adhdwomen/comments/1hpa0sk/a_new_planner_will_not_change_your_life/","adhdwomen","r/adhdwomen","A NEW PLANNER WILL NOT CHANGE YOUR LIFE!","It's that time of the year...your tiktok fyp is full of people setting up their bullet journals for the new year, your Instagram is full of ads to buy a hobonichi...but wait! It's a trap!!! Take the $50 Moleskine leather bound weekly 2025 planner out of your cart. Do NOT, under any circumstances, go into any bookstores, office supply stores, or stationary stores for the next 3-5 days. Ignore any and all links you see for the ADHD life-changing organizer, designed for people with ADHD by people with ADHD. Remember that you can try a new system whenever you want, reinvention doesn't have to start on January 1st. They are preying on our lust for new notebooks and the dopamine we get from setting up new systems!!! Don't let them win! Edit: Y'all some of these comments are killing me😂 love you guys. Also! I'm not saying planners = bad!! pls it's just a joke!!! it's more a commentary on how we're suckers for the push for productivity that comes from stores and influencers to get us to buy stuff we might not need. also sometimes u just need a blank notebook/planner to keep you company 😌 (I am guilty of this)","General Question/Discussion","1735517699","2024-12-30T00:14:59+00:00","5568","5568","1","818","3e76da9377002588","","reddit-adhdwomen-a_new_planner_will_not_change_your_life:comment:m4g3sfo","comment","m4g3sfo","t1_m4g3sfo","https://www.reddit.com/r/adhdwomen/comments/1hpa0sk/a_new_planner_will_not_change_your_life/m4g3sfo/","/r/adhdwomen/comments/1hpa0sk/a_new_planner_will_not_change_your_life/m4g3sfo/","t3_1hpa0sk","post","","m4g3sfo","0","true","m4g3sfo","79ab4e76b18aa0cf","","","false","false","","6","6","0","0","0","1735520012","2024-12-30T00:53:32+00:00","false","False","","false","false","true","false","When people aka influencers link to products on social media they’re almost certainly making money from it. It does NOT mean they actually like or use it.","When people aka influencers link to products on social media they’re almost certainly making money from it. It does NOT mean they actually like or use it.","154","27","","","","false","false","","","","","15","[THREAD_TITLE]
A NEW PLANNER WILL NOT CHANGE YOUR LIFE!

[THREAD_BODY]
It's that time of the year...your tiktok fyp is full of people setting up their bullet journals for the new year, your Instagram is full of ads to buy a hobonichi...but wait! It's a trap!!! Take the $50 Moleskine leather bound weekly 2025 planner out of your cart. Do NOT, under any circumstances, go into any bookstores, office supply stores, or stationary stores for the next 3-5 days. Ignore any and all links you see for the ADHD life-changing organizer, designed for people with ADHD by people with ADHD. Remember that you can try a new system whenever you want, reinvention doesn't have to start on January 1st. They are preying on our lust for new notebooks and the dopamine we get from setting up new systems!!! Don't let them win! Edit: Y'all some of these comments are killing me😂 love you guys. Also! I'm not saying planners = bad!! pls it's just a joke!!! it's more a commentary on how we're suckers for the push for productivity that comes from stores and influencers to get us to buy stuff we might not need. also sometimes u just need a blank notebook/planner to keep you company 😌 (I am guilty of this)

[CURRENT_RECORD]
When people aka influencers link to products on social media they’re almost certainly making money from it. It does NOT mean they actually like or use it."
"C:\Projects\Web\planner-tdah\research\reddit_data\reddit-adhdwomen-a_new_planner_will_not_change_your_life.json","reddit-adhdwomen-a_new_planner_will_not_change_your_life","1hpa0sk","t3_1hpa0sk","https://www.reddit.com/r/adhdwomen/comments/1hpa0sk/a_new_planner_will_not_change_your_life/","adhdwomen","r/adhdwomen","A NEW PLANNER WILL NOT CHANGE YOUR LIFE!","It's that time of the year...your tiktok fyp is full of people setting up their bullet journals for the new year, your Instagram is full of ads to buy a hobonichi...but wait! It's a trap!!! Take the $50 Moleskine leather bound weekly 2025 planner out of your cart. Do NOT, under any circumstances, go into any bookstores, office supply stores, or stationary stores for the next 3-5 days. Ignore any and all links you see for the ADHD life-changing organizer, designed for people with ADHD by people with ADHD. Remember that you can try a new system whenever you want, reinvention doesn't have to start on January 1st. They are preying on our lust for new notebooks and the dopamine we get from setting up new systems!!! Don't let them win! Edit: Y'all some of these comments are killing me😂 love you guys. Also! I'm not saying planners = bad!! pls it's just a joke!!! it's more a commentary on how we're suckers for the push for productivity that comes from stores and influencers to get us to buy stuff we might not need. also sometimes u just need a blank notebook/planner to keep you company 😌 (I am guilty of this)","General Question/Discussion","1735517699","2024-12-30T00:14:59+00:00","5568","5568","1","818","3e76da9377002588","","reddit-adhdwomen-a_new_planner_will_not_change_your_life:comment:m4g4bji","comment","m4g4bji","t1_m4g4bji","https://www.reddit.com/r/adhdwomen/comments/1hpa0sk/a_new_planner_will_not_change_your_life/m4g4bji/","/r/adhdwomen/comments/1hpa0sk/a_new_planner_will_not_change_your_life/m4g4bji/","t3_1hpa0sk","post","","m4g4bji","0","true","m4g4bji","a39b24436ee989a2","","","false","false","","5","5","0","0","0","1735520197","2024-12-30T00:56:37+00:00","false","False","","false","false","true","false","Thank you for being the inner voice we all need. I’ll be using the same planner I started last year. 😂","Thank you for being the inner voice we all need. I’ll be using the same planner I started last year. 😂","102","21","","","","false","false","planner | plan","","","mentions_planner_or_system","23","[THREAD_TITLE]
A NEW PLANNER WILL NOT CHANGE YOUR LIFE!

[THREAD_BODY]
It's that time of the year...your tiktok fyp is full of people setting up their bullet journals for the new year, your Instagram is full of ads to buy a hobonichi...but wait! It's a trap!!! Take the $50 Moleskine leather bound weekly 2025 planner out of your cart. Do NOT, under any circumstances, go into any bookstores, office supply stores, or stationary stores for the next 3-5 days. Ignore any and all links you see for the ADHD life-changing organizer, designed for people with ADHD by people with ADHD. Remember that you can try a new system whenever you want, reinvention doesn't have to start on January 1st. They are preying on our lust for new notebooks and the dopamine we get from setting up new systems!!! Don't let them win! Edit: Y'all some of these comments are killing me😂 love you guys. Also! I'm not saying planners = bad!! pls it's just a joke!!! it's more a commentary on how we're suckers for the push for productivity that comes from stores and influencers to get us to buy stuff we might not need. also sometimes u just need a blank notebook/planner to keep you company 😌 (I am guilty of this)

[CURRENT_RECORD]
Thank you for being the inner voice we all need. I’ll be using the same planner I started last year. 😂"
"C:\Projects\Web\planner-tdah\research\reddit_data\reddit-adhdwomen-a_new_planner_will_not_change_your_life.json","reddit-adhdwomen-a_new_planner_will_not_change_your_life","1hpa0sk","t3_1hpa0sk","https://www.reddit.com/r/adhdwomen/comments/1hpa0sk/a_new_planner_will_not_change_your_life/","adhdwomen","r/adhdwomen","A NEW PLANNER WILL NOT CHANGE YOUR LIFE!","It's that time of the year...your tiktok fyp is full of people setting up their bullet journals for the new year, your Instagram is full of ads to buy a hobonichi...but wait! It's a trap!!! Take the $50 Moleskine leather bound weekly 2025 planner out of your cart. Do NOT, under any circumstances, go into any bookstores, office supply stores, or stationary stores for the next 3-5 days. Ignore any and all links you see for the ADHD life-changing organizer, designed for people with ADHD by people with ADHD. Remember that you can try a new system whenever you want, reinvention doesn't have to start on January 1st. They are preying on our lust for new notebooks and the dopamine we get from setting up new systems!!! Don't let them win! Edit: Y'all some of these comments are killing me😂 love you guys. Also! I'm not saying planners = bad!! pls it's just a joke!!! it's more a commentary on how we're suckers for the push for productivity that comes from stores and influencers to get us to buy stuff we might not need. also sometimes u just need a blank notebook/planner to keep you company 😌 (I am guilty of this)","General Question/Discussion","1735517699","2024-12-30T00:14:59+00:00","5568","5568","1","818","3e76da9377002588","","reddit-adhdwomen-a_new_planner_will_not_change_your_life:comment:m4ga4a8","comment","m4ga4a8","t1_m4ga4a8","https://www.reddit.com/r/adhdwomen/comments/1hpa0sk/a_new_planner_will_not_change_your_life/m4ga4a8/","/r/adhdwomen/comments/1hpa0sk/a_new_planner_will_not_change_your_life/m4ga4a8/","t3_1hpa0sk","post","","m4ga4a8","0","true","m4ga4a8","1d308aa60fd9179c","","ADHD","false","false","","6","6","0","0","0","1735522248","2024-12-30T01:30:48+00:00","false","False","","false","false","true","false","Omg this truly felt like an attack 🥲🤣🤣 I'M DOING IT ANYWAYS!","Omg this truly felt like an attack 🥲🤣🤣 I'M DOING IT ANYWAYS!","60","12","","","","false","false","","","","","5","[THREAD_TITLE]
A NEW PLANNER WILL NOT CHANGE YOUR LIFE!

[THREAD_BODY]
It's that time of the year...your tiktok fyp is full of people setting up their bullet journals for the new year, your Instagram is full of ads to buy a hobonichi...but wait! It's a trap!!! Take the $50 Moleskine leather bound weekly 2025 planner out of your cart. Do NOT, under any circumstances, go into any bookstores, office supply stores, or stationary stores for the next 3-5 days. Ignore any and all links you see for the ADHD life-changing organizer, designed for people with ADHD by people with ADHD. Remember that you can try a new system whenever you want, reinvention doesn't have to start on January 1st. They are preying on our lust for new notebooks and the dopamine we get from setting up new systems!!! Don't let them win! Edit: Y'all some of these comments are killing me😂 love you guys. Also! I'm not saying planners = bad!! pls it's just a joke!!! it's more a commentary on how we're suckers for the push for productivity that comes from stores and influencers to get us to buy stuff we might not need. also sometimes u just need a blank notebook/planner to keep you company 😌 (I am guilty of this)

[CURRENT_RECORD]
Omg this truly felt like an attack 🥲🤣🤣 I'M DOING IT ANYWAYS!"
"C:\Projects\Web\planner-tdah\research\reddit_data\reddit-adhdwomen-a_new_planner_will_not_change_your_life.json","reddit-adhdwomen-a_new_planner_will_not_change_your_life","1hpa0sk","t3_1hpa0sk","https://www.reddit.com/r/adhdwomen/comments/1hpa0sk/a_new_planner_will_not_change_your_life/","adhdwomen","r/adhdwomen","A NEW PLANNER WILL NOT CHANGE YOUR LIFE!","It's that time of the year...your tiktok fyp is full of people setting up their bullet journals for the new year, your Instagram is full of ads to buy a hobonichi...but wait! It's a trap!!! Take the $50 Moleskine leather bound weekly 2025 planner out of your cart. Do NOT, under any circumstances, go into any bookstores, office supply stores, or stationary stores for the next 3-5 days. Ignore any and all links you see for the ADHD life-changing organizer, designed for people with ADHD by people with ADHD. Remember that you can try a new system whenever you want, reinvention doesn't have to start on January 1st. They are preying on our lust for new notebooks and the dopamine we get from setting up new systems!!! Don't let them win! Edit: Y'all some of these comments are killing me😂 love you guys. Also! I'm not saying planners = bad!! pls it's just a joke!!! it's more a commentary on how we're suckers for the push for productivity that comes from stores and influencers to get us to buy stuff we might not need. also sometimes u just need a blank notebook/planner to keep you company 😌 (I am guilty of this)","General Question/Discussion","1735517699","2024-12-30T00:14:59+00:00","5568","5568","1","818","3e76da9377002588","","reddit-adhdwomen-a_new_planner_will_not_change_your_life:comment:m4gfzlk","comment","m4gfzlk","t1_m4gfzlk","https://www.reddit.com/r/adhdwomen/comments/1hpa0sk/a_new_planner_will_not_change_your_life/m4gfzlk/","/r/adhdwomen/comments/1hpa0sk/a_new_planner_will_not_change_your_life/m4gfzlk/","t3_1hpa0sk","post","","m4gfzlk","0","true","m4gfzlk","63bc1a069848ab3d","","","false","false","","5","5","0","0","0","1735524335","2024-12-30T02:05:35+00:00","false","False","","false","false","true","false","I planned for someone to talk me out of this already so I bought a new planner at the beginning of December","I planned for someone to talk me out of this already so I bought a new planner at the beginning of December","107","22","","","","false","false","planner | plan","","","mentions_planner_or_system","23","[THREAD_TITLE]
A NEW PLANNER WILL NOT CHANGE YOUR LIFE!

[THREAD_BODY]
It's that time of the year...your tiktok fyp is full of people setting up their bullet journals for the new year, your Instagram is full of ads to buy a hobonichi...but wait! It's a trap!!! Take the $50 Moleskine leather bound weekly 2025 planner out of your cart. Do NOT, under any circumstances, go into any bookstores, office supply stores, or stationary stores for the next 3-5 days. Ignore any and all links you see for the ADHD life-changing organizer, designed for people with ADHD by people with ADHD. Remember that you can try a new system whenever you want, reinvention doesn't have to start on January 1st. They are preying on our lust for new notebooks and the dopamine we get from setting up new systems!!! Don't let them win! Edit: Y'all some of these comments are killing me😂 love you guys. Also! I'm not saying planners = bad!! pls it's just a joke!!! it's more a commentary on how we're suckers for the push for productivity that comes from stores and influencers to get us to buy stuff we might not need. also sometimes u just need a blank notebook/planner to keep you company 😌 (I am guilty of this)

[CURRENT_RECORD]
I planned for someone to talk me out of this already so I bought a new planner at the beginning of December"
"C:\Projects\Web\planner-tdah\research\reddit_data\reddit-adhdwomen-a_new_planner_will_not_change_your_life.json","reddit-adhdwomen-a_new_planner_will_not_change_your_life","1hpa0sk","t3_1hpa0sk","https://www.reddit.com/r/adhdwomen/comments/1hpa0sk/a_new_planner_will_not_change_your_life/","adhdwomen","r/adhdwomen","A NEW PLANNER WILL NOT CHANGE YOUR LIFE!","It's that time of the year...your tiktok fyp is full of people setting up their bullet journals for the new year, your Instagram is full of ads to buy a hobonichi...but wait! It's a trap!!! Take the $50 Moleskine leather bound weekly 2025 planner out of your cart. Do NOT, under any circumstances, go into any bookstores, office supply stores, or stationary stores for the next 3-5 days. Ignore any and all links you see for the ADHD life-changing organizer, designed for people with ADHD by people with ADHD. Remember that you can try a new system whenever you want, reinvention doesn't have to start on January 1st. They are preying on our lust for new notebooks and the dopamine we get from setting up new systems!!! Don't let them win! Edit: Y'all some of these comments are killing me😂 love you guys. Also! I'm not saying planners = bad!! pls it's just a joke!!! it's more a commentary on how we're suckers for the push for productivity that comes from stores and influencers to get us to buy stuff we might not need. also sometimes u just need a blank notebook/planner to keep you company 😌 (I am guilty of this)","General Question/Discussion","1735517699","2024-12-30T00:14:59+00:00","5568","5568","1","818","3e76da9377002588","","reddit-adhdwomen-a_new_planner_will_not_change_your_life:comment:m4gihx2","comment","m4gihx2","t1_m4gihx2","https://www.reddit.com/r/adhdwomen/comments/1hpa0sk/a_new_planner_will_not_change_your_life/m4gihx2/","/r/adhdwomen/comments/1hpa0sk/a_new_planner_will_not_change_your_life/m4gihx2/","t3_1hpa0sk","post","","m4gihx2","0","true","m4gihx2","65def98a1c1dc1f6","","","false","false","","5","5","0","0","1","1735525242","2024-12-30T02:20:42+00:00","false","False","","false","false","true","false","I am a compulsive planner user. I have a multi tiered system 1. Google calendars. Literally everything goes on there. It is chaos, but without it, I will forget that meeting. I’ll also forget that this is the Sunday I throw out my bi-weekly contacts. 2. Gridded notebooks. I use 3-4 for of these. They cover different subjects. Here is where I make my compulsive chaos notes. There are repeated lists of meal plans. Down to the minute scheduling for my days if I’m going to veer off my usual schedule even slightly. Meeting notes that make almost zero sense. But I’d discovered long ago if I’m constantly writing I can pay attention better. I already bought my blank notebooks for this year.","I am a compulsive planner user. I have a multi tiered system 1. Google calendars. Literally everything goes on there. It is chaos, but without it, I will forget that meeting. I’ll also forget that this is the Sunday I throw out my bi-weekly contacts. 2. Gridded notebooks. I use…","691","123","","","","false","false","planner | plan | calendar | calendars | weekly | schedule","forget","notes | weekly","forgetfulness_or_time_signal | long_form_comment | mentions_feature_or_solution | mentions_pain_or_friction | mentions_planner_or_system","69","[THREAD_TITLE]
A NEW PLANNER WILL NOT CHANGE YOUR LIFE!

[THREAD_BODY]
It's that time of the year...your tiktok fyp is full of people setting up their bullet journals for the new year, your Instagram is full of ads to buy a hobonichi...but wait! It's a trap!!! Take the $50 Moleskine leather bound weekly 2025 planner out of your cart. Do NOT, under any circumstances, go into any bookstores, office supply stores, or stationary stores for the next 3-5 days. Ignore any and all links you see for the ADHD life-changing organizer, designed for people with ADHD by people with ADHD. Remember that you can try a new system whenever you want, reinvention doesn't have to start on January 1st. They are preying on our lust for new notebooks and the dopamine we get from setting up new systems!!! Don't let them win! Edit: Y'all some of these comments are killing me😂 love you guys. Also! I'm not saying planners = bad!! pls it's just a joke!!! it's more a commentary on how we're suckers for the push for productivity that comes from stores and influencers to get us to buy stuff we might not need. also sometimes u just need a blank notebook/planner to keep you company 😌 (I am guilty of this)

[CURRENT_RECORD]
I am a compulsive planner user. I have a multi tiered system 1. Google calendars. Literally everything goes on there. It is chaos, but without it, I will forget that meeting. I’ll also forget that this is the Sunday I throw out my bi-weekly contacts. 2. Gridded notebooks. I use 3-4 for of these. They cover different subjects. Here is where I make my compulsive chaos notes. There are repeated lists of meal plans. Down to the minute scheduling for my days if I’m going to veer off my usual schedule even slightly. Meeting notes that make almost zero sense. But I’d discovered long ago if I’m constantly writing I can pay attention better. I already bought my blank notebooks for this year."
"C:\Projects\Web\planner-tdah\research\reddit_data\reddit-adhdwomen-a_new_planner_will_not_change_your_life.json","reddit-adhdwomen-a_new_planner_will_not_change_your_life","1hpa0sk","t3_1hpa0sk","https://www.reddit.com/r/adhdwomen/comments/1hpa0sk/a_new_planner_will_not_change_your_life/","adhdwomen","r/adhdwomen","A NEW PLANNER WILL NOT CHANGE YOUR LIFE!","It's that time of the year...your tiktok fyp is full of people setting up their bullet journals for the new year, your Instagram is full of ads to buy a hobonichi...but wait! It's a trap!!! Take the $50 Moleskine leather bound weekly 2025 planner out of your cart. Do NOT, under any circumstances, go into any bookstores, office supply stores, or stationary stores for the next 3-5 days. Ignore any and all links you see for the ADHD life-changing organizer, designed for people with ADHD by people with ADHD. Remember that you can try a new system whenever you want, reinvention doesn't have to start on January 1st. They are preying on our lust for new notebooks and the dopamine we get from setting up new systems!!! Don't let them win! Edit: Y'all some of these comments are killing me😂 love you guys. Also! I'm not saying planners = bad!! pls it's just a joke!!! it's more a commentary on how we're suckers for the push for productivity that comes from stores and influencers to get us to buy stuff we might not need. also sometimes u just need a blank notebook/planner to keep you company 😌 (I am guilty of this)","General Question/Discussion","1735517699","2024-12-30T00:14:59+00:00","5568","5568","1","818","3e76da9377002588","","reddit-adhdwomen-a_new_planner_will_not_change_your_life:comment:m4gqe8n","comment","m4gqe8n","t1_m4gqe8n","https://www.reddit.com/r/adhdwomen/comments/1hpa0sk/a_new_planner_will_not_change_your_life/m4gqe8n/","/r/adhdwomen/comments/1hpa0sk/a_new_planner_will_not_change_your_life/m4gqe8n/","t3_1hpa0sk","post","","m4gqe8n","0","true","m4gqe8n","a057d38958dd7b68","","","false","false","","5","5","0","0","0","1735528131","2024-12-30T03:08:51+00:00","false","False","","false","false","true","false","But…what if THIS IS THE YEAR IT WILL WORK?????","But…what if THIS IS THE YEAR IT WILL WORK?????","46","9","","","","true","false","","","","contains_question","5","[THREAD_TITLE]
A NEW PLANNER WILL NOT CHANGE YOUR LIFE!

[THREAD_BODY]
It's that time of the year...your tiktok fyp is full of people setting up their bullet journals for the new year, your Instagram is full of ads to buy a hobonichi...but wait! It's a trap!!! Take the $50 Moleskine leather bound weekly 2025 planner out of your cart. Do NOT, under any circumstances, go into any bookstores, office supply stores, or stationary stores for the next 3-5 days. Ignore any and all links you see for the ADHD life-changing organizer, designed for people with ADHD by people with ADHD. Remember that you can try a new system whenever you want, reinvention doesn't have to start on January 1st. They are preying on our lust for new notebooks and the dopamine we get from setting up new systems!!! Don't let them win! Edit: Y'all some of these comments are killing me😂 love you guys. Also! I'm not saying planners = bad!! pls it's just a joke!!! it's more a commentary on how we're suckers for the push for productivity that comes from stores and influencers to get us to buy stuff we might not need. also sometimes u just need a blank notebook/planner to keep you company 😌 (I am guilty of this)

[CURRENT_RECORD]
But…what if THIS IS THE YEAR IT WILL WORK?????"
"C:\Projects\Web\planner-tdah\research\reddit_data\reddit-adhdwomen-a_new_planner_will_not_change_your_life.json","reddit-adhdwomen-a_new_planner_will_not_change_your_life","1hpa0sk","t3_1hpa0sk","https://www.reddit.com/r/adhdwomen/comments/1hpa0sk/a_new_planner_will_not_change_your_life/","adhdwomen","r/adhdwomen","A NEW PLANNER WILL NOT CHANGE YOUR LIFE!","It's that time of the year...your tiktok fyp is full of people setting up their bullet journals for the new year, your Instagram is full of ads to buy a hobonichi...but wait! It's a trap!!! Take the $50 Moleskine leather bound weekly 2025 planner out of your cart. Do NOT, under any circumstances, go into any bookstores, office supply stores, or stationary stores for the next 3-5 days. Ignore any and all links you see for the ADHD life-changing organizer, designed for people with ADHD by people with ADHD. Remember that you can try a new system whenever you want, reinvention doesn't have to start on January 1st. They are preying on our lust for new notebooks and the dopamine we get from setting up new systems!!! Don't let them win! Edit: Y'all some of these comments are killing me😂 love you guys. Also! I'm not saying planners = bad!! pls it's just a joke!!! it's more a commentary on how we're suckers for the push for productivity that comes from stores and influencers to get us to buy stuff we might not need. also sometimes u just need a blank notebook/planner to keep you company 😌 (I am guilty of this)","General Question/Discussion","1735517699","2024-12-30T00:14:59+00:00","5568","5568","1","818","3e76da9377002588","","reddit-adhdwomen-a_new_planner_will_not_change_your_life:comment:m4h259o","comment","m4h259o","t1_m4h259o","https://www.reddit.com/r/adhdwomen/comments/1hpa0sk/a_new_planner_will_not_change_your_life/m4h259o/","/r/adhdwomen/comments/1hpa0sk/a_new_planner_will_not_change_your_life/m4h259o/","t3_1hpa0sk","post","","m4h259o","0","true","m4h259o","1a3e85b8c718574d","","","false","false","","6","6","0","0","0","1735532614","2024-12-30T04:23:34+00:00","false","False","","false","false","true","false","Me with my stack of the last five years of planners I use religiously or I will forget everything but also can’t throw away the old ones for some reason","Me with my stack of the last five years of planners I use religiously or I will forget everything but also can’t throw away the old ones for some reason","152","30","","","","false","false","planner | planners | plan","forget","","forgetfulness_or_time_signal | mentions_pain_or_friction | mentions_planner_or_system","40","[THREAD_TITLE]
A NEW PLANNER WILL NOT CHANGE YOUR LIFE!

[THREAD_BODY]
It's that time of the year...your tiktok fyp is full of people setting up their bullet journals for the new year, your Instagram is full of ads to buy a hobonichi...but wait! It's a trap!!! Take the $50 Moleskine leather bound weekly 2025 planner out of your cart. Do NOT, under any circumstances, go into any bookstores, office supply stores, or stationary stores for the next 3-5 days. Ignore any and all links you see for the ADHD life-changing organizer, designed for people with ADHD by people with ADHD. Remember that you can try a new system whenever you want, reinvention doesn't have to start on January 1st. They are preying on our lust for new notebooks and the dopamine we get from setting up new systems!!! Don't let them win! Edit: Y'all some of these comments are killing me😂 love you guys. Also! I'm not saying planners = bad!! pls it's just a joke!!! it's more a commentary on how we're suckers for the push for productivity that comes from stores and influencers to get us to buy stuff we might not need. also sometimes u just need a blank notebook/planner to keep you company 😌 (I am guilty of this)

[CURRENT_RECORD]
Me with my stack of the last five years of planners I use religiously or I will forget everything but also can’t throw away the old ones for some reason"
"C:\Projects\Web\planner-tdah\research\reddit_data\reddit-adhdwomen-a_new_planner_will_not_change_your_life.json","reddit-adhdwomen-a_new_planner_will_not_change_your_life","1hpa0sk","t3_1hpa0sk","https://www.reddit.com/r/adhdwomen/comments/1hpa0sk/a_new_planner_will_not_change_your_life/","adhdwomen","r/adhdwomen","A NEW PLANNER WILL NOT CHANGE YOUR LIFE!","It's that time of the year...your tiktok fyp is full of people setting up their bullet journals for the new year, your Instagram is full of ads to buy a hobonichi...but wait! It's a trap!!! Take the $50 Moleskine leather bound weekly 2025 planner out of your cart. Do NOT, under any circumstances, go into any bookstores, office supply stores, or stationary stores for the next 3-5 days. Ignore any and all links you see for the ADHD life-changing organizer, designed for people with ADHD by people with ADHD. Remember that you can try a new system whenever you want, reinvention doesn't have to start on January 1st. They are preying on our lust for new notebooks and the dopamine we get from setting up new systems!!! Don't let them win! Edit: Y'all some of these comments are killing me😂 love you guys. Also! I'm not saying planners = bad!! pls it's just a joke!!! it's more a commentary on how we're suckers for the push for productivity that comes from stores and influencers to get us to buy stuff we might not need. also sometimes u just need a blank notebook/planner to keep you company 😌 (I am guilty of this)","General Question/Discussion","1735517699","2024-12-30T00:14:59+00:00","5568","5568","1","818","3e76da9377002588","","reddit-adhdwomen-a_new_planner_will_not_change_your_life:comment:m4g20yd","comment","m4g20yd","t1_m4g20yd","https://www.reddit.com/r/adhdwomen/comments/1hpa0sk/a_new_planner_will_not_change_your_life/m4g20yd/","/r/adhdwomen/comments/1hpa0sk/a_new_planner_will_not_change_your_life/m4g20yd/","t3_1hpa0sk","post","","m4g20yd","0","true","m4g20yd","69a5855a1588c5ae","","Life: Chaotic. Ass: Iconic.","false","false","","5","5","0","0","0","1735519409","2024-12-30T00:43:29+00:00","false","False","","false","false","true","false","I don't believe you 🤣","I don't believe you 🤣","21","5","","","","false","false","","","","","5","[THREAD_TITLE]
A NEW PLANNER WILL NOT CHANGE YOUR LIFE!

[THREAD_BODY]
It's that time of the year...your tiktok fyp is full of people setting up their bullet journals for the new year, your Instagram is full of ads to buy a hobonichi...but wait! It's a trap!!! Take the $50 Moleskine leather bound weekly 2025 planner out of your cart. Do NOT, under any circumstances, go into any bookstores, office supply stores, or stationary stores for the next 3-5 days. Ignore any and all links you see for the ADHD life-changing organizer, designed for people with ADHD by people with ADHD. Remember that you can try a new system whenever you want, reinvention doesn't have to start on January 1st. They are preying on our lust for new notebooks and the dopamine we get from setting up new systems!!! Don't let them win! Edit: Y'all some of these comments are killing me😂 love you guys. Also! I'm not saying planners = bad!! pls it's just a joke!!! it's more a commentary on how we're suckers for the push for productivity that comes from stores and influencers to get us to buy stuff we might not need. also sometimes u just need a blank notebook/planner to keep you company 😌 (I am guilty of this)

[CURRENT_RECORD]
I don't believe you 🤣"
"C:\Projects\Web\planner-tdah\research\reddit_data\reddit-adhdwomen-a_new_planner_will_not_change_your_life.json","reddit-adhdwomen-a_new_planner_will_not_change_your_life","1hpa0sk","t3_1hpa0sk","https://www.reddit.com/r/adhdwomen/comments/1hpa0sk/a_new_planner_will_not_change_your_life/","adhdwomen","r/adhdwomen","A NEW PLANNER WILL NOT CHANGE YOUR LIFE!","It's that time of the year...your tiktok fyp is full of people setting up their bullet journals for the new year, your Instagram is full of ads to buy a hobonichi...but wait! It's a trap!!! Take the $50 Moleskine leather bound weekly 2025 planner out of your cart. Do NOT, under any circumstances, go into any bookstores, office supply stores, or stationary stores for the next 3-5 days. Ignore any and all links you see for the ADHD life-changing organizer, designed for people with ADHD by people with ADHD. Remember that you can try a new system whenever you want, reinvention doesn't have to start on January 1st. They are preying on our lust for new notebooks and the dopamine we get from setting up new systems!!! Don't let them win! Edit: Y'all some of these comments are killing me😂 love you guys. Also! I'm not saying planners = bad!! pls it's just a joke!!! it's more a commentary on how we're suckers for the push for productivity that comes from stores and influencers to get us to buy stuff we might not need. also sometimes u just need a blank notebook/planner to keep you company 😌 (I am guilty of this)","General Question/Discussion","1735517699","2024-12-30T00:14:59+00:00","5568","5568","1","818","3e76da9377002588","","reddit-adhdwomen-a_new_planner_will_not_change_your_life:comment:m4g4e7k","comment","m4g4e7k","t1_m4g4e7k","https://www.reddit.com/r/adhdwomen/comments/1hpa0sk/a_new_planner_will_not_change_your_life/m4g4e7k/","/r/adhdwomen/comments/1hpa0sk/a_new_planner_will_not_change_your_life/m4g4e7k/","t3_1hpa0sk","post","","m4g4e7k","0","true","m4g4e7k","d381592877741792","","","false","false","","3","3","0","0","0","1735520223","2024-12-30T00:57:03+00:00","false","False","","false","false","true","false","Yeah but… the rifle paper co one with different cheeses on it is cute 🤣 will it rot along with my good intentions? Yeah 😂","Yeah but… the rifle paper co one with different cheeses on it is cute 🤣 will it rot along with my good intentions? Yeah 😂","121","25","","","","true","false","","","","contains_question","10","[THREAD_TITLE]
A NEW PLANNER WILL NOT CHANGE YOUR LIFE!

[THREAD_BODY]
It's that time of the year...your tiktok fyp is full of people setting up their bullet journals for the new year, your Instagram is full of ads to buy a hobonichi...but wait! It's a trap!!! Take the $50 Moleskine leather bound weekly 2025 planner out of your cart. Do NOT, under any circumstances, go into any bookstores, office supply stores, or stationary stores for the next 3-5 days. Ignore any and all links you see for the ADHD life-changing organizer, designed for people with ADHD by people with ADHD. Remember that you can try a new system whenever you want, reinvention doesn't have to start on January 1st. They are preying on our lust for new notebooks and the dopamine we get from setting up new systems!!! Don't let them win! Edit: Y'all some of these comments are killing me😂 love you guys. Also! I'm not saying planners = bad!! pls it's just a joke!!! it's more a commentary on how we're suckers for the push for productivity that comes from stores and influencers to get us to buy stuff we might not need. also sometimes u just need a blank notebook/planner to keep you company 😌 (I am guilty of this)

[CURRENT_RECORD]
Yeah but… the rifle paper co one with different cheeses on it is cute 🤣 will it rot along with my good intentions? Yeah 😂"
"C:\Projects\Web\planner-tdah\research\reddit_data\reddit-adhdwomen-a_new_planner_will_not_change_your_life.json","reddit-adhdwomen-a_new_planner_will_not_change_your_life","1hpa0sk","t3_1hpa0sk","https://www.reddit.com/r/adhdwomen/comments/1hpa0sk/a_new_planner_will_not_change_your_life/","adhdwomen","r/adhdwomen","A NEW PLANNER WILL NOT CHANGE YOUR LIFE!","It's that time of the year...your tiktok fyp is full of people setting up their bullet journals for the new year, your Instagram is full of ads to buy a hobonichi...but wait! It's a trap!!! Take the $50 Moleskine leather bound weekly 2025 planner out of your cart. Do NOT, under any circumstances, go into any bookstores, office supply stores, or stationary stores for the next 3-5 days. Ignore any and all links you see for the ADHD life-changing organizer, designed for people with ADHD by people with ADHD. Remember that you can try a new system whenever you want, reinvention doesn't have to start on January 1st. They are preying on our lust for new notebooks and the dopamine we get from setting up new systems!!! Don't let them win! Edit: Y'all some of these comments are killing me😂 love you guys. Also! I'm not saying planners = bad!! pls it's just a joke!!! it's more a commentary on how we're suckers for the push for productivity that comes from stores and influencers to get us to buy stuff we might not need. also sometimes u just need a blank notebook/planner to keep you company 😌 (I am guilty of this)","General Question/Discussion","1735517699","2024-12-30T00:14:59+00:00","5568","5568","1","818","3e76da9377002588","","reddit-adhdwomen-a_new_planner_will_not_change_your_life:comment:m4gbw2k","comment","m4gbw2k","t1_m4gbw2k","https://www.reddit.com/r/adhdwomen/comments/1hpa0sk/a_new_planner_will_not_change_your_life/m4gbw2k/","/r/adhdwomen/comments/1hpa0sk/a_new_planner_will_not_change_your_life/m4gbw2k/","t3_1hpa0sk","post","","m4gbw2k","0","true","m4gbw2k","3db0ef3ced6071e5","","","false","false","","4","4","0","0","0","1735522870","2024-12-30T01:41:10+00:00","false","False","","false","false","true","false","Me reading this after purchasing a $50 Moleskine leather bound weekly 2025 planner: 😧😧😧","Me reading this after purchasing a $50 Moleskine leather bound weekly 2025 planner: 😧😧😧","87","14","","","","false","false","planner | plan | weekly","","weekly","mentions_feature_or_solution | mentions_planner_or_system","16","[THREAD_TITLE]
A NEW PLANNER WILL NOT CHANGE YOUR LIFE!

[THREAD_BODY]
It's that time of the year...your tiktok fyp is full of people setting up their bullet journals for the new year, your Instagram is full of ads to buy a hobonichi...but wait! It's a trap!!! Take the $50 Moleskine leather bound weekly 2025 planner out of your cart. Do NOT, under any circumstances, go into any bookstores, office supply stores, or stationary stores for the next 3-5 days. Ignore any and all links you see for the ADHD life-changing organizer, designed for people with ADHD by people with ADHD. Remember that you can try a new system whenever you want, reinvention doesn't have to start on January 1st. They are preying on our lust for new notebooks and the dopamine we get from setting up new systems!!! Don't let them win! Edit: Y'all some of these comments are killing me😂 love you guys. Also! I'm not saying planners = bad!! pls it's just a joke!!! it's more a commentary on how we're suckers for the push for productivity that comes from stores and influencers to get us to buy stuff we might not need. also sometimes u just need a blank notebook/planner to keep you company 😌 (I am guilty of this)

[CURRENT_RECORD]
Me reading this after purchasing a $50 Moleskine leather bound weekly 2025 planner: 😧😧😧"
"C:\Projects\Web\planner-tdah\research\reddit_data\reddit-adhdwomen-a_new_planner_will_not_change_your_life.json","reddit-adhdwomen-a_new_planner_will_not_change_your_life","1hpa0sk","t3_1hpa0sk","https://www.reddit.com/r/adhdwomen/comments/1hpa0sk/a_new_planner_will_not_change_your_life/","adhdwomen","r/adhdwomen","A NEW PLANNER WILL NOT CHANGE YOUR LIFE!","It's that time of the year...your tiktok fyp is full of people setting up their bullet journals for the new year, your Instagram is full of ads to buy a hobonichi...but wait! It's a trap!!! Take the $50 Moleskine leather bound weekly 2025 planner out of your cart. Do NOT, under any circumstances, go into any bookstores, office supply stores, or stationary stores for the next 3-5 days. Ignore any and all links you see for the ADHD life-changing organizer, designed for people with ADHD by people with ADHD. Remember that you can try a new system whenever you want, reinvention doesn't have to start on January 1st. They are preying on our lust for new notebooks and the dopamine we get from setting up new systems!!! Don't let them win! Edit: Y'all some of these comments are killing me😂 love you guys. Also! I'm not saying planners = bad!! pls it's just a joke!!! it's more a commentary on how we're suckers for the push for productivity that comes from stores and influencers to get us to buy stuff we might not need. also sometimes u just need a blank notebook/planner to keep you company 😌 (I am guilty of this)","General Question/Discussion","1735517699","2024-12-30T00:14:59+00:00","5568","5568","1","818","3e76da9377002588","","reddit-adhdwomen-a_new_planner_will_not_change_your_life:comment:m4gi6r2","comment","m4gi6r2","t1_m4gi6r2","https://www.reddit.com/r/adhdwomen/comments/1hpa0sk/a_new_planner_will_not_change_your_life/m4gi6r2/","/r/adhdwomen/comments/1hpa0sk/a_new_planner_will_not_change_your_life/m4gi6r2/","t3_1hpa0sk","post","","m4gi6r2","0","true","m4gi6r2","c905a6d3d2846527","","","false","false","","5","5","0","0","0","1735525129","2024-12-30T02:18:49+00:00","false","False","","false","false","true","false","Looooook. Is what you’re saying correct and rational? Yes. Am I going to listen? Nope.","Looooook. Is what you’re saying correct and rational? Yes. Am I going to listen? Nope.","86","15","","","","true","false","","","","contains_question","5","[THREAD_TITLE]
A NEW PLANNER WILL NOT CHANGE YOUR LIFE!

[THREAD_BODY]
It's that time of the year...your tiktok fyp is full of people setting up their bullet journals for the new year, your Instagram is full of ads to buy a hobonichi...but wait! It's a trap!!! Take the $50 Moleskine leather bound weekly 2025 planner out of your cart. Do NOT, under any circumstances, go into any bookstores, office supply stores, or stationary stores for the next 3-5 days. Ignore any and all links you see for the ADHD life-changing organizer, designed for people with ADHD by people with ADHD. Remember that you can try a new system whenever you want, reinvention doesn't have to start on January 1st. They are preying on our lust for new notebooks and the dopamine we get from setting up new systems!!! Don't let them win! Edit: Y'all some of these comments are killing me😂 love you guys. Also! I'm not saying planners = bad!! pls it's just a joke!!! it's more a commentary on how we're suckers for the push for productivity that comes from stores and influencers to get us to buy stuff we might not need. also sometimes u just need a blank notebook/planner to keep you company 😌 (I am guilty of this)

[CURRENT_RECORD]
Looooook. Is what you’re saying correct and rational? Yes. Am I going to listen? Nope."
"C:\Projects\Web\planner-tdah\research\reddit_data\reddit-adhdwomen-a_new_planner_will_not_change_your_life.json","reddit-adhdwomen-a_new_planner_will_not_change_your_life","1hpa0sk","t3_1hpa0sk","https://www.reddit.com/r/adhdwomen/comments/1hpa0sk/a_new_planner_will_not_change_your_life/","adhdwomen","r/adhdwomen","A NEW PLANNER WILL NOT CHANGE YOUR LIFE!","It's that time of the year...your tiktok fyp is full of people setting up their bullet journals for the new year, your Instagram is full of ads to buy a hobonichi...but wait! It's a trap!!! Take the $50 Moleskine leather bound weekly 2025 planner out of your cart. Do NOT, under any circumstances, go into any bookstores, office supply stores, or stationary stores for the next 3-5 days. Ignore any and all links you see for the ADHD life-changing organizer, designed for people with ADHD by people with ADHD. Remember that you can try a new system whenever you want, reinvention doesn't have to start on January 1st. They are preying on our lust for new notebooks and the dopamine we get from setting up new systems!!! Don't let them win! Edit: Y'all some of these comments are killing me😂 love you guys. Also! I'm not saying planners = bad!! pls it's just a joke!!! it's more a commentary on how we're suckers for the push for productivity that comes from stores and influencers to get us to buy stuff we might not need. also sometimes u just need a blank notebook/planner to keep you company 😌 (I am guilty of this)","General Question/Discussion","1735517699","2024-12-30T00:14:59+00:00","5568","5568","1","818","3e76da9377002588","","reddit-adhdwomen-a_new_planner_will_not_change_your_life:comment:m4hap01","comment","m4hap01","t1_m4hap01","https://www.reddit.com/r/adhdwomen/comments/1hpa0sk/a_new_planner_will_not_change_your_life/m4hap01/","/r/adhdwomen/comments/1hpa0sk/a_new_planner_will_not_change_your_life/m4hap01/","t3_1hpa0sk","post","","m4hap01","0","true","m4hap01","14bcd462b81741fd","","","false","false","","3","3","0","0","0","1735536194","2024-12-30T05:23:14+00:00","false","False","","false","false","true","false","Speak for yourself. I got a Witch’s lunar calendar from my MIL for Christmas and I’ve been thinking about it for days. The dopamine will last this time, I know it. 😅","Speak for yourself. I got a Witch’s lunar calendar from my MIL for Christmas and I’ve been thinking about it for days. The dopamine will last this time, I know it. 😅","165","32","","","","false","false","calendar","time","","forgetfulness_or_time_signal | mentions_pain_or_friction | mentions_planner_or_system","27","[THREAD_TITLE]
A NEW PLANNER WILL NOT CHANGE YOUR LIFE!

[THREAD_BODY]
It's that time of the year...your tiktok fyp is full of people setting up their bullet journals for the new year, your Instagram is full of ads to buy a hobonichi...but wait! It's a trap!!! Take the $50 Moleskine leather bound weekly 2025 planner out of your cart. Do NOT, under any circumstances, go into any bookstores, office supply stores, or stationary stores for the next 3-5 days. Ignore any and all links you see for the ADHD life-changing organizer, designed for people with ADHD by people with ADHD. Remember that you can try a new system whenever you want, reinvention doesn't have to start on January 1st. They are preying on our lust for new notebooks and the dopamine we get from setting up new systems!!! Don't let them win! Edit: Y'all some of these comments are killing me😂 love you guys. Also! I'm not saying planners = bad!! pls it's just a joke!!! it's more a commentary on how we're suckers for the push for productivity that comes from stores and influencers to get us to buy stuff we might not need. also sometimes u just need a blank notebook/planner to keep you company 😌 (I am guilty of this)

[CURRENT_RECORD]
Speak for yourself. I got a Witch’s lunar calendar from my MIL for Christmas and I’ve been thinking about it for days. The dopamine will last this time, I know it. 😅"
"C:\Projects\Web\planner-tdah\research\reddit_data\reddit-adhdwomen-a_new_planner_will_not_change_your_life.json","reddit-adhdwomen-a_new_planner_will_not_change_your_life","1hpa0sk","t3_1hpa0sk","https://www.reddit.com/r/adhdwomen/comments/1hpa0sk/a_new_planner_will_not_change_your_life/","adhdwomen","r/adhdwomen","A NEW PLANNER WILL NOT CHANGE YOUR LIFE!","It's that time of the year...your tiktok fyp is full of people setting up their bullet journals for the new year, your Instagram is full of ads to buy a hobonichi...but wait! It's a trap!!! Take the $50 Moleskine leather bound weekly 2025 planner out of your cart. Do NOT, under any circumstances, go into any bookstores, office supply stores, or stationary stores for the next 3-5 days. Ignore any and all links you see for the ADHD life-changing organizer, designed for people with ADHD by people with ADHD. Remember that you can try a new system whenever you want, reinvention doesn't have to start on January 1st. They are preying on our lust for new notebooks and the dopamine we get from setting up new systems!!! Don't let them win! Edit: Y'all some of these comments are killing me😂 love you guys. Also! I'm not saying planners = bad!! pls it's just a joke!!! it's more a commentary on how we're suckers for the push for productivity that comes from stores and influencers to get us to buy stuff we might not need. also sometimes u just need a blank notebook/planner to keep you company 😌 (I am guilty of this)","General Question/Discussion","1735517699","2024-12-30T00:14:59+00:00","5568","5568","1","818","3e76da9377002588","","reddit-adhdwomen-a_new_planner_will_not_change_your_life:comment:m4hgyac","comment","m4hgyac","t1_m4hgyac","https://www.reddit.com/r/adhdwomen/comments/1hpa0sk/a_new_planner_will_not_change_your_life/m4hgyac/","/r/adhdwomen/comments/1hpa0sk/a_new_planner_will_not_change_your_life/m4hgyac/","t3_1hpa0sk","post","","m4hgyac","0","true","m4hgyac","4332485fb7178b26","","2e- ADHD-PI","false","false","","5","5","0","0","0","1735539205","2024-12-30T06:13:25+00:00","false","False","","false","false","true","false","💀 the ones I bought this time last year are literally collecting dust, not a single page used 😭","💀 the ones I bought this time last year are literally collecting dust, not a single page used 😭","95","19","","","","false","false","","time","","forgetfulness_or_time_signal | mentions_pain_or_friction","18","[THREAD_TITLE]
A NEW PLANNER WILL NOT CHANGE YOUR LIFE!

[THREAD_BODY]
It's that time of the year...your tiktok fyp is full of people setting up their bullet journals for the new year, your Instagram is full of ads to buy a hobonichi...but wait! It's a trap!!! Take the $50 Moleskine leather bound weekly 2025 planner out of your cart. Do NOT, under any circumstances, go into any bookstores, office supply stores, or stationary stores for the next 3-5 days. Ignore any and all links you see for the ADHD life-changing organizer, designed for people with ADHD by people with ADHD. Remember that you can try a new system whenever you want, reinvention doesn't have to start on January 1st. They are preying on our lust for new notebooks and the dopamine we get from setting up new systems!!! Don't let them win! Edit: Y'all some of these comments are killing me😂 love you guys. Also! I'm not saying planners = bad!! pls it's just a joke!!! it's more a commentary on how we're suckers for the push for productivity that comes from stores and influencers to get us to buy stuff we might not need. also sometimes u just need a blank notebook/planner to keep you company 😌 (I am guilty of this)

[CURRENT_RECORD]
💀 the ones I bought this time last year are literally collecting dust, not a single page used 😭"
